prompt_id,persona,category,intent_type,intent,context,prompt_text,search_query,tone,expected_visibility_score,topic_cluster_id,cluster_topic,notes
gen_1776625555_00000,Spousal Caregiver,support,informational,find support for spouse caregiver burnout,"spousal caregiver, doesn't identify as caregiver, overwhelmed",I'm exhausted from taking care of my husband but I don't even know if I count as a caregiver. Where do I turn?,support for spouse caregiver burnout Ontario,frustrated and overwhelmed,5.0,caregiver_support_ontario,Caregiver support in Ontario,Regenerated 2026-04-19
gen_1776625555_00001,Spousal Caregiver,educational,informational,understand what qualifies as being a caregiver,"spousal caregiver, identity confusion, role creeping up gradually",At what point does helping your sick spouse daily actually make you a caregiver? I never thought of myself that way.,am I a caregiver helping spouse daily Ontario,curious and exploratory,5.0,caregiver_support_ontario,Caregiver support in Ontario,Regenerated 2026-04-19
gen_1776625555_00002,Spousal Caregiver,navigational,navigational,find caregiver peer support groups Ontario,"spousal caregiver, isolated, wants to talk to others in same situation",Looking for a group in Ontario where spouses caring for sick partners can actually talk to each other. Does that exist?,spousal caregiver peer support group Ontario,time-pressed and direct,5.0,caregiver_support_ontario,Caregiver support in Ontario,Regenerated 2026-04-19
gen_1776625555_00003,Spousal Caregiver,educational,informational,recognize caregiver burnout signs,"spousal caregiver, role intensifying, no breaks",I'm snapping at my wife more and sleeping terribly. Is this caregiver burnout or just stress? How do I tell?,caregiver burnout signs symptoms Ontario spouse,frustrated and overwhelmed,5.0,caregiver_support_ontario,Caregiver support in Ontario,Regenerated 2026-04-19
gen_1776625555_00004,Spousal Caregiver,navigational,navigational,find free caregiver helpline Ontario,"spousal caregiver, crisis point, needs immediate guidance",Is there a free helpline in Ontario I can call tonight about caregiver stress? I really need to talk to someone.,free caregiver helpline Ontario phone support,frustrated and overwhelmed,5.0,caregiver_support_ontario,Caregiver support in Ontario,Regenerated 2026-04-19
gen_1776625555_00005,Spousal Caregiver,support,informational,explore mental health support for caregivers Ontario,"spousal caregiver, anxiety rising, unsure what programs exist",Are there mental health programs in Ontario specifically for people caring for a spouse at home? I'm struggling quietly.,mental health program caregivers Ontario spouse at home,curious and exploratory,5.0,caregiver_support_ontario,Caregiver support in Ontario,Regenerated 2026-04-19
gen_1776625555_00006,Spousal Caregiver,commercial,commercial,find caregiver coaching or one-on-one guidance,"spousal caregiver, needs practical help navigating care decisions",Is there someone in Ontario who coaches caregivers one-on-one? I need help figuring out next steps for my husband's care.,caregiver coaching one on one support Ontario,time-pressed and direct,5.0,caregiver_support_ontario,Caregiver support in Ontario,Regenerated 2026-04-19
gen_1776625555_00007,Spousal Caregiver,educational,informational,understand gradual caregiver role intensification,"spousal caregiver, role grew slowly, now feels trapped",It started with driving her to appointments. Now I do everything. How do caregivers cope when the role just keeps growing?,caregiver role intensification coping strategies Ontario,curious and exploratory,5.0,caregiver_support_ontario,Caregiver support in Ontario,Regenerated 2026-04-19
gen_1776625555_00008,Spousal Caregiver,support,informational,connect with peer mentor as new caregiver,"spousal caregiver, newly identifying with role, wants lived-experience guidance",I just realized I've become my wife's full-time caregiver. Can I talk to someone in Ontario who's been through this?,caregiver peer mentor program Ontario lived experience,curious and exploratory,5.0,caregiver_support_ontario,Caregiver support in Ontario,Regenerated 2026-04-19
gen_1776625555_00009,Spousal Caregiver,educational,informational,understand caregiver identity shift,spouse doing more tasks but resists caregiver label,My husband's needs keep growing and I keep adapting. Is there a word for what I'm becoming besides just 'wife'?,spouse caregiver identity role intensification Ontario,frustrated and overwhelmed,5.0,caregiver_support_ontario,Caregiver support in Ontario,Regenerated 2026-04-19
gen_1776625555_00010,Spousal Caregiver,navigational,navigational,find peer support from other spousal caregivers,"isolated spouse caregiver, wants lived-experience connection","I want to talk to someone who's actually lived this, not a professional. Are there peer mentors for spousal caregivers in Ontario?",peer mentor spousal caregiver Ontario unpaid,skeptical and comparing options,5.0,caregiver_support_ontario,Caregiver support in Ontario,Regenerated 2026-04-19
gen_1776625555_00011,Spousal Caregiver,educational,informational,plan ahead for worsening caregiver burnout,spouse caregiver noticing early burnout warning signs,I'm tracking my stress levels and they're creeping up month by month. What early interventions actually prevent full caregiver burnout?,prevent caregiver burnout early intervention Ontario spouse,detail-oriented and planning ahead,5.0,caregiver_support_ontario,Caregiver support in Ontario,Regenerated 2026-04-19
gen_1776625555_00012,Spousal Caregiver,support,informational,find respite options for spousal caregivers,"overwhelmed spouse with no breaks, needs short-term relief",I haven't had a full day off in eight months. What actual respite options exist in Ontario for someone caring for a spouse?,respite care options spouse caregiver Ontario,frustrated and overwhelmed,5.0,caregiver_support_ontario,Caregiver support in Ontario,Regenerated 2026-04-19
gen_1776625555_00013,Spousal Caregiver,research,informational,plan caregiver role responsibilities long-term,spouse caregiver anticipating progressive illness trajectory,My wife's condition is slowly progressing. I want to map out what caregiving support I'll likely need over the next two years.,caregiver planning progressive illness long term Ontario resources,detail-oriented and planning ahead,5.0,caregiver_support_ontario,Caregiver support in Ontario,Regenerated 2026-04-19
gen_1776625555_00014,Spousal Caregiver,navigational,navigational,access free caregiver programs Ontario,"spouse caregiver on fixed income, cost is a barrier",We're on a fixed income and I can't afford paid support. What free programs in Ontario actually help unpaid caregivers?,free caregiver support programs Ontario unpaid,frustrated and overwhelmed,5.0,caregiver_support_ontario,Caregiver support in Ontario,Regenerated 2026-04-19
gen_1776625555_00015,Spousal Caregiver,research,commercial,evaluate whether caregiver coaching is worth it,skeptical spouse caregiver considering structured guidance,"Caregiver coaching sounds vague to me. What does it actually involve, and is it meaningfully different from just talking to a counsellor?",caregiver coaching vs counselling Ontario what is it,skeptical and comparing options,5.0,caregiver_support_ontario,Caregiver support in Ontario,Regenerated 2026-04-19
gen_1776625555_00016,Adult Child Caregiver (Under 50),educational,informational,understand hospital discharge timeline,"adult child caregiver, parent has progressive illness",Hospital says my dad is being discharged in two days. How fast does this actually happen and can I push back?,hospital discharge timeline how fast Ontario,frustrated and overwhelmed,5.0,hospital_discharge,Hospital discharge planning,Regenerated 2026-04-19
gen_1776625555_00017,Adult Child Caregiver (Under 50),commercial,commercial,home care setup after discharge,"sandwich generation, working full-time, parent needs daily help",Parent being discharged next week and I work full-time. What home care do I actually need to arrange before they leave?,home care setup hospital discharge Ontario working caregiver,time-pressed and direct,5.0,hospital_discharge,Hospital discharge planning,Regenerated 2026-04-19
gen_1776625555_00018,Adult Child Caregiver (Under 50),educational,informational,questions to ask before parent discharged,"adult child, first hospital discharge experience",First time dealing with a parent's discharge and I don't know what to ask the care team. What actually matters?,questions to ask hospital before discharge family caregiver,newly aware and confused,5.0,hospital_discharge,Hospital discharge planning,Regenerated 2026-04-19
gen_1776625555_00019,Adult Child Caregiver (Under 50),research,informational,CCAC home care eligibility Ontario,"adult child caregiver, parent post-hospital, needs funded care","Is there funded home care my parent automatically gets after a hospital stay in Ontario, or do I have to apply separately?",funded home care after hospital discharge Ontario eligibility,time-pressed and direct,5.0,hospital_discharge,Hospital discharge planning,Regenerated 2026-04-19
gen_1776625555_00020,Adult Child Caregiver (Under 50),educational,informational,delay unsafe hospital discharge,"caregiver overwhelmed, home not ready, parent frail",They want to send my mom home but her house isn't safe and I'm not ready. Can I legally delay the discharge?,delay hospital discharge unsafe home Ontario patient rights,frustrated and overwhelmed,5.0,hospital_discharge,Hospital discharge planning,Regenerated 2026-04-19
gen_1776625555_00021,Adult Child Caregiver (Under 50),navigational,navigational,discharge checklist for progressive illness,adult child managing parent's progressive decline,"Looking for a real discharge checklist for a parent with a progressive condition, not just generic hospital paperwork.",hospital discharge checklist progressive illness family caregiver,time-pressed and direct,5.0,hospital_discharge,Hospital discharge planning,Regenerated 2026-04-19
gen_1776625555_00022,Adult Child Caregiver (Under 50),support,navigational,find caregiver support after discharge chaos,"sandwich generation adult child, emotionally depleted post-discharge",Parent's home now but I'm completely overwhelmed managing everything alone. Where do caregivers in Ontario actually get support?,caregiver support Ontario after hospital discharge,frustrated and overwhelmed,5.0,hospital_discharge,Hospital discharge planning,Regenerated 2026-04-19
gen_1776625555_00023,Adult Child Caregiver (Under 50),educational,informational,understand discharge planner role,"newly caregiving adult child, unfamiliar with hospital roles",Someone called themselves a discharge planner at the hospital. What exactly do they do and should I be talking to them more?,what does hospital discharge planner do caregiver role,newly aware and confused,5.0,hospital_discharge,Hospital discharge planning,Regenerated 2026-04-19
gen_1776625555_00024,Adult Child Caregiver (Under 50),educational,informational,medication management after discharge,"adult child caregiver, parent on multiple new meds post-hospital",Dad came home with five new prescriptions and confusing instructions. How do I make sure he's taking everything correctly?,medication management after hospital discharge elderly parent,frustrated and overwhelmed,5.0,hospital_discharge,Hospital discharge planning,Regenerated 2026-04-19
gen_1776625555_00025,Adult Child Caregiver (Under 50),commercial,commercial,private home care services Ontario cost,"adult child, public home care insufficient, considering private options",Public home care isn't enough after my parent's discharge. What does private home care in Ontario actually cost per week?,private home care Ontario cost per week after discharge,time-pressed and direct,5.0,hospital_discharge,Hospital discharge planning,Regenerated 2026-04-19
gen_1776625555_00026,Adult Child Caregiver (Under 50),educational,informational,understand ALC designation implications,"adult child, parent flagged ALC in Ontario hospital",Hospital just told me my dad is ALC. What does that actually mean for how fast he gets pushed out?,ALC designation hospital discharge Ontario what it means,detail-oriented and planning ahead,5.0,hospital_discharge,Hospital discharge planning,Regenerated 2026-04-19
gen_1776625555_00027,Adult Child Caregiver (Under 50),educational,informational,coordinate discharge across siblings,"adult child, only local sibling, parent being discharged soon",I'm the only sibling nearby and my parent is being discharged next week. How do I split responsibilities with family who aren't local?,coordinating family caregiving after hospital discharge sibling responsibilities,practical and ready to act,5.0,hospital_discharge,Hospital discharge planning,Regenerated 2026-04-19
gen_1776625555_00028,Adult Child Caregiver (Under 50),educational,informational,plan home modifications before discharge,"adult child, parent with mobility issues, discharge imminent",Parent has new mobility issues and comes home Friday. What modifications are non-negotiable before they walk through the door?,urgent home modifications before hospital discharge mobility Ontario,practical and ready to act,5.0,hospital_discharge,Hospital discharge planning,Regenerated 2026-04-19
gen_1776625555_00029,Adult Child Caregiver (Under 50),support,commercial,find post-discharge respite for caregiver,"sandwich generation adult child, burning out after parent's return home",My parent's been home two weeks and I'm already running on empty. Is there any funded respite in Ontario for situations like this?,funded respite care Ontario after hospital discharge caregiver,emotional and looking for support,5.0,hospital_discharge,Hospital discharge planning,Regenerated 2026-04-19
gen_1776625555_00030,Adult Child Caregiver (Under 50),research,informational,understand CCAC home care assessment timeline,"adult child, parent needs home care, unsure when help arrives",How long does it actually take for a home care assessment to happen in Ontario after discharge? I need a real timeline.,Ontario home care assessment wait time after hospital discharge,detail-oriented and planning ahead,5.0,hospital_discharge,Hospital discharge planning,Regenerated 2026-04-19
gen_1776625555_00031,Adult Child Caregiver (Under 50),educational,informational,navigate hospital social worker conversation,"adult child caregiver, parent with progressive illness, first discharge",There's a social worker involved in my parent's discharge. What should I actually push for in that meeting before they close the file?,hospital social worker discharge planning what to ask caregiver,practical and ready to act,5.0,hospital_discharge,Hospital discharge planning,Regenerated 2026-04-19
gen_1776625555_00032,Adult Child Caregiver (Under 50),support,navigational,find online caregiver peer communities,"under-50 caregiver, no time for in-person groups, feeling isolated",I don't have time for in-person groups. Are there active online communities for adult children managing a parent's decline?,online caregiver support community adult child parent decline,emotional and looking for support,5.0,hospital_discharge,Hospital discharge planning,Regenerated 2026-04-19
gen_1776625555_00033,Adult Child Caregiver (Under 50),research,informational,prepare employer conversation about caregiving leave,"adult child, full-time job, parent's discharge creating work conflict",My parent's discharge is colliding with a heavy work period. What leave options in Canada actually protect my job right now?,caregiver leave entitlements Canada job protection family responsibility,detail-oriented and planning ahead,5.0,hospital_discharge,Hospital discharge planning,Regenerated 2026-04-19
gen_1776625555_00034,Adult Child Caregiver (Under 50),support,informational,find caregiver peer support Ontario,"adult child, parent declining, skeptical of soft support",I'm not into therapy but need to talk to someone who actually gets caregiving. What's available in Ontario?,caregiver peer support groups Ontario unpaid,practical and ready to act,5.0,caregiver_support_ontario,Caregiver support in Ontario,Regenerated 2026-04-19
gen_1776625555_00035,Adult Child Caregiver (Under 50),support,commercial,caregiver mental health programs Ontario,"adult child caregiver, burning out, no time for long programs",I'm burning out caring for my dad and can't commit to weekly sessions. Are there flexible mental health programs for caregivers in Ontario?,flexible caregiver mental health program Ontario burnout,emotional and looking for support,5.0,caregiver_support_ontario,Caregiver support in Ontario,Regenerated 2026-04-19
gen_1776625555_00036,Adult Child Caregiver (Under 50),navigational,navigational,free caregiver helpline Ontario,"adult child, overwhelmed at night, needs immediate help",Is there a free helpline in Ontario I can call when caregiving gets overwhelming — evenings or weekends?,free caregiver helpline Ontario evenings weekends,emotional and looking for support,5.0,caregiver_support_ontario,Caregiver support in Ontario,Regenerated 2026-04-19
gen_1776625555_00037,Adult Child Caregiver (Under 50),educational,informational,plan ahead for parent's progressive illness,"adult child, parent early-stage decline, wants to prepare",My mom was just diagnosed with a progressive condition. What should I be planning for now as her future caregiver in Ontario?,planning ahead progressive illness parent caregiver Ontario,detail-oriented and planning ahead,5.0,caregiver_support_ontario,Caregiver support in Ontario,Regenerated 2026-04-19
gen_1776625555_00038,Adult Child Caregiver (Under 50),research,informational,sandwich generation caregiver resources Ontario,"adult child, raising kids and caring for parent simultaneously",Raising two kids and now caring for an aging parent. Are there Ontario resources specifically designed for the sandwich generation?,sandwich generation caregiver resources Ontario,practical and ready to act,5.0,caregiver_support_ontario,Caregiver support in Ontario,Regenerated 2026-04-19
gen_1776625555_00039,Adult Child Caregiver (Under 50),commercial,commercial,caregiver coaching Ontario,"adult child caregiver, wants structured guidance not just info","Looking for one-on-one coaching for caregivers in Ontario — not just a pamphlet, actual guidance on navigating the system.",caregiver coaching one on one Ontario,practical and ready to act,5.0,caregiver_support_ontario,Caregiver support in Ontario,Regenerated 2026-04-19
gen_1776625555_00040,Adult Child Caregiver (Under 50),educational,informational,understand caregiver rights Ontario workplace,"employed adult child, scared of job impact from caregiving",Can my employer penalize me for taking time off to care for a parent in Ontario? What protections actually exist?,caregiver workplace rights Ontario employment leave,detail-oriented and planning ahead,5.0,caregiver_support_ontario,Caregiver support in Ontario,Regenerated 2026-04-19
gen_1776625555_00041,Adult Child Caregiver (Under 50),support,informational,understand caregiver mental health options Ontario,"working adult child, parent with progressive illness, no time",Dad's getting worse and I haven't slept properly in weeks. What mental health support actually exists for caregivers in Ontario?,mental health support unpaid caregivers Ontario,frustrated and overwhelmed,5.0,caregiver_support_ontario,Caregiver support in Ontario,Regenerated 2026-04-19
gen_1776625555_00042,Adult Child Caregiver (Under 50),research,commercial,compare free vs paid caregiver programs Ontario,"budget-conscious sandwich gen caregiver, both kids and aging parent",Are the free caregiver programs in Ontario actually useful or just basic info I could Google myself?,free caregiver programs Ontario worth it unpaid caregivers,skeptical and comparing options,5.0,caregiver_support_ontario,Caregiver support in Ontario,Regenerated 2026-04-19
gen_1776625555_00043,Adult Child Caregiver (Under 50),educational,informational,find flexible caregiver support around work schedule,"full-time employee, parent's condition progressing, overwhelmed",I work nine to five and can't do daytime appointments. What caregiver support in Ontario fits around an actual job?,caregiver support Ontario evenings flexible schedule working adults,frustrated and overwhelmed,5.0,caregiver_support_ontario,Caregiver support in Ontario,Regenerated 2026-04-19
gen_1776625555_00044,Adult Child Caregiver (Under 50),navigational,navigational,navigate Ontario caregiver resources starting point,"new to caregiving role, parent recently declined significantly",Mom's condition just got noticeably worse. I don't even know where to start finding caregiver support in Ontario.,where to start caregiver support Ontario parent declining,emotional and looking for support,5.0,caregiver_support_ontario,Caregiver support in Ontario,Regenerated 2026-04-19
gen_1776625555_00045,Adult Child Caregiver (Under 50),commercial,commercial,find caregiver coaching or guided navigation Ontario,"adult child, overwhelmed by health system, parent's needs increasing",Someone who can help me figure out what care my dad actually needs next — does that kind of caregiver coaching exist in Ontario?,caregiver coaching navigation Ontario parent care planning,skeptical and comparing options,5.0,caregiver_support_ontario,Caregiver support in Ontario,Regenerated 2026-04-19
gen_1776625555_00046,Adult Child Caregiver (Under 50),support,informational,process grief while actively caregiving,adult child watching parent's slow progressive decline,It's hard to explain grieving someone who's still here. Are there Ontario support options for caregivers dealing with anticipatory loss?,anticipatory grief caregiver support Ontario progressive illness,emotional and looking for support,5.0,caregiver_support_ontario,Caregiver support in Ontario,Regenerated 2026-04-19
gen_1776625555_00047,Adult Child Caregiver (Under 50),research,informational,research what unpaid caregiver support Ontario provides,"skeptical adult child, first time researching formal support options",What does Ontario actually offer unpaid caregivers beyond pamphlets? Looking for real programs with real outcomes.,Ontario unpaid caregiver programs real support outcomes,skeptical and comparing options,5.0,caregiver_support_ontario,Caregiver support in Ontario,Regenerated 2026-04-19
gen_1776625555_00048,Adult Child Caregiver (50+),support,informational,find caregiver support after parent diagnosis,"adult child 50+, parent just diagnosed, overwhelmed",My dad was just diagnosed with dementia. Where do I even start finding support for myself as his caregiver?,caregiver support Ontario after parent dementia diagnosis,curious and exploratory,5.0,caregiver_support_ontario,Caregiver support in Ontario,Regenerated 2026-04-19
gen_1776625555_00049,Adult Child Caregiver (50+),navigational,navigational,locate caregiver helpline Ontario,"adult child caregiver, needs someone to talk to",Is there a helpline in Ontario I can call when caregiving gets overwhelming? Looking for something free.,free caregiver helpline Ontario phone support,practical and ready to act,5.0,caregiver_support_ontario,Caregiver support in Ontario,Regenerated 2026-04-19
gen_1776625555_00050,Adult Child Caregiver (50+),support,informational,understand hospital discharge caregiver role,"parent being discharged, adult child unprepared",Mom's being sent home after a stroke and I have no idea what I'm supposed to do. What support exists for caregivers in Ontario?,caregiver support Ontario hospital discharge stroke parent,practical and ready to act,5.0,caregiver_support_ontario,Caregiver support in Ontario,Regenerated 2026-04-19
gen_1776625555_00051,Adult Child Caregiver (50+),educational,informational,explore free caregiver programs Ontario,"adult child new to caregiving, limited budget",What free programs are available in Ontario specifically for people caring for an aging parent at home?,free programs unpaid caregivers aging parent Ontario,curious and exploratory,5.0,caregiver_support_ontario,Caregiver support in Ontario,Regenerated 2026-04-19
gen_1776625555_00052,Adult Child Caregiver (50+),commercial,commercial,find caregiver coaching Ontario,"adult child caregiver, wants guidance not just info",I need actual coaching on how to manage caregiving for my mother — not just pamphlets. Does anything like that exist in Ontario?,caregiver coaching program Ontario unpaid family caregiver,skeptical and comparing options,5.0,caregiver_support_ontario,Caregiver support in Ontario,Regenerated 2026-04-19
gen_1776625555_00053,Adult Child Caregiver (50+),educational,informational,navigate Ontario healthcare system as caregiver,"adult child caregiver, confused by system after diagnosis",Trying to figure out how to advocate for my father in the Ontario healthcare system. Who helps caregivers navigate this?,caregiver navigate Ontario healthcare system advocate aging parent,curious and exploratory,5.0,caregiver_support_ontario,Caregiver support in Ontario,Regenerated 2026-04-19
gen_1776625555_00054,Adult Child Caregiver (50+),research,commercial,compare caregiver mental health supports Ontario,"adult child caregiver, experiencing burnout and anxiety","I'm burning out caring for my mom. Are there mental health programs in Ontario designed specifically for caregivers, not just general therapy?",mental health support caregivers Ontario burnout program,skeptical and comparing options,5.0,caregiver_support_ontario,Caregiver support in Ontario,Regenerated 2026-04-19
gen_1776625555_00055,Adult Child Caregiver (50+),support,navigational,find peer support for caregivers Ontario,"adult child caregiver, feeling isolated after parent diagnosis",Looking for a group where I can talk to other people in Ontario who are also caring for an aging parent. What's out there?,caregiver peer support group Ontario aging parent,curious and exploratory,5.0,caregiver_support_ontario,Caregiver support in Ontario,Regenerated 2026-04-19
gen_1776625555_00056,Adult Child Caregiver (50+),navigational,navigational,get immediate caregiver help Ontario,"adult child 50+, parent discharged unexpectedly",Dad was discharged from hospital today with no warning. I need caregiver support resources in Ontario fast — where do I go?,urgent caregiver resources Ontario hospital discharge same day,practical and ready to act,5.0,caregiver_support_ontario,Caregiver support in Ontario,Regenerated 2026-04-19
gen_1776625555_00057,Adult Child Caregiver (50+),research,informational,understand what unpaid caregiver support exists provincially,"adult child new to caregiving role, skeptical about available help","Does Ontario actually have meaningful support for unpaid family caregivers, or is it just a few brochures and a website?",unpaid family caregiver provincial support Ontario what exists,skeptical and comparing options,5.0,caregiver_support_ontario,Caregiver support in Ontario,Regenerated 2026-04-19
gen_1776625555_00058,Adult Child Caregiver (50+),support,informational,find caregiver support after diagnosis,"adult child, parent just diagnosed, overwhelmed and uninformed",My mother was just diagnosed with Parkinson's and I'm her only family nearby. What support is there for me in Ontario?,caregiver support Ontario aging parent diagnosis,newly aware and confused,5.0,caregiver_support_ontario,Caregiver support in Ontario,Regenerated 2026-04-19
gen_1776625555_00059,Adult Child Caregiver (50+),educational,informational,understand hospital discharge caregiver role,"adult child, parent discharged suddenly, no plan given",Hospital sent my father home after surgery with zero handoff to me. What are caregivers in Ontario supposed to get from hospitals?,Ontario hospital discharge caregiver rights family support,frustrated and overwhelmed,5.0,caregiver_support_ontario,Caregiver support in Ontario,Regenerated 2026-04-19
gen_1776625555_00060,Adult Child Caregiver (50+),support,informational,find peer support for adult child caregivers,"50+ adult child, isolated, caring for aging parent at home",I feel completely alone doing this. Are there peer support groups in Ontario for adults caring for an elderly parent?,peer support groups Ontario adult child caregiver elderly parent,newly aware and confused,5.0,caregiver_support_ontario,Caregiver support in Ontario,Regenerated 2026-04-19
gen_1776625555_00061,Adult Child Caregiver (50+),commercial,commercial,get caregiver coaching Ontario,"adult child, newly caregiving after parent's fall, no experience",I've never done this before and I need someone to coach me through caring for my dad. Where do I find that in Ontario?,caregiver coaching program Ontario aging parent,practical and ready to act,5.0,caregiver_support_ontario,Caregiver support in Ontario,Regenerated 2026-04-19
gen_1776625555_00062,Adult Child Caregiver (50+),support,informational,understand caregiver mental health resources Ontario,"adult child caregiver, anxiety worsening, unsure where to turn",Caregiving is destroying my mental health and regular therapy isn't cutting it. Are there Ontario programs built around caregiver stress specifically?,caregiver mental health program Ontario stress burnout,frustrated and overwhelmed,5.0,caregiver_support_ontario,Caregiver support in Ontario,Regenerated 2026-04-19
gen_1776625555_00063,Adult Child Caregiver (50+),research,informational,learn what unpaid caregiver supports exist provincially,"adult child, parent newly home from hospital, scanning options",Dad's home from the hospital and I'm suddenly his full-time caregiver. What provincial support programs exist in Ontario for people like me?,Ontario provincial support programs unpaid family caregivers,newly aware and confused,5.0,caregiver_support_ontario,Caregiver support in Ontario,Regenerated 2026-04-19
gen_1776625555_00064,Adult Child Caregiver (50+),support,informational,find free caregiver support Ontario,"adult child, parent just discharged, overwhelmed and unsure where to start",Mom's home from the hospital and I'm suddenly doing everything. What free support actually exists for unpaid caregivers in Ontario?,free support unpaid caregivers Ontario provincial programs,practical and ready to act,5.0,caregiver_support_ontario,Caregiver support in Ontario,Regenerated 2026-04-19
gen_1776625555_00065,Adult Child Caregiver (50+),support,informational,hospital discharge home prep,"adult child caregiver, parent discharged tomorrow",Dad's being discharged tomorrow and I have no idea what to set up at home first. Help.,hospital discharge home preparation aging parent checklist,frustrated and overwhelmed,5.0,hospital_discharge,Hospital discharge planning,Regenerated 2026-04-19
gen_1776625555_00066,Adult Child Caregiver (50+),educational,informational,questions to ask before discharge,"adult child, parent leaving hospital this week",What should I be asking the hospital team before my mom is discharged? I don't want to miss anything important.,questions to ask hospital before parent discharge,practical and ready to act,5.0,hospital_discharge,Hospital discharge planning,Regenerated 2026-04-19
gen_1776625555_00067,Adult Child Caregiver (50+),commercial,transactional,home care after hospital Ontario,adult child arranging post-discharge care in Ontario,How do I actually get home care set up for my parent in Ontario after a hospital stay?,home care after hospital discharge Ontario aging parent,practical and ready to act,5.0,hospital_discharge,Hospital discharge planning,Regenerated 2026-04-19
gen_1776625555_00068,Adult Child Caregiver (50+),educational,informational,understand discharge planner role,"first-time caregiver, unfamiliar with hospital system",The hospital mentioned a discharge planner — what exactly do they do and how do I work with them?,what does hospital discharge planner do family caregiver,curious and exploratory,5.0,hospital_discharge,Hospital discharge planning,Regenerated 2026-04-19
gen_1776625555_00069,Adult Child Caregiver (50+),educational,informational,prevent hospital readmission after discharge,"adult child caregiver, parent prone to falls",My mom keeps getting readmitted after discharge. What are the most important things to do at home to stop that?,prevent hospital readmission elderly parent home care tips,frustrated and overwhelmed,5.0,hospital_discharge,Hospital discharge planning,Regenerated 2026-04-19
gen_1776625555_00070,Adult Child Caregiver (50+),educational,informational,discharge checklist for aging parent,"adult child, parent leaving hospital after surgery",Looking for a solid discharge checklist I can actually use when picking my dad up from the hospital next week.,hospital discharge checklist aging parent caregiver,practical and ready to act,5.0,hospital_discharge,Hospital discharge planning,Regenerated 2026-04-19
gen_1776625555_00071,Adult Child Caregiver (50+),support,informational,medication management post-discharge,adult child managing parent's new prescriptions,My mom came home with five new prescriptions and no clear instructions. How do I manage this safely?,managing medications after hospital discharge elderly parent,frustrated and overwhelmed,5.0,hospital_discharge,Hospital discharge planning,Regenerated 2026-04-19
gen_1776625555_00072,Adult Child Caregiver (50+),commercial,commercial,caregiver coaching services Ontario,adult child seeking structured guidance on caregiving,Is there a coaching or guidance service in Ontario that helps family caregivers figure out what to do after a parent's hospitalization?,caregiver coaching service Ontario family hospital discharge,curious and exploratory,5.0,hospital_discharge,Hospital discharge planning,Regenerated 2026-04-19
gen_1776625555_00073,Adult Child Caregiver (50+),navigational,navigational,navigating CCAC home care referral,adult child new to Ontario health system post-discharge,The hospital said a home care coordinator would call — it's been three days and nothing. What do I do now?,home care coordinator no contact after hospital discharge Ontario,frustrated and overwhelmed,5.0,hospital_discharge,Hospital discharge planning,Regenerated 2026-04-19
gen_1776625555_00074,Adult Child Caregiver (50+),educational,informational,understand caregiver role at discharge,"adult child, first hospital discharge experience, overwhelmed",Nobody told me I'd be responsible for my dad's recovery at home. What is a family caregiver actually expected to do?,family caregiver responsibilities after hospital discharge Ontario,newly aware and confused,5.0,hospital_discharge,Hospital discharge planning,Regenerated 2026-04-19
gen_1776625555_00075,Adult Child Caregiver (50+),support,informational,identify red flags post-discharge,"parent just home from hospital, adult child monitoring recovery",Mom's been home two days post-surgery. Which warning signs mean I should call someone versus just wait it out?,warning signs after hospital discharge elderly parent,detail-oriented and planning ahead,5.0,hospital_discharge,Hospital discharge planning,Regenerated 2026-04-19
gen_1776625555_00076,Adult Child Caregiver (50+),navigational,navigational,find Ontario caregiver support programs,"adult child, post-discharge, unaware of available services",I'm caring for my mom after her hospital stay and didn't realize free support programs exist in Ontario. Where do I start?,free caregiver support programs Ontario hospital discharge,newly aware and confused,5.0,hospital_discharge,Hospital discharge planning,Regenerated 2026-04-19
gen_1776625555_00077,Adult Child Caregiver (50+),research,commercial,compare home care vs retirement facility post-discharge,"aging parent discharged, adult child weighing options",Dad's being discharged with limited mobility. Is home care actually safer than moving him to a retirement residence right now?,home care vs retirement home after hospital discharge Ontario elderly,skeptical and comparing options,5.0,hospital_discharge,Hospital discharge planning,Regenerated 2026-04-19
gen_1776625555_00078,Adult Child Caregiver (50+),educational,informational,prepare medical history summary for discharge,"detail-oriented adult child, parent has complex conditions",I want to hand off a complete medical summary when my dad leaves the hospital. What should that document actually include?,patient medical summary document hospital discharge family caregiver,detail-oriented and planning ahead,5.0,hospital_discharge,Hospital discharge planning,Regenerated 2026-04-19
gen_1776625555_00079,Adult Child Caregiver (50+),educational,informational,understand OHIP home care coverage limits,"adult child, parent discharged, unclear on funded services",My mom qualifies for home care through OHIP but I don't know what's actually covered versus what I'll pay out of pocket.,OHIP home care coverage after hospital discharge what is included,newly aware and confused,5.0,hospital_discharge,Hospital discharge planning,Regenerated 2026-04-19
gen_1776625555_00080,Adult Child Caregiver (50+),research,commercial,evaluate private versus public home care,"adult child comparing options, parent needs daily support",Public home care has a long wait and my dad needs help now. Is private home care actually worth the cost in Ontario?,private vs public home care Ontario cost wait time,skeptical and comparing options,5.0,hospital_discharge,Hospital discharge planning,Regenerated 2026-04-19
gen_1776625555_00081,Adult Child Caregiver (50+),educational,informational,plan home safety modifications before discharge,"adult child, parent returning home with mobility issues",My mother's coming home with a walker after her hip surgery. Which home modifications should I prioritize before she arrives?,home safety modifications elderly parent hip surgery discharge,detail-oriented and planning ahead,5.0,hospital_discharge,Hospital discharge planning,Regenerated 2026-04-19
gen_1776625555_00082,Adult Child Caregiver (50+),support,informational,assess whether discharge was premature,"adult child, parent sent home too soon, feeling unsure",My father was sent home after only two days and seems nowhere near ready. How do I know if a discharge was too early?,how to tell if hospital discharge was premature elderly patient,skeptical and comparing options,5.0,hospital_discharge,Hospital discharge planning,Regenerated 2026-04-19
gen_1776625555_00083,Adult Child Caregiver (50+),educational,informational,build hospital discharge checklist,"adult child caregiver, parent leaving hospital soon",Dad's discharge is in 48 hours and I feel completely unprepared. What should be on my checklist before he leaves?,hospital discharge checklist aging parent caregiver Ontario,detail-oriented and planning ahead,5.0,hospital_discharge,Hospital discharge planning,Regenerated 2026-04-19
gen_1776625555_00084,Adult Child Caregiver (50+),support,navigational,find caregiver support resources Ontario,"adult child caregiver, post-discharge overwhelm, unaware of programs",My mom just got home from the hospital and I'm drowning. Are there free Ontario programs that help family caregivers cope?,free caregiver support programs Ontario family,time-pressed and direct,5.0,hospital_discharge,Hospital discharge planning,Regenerated 2026-04-19
gen_1776625555_00085,Mental Health Caregiver,educational,informational,recognize caregiver burnout symptoms,mental health caregiver after loved one's crisis episode,"After my partner's crisis episode last week, I feel completely hollowed out. Is this burnout or just exhaustion?",caregiver burnout symptoms mental health crisis exhaustion,time-pressed and direct,5.0,caregiver_burnout,Caregiver burnout and stress,Regenerated 2026-04-19
gen_1776625555_00086,Mental Health Caregiver,support,navigational,find confidential caregiver mental health support Ontario,caregiver worried about privacy when seeking help,I need mental health support but I'm scared what I share will get back to my loved one's care team. Are there confidential options?,confidential mental health support caregiver Ontario privacy,detail-oriented and planning ahead,5.0,caregiver_burnout,Caregiver burnout and stress,Regenerated 2026-04-19
gen_1776625555_00087,Mental Health Caregiver,educational,informational,understand compassion fatigue vs burnout,caregiver supporting someone with mental illness long-term,"I keep reading about compassion fatigue versus burnout. Are they actually different things, and does it matter which one I have?",compassion fatigue vs burnout caregiver mental illness difference,detail-oriented and planning ahead,5.0,caregiver_burnout,Caregiver burnout and stress,Regenerated 2026-04-19
gen_1776625555_00088,Mental Health Caregiver,navigational,navigational,find SCALE mental health program Ontario,caregiver seeking structured mental health program in Ontario,I've heard there's a mental health program in Ontario specifically for caregivers. How do I find it and sign up?,caregiver mental health program Ontario SCALE register,practical and ready to act,5.0,caregiver_burnout,Caregiver burnout and stress,Regenerated 2026-04-19
gen_1776625555_00089,Mental Health Caregiver,support,informational,cope with emotional fallout after crisis episode,caregiver in acute stress following psychiatric emergency,My sibling was just hospitalized after a mental health crisis. I'm shaking and can't think straight. What helps first?,caregiver emotional support after loved one psychiatric crisis,time-pressed and direct,5.0,caregiver_burnout,Caregiver burnout and stress,Regenerated 2026-04-19
gen_1776625555_00090,Mental Health Caregiver,research,informational,understand caregiver stigma around seeking help,mental health caregiver afraid to be seen as struggling,"Caregivers aren't supposed to be the ones falling apart. Is stigma around asking for help actually common, and how do people get past it?",caregiver stigma asking for help mental health support,detail-oriented and planning ahead,5.0,caregiver_burnout,Caregiver burnout and stress,Regenerated 2026-04-19
gen_1776625555_00091,Mental Health Caregiver,support,commercial,access free caregiver peer support Ontario,burned-out caregiver with no budget for therapy,I can't afford a therapist right now. Are there free peer support options in Ontario for caregivers dealing with mental health burnout?,free peer support caregiver burnout Ontario mental health,practical and ready to act,5.0,caregiver_burnout,Caregiver burnout and stress,Regenerated 2026-04-19
gen_1776625555_00092,Mental Health Caregiver,educational,informational,set boundaries with mentally ill family member,caregiver exhausted by repeated crisis cycles,Every crisis resets the cycle and I have nothing left. How do caregivers actually set limits without abandoning someone they love?,caregiver boundaries mentally ill family member burnout,time-pressed and direct,5.0,caregiver_burnout,Caregiver burnout and stress,Regenerated 2026-04-19
gen_1776625555_00093,Mental Health Caregiver,research,informational,plan sustainable caregiving after mental health crisis,"caregiver rebuilding routine post-episode, planning ahead","Crisis is over for now, but I know it'll happen again. What does a sustainable caregiving plan actually look like when mental illness is involved?",sustainable caregiving plan mental illness recurring crisis Ontario,detail-oriented and planning ahead,5.0,caregiver_burnout,Caregiver burnout and stress,Regenerated 2026-04-19
gen_1776625555_00094,Mental Health Caregiver,support,navigational,find caregiver helpline for immediate emotional support,caregiver in distress needing same-day help,"I need to talk to someone today — not a crisis line, but something for caregivers specifically. What's available in Ontario right now?",caregiver helpline Ontario same day emotional support,time-pressed and direct,5.0,caregiver_burnout,Caregiver burnout and stress,Regenerated 2026-04-19
gen_1776625555_00095,Mental Health Caregiver,educational,informational,understand physical symptoms of caregiver burnout,"mental health caregiver post-crisis, body shutting down","After my loved one's episode I can't sleep, eat, or focus. Can burnout actually show up physically like this?",caregiver burnout physical symptoms mental health crisis,curious and exploratory,5.0,caregiver_burnout,Caregiver burnout and stress,Regenerated 2026-04-19
gen_1776625555_00096,Mental Health Caregiver,navigational,navigational,find confidential caregiver mental health programs Ontario,"mental health caregiver, privacy concerns about disclosure",Looking for a mental health program in Ontario for caregivers where my information stays completely private. What exists?,confidential caregiver mental health program Ontario free,practical and ready to act,5.0,caregiver_burnout,Caregiver burnout and stress,Regenerated 2026-04-19
gen_1776625555_00097,Mental Health Caregiver,educational,informational,manage emotional numbness after caregiving crisis,"post-crisis caregiver, emotionally detached and depleted","I've stopped feeling anything since the last crisis — not sad, not scared, just numb. Is that a burnout stage?",emotional numbness caregiver burnout stage mental health,curious and exploratory,5.0,caregiver_burnout,Caregiver burnout and stress,Regenerated 2026-04-19
gen_1776625555_00098,Mental Health Caregiver,support,informational,return to work functioning after caregiver burnout,"employed caregiver, missed work after loved one's crisis",I missed three days of work after my partner's episode and I'm still not okay. How do caregivers manage this?,caregiver burnout missed work recovery mental health,time-pressed and direct,5.0,caregiver_burnout,Caregiver burnout and stress,Regenerated 2026-04-19
gen_1776625555_00099,Mental Health Caregiver,support,navigational,find peer support specifically for mental health caregivers,"caregiver post-crisis, stigma around asking for help","I want to talk to someone who's actually been through a loved one's mental health crisis, not a professional. Where do I find that?",peer support mental health caregiver Ontario lived experience,practical and ready to act,5.0,caregiver_burnout,Caregiver burnout and stress,Regenerated 2026-04-19
gen_1776625555_00100,Adult Child Caregiver (Under 50),educational,informational,recognize caregiver burnout signs,"sandwich gen adult child, parent declining, skeptical of soft support",I'm exhausted but functional. How do I know if what I'm feeling is actual burnout or just normal tiredness?,caregiver burnout signs vs normal tiredness,newly aware and confused,5.0,caregiver_burnout,Caregiver burnout and stress,Regenerated 2026-04-19
gen_1776625555_00101,Adult Child Caregiver (Under 50),support,informational,manage caregiver stress while working full-time,"adult child caregiver, demanding job, parent progressively declining",Caring for my dad while working full-time is grinding me down. What actually helps caregivers manage stress without quitting their job?,caregiver stress management working full time parent,practical and ready to act,5.0,caregiver_burnout,Caregiver burnout and stress,Regenerated 2026-04-19
gen_1776625555_00102,Adult Child Caregiver (Under 50),educational,informational,understand compassion fatigue vs burnout,"adult child caregiver, years into parent's progressive illness","I keep hearing compassion fatigue and burnout used interchangeably. Are they actually different, and does it matter which one I have?",compassion fatigue vs caregiver burnout difference,skeptical and comparing options,5.0,caregiver_burnout,Caregiver burnout and stress,Regenerated 2026-04-19
gen_1776625555_00103,Adult Child Caregiver (Under 50),navigational,navigational,find free mental health support for caregivers Ontario,"sandwich gen, no time for therapy waitlists, tight budget",Therapy waitlists are months long and I can't wait. What free mental health support exists in Ontario specifically for unpaid caregivers?,free mental health support unpaid caregivers Ontario,practical and ready to act,5.0,caregiver_burnout,Caregiver burnout and stress,Regenerated 2026-04-19
gen_1776625555_00104,Adult Child Caregiver (Under 50),support,informational,set boundaries without guilt while caregiving,"adult child caregiver, emotionally depleted, parent needs more each month",My mom needs more from me every month and I'm hitting a wall. How do caregivers set limits without drowning in guilt?,how to set boundaries caregiving without guilt,newly aware and confused,5.0,caregiver_burnout,Caregiver burnout and stress,Regenerated 2026-04-19
gen_1776625555_00105,Adult Child Caregiver (Under 50),research,commercial,evaluate peer support programs for caregiver burnout,"skeptical adult child, questions whether talking to peers helps","Does talking to other caregivers actually reduce burnout, or is peer support just venting with no real outcome?",caregiver peer support burnout effectiveness evidence,skeptical and comparing options,5.0,caregiver_burnout,Caregiver burnout and stress,Regenerated 2026-04-19
gen_1776625555_00106,Adult Child Caregiver (Under 50),educational,informational,understand emotional exhaustion progression in caregiving,"adult child, parent's illness progressing, not sure what's coming","I feel numb more than sad lately. Is emotional numbness a stage of caregiver exhaustion, and does it get worse as a parent declines?",emotional numbness caregiver exhaustion progressive illness,newly aware and confused,5.0,caregiver_burnout,Caregiver burnout and stress,Regenerated 2026-04-19
gen_1776625555_00107,Adult Child Caregiver (Under 50),navigational,navigational,find caregiver mental health programs Ontario online,"time-poor adult child caregiver, needs flexible access",I need mental health support I can access outside of 9-to-5 hours. What online programs in Ontario are built for caregivers specifically?,online caregiver mental health programs Ontario flexible,practical and ready to act,5.0,caregiver_burnout,Caregiver burnout and stress,Regenerated 2026-04-19
gen_1776625555_00108,Adult Child Caregiver (Under 50),research,informational,compare self-care advice quality for caregivers,"burned-out adult child, tired of generic wellness tips",Every article tells me to sleep more and take walks. What do caregivers with real burnout actually need beyond basic self-care advice?,caregiver burnout recovery beyond self care tips,skeptical and comparing options,5.0,caregiver_burnout,Caregiver burnout and stress,Regenerated 2026-04-19
gen_1776625555_00109,Adult Child Caregiver (Under 50),support,navigational,talk to someone about caregiver crisis fast,"adult child caregiver, hitting emotional breaking point now",I'm at a breaking point today and need to talk to someone who gets caregiving. Where do I call or message right now in Ontario?,caregiver crisis support line Ontario immediate help,practical and ready to act,5.0,caregiver_burnout,Caregiver burnout and stress,Regenerated 2026-04-19
gen_1776625555_00110,Adult Child Caregiver (Under 50),educational,informational,understand physical signs of caregiver burnout,"sandwich gen, working full-time, parent declining",I'm getting headaches and can't sleep. Can burnout actually show up physically before you feel emotionally wrecked?,physical symptoms caregiver burnout exhaustion signs,practical and ready to act,5.0,caregiver_burnout,Caregiver burnout and stress,Regenerated 2026-04-19
gen_1776625555_00111,Adult Child Caregiver (Under 50),commercial,commercial,find caregiver stress coaching programs Ontario,"under 50, skeptical of soft support, needs structured help","Looking for actual structured coaching for caregiver stress in Ontario — not a pamphlet, something with real sessions.",caregiver stress coaching program Ontario free,time-pressed and direct,5.0,caregiver_burnout,Caregiver burnout and stress,Regenerated 2026-04-19
gen_1776625555_00112,Adult Child Caregiver (Under 50),support,informational,manage burnout while raising kids and caregiving,"sandwich generation, kids at home, parent with progressive illness",I'm raising two kids and watching my dad decline at the same time. How do sandwich generation caregivers avoid total collapse?,sandwich generation caregiver burnout kids and aging parent,emotional and looking for support,5.0,caregiver_burnout,Caregiver burnout and stress,Regenerated 2026-04-19
gen_1776625555_00113,Adult Child Caregiver (Under 50),educational,informational,return to work after caregiver mental health crash,"adult child caregiver, hit breaking point, still employed",I took a week off because I couldn't function. How do caregivers actually recover and return to work after burning out?,caregiver burnout recovery return to work,practical and ready to act,5.0,caregiver_burnout,Caregiver burnout and stress,Regenerated 2026-04-19
gen_1776625555_00114,Adult Child Caregiver (Under 50),navigational,navigational,find peer support group for caregiver burnout Ontario,"under 50, parent declining, skeptical but desperate",Where can I find a caregiver peer group in Ontario that meets online — specifically for people dealing with a parent's decline?,online caregiver peer support group Ontario parent decline,time-pressed and direct,5.0,caregiver_burnout,Caregiver burnout and stress,Regenerated 2026-04-19
gen_1776625555_00115,Adult Child Caregiver (Under 50),educational,informational,understand compassion fatigue progression over time,"years into caregiving, parent's condition worsening",My dad's been declining for three years and I feel less and less each month. Does compassion fatigue get harder to reverse the longer it goes on?,compassion fatigue long term caregiving worsening over time,emotional and looking for support,5.0,caregiver_burnout,Caregiver burnout and stress,Regenerated 2026-04-19
gen_1776625555_00116,Adult Child Caregiver (Under 50),research,informational,reduce caregiver stress without taking leave,"full-time job, can't afford time off, parent needs more care",Can't take leave from work but I'm burning out fast. What actually reduces caregiver stress when quitting isn't an option?,reduce caregiver stress without taking leave from work,time-pressed and direct,5.0,caregiver_burnout,Caregiver burnout and stress,Regenerated 2026-04-19
gen_1776625555_00117,Adult Child Caregiver (Under 50),commercial,commercial,find mental health program built for caregivers,"adult child caregiver, Ontario, wants structured mental health support","I need a mental health program designed for caregivers, not generic therapy. What's available in Ontario that actually understands this situation?",caregiver mental health program Ontario unpaid caregiver,emotional and looking for support,5.0,caregiver_burnout,Caregiver burnout and stress,Regenerated 2026-04-19
gen_1776625555_00118,Spousal Caregiver,educational,informational,recognize caregiver burnout symptoms,"spousal caregiver, gradual role increase, no caregiver identity",I've been exhausted and short-tempered with my husband lately. Is this just stress or something more serious?,caregiver burnout symptoms exhausted irritable spouse,newly aware and confused,5.0,caregiver_burnout,Caregiver burnout and stress,Regenerated 2026-04-19
gen_1776625555_00119,Spousal Caregiver,educational,informational,understand compassion fatigue vs burnout,"spousal caregiver, emotionally drained, unaware of caregiver identity",What's the difference between compassion fatigue and burnout? I keep seeing both terms and I'm not sure which fits me.,compassion fatigue vs caregiver burnout difference,newly aware and confused,5.0,caregiver_burnout,Caregiver burnout and stress,Regenerated 2026-04-19
gen_1776625555_00120,Spousal Caregiver,support,navigational,find peer support for caregiver stress,"spousal caregiver, isolated, doesn't label self as caregiver",I just want to talk to someone who's been through this with their spouse. Where do people like me actually find that?,peer support spousal caregiver burnout Ontario,emotional and looking for support,5.0,caregiver_burnout,Caregiver burnout and stress,Regenerated 2026-04-19
gen_1776625555_00121,Spousal Caregiver,support,informational,cope with resentment toward ill spouse,"spousal caregiver, role intensifying, guilt about negative feelings",I love my wife but I'm starting to feel resentful of everything I've given up. Is that normal and how do I deal with it?,caregiver resentment toward spouse normal coping,emotional and looking for support,5.0,caregiver_burnout,Caregiver burnout and stress,Regenerated 2026-04-19
gen_1776625555_00122,Spousal Caregiver,educational,informational,identify when caregiver needs mental health help,"spousal caregiver, emotionally exhausted, avoiding professional help",At what point does caregiver stress cross into something that actually needs professional mental health support?,caregiver stress mental health when to seek help,newly aware and confused,5.0,caregiver_burnout,Caregiver burnout and stress,Regenerated 2026-04-19
gen_1776625555_00123,Spousal Caregiver,navigational,navigational,find free mental health programs for caregivers,"spousal caregiver in Ontario, burned out, limited budget",I'm burning out caring for my husband and can't afford therapy. Are there free mental health programs for caregivers in Ontario?,free mental health programs caregivers Ontario,frustrated and overwhelmed,5.0,caregiver_burnout,Caregiver burnout and stress,Regenerated 2026-04-19
gen_1776625555_00124,Spousal Caregiver,support,informational,manage sleep deprivation from caregiving,"spousal caregiver, up at night, physically and emotionally depleted",I haven't slept properly in months because of my husband's night needs. How do caregivers actually recover from this?,caregiver sleep deprivation recovery strategies,frustrated and overwhelmed,5.0,caregiver_burnout,Caregiver burnout and stress,Regenerated 2026-04-19
gen_1776625555_00125,Spousal Caregiver,educational,informational,understand emotional exhaustion physical symptoms,"spousal caregiver, new to recognizing burnout, physical complaints",I've been getting headaches and chest tightness constantly. Could this actually be from caregiving stress and not something else?,caregiver emotional exhaustion physical symptoms stress,newly aware and confused,5.0,caregiver_burnout,Caregiver burnout and stress,Regenerated 2026-04-19
gen_1776625555_00126,Spousal Caregiver,research,commercial,research caregiver coaching for burnout,"spousal caregiver, overwhelmed, exploring structured support options","I'm drowning in my husband's care and need structured help, not just a pamphlet. What does caregiver coaching actually do for burnout?",caregiver coaching burnout support what to expect,frustrated and overwhelmed,5.0,caregiver_burnout,Caregiver burnout and stress,Regenerated 2026-04-19
gen_1776625555_00127,Spousal Caregiver,educational,informational,accept caregiver identity to access support,"spousal caregiver, resists label, missing available resources",I don't think of myself as a caregiver — I'm just a husband. Does that label actually matter for getting support?,caregiver identity why it matters accessing support,emotional and looking for support,5.0,caregiver_burnout,Caregiver burnout and stress,Regenerated 2026-04-19
gen_1776625555_00128,Spousal Caregiver,educational,informational,identify personal burnout signs,"spousal caregiver, gradual role creep, no caregiver identity",I keep snapping at my wife for no reason. How do I know if that's burnout or just regular tiredness?,signs of caregiver burnout vs tiredness spouse,time-pressed and direct,5.0,caregiver_burnout,Caregiver burnout and stress,Regenerated 2026-04-19
gen_1776625555_00129,Spousal Caregiver,navigational,navigational,find peer support for spousal caregivers,"husband caregiver, isolated, doesn't self-identify as caregiver",Looking for people who actually get what it's like to care for a sick spouse. Do support groups for this exist in Ontario?,spousal caregiver support groups Ontario,practical and ready to act,5.0,caregiver_burnout,Caregiver burnout and stress,Regenerated 2026-04-19
gen_1776625555_00130,Spousal Caregiver,educational,informational,understand emotional exhaustion in caregiving,"long-term spousal caregiver, gradual role intensification",I feel completely empty after years of caring for my wife. Is emotional exhaustion in caregivers actually treatable or does it just get worse?,emotional exhaustion long term spousal caregiver recovery,skeptical and comparing options,5.0,caregiver_burnout,Caregiver burnout and stress,Regenerated 2026-04-19
gen_1776625555_00131,Spousal Caregiver,navigational,navigational,locate free caregiver mental health programs,"Ontario spousal caregiver, stressed, cost-conscious",My stress is getting unmanageable and I can't afford anything private. Are there free mental health programs specifically for spousal caregivers in Ontario?,free caregiver mental health program Ontario spousal,time-pressed and direct,5.0,caregiver_burnout,Caregiver burnout and stress,Regenerated 2026-04-19
gen_1776625555_00132,Spousal Caregiver,research,commercial,evaluate caregiver helpline usefulness,"skeptical husband caregiver, unsure about phone support",Do caregiver helplines actually help with burnout or are they just someone reading off a script? Genuinely asking before I bother.,caregiver helpline effectiveness burnout support Ontario,skeptical and comparing options,5.0,caregiver_burnout,Caregiver burnout and stress,Regenerated 2026-04-19
gen_1776625555_00133,Spousal Caregiver,support,informational,manage daily stress without taking time off,"spousal caregiver, no backup support, can't step away",I can't take a break from caring for my husband — there's nobody else. What actually reduces caregiver stress when you can't step away?,reduce caregiver stress no respite no break options,practical and ready to act,5.0,caregiver_burnout,Caregiver burnout and stress,Regenerated 2026-04-19
gen_1776625555_00134,Spousal Caregiver,educational,informational,understand physical symptoms of caregiver stress,"husband caregiver, noticing body symptoms, not self-identifying",My stomach's been off and I'm forgetting things constantly. Could these actually be physical symptoms of caring for a sick spouse?,physical symptoms caregiver stress spouse memory digestion,time-pressed and direct,5.0,caregiver_burnout,Caregiver burnout and stress,Regenerated 2026-04-19
gen_1776625555_00135,Spousal Caregiver,research,commercial,compare self-help vs structured caregiver support,skeptical spousal caregiver weighing options for burnout,Is there real evidence that structured caregiver programs help burnout more than just reading articles and managing on your own?,structured caregiver program vs self help burnout evidence,skeptical and comparing options,5.0,caregiver_burnout,Caregiver burnout and stress,Regenerated 2026-04-19
gen_1776625555_00136,Adult Child Caregiver (50+),educational,informational,recognize caregiver burnout symptoms,"adult child 50+, parent just discharged from hospital",I've been running on empty since Dad came home from the hospital. How do I know if this is burnout?,caregiver burnout symptoms aging parent hospital discharge,curious and exploratory,5.0,caregiver_burnout,Caregiver burnout and stress,Regenerated 2026-04-19
gen_1776625555_00137,Adult Child Caregiver (50+),support,informational,find immediate caregiver stress relief,"overwhelmed adult child, no prior caregiver support",Mom's dementia diagnosis just hit and I'm barely holding it together. What actually helps caregiver stress fast?,immediate caregiver stress relief dementia diagnosis,time-pressed and direct,5.0,caregiver_burnout,Caregiver burnout and stress,Regenerated 2026-04-19
gen_1776625555_00138,Adult Child Caregiver (50+),navigational,navigational,locate caregiver helpline Ontario,"adult child 50+, searching for crisis support",Is there a phone line I can call tonight for caregiver support in Ontario? I need to talk to someone.,caregiver support helpline Ontario call,time-pressed and direct,5.0,caregiver_burnout,Caregiver burnout and stress,Regenerated 2026-04-19
gen_1776625555_00139,Adult Child Caregiver (50+),educational,informational,understand compassion fatigue caregiving,"adult child caregiver, months into post-discharge care",I love my mother but I feel nothing some days. Is this compassion fatigue or something worse I should worry about?,compassion fatigue family caregiver aging parent signs,curious and exploratory,5.0,caregiver_burnout,Caregiver burnout and stress,Regenerated 2026-04-19
gen_1776625555_00140,Adult Child Caregiver (50+),commercial,commercial,find caregiver mental health programs Ontario,"adult child 50+, experiencing emotional exhaustion",Looking for free mental health programs in Ontario specifically designed for family caregivers — what's actually available?,free mental health programs family caregivers Ontario,practical and ready to act,5.0,caregiver_burnout,Caregiver burnout and stress,Regenerated 2026-04-19
gen_1776625555_00141,Adult Child Caregiver (50+),support,informational,set boundaries as family caregiver,adult child overwhelmed after parent's hospital discharge,My siblings do nothing and I'm doing everything after Dad's discharge. How do caregivers set limits without guilt?,how to set boundaries family caregiver burnout siblings,practical and ready to act,5.0,caregiver_burnout,Caregiver burnout and stress,Regenerated 2026-04-19
gen_1776625555_00142,Adult Child Caregiver (50+),navigational,navigational,explore caregiver peer support options,"isolated adult child caregiver, newly in role",I had no idea how lonely caregiving would be. Are there peer support groups for people in this situation in Ontario?,caregiver peer support group Ontario adult child,curious and exploratory,5.0,caregiver_burnout,Caregiver burnout and stress,Regenerated 2026-04-19
gen_1776625555_00143,Adult Child Caregiver (50+),educational,informational,manage sleep deprivation while caregiving,"adult child 50+, caring for parent post-discharge at home",I haven't slept properly in weeks since Mom came home. What do caregivers actually do about chronic sleep deprivation?,caregiver sleep deprivation chronic exhaustion aging parent home,time-pressed and direct,5.0,caregiver_burnout,Caregiver burnout and stress,Regenerated 2026-04-19
gen_1776625555_00144,Adult Child Caregiver (50+),commercial,commercial,access caregiver coaching program,"adult child 50+, overwhelmed and seeking structured help",Is caregiver coaching a real thing in Ontario? I need someone to help me figure out what I'm doing wrong.,caregiver coaching program Ontario free,practical and ready to act,5.0,caregiver_burnout,Caregiver burnout and stress,Regenerated 2026-04-19
gen_1776625555_00145,Adult Child Caregiver (50+),research,informational,identify emotional exhaustion vs depression caregiving,"adult child 50+, months into unexpected caregiving role",How do caregivers tell the difference between emotional exhaustion and actual depression? I don't know which one I have.,caregiver emotional exhaustion vs depression difference,curious and exploratory,5.0,caregiver_burnout,Caregiver burnout and stress,Regenerated 2026-04-19
gen_1776625555_00146,Adult Child Caregiver (50+),educational,informational,understand compassion fatigue physical symptoms,"adult child caregiver post-discharge, body shutting down",Since Dad came home from hospital I'm getting headaches and chest tightness. Can caregiver stress actually make you physically sick?,caregiver stress physical symptoms compassion fatigue body,frustrated and overwhelmed,5.0,caregiver_burnout,Caregiver burnout and stress,Regenerated 2026-04-19
gen_1776625555_00147,Adult Child Caregiver (50+),navigational,navigational,find caregiver mental health support Ontario,"adult child, just received parent's diagnosis, emotionally raw",Mom's cancer diagnosis was three days ago and I'm falling apart. Where do Ontario family caregivers go for mental health support?,Ontario family caregiver mental health support after diagnosis,emotional and looking for support,5.0,caregiver_burnout,Caregiver burnout and stress,Regenerated 2026-04-19
gen_1776625555_00148,Adult Child Caregiver (50+),educational,informational,validate burnout feelings without formal diagnosis,"50+ caregiver, skeptical of clinical labels, exhausted","Doctors keep asking about my parent, never me. Is caregiver burnout an actual recognized condition or just people complaining?",is caregiver burnout a recognized condition research,skeptical and comparing options,5.0,caregiver_burnout,Caregiver burnout and stress,Regenerated 2026-04-19
gen_1776625555_00149,Adult Child Caregiver (50+),support,informational,cope with resentment toward ill parent,"adult child caregiver, feeling guilt and anger simultaneously",I resent my mother some days and then hate myself for it. Is this normal for caregivers or am I a terrible person?,caregiver resentment toward parent guilt normal,emotional and looking for support,5.0,caregiver_burnout,Caregiver burnout and stress,Regenerated 2026-04-19
gen_1776625555_00150,Adult Child Caregiver (50+),research,commercial,compare caregiver support program quality Ontario,"adult child researching options post-discharge, time-limited",There seem to be a dozen caregiver programs in Ontario. How do I figure out which ones are actually worth my limited time?,best caregiver support programs Ontario comparison,skeptical and comparing options,5.0,caregiver_burnout,Caregiver burnout and stress,Regenerated 2026-04-19
gen_1776625555_00151,Adult Child Caregiver (50+),educational,informational,manage caregiver stress while working full-time,"50+ adult child, juggling job and parent's care post-discharge","I'm caregiving before work, after work, and weekends. How do working caregivers avoid completely burning out before they crash?",working caregiver burnout prevention full time job,frustrated and overwhelmed,5.0,caregiver_burnout,Caregiver burnout and stress,Regenerated 2026-04-19
gen_1776625555_00152,Adult Child Caregiver (50+),research,informational,understand long-term health risks of caregiver stress,"50+ adult child caregiver, months into intensive caregiving role",I've been caregiving intensively for eight months. What does sustained caregiver stress actually do to your health long term?,long term health effects chronic caregiver stress research,skeptical and comparing options,5.0,caregiver_burnout,Caregiver burnout and stress,Regenerated 2026-04-19
gen_1776625555_00153,Adult Child Caregiver (50+),commercial,commercial,access free caregiver coaching Ontario,"adult child post-discharge, overwhelmed by system navigation",I keep making wrong calls navigating the health system for Dad. Is free one-on-one caregiver coaching available anywhere in Ontario?,free caregiver coaching Ontario one on one support,frustrated and overwhelmed,5.0,caregiver_burnout,Caregiver burnout and stress,Regenerated 2026-04-19
gen_1776625555_00154,Adult Child Caregiver (50+),support,navigational,talk to someone who understands caregiver grief,"adult child caregiver grieving parent's decline, emotionally isolated",Watching my father disappear to dementia feels like grief nobody around me understands. Where do caregivers find people who actually get this?,caregiver grief support dementia parent Ontario peer group,emotional and looking for support,5.0,caregiver_burnout,Caregiver burnout and stress,Regenerated 2026-04-19
gen_1776625555_00155,Adult Child Caregiver (50+),educational,informational,recognize caregiver burnout early signs,"adult child, parent recently discharged, first-time caregiver",I'm exhausted two weeks into caring for my dad post-discharge. How do I know if this is burnout or just adjustment?,caregiver burnout early signs aging parent hospital discharge,newly aware and confused,5.0,caregiver_burnout,Caregiver burnout and stress,Regenerated 2026-04-19
gen_1776625555_00156,Adult Child Caregiver (50+),commercial,commercial,find in-home respite care Ontario,"adult child caregiver, parent just discharged, no break in weeks",Dad's home from the hospital and I haven't slept properly in weeks. How do I get someone to cover for a few hours?,in-home respite care Ontario aging parent,frustrated and overwhelmed,5.0,respite_care,Respite care options,Regenerated 2026-04-19
gen_1776625555_00157,Adult Child Caregiver (50+),educational,informational,understand adult day programs Ontario,"daughter caregiver, newly diagnosed parent, needs daytime relief",Mom was just diagnosed with dementia. Are there daytime programs where she can go so I can keep working?,adult day programs Ontario dementia caregiver relief,detail-oriented and planning ahead,5.0,respite_care,Respite care options,Regenerated 2026-04-19
gen_1776625555_00158,Adult Child Caregiver (50+),commercial,commercial,arrange short-term residential respite,"caregiver planning a week away, aging parent needs supervision",I need to travel for a week and can't leave my father alone. What short-stay residential options exist for seniors in Ontario?,short term residential respite care seniors Ontario,detail-oriented and planning ahead,5.0,respite_care,Respite care options,Regenerated 2026-04-19
gen_1776625555_00159,Adult Child Caregiver (50+),research,informational,access funded respite care Ontario,"adult child caregiver, stretched financially after parent's diagnosis","Is there any government-funded respite care in Ontario, or does everything cost out of pocket? I can't afford much right now.",funded respite care Ontario government subsidy caregiver,frustrated and overwhelmed,5.0,respite_care,Respite care options,Regenerated 2026-04-19
gen_1776625555_00160,Adult Child Caregiver (50+),navigational,navigational,find caregiver respite helpline Ontario,"overwhelmed caregiver, doesn't know where to call first",I don't even know who to call to get a break from caregiving. Is there a helpline or someone in Ontario I can talk to?,caregiver helpline Ontario respite support,emotional and looking for support,5.0,respite_care,Respite care options,Regenerated 2026-04-19
gen_1776625555_00161,Adult Child Caregiver (50+),support,informational,plan respite before caregiver burnout,"proactive adult child caregiver, parent recently home from hospital",My parent just got home and I'm already running on empty. How do caregivers in Ontario plan regular breaks before they burn out completely?,caregiver burnout prevention respite planning Ontario,emotional and looking for support,5.0,respite_care,Respite care options,Regenerated 2026-04-19
gen_1776625555_00162,Adult Child Caregiver (50+),educational,informational,compare respite care types Ontario,"adult child researching options post-diagnosis, wants clear breakdown","What's the actual difference between in-home respite, adult day programs, and short-term residential care for an elderly parent in Ontario?",respite care types comparison Ontario elderly parent,detail-oriented and planning ahead,5.0,respite_care,Respite care options,Regenerated 2026-04-19
gen_1776625555_00163,Adult Child Caregiver (50+),commercial,commercial,find overnight respite care aging parent,"caregiver needing sleep, parent requires nighttime supervision",I'm barely functioning because my dad needs supervision at night. Are there overnight respite options in Ontario I can access quickly?,overnight respite care Ontario aging parent caregiver,frustrated and overwhelmed,5.0,respite_care,Respite care options,Regenerated 2026-04-19
gen_1776625555_00164,Adult Child Caregiver (50+),support,informational,emotional support around taking respite break,"guilt-ridden adult child caregiver, afraid to step away","I feel guilty even thinking about taking a break from caring for my mom. Is this normal, and how do other caregivers deal with it?",caregiver guilt taking a break respite Ontario support,emotional and looking for support,5.0,respite_care,Respite care options,Regenerated 2026-04-19
gen_1776625555_00165,Adult Child Caregiver (50+),support,commercial,find in-home respite quickly after diagnosis,"adult child, parent just diagnosed, no care plan yet",Dad was just diagnosed with Parkinson's and I'm scrambling. Can someone come to the house so I can catch my breath?,in-home respite care Ontario after diagnosis,time-pressed and direct,5.0,respite_care,Respite care options,Regenerated 2026-04-19
gen_1776625555_00166,Adult Child Caregiver (50+),educational,informational,understand adult day program eligibility Ontario,"adult child caregiver, parent recently home from hospital","How do adult day programs work in Ontario — does my mother need a referral, or can I just register her directly?",adult day program Ontario eligibility referral senior,curious and exploratory,5.0,respite_care,Respite care options,Regenerated 2026-04-19
gen_1776625555_00167,Adult Child Caregiver (50+),commercial,commercial,locate short-term residential respite Ontario,"50+ caregiver, aging parent, needs multiday break",Looking for a place in Ontario where my elderly father can stay safely for a week while I recover. Where do I even search?,short term residential respite care elderly Ontario,practical and ready to act,5.0,respite_care,Respite care options,Regenerated 2026-04-19
gen_1776625555_00168,Adult Child Caregiver (50+),educational,informational,understand OHIP coverage for respite services,"adult child caregiver, post-discharge, cost-conscious","Does OHIP cover any kind of respite care for seniors at home, or is that entirely a private expense in Ontario?",OHIP coverage respite care seniors Ontario home,curious and exploratory,5.0,respite_care,Respite care options,Regenerated 2026-04-19
gen_1776625555_00169,Adult Child Caregiver (50+),navigational,navigational,find caregiver respite support program Ontario,"adult child, overwhelmed post-discharge, unaware of programs",I'm trying to find a formal program in Ontario that helps caregivers arrange actual breaks — not just advice but real relief. Where do I look?,caregiver respite program Ontario formal support,time-pressed and direct,5.0,respite_care,Respite care options,Regenerated 2026-04-19
gen_1776625555_00170,Adult Child Caregiver (50+),research,informational,compare costs of respite care types Ontario,"adult child, budgeting care for aging parent",Trying to figure out what in-home help versus a day program versus short-stay care actually costs for a senior in Ontario. Rough numbers?,respite care cost comparison Ontario in-home day program residential,practical and ready to act,5.0,respite_care,Respite care options,Regenerated 2026-04-19
gen_1776625555_00171,Adult Child Caregiver (50+),navigational,navigational,request home care assessment Ontario post-discharge,"adult child, parent discharged, unsure of process",My mom came home from hospital and I need someone to assess what care she qualifies for. Who do I call in Ontario to start that?,Ontario home care assessment request post hospital discharge,time-pressed and direct,5.0,respite_care,Respite care options,Regenerated 2026-04-19
gen_1776625555_00172,Adult Child Caregiver (50+),research,informational,explore volunteer respite programs Ontario,"adult child caregiver, limited budget, needs breaks",Are there volunteer-based programs in Ontario where someone sits with an elderly parent so the caregiver can get out for a few hours?,volunteer respite program Ontario elderly caregiver relief,curious and exploratory,5.0,respite_care,Respite care options,Regenerated 2026-04-19
gen_1776625555_00173,Adult Child Caregiver (50+),educational,informational,understand caregiver rights to respite Ontario,"adult child, feeling unsupported by health system","Do caregivers in Ontario have any formal right to respite support, or is it just luck depending on where you live?",caregiver rights respite care Ontario health system,curious and exploratory,5.0,respite_care,Respite care options,Regenerated 2026-04-19
gen_1776625555_00174,Adult Child Caregiver (50+),support,commercial,arrange emergency same-week respite care,"adult child caregiver, hitting crisis point, needs fast help",I'm at a breaking point and need someone with my father within the next few days. What's the fastest way to arrange respite care in Ontario?,emergency respite care Ontario same week senior,time-pressed and direct,5.0,respite_care,Respite care options,Regenerated 2026-04-19
gen_1776625555_00175,Adult Child Caregiver (50+),support,informational,find short-term residential respite Ontario,"adult child caregiver, parent recently discharged, needs a week off",Mom's home from hospital and I'm exhausted. What short-term residential care options exist in Ontario for seniors?,short term residential respite care seniors Ontario,time-pressed and direct,5.0,respite_care,Respite care options,Regenerated 2026-04-19
gen_1776625555_00176,Adult Child Caregiver (50+),educational,informational,understand respite care types Ontario,"adult child caregiver, new to caregiving after parent diagnosis",I keep seeing 'respite care' mentioned but I'm unclear — what types actually exist for families caring for aging parents in Ontario?,types of respite care aging parents Ontario,newly aware and confused,5.0,respite_care,Respite care options,Regenerated 2026-04-19
gen_1776625555_00177,Parent of Child w/ Complex Needs,educational,informational,find funded respite for child with complex needs,"parent post-diagnosis, overwhelmed, unsure where to start","Just got my kid's diagnosis and I need a break sometimes. Is there funded respite care in Ontario for children, not just seniors?",funded respite care ontario children complex needs,newly aware and confused,5.0,respite_care,Respite care options,Regenerated 2026-04-19
gen_1776625555_00178,Parent of Child w/ Complex Needs,educational,informational,understand in-home respite for disabled child,"parent of child with developmental disability, no family support nearby","Does in-home respite actually exist for kids with developmental disabilities in Ontario, or is it only for elderly adults?",in-home respite care ontario children developmental disability,newly aware and confused,5.0,respite_care,Respite care options,Regenerated 2026-04-19
gen_1776625555_00179,Parent of Child w/ Complex Needs,commercial,transactional,apply for Ontario respite funding,"parent at IEP transition milestone, ready to take action",My child is transitioning out of school programs next year. How do I actually apply for respite funding in Ontario before that happens?,apply respite funding ontario school transition complex needs,practical and ready to act,5.0,respite_care,Respite care options,Regenerated 2026-04-19
gen_1776625555_00180,Parent of Child w/ Complex Needs,research,commercial,compare short-term residential respite options,"burned-out parent, needs overnight break, child has high support needs",I need more than a few hours off — I need overnight respite. What short-term residential options exist in Ontario for kids with high support needs?,short term residential respite ontario children high support needs,time-pressed and direct,5.0,respite_care,Respite care options,Regenerated 2026-04-19
gen_1776625555_00181,Parent of Child w/ Complex Needs,navigational,navigational,locate caregiver support specifically for parents,parent who assumes caregiver resources are elder-care focused,Every caregiver resource I find seems aimed at people caring for elderly parents. Where do parents of kids with complex needs actually get support?,caregiver support parents children complex needs ontario,newly aware and confused,5.0,respite_care,Respite care options,Regenerated 2026-04-19
gen_1776625555_00182,Parent of Child w/ Complex Needs,commercial,commercial,find weekend respite program for special needs child,"working parent, no breaks since diagnosis, needs recurring relief",I work full-time and haven't had a real break since diagnosis. Are there recurring weekend respite programs in Ontario for special needs kids?,weekend respite program ontario special needs children recurring,time-pressed and direct,5.0,respite_care,Respite care options,Regenerated 2026-04-19
gen_1776625555_00183,Parent of Child w/ Complex Needs,educational,informational,understand what Passport funding covers for respite,"parent newly approved for Passport funding, unsure how to use it","We just got Passport funding approved. Can it actually be used to pay for respite care, and how does that work practically?",passport funding ontario respite care how to use,newly aware and confused,5.0,respite_care,Respite care options,Regenerated 2026-04-19
gen_1776625555_00184,Parent of Child w/ Complex Needs,commercial,commercial,find trained respite workers for medically complex child,"parent of child with medical complexity, safety concern with untrained workers",My child has a feeding tube and seizures. How do I find respite workers in Ontario who are actually trained for medically complex kids?,trained respite workers medically complex children ontario,practical and ready to act,5.0,respite_care,Respite care options,Regenerated 2026-04-19
gen_1776625555_00185,Parent of Child w/ Complex Needs,support,navigational,connect with other parents navigating respite access,"isolated parent post-diagnosis, wants peer guidance not just information",I want to talk to other parents who've figured out respite for a complex-needs child in Ontario. Is there a peer community for this?,peer support parents respite complex needs child ontario community,newly aware and confused,5.0,respite_care,Respite care options,Regenerated 2026-04-19
gen_1776625555_00186,Parent of Child w/ Complex Needs,educational,informational,find adult day program alternatives for children,"parent of complex-needs child, recently diagnosed, needs daytime break",Adult day programs seem to be for seniors only. Are there equivalent daytime respite programs for kids with complex needs in Ontario?,daytime respite programs children complex needs Ontario,newly aware and confused,5.0,respite_care,Respite care options,Regenerated 2026-04-19
gen_1776625555_00187,Parent of Child w/ Complex Needs,support,commercial,locate short-term residential respite for medically complex child,"exhausted parent, child has high medical support needs, needs overnight break",I'm desperate for even two nights off. Where do I find short-term residential respite in Ontario for a medically complex child?,short term residential respite medically complex child Ontario,emotional and looking for support,5.0,respite_care,Respite care options,Regenerated 2026-04-19
gen_1776625555_00188,Parent of Child w/ Complex Needs,research,informational,understand respite eligibility for children vs seniors,"new diagnosis, parent unsure if family qualifies for funded respite","Is government-funded respite in Ontario only for elderly care situations, or do families with disabled children actually qualify too?",funded respite care eligibility children vs seniors Ontario,newly aware and confused,5.0,respite_care,Respite care options,Regenerated 2026-04-19
gen_1776625555_00189,Parent of Child w/ Complex Needs,navigational,navigational,find caregiver support specifically for special needs parents,"parent of complex-needs child, feels excluded from elder-care focused resources","I need actual support for parents like me, not elder-care resources. Where do special needs parents in Ontario go for caregiver help?",caregiver support resources special needs parents Ontario,time-pressed and direct,5.0,respite_care,Respite care options,Regenerated 2026-04-19
gen_1776625555_00190,Parent of Child w/ Complex Needs,commercial,commercial,book in-home respite worker for complex-needs child,"parent post-diagnosis, needs recurring in-home relief, child has behavioural needs",My child's behaviours are intense and I can't leave them with just anyone. How do I find and book qualified in-home respite workers in Ontario?,qualified in home respite worker complex needs child Ontario,time-pressed and direct,5.0,respite_care,Respite care options,Regenerated 2026-04-19
gen_1776625555_00191,Spousal Caregiver,educational,informational,understand in-home respite eligibility Ontario,"spousal caregiver, doesn't self-identify as caregiver, overwhelmed",My husband needs constant help but I don't think of myself as a caregiver. Do I still qualify for respite support?,in-home respite care eligibility Ontario spouse,curious and exploratory,5.0,respite_care,Respite care options,Regenerated 2026-04-19
gen_1776625555_00192,Spousal Caregiver,navigational,navigational,find adult day programs for spouse Ontario,"spousal caregiver, needs regular breaks, gradual role intensification",Looking for adult day programs in Ontario where my wife could go a few days a week. How do I find one near me?,adult day programs Ontario spouse caregiver relief,practical and ready to act,5.0,respite_care,Respite care options,Regenerated 2026-04-19
gen_1776625555_00193,Spousal Caregiver,commercial,commercial,short-term residential respite Ontario cost,"spousal caregiver, considering a short break, cost concerns","How much does short-term residential respite care actually cost in Ontario, and is any of it publicly funded?",short term residential respite care cost Ontario funded,skeptical and comparing options,5.0,respite_care,Respite care options,Regenerated 2026-04-19
gen_1776625555_00194,Spousal Caregiver,support,informational,recognize caregiver burnout signs spouse,"spousal caregiver, role has intensified slowly, emotionally depleted","I've slowly taken on everything for my husband and I'm exhausted all the time. Is this burnout, and what do I do now?",caregiver burnout signs spouse Ontario support,emotional and looking for support,5.0,respite_care,Respite care options,Regenerated 2026-04-19
gen_1776625555_00195,Spousal Caregiver,research,informational,compare in-home vs day program respite,"spousal caregiver weighing options, limited time to research",In-home respite versus adult day programs — which actually gives caregivers more real relief for someone in my situation?,in-home respite vs adult day program caregiver relief comparison,skeptical and comparing options,5.0,respite_care,Respite care options,Regenerated 2026-04-19
gen_1776625555_00196,Spousal Caregiver,support,informational,convince spouse to accept respite help,"spousal caregiver, partner resists outside help, needs a break",My wife refuses to let anyone else help her. How do caregivers usually get a reluctant spouse to accept respite care?,convincing reluctant spouse accept respite care,emotional and looking for support,5.0,respite_care,Respite care options,Regenerated 2026-04-19
gen_1776625555_00197,Spousal Caregiver,educational,informational,understand what respite care covers,spousal caregiver unfamiliar with formal care system,"I keep hearing about respite care but I'm not clear what it actually includes. Does someone come to your home, or is it elsewhere?",what does respite care include Ontario options explained,curious and exploratory,5.0,respite_care,Respite care options,Regenerated 2026-04-19
gen_1776625555_00198,Spousal Caregiver,support,informational,process guilt about taking respite break,"spousal caregiver, emotional, feels guilty leaving partner",I desperately need a break from caring for my husband but feel guilty even thinking about it. Is that normal for caregivers?,caregiver guilt taking break respite spouse,emotional and looking for support,5.0,respite_care,Respite care options,Regenerated 2026-04-19
gen_1776625555_00199,Spousal Caregiver,research,commercial,compare private vs public respite providers Ontario,"spousal caregiver evaluating options, uncertain about quality",Private respite agencies versus government-funded programs in Ontario — is there a real quality difference or just cost?,private vs public respite care Ontario quality cost comparison,skeptical and comparing options,5.0,respite_care,Respite care options,Regenerated 2026-04-19
gen_1776625555_00200,Spousal Caregiver,educational,informational,understand overnight respite eligibility,"spousal caregiver, doesn't self-identify, exhausted",My wife needs overnight supervision now. Would I even qualify for a short-term residential respite bed somewhere?,overnight respite care eligibility Ontario spouse,curious and exploratory,5.0,respite_care,Respite care options,Regenerated 2026-04-19
gen_1776625555_00201,Spousal Caregiver,commercial,commercial,find weekend respite coverage at home,"spousal caregiver, no break in months, intensifying care demands",I just need one weekend off. Is there someone who can come to our home and cover for me in Ontario?,weekend in-home respite care Ontario,practical and ready to act,5.0,respite_care,Respite care options,Regenerated 2026-04-19
gen_1776625555_00202,Spousal Caregiver,educational,informational,respite care without labeling as caregiver,"spousal caregiver, resists caregiver identity, needs relief",I don't really see myself as a caregiver — I'm just a husband helping his wife. Can I still access respite services?,respite care access without caregiver designation Ontario,curious and exploratory,5.0,respite_care,Respite care options,Regenerated 2026-04-19
gen_1776625555_00203,Spousal Caregiver,support,informational,cope with guilt about taking respite,"spousal caregiver, burned out, emotionally conflicted about breaks",I finally booked a respite day and now I feel terrible about leaving her. How do other spouses get past that guilt?,caregiver guilt taking a break respite spouse,emotional and looking for support,5.0,respite_care,Respite care options,Regenerated 2026-04-19
gen_1776625555_00204,Spousal Caregiver,navigational,navigational,locate peer support for respite navigation,"spousal caregiver, isolated, unsure where to start",Is there anywhere I can talk to someone who's actually arranged respite for a spouse and figured out the system already?,peer support caregiver respite advice Ontario,emotional and looking for support,5.0,respite_care,Respite care options,Regenerated 2026-04-19
gen_1776625555_00205,Spousal Caregiver,educational,informational,understand CCAC-funded respite hours,"spousal caregiver, first time exploring funded options","How many funded respite hours can a caregiver actually get through home care in Ontario, and who decides that?",funded respite hours home care Ontario CCAC caregiver,curious and exploratory,5.0,respite_care,Respite care options,Regenerated 2026-04-19
gen_1776625555_00206,Spousal Caregiver,research,commercial,find respite that fits spouse's dementia stage,"spousal caregiver, partner has moderate cognitive decline",My husband has moderate dementia. Which respite programs are actually set up to handle that safely — day programs or in-home?,respite care dementia moderate stage Ontario day program in-home,practical and ready to act,5.0,respite_care,Respite care options,Regenerated 2026-04-19
gen_1776625555_00207,Adult Child Caregiver (Under 50),support,informational,understand sandwich generation burnout signs,"under-50 adult child, working full-time, parent declining","I'm managing kids, a job, and a parent who's getting worse. How do I know when I'm actually burning out?",sandwich generation caregiver burnout signs working adult,emotional and looking for support,5.0,caring_aging_parents,Caring for aging parents,Regenerated 2026-04-19
gen_1776625555_00208,Adult Child Caregiver (Under 50),research,commercial,evaluate caregiver coaching programs worth it,"skeptical adult child, no time for soft support",Caregiver coaching sounds like fluff. Does it actually change anything for people dealing with a parent's serious decline?,caregiver coaching programs effectiveness progressive illness,skeptical and comparing options,5.0,caring_aging_parents,Caring for aging parents,Regenerated 2026-04-19
gen_1776625555_00209,Adult Child Caregiver (Under 50),educational,informational,set boundaries with siblings on caregiving duties,"adult child doing most care, resentful of siblings",I'm doing 90% of the caregiving while my siblings do nothing. How do families actually divide this fairly?,dividing caregiving duties siblings aging parent fairly,emotional and looking for support,5.0,caring_aging_parents,Caring for aging parents,Regenerated 2026-04-19
gen_1776625555_00210,Adult Child Caregiver (Under 50),support,informational,balance demanding job with increasing parent care,"full-time employee, parent's needs escalating unpredictably",My parent's needs keep escalating and my employer is losing patience. How do other working caregivers hold this together?,balancing full time work aging parent care escalating needs,emotional and looking for support,5.0,caring_aging_parents,Caring for aging parents,Regenerated 2026-04-19
gen_1776625555_00211,Adult Child Caregiver (Under 50),research,commercial,compare peer support vs professional counselling caregivers,"time-pressed adult child, skeptical of therapy","Is peer support from other caregivers actually useful, or should I just see a therapist? I don't have time for both.",caregiver peer support vs therapist counselling comparison,skeptical and comparing options,5.0,caring_aging_parents,Caring for aging parents,Regenerated 2026-04-19
gen_1776625555_00212,Adult Child Caregiver (Under 50),educational,informational,understand progressive dementia care stages at home,"adult child, parent in early-to-mid cognitive decline","Dad's cognition is slipping gradually. What should I actually expect over the next year, and when does home care stop being enough?",progressive dementia stages home care limits planning,curious and exploratory,5.0,caring_aging_parents,Caring for aging parents,Regenerated 2026-04-19
gen_1776625555_00213,Adult Child Caregiver (Under 50),educational,informational,plan long-term care transition from home,adult child anticipating parent can't stay home much longer,"My mom can't live alone much longer. How early should I start planning the transition to long-term care, and where do I begin?",when to plan long term care transition aging parent Ontario,curious and exploratory,5.0,caring_aging_parents,Caring for aging parents,Regenerated 2026-04-19
gen_1776625555_00214,Adult Child Caregiver (Under 50),research,commercial,assess real value of free caregiver support programs,"busy skeptic, doubts nonprofit programs deliver results",Free caregiver programs — are they actually helpful or just resource lists and warm fuzzies? What do people say who've used them?,free caregiver support programs Ontario effectiveness reviews,skeptical and comparing options,5.0,caring_aging_parents,Caring for aging parents,Regenerated 2026-04-19
gen_1776625555_00215,Adult Child Caregiver (Under 50),educational,informational,understand sandwich generation stress triggers,"under-50 adult child, kids at home, parent declining",I'm raising kids and watching my parent decline at the same time. What breaks people in this situation first?,sandwich generation caregiver stress aging parent decline,curious and exploratory,5.0,caring_aging_parents,Caring for aging parents,Regenerated 2026-04-19
gen_1776625555_00216,Adult Child Caregiver (Under 50),educational,informational,plan legal and financial documents early,"parent in early cognitive decline, no paperwork done",Parent's cognition is slipping but they're still legally capable. Which documents do I lock down now before that window closes?,power of attorney cognitive decline Ontario aging parent planning,detail-oriented and planning ahead,5.0,caring_aging_parents,Caring for aging parents,Regenerated 2026-04-19
gen_1776625555_00217,Adult Child Caregiver (Under 50),commercial,commercial,evaluate respite care options in Ontario,"sole caregiver, no breaks in months, parent at home",I haven't had a full day off in months. What respite options actually exist in Ontario for at-home caregivers?,respite care options Ontario family caregiver at home,practical and ready to act,5.0,caring_aging_parents,Caring for aging parents,Regenerated 2026-04-19
gen_1776625555_00218,Adult Child Caregiver (Under 50),research,informational,understand progressive illness care trajectory,"parent with early-stage progressive condition, planning ahead",Trying to map out what caregiving actually looks like across the stages of a progressive illness — where do responsibilities typically escalate most?,progressive illness caregiving stages responsibilities escalation,detail-oriented and planning ahead,5.0,caring_aging_parents,Caring for aging parents,Regenerated 2026-04-19
gen_1776625555_00219,Adult Child Caregiver (Under 50),support,informational,set work boundaries while caregiving,"full-time employed, caregiving after hours, stress building",I work full-time and caregive evenings and weekends. How do people actually set limits without letting both sides fall apart?,work life balance caregiving aging parent full time job,curious and exploratory,5.0,caring_aging_parents,Caring for aging parents,Regenerated 2026-04-19
gen_1776625555_00220,Adult Child Caregiver (Under 50),navigational,navigational,find caregiver mental health support Ontario,"adult child caregiver, avoiding therapy, wants structured program",Is there a structured mental health program in Ontario for caregivers that isn't just a waitlisted therapist or a PDF of coping tips?,caregiver mental health program Ontario structured support,practical and ready to act,5.0,caring_aging_parents,Caring for aging parents,Regenerated 2026-04-19
gen_1776625555_00221,Adult Child Caregiver (Under 50),support,informational,talk to parent about care needs,"parent resisting help, denial phase, adult child frustrated",My parent refuses to admit they need help. How do families actually break through that denial without destroying the relationship?,aging parent refusing help denial family caregiver conversation,curious and exploratory,5.0,caring_aging_parents,Caring for aging parents,Regenerated 2026-04-19
gen_1776625555_00222,Adult Child Caregiver (50+),support,informational,coordinate family care responsibilities,"adult child caregiver, siblings not pulling equal weight",Dad's home from hospital and my siblings think I've got it handled. How do I divide caregiving tasks fairly?,dividing caregiving responsibilities siblings aging parent,time-pressed and direct,5.0,caring_aging_parents,Caring for aging parents,Regenerated 2026-04-19
gen_1776625555_00223,Adult Child Caregiver (50+),educational,informational,understand post-discharge home care entitlements,"adult child, parent just discharged, unclear on public funding",Mom was just discharged and needs daily help at home. What publicly funded home care is she actually entitled to in Ontario?,publicly funded home care after hospital discharge Ontario,practical and ready to act,5.0,caring_aging_parents,Caring for aging parents,Regenerated 2026-04-19
gen_1776625555_00224,Adult Child Caregiver (50+),educational,informational,prepare home for mobility-limited parent,"parent discharged post-fall, adult child setting up home","Dad fell, broke his hip, and is coming home in three days. What home modifications are most urgent before he arrives?",home modifications aging parent post hip fracture discharge,time-pressed and direct,5.0,caring_aging_parents,Caring for aging parents,Regenerated 2026-04-19
gen_1776625555_00225,Adult Child Caregiver (50+),navigational,navigational,find one-on-one caregiver coaching Ontario,"overwhelmed adult child caregiver, wants personalized guidance",I need someone to talk me through the caregiving decisions I'm facing — is free one-on-one coaching available for caregivers in Ontario?,free caregiver coaching one on one Ontario,practical and ready to act,5.0,caring_aging_parents,Caring for aging parents,Regenerated 2026-04-19
gen_1776625555_00226,Adult Child Caregiver (50+),research,informational,plan long-term care transition timeline,"adult child, parent declining, early planning stage",My mother is still managing at home but I can see that changing. When should I start exploring long-term care options in Ontario?,when to start long term care planning Ontario aging parent,detail-oriented and planning ahead,5.0,caring_aging_parents,Caring for aging parents,Regenerated 2026-04-19
gen_1776625555_00227,Adult Child Caregiver (50+),educational,informational,manage medication complexity after discharge,"adult child, parent on multiple new prescriptions post-hospital",My father left hospital on five new medications and I'm scared of dangerous interactions. How do I manage this safely at home?,managing multiple medications aging parent post discharge safely,time-pressed and direct,5.0,caring_aging_parents,Caring for aging parents,Regenerated 2026-04-19
gen_1776625555_00228,Adult Child Caregiver (50+),navigational,navigational,access a caregiver helpline Ontario,"adult child caregiver, hitting a wall, needs immediate support",I'm in over my head caring for my mom and just need to talk to someone tonight. Is there a caregiver helpline in Ontario?,caregiver helpline Ontario phone support,time-pressed and direct,5.0,caring_aging_parents,Caring for aging parents,Regenerated 2026-04-19
gen_1776625555_00229,Adult Child Caregiver (50+),educational,informational,understand caregiver role in healthcare team,"adult child, excluded from parent's care conversations at hospital",Doctors kept talking around me during Mom's hospital stay. What rights do I have as her caregiver to be included in care decisions?,caregiver rights included in healthcare decisions Ontario hospital,detail-oriented and planning ahead,5.0,caring_aging_parents,Caring for aging parents,Regenerated 2026-04-19
gen_1776625555_00230,Adult Child Caregiver (50+),research,commercial,find respite care options Ontario,"adult child caregiver, no breaks in months, researching options",I haven't had a day off from caregiving in four months. What respite options exist in Ontario and how do I access them?,respite care options Ontario unpaid caregiver access,practical and ready to act,5.0,caring_aging_parents,Caring for aging parents,Regenerated 2026-04-19
gen_1776625555_00231,Adult Child Caregiver (50+),educational,informational,build a care plan after new diagnosis,"adult child, parent just diagnosed with dementia, no plan yet",My father was just diagnosed with early-stage dementia. What should a realistic 12-month care plan actually include?,care plan early stage dementia aging parent 12 month,detail-oriented and planning ahead,5.0,caring_aging_parents,Caring for aging parents,Regenerated 2026-04-19
gen_1776625555_00232,Adult Child Caregiver (50+),support,informational,understand caregiver burnout warning signs,"adult child caregiver, months into new role post-discharge",I've been caring for my mom for three months and I'm exhausted. How do I know if I'm burning out?,caregiver burnout warning signs adult child Ontario,emotional and looking for support,5.0,caring_aging_parents,Caring for aging parents,Regenerated 2026-04-19
gen_1776625555_00233,Adult Child Caregiver (50+),navigational,navigational,find peer support for family caregivers,"adult child caregiver, recently diagnosed parent, feeling isolated",Looking for a support group where other people actually get what it's like to care for an aging parent. What's available?,caregiver peer support group Ontario aging parent,emotional and looking for support,5.0,caring_aging_parents,Caring for aging parents,Regenerated 2026-04-19
gen_1776625555_00234,Adult Child Caregiver (50+),research,informational,navigate OHIP home care coverage gaps,"adult child, parent discharged with partial care needs",Mom's home from hospital but her covered hours aren't enough. What fills the gap — and who actually pays for it?,OHIP home care coverage gaps Ontario senior discharge,skeptical and comparing options,5.0,caring_aging_parents,Caring for aging parents,Regenerated 2026-04-19
gen_1776625555_00235,Adult Child Caregiver (50+),educational,informational,understand power of attorney for healthcare,"adult child, parent post-diagnosis, no legal documents in place",Dad was just diagnosed and has no power of attorney in place. How urgent is this and what do I do first?,power of attorney healthcare Ontario aging parent diagnosis,newly aware and confused,5.0,caring_aging_parents,Caring for aging parents,Regenerated 2026-04-19
gen_1776625555_00236,Adult Child Caregiver (50+),support,informational,handle family conflict over caregiving decisions,"adult child caregiver, siblings disagreeing on care plan",My sister wants Mom in a facility. I think she can stay home. How do families actually resolve this kind of disagreement?,family conflict aging parent care decisions home vs facility,emotional and looking for support,5.0,caring_aging_parents,Caring for aging parents,Regenerated 2026-04-19
gen_1776625555_00237,Adult Child Caregiver (50+),navigational,navigational,find free mental health support for caregivers,"adult child caregiver, emotionally struggling, unaware of programs",I'm not sleeping and feel completely alone in this. Is there free mental health support specifically for family caregivers in Ontario?,free mental health support family caregivers Ontario,emotional and looking for support,5.0,caring_aging_parents,Caring for aging parents,Regenerated 2026-04-19
gen_1776625555_00238,Adult Child Caregiver (50+),commercial,commercial,compare private home care agency options,"adult child, publicly funded hours insufficient for parent's needs",Publicly funded care only covers a few hours a week. How do I evaluate whether a private home care agency is actually worth it?,private home care agency Ontario compare quality cost,skeptical and comparing options,5.0,caring_aging_parents,Caring for aging parents,Regenerated 2026-04-19
gen_1776625555_00239,Adult Child Caregiver (50+),educational,informational,understand caregiver role in hospital discharge planning,"adult child, parent about to be discharged, unprepared",They're discharging Dad in 48 hours and no one has talked to me. What should I be asking the hospital team right now?,caregiver hospital discharge planning questions Ontario,newly aware and confused,5.0,caring_aging_parents,Caring for aging parents,Regenerated 2026-04-19
gen_1776625555_00240,Adult Child Caregiver (50+),research,informational,balance caregiving with full-time employment,"adult child caregiver, working full-time, parent newly diagnosed",I work full-time and just became my mother's primary caregiver. What workplace protections or accommodations exist for caregivers in Ontario?,workplace accommodation caregiver Ontario employment rights,newly aware and confused,5.0,caring_aging_parents,Caring for aging parents,Regenerated 2026-04-19
gen_1776625555_00241,Adult Child Caregiver (50+),navigational,navigational,find caregiver coaching or guidance programs,"adult child caregiver, overwhelmed by system navigation post-diagnosis",I don't even know what questions to ask anymore. Is there someone who can coach me through navigating care for my aging parent?,caregiver coaching program Ontario aging parent navigation,emotional and looking for support,5.0,caring_aging_parents,Caring for aging parents,Regenerated 2026-04-19
gen_1776625555_00242,Adult Child Caregiver (50+),educational,informational,understand caregiver role after diagnosis,"adult child, parent just diagnosed, no prior caregiving experience",My dad was just diagnosed with a serious condition. What does becoming his primary caregiver actually involve day-to-day?,what does primary caregiver role involve aging parent diagnosis,newly aware and confused,5.0,caring_aging_parents,Caring for aging parents,Regenerated 2026-04-19
gen_1776625555_00243,Adult Child Caregiver (50+),support,commercial,find free caregiver support Ontario,"adult child caregiver, post-hospital discharge, overwhelmed and under-resourced",Mom's home from hospital and I'm managing everything alone. What free support programs exist for family caregivers in Ontario?,free family caregiver support programs Ontario,practical and ready to act,5.0,caring_aging_parents,Caring for aging parents,Regenerated 2026-04-19
gen_1776625555_00244,Adult Child Caregiver (Under 50),research,informational,find caregiver peer support groups Ontario,"sandwich gen adult child, skeptical of soft support",I'm skeptical about support groups but honestly exhausted. Do caregiver peer groups in Ontario actually help or just vent sessions?,caregiver peer support groups Ontario worth it,skeptical and comparing options,5.0,caregiver_peer_support,Peer support and support groups,Regenerated 2026-04-19
gen_1776625555_00245,Adult Child Caregiver (Under 50),navigational,navigational,find online caregiver support groups,"working adult caregiver, no time for in-person groups",No time to drive anywhere after work and caregiving. Are there decent online support groups for adult children with aging parents?,online caregiver support groups adult children aging parents,frustrated and overwhelmed,5.0,caregiver_peer_support,Peer support and support groups,Regenerated 2026-04-19
gen_1776625555_00246,Adult Child Caregiver (Under 50),educational,informational,understand what peer support for caregivers involves,"first-time caregiver, unsure what peer support means","What actually happens in caregiver peer support — is it therapy, group chat, or something else entirely?",what is caregiver peer support how does it work,skeptical and comparing options,5.0,caregiver_peer_support,Peer support and support groups,Regenerated 2026-04-19
gen_1776625555_00247,Adult Child Caregiver (Under 50),support,navigational,connect with caregivers in similar situation,"adult child, parent has progressive illness, feels isolated",I just want to talk to someone who's also watching a parent slowly disappear. Where do I find people who get it?,connect with caregivers progressive illness parent support,emotional and looking for support,5.0,caregiver_peer_support,Peer support and support groups,Regenerated 2026-04-19
gen_1776625555_00248,Adult Child Caregiver (Under 50),research,commercial,compare peer support vs professional counselling,sandwich gen caregiver weighing support options,Trying to decide between a caregiver support group and actual therapy. Which one moves the needle more for burnout?,caregiver peer support vs therapy burnout which helps more,skeptical and comparing options,5.0,caregiver_peer_support,Peer support and support groups,Regenerated 2026-04-19
gen_1776625555_00249,Adult Child Caregiver (Under 50),commercial,commercial,find free caregiver peer support Ontario,"adult child caregiver, budget-constrained, full-time job",I can't afford a therapist right now. Are there free peer support programs in Ontario specifically for caregivers?,free caregiver peer support program Ontario,frustrated and overwhelmed,5.0,caregiver_peer_support,Peer support and support groups,Regenerated 2026-04-19
gen_1776625555_00250,Adult Child Caregiver (Under 50),navigational,navigational,find caregiver peer mentor match,newer caregiver wanting guidance from experienced caregiver,Is there any kind of mentorship where an experienced caregiver is matched with someone just starting out in Ontario?,caregiver peer mentorship program Ontario matched mentor,emotional and looking for support,5.0,caregiver_peer_support,Peer support and support groups,Regenerated 2026-04-19
gen_1776625555_00251,Adult Child Caregiver (Under 50),research,informational,evaluate if peer support helps sandwich generation,"adult child managing kids, job, and parent's decline",Caring for my parent while raising kids and working full-time. Do sandwich generation caregivers actually benefit from support groups?,sandwich generation caregiver support group benefit evidence,skeptical and comparing options,5.0,caregiver_peer_support,Peer support and support groups,Regenerated 2026-04-19
gen_1776625555_00252,Adult Child Caregiver (Under 50),support,informational,process grief through caregiver peer support,"adult child, parent declining, feeling alone mid-journey",Nobody around me understands what it's like to lose someone slowly. Are there support groups for this kind of in-between grief?,caregiver support group anticipatory grief progressive decline,emotional and looking for support,5.0,caregiver_peer_support,Peer support and support groups,Regenerated 2026-04-19
gen_1776625555_00253,Adult Child Caregiver (Under 50),navigational,navigational,find evening or weekend caregiver support groups,"full-time employed adult child, limited daytime availability",Every caregiver group I find meets on weekday mornings. Are there evening or weekend options anywhere in Ontario?,caregiver support group evening weekend Ontario,frustrated and overwhelmed,5.0,caregiver_peer_support,Peer support and support groups,Regenerated 2026-04-19
gen_1776625555_00254,Adult Child Caregiver (Under 50),research,informational,evaluate peer support ROI for busy caregiver,"sandwich gen, works full-time, skeptical of soft support",I've got maybe one hour free a week. Is a caregiver peer group actually worth that time?,caregiver peer support worth it time-pressed working adults,skeptical and comparing options,5.0,caregiver_peer_support,Peer support and support groups,Regenerated 2026-04-19
gen_1776625555_00255,Adult Child Caregiver (Under 50),support,commercial,find asynchronous caregiver peer support,"adult child caregiver, unpredictable schedule, parent declining",Looking for caregiver peer support I can do on my own schedule — not live meetings. Does that exist?,asynchronous caregiver peer support forum Ontario flexible,practical and ready to act,5.0,caregiver_peer_support,Peer support and support groups,Regenerated 2026-04-19
gen_1776625555_00256,Adult Child Caregiver (Under 50),educational,informational,understand peer support group structure before joining,"detail-oriented adult child, first time considering a group","Before I join a caregiver support group, I want to know how sessions are structured and who facilitates them.",caregiver support group format facilitator structure Ontario,detail-oriented and planning ahead,5.0,caregiver_peer_support,Peer support and support groups,Regenerated 2026-04-19
gen_1776625555_00257,Adult Child Caregiver (Under 50),navigational,navigational,locate peer support specific to progressive illness caregiving,"parent has progressive neurological condition, adult child under 50","My parent has a progressive illness — are there support groups specifically for that, not just general caregiving?",support group progressive illness caregiver Ontario specific,practical and ready to act,5.0,caregiver_peer_support,Peer support and support groups,Regenerated 2026-04-19
gen_1776625555_00258,Adult Child Caregiver (Under 50),research,informational,assess peer support versus professional counselling tradeoffs,"burned-out sandwich gen caregiver, limited budget and time",Peer support groups are free but is the emotional payoff comparable to seeing an actual counsellor for caregiver burnout?,peer support vs counselling caregiver burnout comparison,skeptical and comparing options,5.0,caregiver_peer_support,Peer support and support groups,Regenerated 2026-04-19
gen_1776625555_00259,Adult Child Caregiver (Under 50),educational,informational,understand peer mentorship matching criteria,"detail-oriented caregiver, parent mid-stage decline, wants right match","How do caregiver peer mentorship programs match people — by diagnosis, age, or caregiving stage? I want the right fit.",caregiver peer mentorship matching criteria Ontario program,detail-oriented and planning ahead,5.0,caregiver_peer_support,Peer support and support groups,Regenerated 2026-04-19
gen_1776625555_00260,Adult Child Caregiver (Under 50),support,commercial,compare text-based versus video peer support formats,"introverted adult child caregiver, camera-shy, time-limited",Are there caregiver peer groups that run by text or chat instead of video calls? I'd actually show up for that.,caregiver peer support text chat no video Ontario,skeptical and comparing options,5.0,caregiver_peer_support,Peer support and support groups,Regenerated 2026-04-19
gen_1776625555_00261,Young Caregiver (Under 26),support,informational,find peer support groups for young caregivers,"teen or young adult caregiver, feels isolated",I'm 19 and caring for my mom. Are there support groups where other young people actually get what this is like?,peer support groups young adult caregivers Ontario,curious and exploratory,5.0,caregiver_peer_support,Peer support and support groups,Regenerated 2026-04-19
gen_1776625555_00262,Young Caregiver (Under 26),navigational,navigational,find online caregiver communities for students,university student balancing caregiving and school,Trying to find an online community for student caregivers. Do these actually exist or is it just older adult groups?,online support group student caregiver young adult,skeptical and comparing options,5.0,caregiver_peer_support,Peer support and support groups,Regenerated 2026-04-19
gen_1776625555_00263,Young Caregiver (Under 26),support,informational,connect with teen carer peers,high school student caring for a grandparent,I'm 16 and basically running the house since my grandpa got sick. Where do teens like me find others in the same situation?,teen caregiver peer connection support group Canada,curious and exploratory,5.0,caregiver_peer_support,Peer support and support groups,Regenerated 2026-04-19
gen_1776625555_00264,Young Caregiver (Under 26),research,commercial,evaluate online vs in-person caregiver groups,young caregiver with limited transportation and time,Are online caregiver support groups actually useful or do you get more from in-person ones? Trying to decide which to try first.,online vs in person caregiver support group comparison,skeptical and comparing options,5.0,caregiver_peer_support,Peer support and support groups,Regenerated 2026-04-19
gen_1776625555_00265,Young Caregiver (Under 26),navigational,navigational,find caregiver peer mentor match,young adult caregiver wanting one-on-one guidance,Is there any program that matches young caregivers with a mentor who's been through it already? Looking for someone to talk to one-on-one.,caregiver peer mentorship program young adult Ontario,practical and ready to act,5.0,caregiver_peer_support,Peer support and support groups,Regenerated 2026-04-19
gen_1776625555_00266,Young Caregiver (Under 26),educational,informational,understand what peer support for caregivers involves,first-time young caregiver unfamiliar with support options,What actually happens in a caregiver peer support group? I've never done anything like that and don't know what to expect.,what is caregiver peer support group how it works,curious and exploratory,5.0,caregiver_peer_support,Peer support and support groups,Regenerated 2026-04-19
gen_1776625555_00267,Young Caregiver (Under 26),support,transactional,join a caregiver support group this week,"young caregiver in crisis, ready to take action",My dad had a stroke last month and I need to talk to someone who gets it. How do I find and join a caregiver group fast?,join caregiver support group Ontario quickly,practical and ready to act,5.0,caregiver_peer_support,Peer support and support groups,Regenerated 2026-04-19
gen_1776625555_00268,Young Caregiver (Under 26),educational,informational,find young caregiver identity and community,young adult who doesn't self-identify as a caregiver yet,I help care for my sick parent but don't really call myself a caregiver. Are there communities for people in that in-between situation?,young adult family caregiver identity support community,curious and exploratory,5.0,caregiver_peer_support,Peer support and support groups,Regenerated 2026-04-19
gen_1776625555_00269,Young Caregiver (Under 26),research,commercial,compare free caregiver peer support options,"young caregiver with no budget, researching options",Looking at free peer support options for young caregivers in Ontario. Are they all the same or is there a meaningful difference between them?,free peer support young caregiver Ontario options compare,skeptical and comparing options,5.0,caregiver_peer_support,Peer support and support groups,Regenerated 2026-04-19
gen_1776625555_00270,Young Caregiver (Under 26),support,informational,find culturally relevant caregiver peer groups,"young caregiver from immigrant family, cultural pressure",In my culture you just handle family stuff privately. Are there caregiver peer groups that understand that pressure and don't make it weird?,culturally sensitive caregiver support group immigrant family Ontario,curious and exploratory,5.0,caregiver_peer_support,Peer support and support groups,Regenerated 2026-04-19
gen_1776625555_00271,Young Caregiver (Under 26),support,informational,find peers who understand young caregiver stress,"young adult caregiver, family crisis, feels isolated at school",I'm 22 and none of my friends understand why I can't just hang out. Are there other young caregivers I can actually talk to?,peer support young adult caregivers Ontario community,emotional and looking for support,5.0,caregiver_peer_support,Peer support and support groups,Regenerated 2026-04-19
gen_1776625555_00272,Young Caregiver (Under 26),navigational,transactional,join free caregiver support group Ontario,"teen caregiver, parent ill, ready to take action",I want to join a free support group for young caregivers in Ontario. How do I sign up for one that meets regularly?,free young caregiver support group Ontario sign up,practical and ready to act,5.0,caregiver_peer_support,Peer support and support groups,Regenerated 2026-04-19
gen_1776625555_00273,Spousal Caregiver,support,informational,find spousal caregiver support groups,"spouse caregiver, doesn't self-identify, feeling isolated","I'm not sure I even count as a caregiver, but I'm exhausted. Are there groups for people in my situation?",support groups spouses caring for ill partner Ontario,newly aware and confused,5.0,caregiver_peer_support,Peer support and support groups,Regenerated 2026-04-19
gen_1776625555_00274,Spousal Caregiver,educational,informational,understand peer support for caregivers,"spouse caregiver, role intensifying, unfamiliar with peer support",What actually happens in a caregiver peer support group? I've never done anything like this before.,how caregiver peer support groups work,newly aware and confused,5.0,caregiver_peer_support,Peer support and support groups,Regenerated 2026-04-19
gen_1776625555_00275,Spousal Caregiver,navigational,navigational,find online caregiver groups Ontario,"spouse caregiver, can't leave home easily, needs flexibility",Looking for an online group where I can talk to other people caring for a spouse. Does anything like that exist in Ontario?,online caregiver support group Ontario spouse,emotional and looking for support,5.0,caregiver_peer_support,Peer support and support groups,Regenerated 2026-04-19
gen_1776625555_00276,Spousal Caregiver,support,commercial,connect with peer mentor caregiver,"spouse caregiver, condition progressing, wants lived-experience guidance",Is there a way to get matched with someone who's already been through caring for a spouse with a progressive illness?,caregiver peer mentor program progressive illness spouse,emotional and looking for support,5.0,caregiver_peer_support,Peer support and support groups,Regenerated 2026-04-19
gen_1776625555_00277,Spousal Caregiver,educational,informational,validate caregiver identity through peers,"spouse caregiver, doesn't identify as caregiver, feeling alone",I keep telling myself I'm just being a good husband. Do other people in support groups feel weird calling themselves caregivers?,caregiver identity spouse support group experience,newly aware and confused,5.0,caregiver_peer_support,Peer support and support groups,Regenerated 2026-04-19
gen_1776625555_00278,Spousal Caregiver,commercial,commercial,find free caregiver support group,"spouse caregiver, stretched thin financially and emotionally",Are there free support groups in Ontario specifically for people caring for a partner? I can't afford anything paid right now.,free caregiver support group Ontario partner spouse,frustrated and overwhelmed,5.0,caregiver_peer_support,Peer support and support groups,Regenerated 2026-04-19
gen_1776625555_00279,Spousal Caregiver,research,informational,gauge benefit of talking to other caregivers,"spouse caregiver, skeptical, burnout creeping in","Honestly, does talking to other caregivers actually help or does everyone just vent and feel worse afterward?",does caregiver peer support actually help burnout,frustrated and overwhelmed,5.0,caregiver_peer_support,Peer support and support groups,Regenerated 2026-04-19
gen_1776625555_00280,Spousal Caregiver,navigational,navigational,locate caregiver support group near me,"spouse caregiver, Ontario resident, prefers in-person connection",How do I find an in-person caregiver support group near me in Ontario? I just want to sit with people who get it.,in person caregiver support group near me Ontario,emotional and looking for support,5.0,caregiver_peer_support,Peer support and support groups,Regenerated 2026-04-19
gen_1776625555_00281,Spousal Caregiver,educational,informational,understand peer mentorship vs support group,"spouse caregiver, exploring options, unsure of difference",What's the difference between a caregiver peer mentor and a support group? I'm trying to figure out which one I need.,caregiver peer mentor vs support group difference,newly aware and confused,5.0,caregiver_peer_support,Peer support and support groups,Regenerated 2026-04-19
gen_1776625555_00282,Spousal Caregiver,support,navigational,join caregiver group during role intensification,"spouse caregiver, responsibilities growing, feeling trapped",Everything keeps piling on and I feel completely trapped. Where do caregivers go when they just need someone who understands?,caregiver support overwhelmed spouse role intensification Ontario,frustrated and overwhelmed,5.0,caregiver_peer_support,Peer support and support groups,Regenerated 2026-04-19
gen_1776625555_00283,Spousal Caregiver,support,informational,understand peer mentorship for spousal caregivers,"spouse caregiver, doesn't identify as caregiver, overwhelmed",My wife has a chronic illness and I handle everything now. Can a peer mentor actually help with that kind of situation?,peer mentor spousal caregiver chronic illness Ontario,curious and exploratory,5.0,caregiver_peer_support,Peer support and support groups,Regenerated 2026-04-19
gen_1776625555_00284,Spousal Caregiver,research,commercial,evaluate virtual vs in-person caregiver groups,"spousal caregiver, limited time, early awareness stage",Virtual caregiver support groups versus in-person — which one do people actually stick with long-term?,virtual vs in person caregiver support group Ontario,skeptical and comparing options,5.0,caregiver_peer_support,Peer support and support groups,Regenerated 2026-04-19
gen_1776625555_00285,Spousal Caregiver,navigational,navigational,find Ontario caregiver support group for spouses,"spousal caregiver, newly recognizing burnout, navigating options",I'm trying to find a support group in Ontario for people caring for a spouse. Where do I even start?,caregiver support group spouse Ontario free,newly aware and confused,5.0,caregiver_peer_support,Peer support and support groups,Regenerated 2026-04-19
gen_1776625555_00286,Spousal Caregiver,educational,informational,understand caregiver identity before joining group,"spouse doing more caregiving tasks, resists caregiver label","Do you have to call yourself a caregiver to join a support group, or can you just show up and see?",caregiver support group identity requirement Ontario,newly aware and confused,5.0,caregiver_peer_support,Peer support and support groups,Regenerated 2026-04-19
gen_1776625555_00287,Spousal Caregiver,research,commercial,assess quality of peer support programs,"skeptical spouse caregiver, comparing structured vs informal groups","Are facilitated caregiver peer programs actually structured, or is it just people complaining with no real guidance?",facilitated caregiver peer support program Ontario structured,skeptical and comparing options,5.0,caregiver_peer_support,Peer support and support groups,Regenerated 2026-04-19
gen_1776625555_00288,Spousal Caregiver,navigational,navigational,find spouse-specific caregiver peer community online,"spousal caregiver, isolated, prefers low-commitment entry point",Is there an online community specifically for spouses doing caregiving? Something low-key I could lurk before committing.,online caregiver community spouse Ontario low commitment,curious and exploratory,5.0,caregiver_peer_support,Peer support and support groups,Regenerated 2026-04-19
gen_1776625555_00289,Spousal Caregiver,educational,informational,understand what peer support involves emotionally,"spousal caregiver, wary of emotional vulnerability in groups",I'm private about my feelings. Can peer support still be useful if I'm not ready to open up much?,caregiver peer support introverted private person benefit,skeptical and comparing options,5.0,caregiver_peer_support,Peer support and support groups,Regenerated 2026-04-19
gen_1776625555_00290,Spousal Caregiver,support,informational,recognize caregiver burnout through shared experiences,"spousal caregiver, gradual role intensification, unaware of burnout",Lately I'm just running on empty caring for my husband. Do other spouses in support groups describe feeling this way too?,caregiver burnout spouse support group shared experience Ontario,newly aware and confused,5.0,caregiver_peer_support,Peer support and support groups,Regenerated 2026-04-19
gen_1776625555_00291,Young Caregiver (Under 26),support,informational,identify as young carer,"teen helping sick parent, unsure if it counts","I cook, clean, and give my mom her meds every day. Does that make me a caregiver?",am I a young carer signs teenager caregiving parent,newly aware and confused,5.0,young_carers,Young carers and student caregivers,Regenerated 2026-04-19
gen_1776625555_00292,Young Caregiver (Under 26),navigational,navigational,find peer support young carers Ontario,"19-year-old caregiver, feels isolated from friends",Looking for other young people in Ontario who actually get what it's like to care for a sick parent.,young carer peer support group Ontario under 26,practical and ready to act,5.0,young_carers,Young carers and student caregivers,Regenerated 2026-04-19
gen_1776625555_00293,Young Caregiver (Under 26),educational,informational,balance university and caregiving,"first-year student, grandparent crisis at home",I started university two months ago and my grandma had a stroke. How do students manage caregiving without failing out?,university student caregiver balance school caregiving tips,newly aware and confused,5.0,young_carers,Young carers and student caregivers,Regenerated 2026-04-19
gen_1776625555_00294,Young Caregiver (Under 26),educational,transactional,request academic accommodation for caregiving,college student missing class due to family crisis,My dad's in crisis and I've missed three weeks of class. Can I get academic accommodation for being a family caregiver?,academic accommodation student caregiver college Ontario,practical and ready to act,5.0,young_carers,Young carers and student caregivers,Regenerated 2026-04-19
gen_1776625555_00295,Young Caregiver (Under 26),support,informational,understand mental health impact on young carers,22-year-old caregiver noticing anxiety and burnout,I'm 22 and I've been caring for my mom for two years. Why do I feel so much older than my friends mentally?,young adult caregiver mental health anxiety burnout effects,newly aware and confused,5.0,young_carers,Young carers and student caregivers,Regenerated 2026-04-19
gen_1776625555_00296,Young Caregiver (Under 26),navigational,navigational,find free caregiver programs under 26 Ontario,"young adult carer, no income, needs structured help","I'm 20, caring for my grandfather, and can't afford anything. Are there free programs specifically for young caregivers in Ontario?",free young caregiver program Ontario under 26 support,practical and ready to act,5.0,young_carers,Young carers and student caregivers,Regenerated 2026-04-19
gen_1776625555_00297,Young Caregiver (Under 26),research,informational,plan long-term caregiving around school schedule,high school student anticipating increasing family responsibility,My parent's illness is getting worse and I want to plan ahead. How do teen carers structure caregiving around a school year?,teen carer school schedule planning parent illness long term,detail-oriented and planning ahead,5.0,young_carers,Young carers and student caregivers,Regenerated 2026-04-19
gen_1776625555_00298,Young Caregiver (Under 26),support,navigational,talk to someone about young carer experience,"isolated 17-year-old, no adult acknowledging caregiver role",Nobody at school or home treats me like a caregiver even though I basically am one. Where can I actually talk to someone?,young carer helpline talk someone Ontario teen support,newly aware and confused,5.0,young_carers,Young carers and student caregivers,Regenerated 2026-04-19
gen_1776625555_00299,Mental Health Caregiver,support,informational,find confidential caregiver support groups,"mental health caregiver, stigma concern, post-crisis episode","After my partner's crisis episode, I need to talk to other caregivers. Do online support groups keep things private?",confidential online support groups mental health caregivers Ontario,curious and exploratory,5.0,caregiver_peer_support,Peer support and support groups,Regenerated 2026-04-19
gen_1776625555_00300,Mental Health Caregiver,educational,informational,understand peer support vs therapy for caregivers,"mental health caregiver, unsure which help fits","Is peer support actually useful for caregivers, or is it just venting? How does it differ from seeing a therapist?",peer support vs therapy caregivers mental health,detail-oriented and planning ahead,5.0,caregiver_peer_support,Peer support and support groups,Regenerated 2026-04-19
gen_1776625555_00301,Mental Health Caregiver,navigational,navigational,locate mental health caregiver peer groups Ontario,"caregiver of someone with mental illness, wants community",Looking for support groups in Ontario specifically for people caring for a family member with a mental illness. Where do I start?,support groups caregivers mental illness Ontario,practical and ready to act,5.0,caregiver_peer_support,Peer support and support groups,Regenerated 2026-04-19
gen_1776625555_00302,Mental Health Caregiver,support,informational,find anonymous caregiver peer support online,"privacy-focused caregiver, fear of being identified",I don't want anyone in my community knowing I'm struggling. Are there anonymous online peer support options for mental health caregivers?,anonymous online peer support mental health caregiver,curious and exploratory,5.0,caregiver_peer_support,Peer support and support groups,Regenerated 2026-04-19
gen_1776625555_00303,Mental Health Caregiver,educational,informational,understand what happens in caregiver support groups,"first-time attendee, anxious about sharing personal details",Never been to a caregiver support group. What actually happens in those sessions — are people expected to share personal details?,what happens caregiver support group first time,detail-oriented and planning ahead,5.0,caregiver_peer_support,Peer support and support groups,Regenerated 2026-04-19
gen_1776625555_00304,Mental Health Caregiver,support,commercial,find peer mentor who's been through mental health caregiving,"caregiver post-crisis, wants lived-experience guidance","I want to talk to someone who's already been through a loved one's mental health crisis — not a professional, just someone who gets it.",peer mentor caregiver mental health crisis lived experience Ontario,practical and ready to act,5.0,caregiver_peer_support,Peer support and support groups,Regenerated 2026-04-19
gen_1776625555_00305,Mental Health Caregiver,navigational,navigational,evaluate evening or weekend caregiver groups,"working caregiver, limited daytime availability",Do any mental health caregiver support groups in Ontario run evenings or weekends? I can't leave work for a daytime session.,evening weekend caregiver support group Ontario mental health,practical and ready to act,5.0,caregiver_peer_support,Peer support and support groups,Regenerated 2026-04-19
gen_1776625555_00306,Mental Health Caregiver,research,informational,assess safety of sharing in caregiver groups,"stigma-sensitive caregiver, worried about confidentiality rules","Are facilitators in caregiver support groups legally required to keep what I share confidential, or can they report it somewhere?",caregiver support group confidentiality rules facilitator obligations,detail-oriented and planning ahead,5.0,caregiver_peer_support,Peer support and support groups,Regenerated 2026-04-19
gen_1776625555_00307,Mental Health Caregiver,support,commercial,find free peer support for mental health caregivers,"caregiver on tight budget, needs no-cost options",I'm stretched thin financially after my sister's hospitalization. Are there free peer support programs for mental health caregivers in Ontario?,free peer support program mental health caregiver Ontario,curious and exploratory,5.0,caregiver_peer_support,Peer support and support groups,Regenerated 2026-04-19
gen_1776625555_00308,Mental Health Caregiver,research,informational,find culturally sensitive caregiver peer groups,"caregiver from racialized community, stigma around mental illness",Mental illness carries a lot of shame in my family's culture. Are there caregiver peer groups in Ontario that understand that context?,culturally sensitive caregiver support group mental illness Ontario,curious and exploratory,5.0,caregiver_peer_support,Peer support and support groups,Regenerated 2026-04-19
gen_1776625555_00309,Mental Health Caregiver,support,informational,find peer mentorship after mental health crisis,"caregiver post-crisis episode, wants lived-experience connection",My family member just had a psychiatric crisis. How do I find a peer mentor who's been through something similar?,peer mentor caregiver mental health crisis ontario,time-pressed and direct,5.0,caregiver_peer_support,Peer support and support groups,Regenerated 2026-04-19
gen_1776625555_00310,Mental Health Caregiver,research,commercial,evaluate virtual vs in-person support groups,mental health caregiver weighing privacy and access tradeoffs,Trying to decide between virtual and in-person caregiver support groups. Which actually offers more privacy for sensitive mental health situations?,virtual vs in person caregiver support group privacy mental health,detail-oriented and planning ahead,5.0,caregiver_peer_support,Peer support and support groups,Regenerated 2026-04-19
gen_1776625555_00311,Mental Health Caregiver,navigational,navigational,locate free peer support programs Ontario mental health,"caregiver post-crisis, limited time, privacy-sensitive",Where can I sign up for a free peer support program in Ontario specifically for mental illness caregivers?,free peer support program ontario mental illness caregiver sign up,practical and ready to act,5.0,caregiver_peer_support,Peer support and support groups,Regenerated 2026-04-19
gen_1776625555_00312,Mental Health Caregiver,educational,informational,understand what peer support groups offer caregivers,"first-time seeker, stigma concerns, post-crisis stress",I'm burnt out after my son's breakdown and hesitant to open up. What do caregiver peer groups actually provide beyond emotional venting?,what do caregiver peer support groups offer mental health burnout,detail-oriented and planning ahead,5.0,caregiver_peer_support,Peer support and support groups,Regenerated 2026-04-19
gen_1776625555_00313,Mental Health Caregiver,support,transactional,join online caregiver group quickly,"caregiver in acute stress, needs immediate connection",I need to connect with other mental health caregivers online tonight. Which platforms or programs let you join a group immediately?,join online mental health caregiver support group immediately ontario,time-pressed and direct,5.0,caregiver_peer_support,Peer support and support groups,Regenerated 2026-04-19
gen_1776625555_00314,Mental Health Caregiver,support,informational,understand caregiver role during mental health crisis,family member just experienced acute psychiatric episode,My partner had a breakdown last night. What am I actually supposed to do as the person living with them?,caregiver role during mental health crisis episode family,emotional and looking for support,5.0,mental_health_caregiving,Supporting someone with mental illness,Regenerated 2026-04-19
gen_1776625555_00315,Mental Health Caregiver,navigational,navigational,find confidential caregiver mental health support Ontario,"stigma around family member's diagnosis, privacy concerns",Looking for mental health caregiver support in Ontario that's actually confidential — I don't want this getting back to anyone.,confidential caregiver mental health support Ontario,skeptical and comparing options,5.0,mental_health_caregiving,Supporting someone with mental illness,Regenerated 2026-04-19
gen_1776625555_00316,Mental Health Caregiver,support,informational,set healthy boundaries with mentally ill family member,caregiver overwhelmed after repeated crisis episodes,I love my sister but her episodes are destroying me. How do caregivers set limits without feeling like they're abandoning someone?,caregiver boundaries mental illness family member burnout,emotional and looking for support,5.0,mental_health_caregiving,Supporting someone with mental illness,Regenerated 2026-04-19
gen_1776625555_00317,Mental Health Caregiver,educational,informational,access mental health services for family member Ontario,loved one refusing treatment after crisis episode,My son won't see anyone after his episode. What options does a parent actually have to help access mental health care in Ontario?,how to get mental health care for family member Ontario refusing treatment,curious and exploratory,5.0,mental_health_caregiving,Supporting someone with mental illness,Regenerated 2026-04-19
gen_1776625555_00318,Mental Health Caregiver,navigational,navigational,understand SCALE mental health caregiver program,caregiver researching structured support programs Ontario,I keep seeing mentions of a SCALE program for mental health caregivers in Ontario. What does it actually involve and who's it for?,SCALE program mental health caregivers Ontario what is it,curious and exploratory,5.0,mental_health_caregiving,Supporting someone with mental illness,Regenerated 2026-04-19
gen_1776625555_00319,Mental Health Caregiver,support,informational,reduce stigma when telling others about family mental illness,caregiver afraid of judgment from community and employer,How do other caregivers handle the stigma of having a family member with serious mental illness — especially at work or with extended family?,caregiver stigma mental illness family workplace community,emotional and looking for support,5.0,mental_health_caregiving,Supporting someone with mental illness,Regenerated 2026-04-19
gen_1776625555_00320,Mental Health Caregiver,research,commercial,compare peer support vs professional counselling for caregivers,mental health caregiver unsure which support format fits,"Peer support groups versus actual therapy — for someone caregiving through mental health crises, which one genuinely helps more?",peer support vs counselling caregivers mental health which is better,skeptical and comparing options,5.0,mental_health_caregiving,Supporting someone with mental illness,Regenerated 2026-04-19
gen_1776625555_00321,Mental Health Caregiver,educational,informational,manage own mental health while caregiving,caregiver absorbing trauma from loved one's repeated crises,Every episode my daughter has leaves me shaking for days after. Is secondary trauma in mental health caregivers a real documented thing?,secondary trauma mental health caregivers family research,curious and exploratory,5.0,mental_health_caregiving,Supporting someone with mental illness,Regenerated 2026-04-19
gen_1776625555_00322,Mental Health Caregiver,navigational,navigational,find free caregiver helpline Ontario after hours,"crisis happened late at night, caregiver has no one to call",It's midnight and I just got off the phone with my brother after a really scary call. Is there a caregiver helpline in Ontario right now?,caregiver helpline Ontario after hours mental health crisis,emotional and looking for support,5.0,mental_health_caregiving,Supporting someone with mental illness,Regenerated 2026-04-19
gen_1776625555_00323,Mental Health Caregiver,research,commercial,understand what free caregiver coaching involves,skeptical caregiver comparing program options Ontario,Free caregiver coaching sounds vague — what does a session actually cover for someone dealing with a family member's mental illness?,free caregiver coaching Ontario mental health what to expect,skeptical and comparing options,5.0,mental_health_caregiving,Supporting someone with mental illness,Regenerated 2026-04-19
gen_1776625555_00324,Mental Health Caregiver,educational,informational,understand caregiver role in crisis aftermath,"family member post-episode, caregiver exhausted and confused",The crisis is over but I'm a wreck. What's the caregiver's actual role in the days after a mental health episode?,caregiver role after mental health crisis episode family,curious and exploratory,5.0,mental_health_caregiving,Supporting someone with mental illness,Regenerated 2026-04-19
gen_1776625555_00325,Mental Health Caregiver,navigational,navigational,find confidential mental health caregiver programs Ontario,"stigma concerns, doesn't want information shared",Are there mental health caregiver programs in Ontario where my participation stays completely private — nothing shared with my family member's care team?,confidential mental health caregiver program Ontario private,skeptical and comparing options,5.0,mental_health_caregiving,Supporting someone with mental illness,Regenerated 2026-04-19
gen_1776625555_00326,Mental Health Caregiver,research,commercial,evaluate online vs in-person caregiver support,"mental health caregiver, privacy concerns, limited time",Online caregiver support versus in-person groups for mental illness caregiving — is one actually more useful or is it just convenience?,online vs in person caregiver support mental illness comparison,skeptical and comparing options,5.0,mental_health_caregiving,Supporting someone with mental illness,Regenerated 2026-04-19
gen_1776625555_00327,Mental Health Caregiver,support,informational,manage own mental health after loved one's episode,"caregiver burned out, recent crisis event",I can't keep absorbing my spouse's crises without falling apart myself. What do caregivers actually do to stabilize after repeated mental health emergencies?,caregiver mental health recovery after repeated crisis episodes,practical and ready to act,5.0,mental_health_caregiving,Supporting someone with mental illness,Regenerated 2026-04-19
gen_1776625555_00328,Mental Health Caregiver,navigational,navigational,locate Ontario caregiver stress resources quickly,"post-crisis, first-time seeking help, overwhelmed",First time looking for help after a family mental health crisis in Ontario. Where do caregivers even start when they're this overwhelmed?,mental health caregiver support resources Ontario where to start,practical and ready to act,5.0,mental_health_caregiving,Supporting someone with mental illness,Regenerated 2026-04-19
gen_1776625555_00329,Employer / HR Leader,research,informational,identify caregiver-friendly workplace policies,HR leader noticing absenteeism and burnout in caregiving staff,I keep losing good employees to caregiving burnout. What policies do other companies actually put in place to retain them?,caregiver friendly workplace policies employee retention HR,frustrated and overwhelmed,5.0,caregiver_friendly_workplace,Caregiver-friendly workplace policies,Regenerated 2026-04-19
gen_1776625555_00330,Employer / HR Leader,navigational,navigational,find HR caregiver support toolkit,HR manager starting a caregiver workplace program from scratch,Looking for a ready-made HR toolkit to support employees who are unpaid caregivers. Does something like that exist?,HR toolkit unpaid caregiver employee support workplace,practical and ready to act,5.0,caregiver_friendly_workplace,Caregiver-friendly workplace policies,Regenerated 2026-04-19
gen_1776625555_00331,Employer / HR Leader,research,informational,measure caregiving impact on workforce,HR leader building business case for leadership approval,I need data on how employee caregiving responsibilities affect productivity and absenteeism. What does the research actually show?,employee caregiving impact productivity absenteeism workplace research,practical and ready to act,5.0,caregiver_friendly_workplace,Caregiver-friendly workplace policies,Regenerated 2026-04-19
gen_1776625555_00332,Employer / HR Leader,commercial,commercial,design flexible work arrangements for caregivers,HR manager drafting updated flexible work policy,Redesigning our flexible work policy — what specific arrangements make the biggest difference for employees juggling caregiving responsibilities?,flexible work arrangements employee caregivers policy design,practical and ready to act,5.0,caregiver_friendly_workplace,Caregiver-friendly workplace policies,Regenerated 2026-04-19
gen_1776625555_00333,Employer / HR Leader,educational,informational,start caregiver employee resource group,HR leader with no existing caregiver support infrastructure,Curious how companies launch internal caregiver employee resource groups — where do you even begin without a budget or template?,caregiver employee resource group launch workplace how to,curious and exploratory,5.0,caregiver_friendly_workplace,Caregiver-friendly workplace policies,Regenerated 2026-04-19
gen_1776625555_00334,Employer / HR Leader,support,commercial,find workplace caregiver training for managers,HR director whose managers don't recognize caregiver stress signals,My managers have no idea how to spot or support a struggling caregiver on their team. Is there training built for this?,manager training supporting employee caregivers workplace program,frustrated and overwhelmed,5.0,caregiver_friendly_workplace,Caregiver-friendly workplace policies,Regenerated 2026-04-19
gen_1776625555_00335,Employer / HR Leader,educational,informational,understand caregiver impact on workforce,"HR leader noticing absenteeism, unsure of cause",Some of my employees seem burned out but won't say why. How does caregiving actually show up at work?,employee caregiving impact workplace productivity absenteeism,newly aware and confused,5.0,work_caregiving_balance,Balancing work and caregiving,Regenerated 2026-04-19
gen_1776625555_00336,Employer / HR Leader,research,informational,build caregiver-friendly workplace policy,HR manager drafting new flexibility framework,I'm drafting a workplace flexibility policy. What specific provisions should cover employees who are also unpaid caregivers?,caregiver friendly workplace policy provisions HR template,detail-oriented and planning ahead,5.0,work_caregiving_balance,Balancing work and caregiving,Regenerated 2026-04-19
gen_1776625555_00337,Employer / HR Leader,commercial,commercial,train managers to support caregiver employees,HR director planning manager training program,I want managers to stop missing signs of caregiver stress on their teams. What does good manager training cover for this?,manager training employee caregiver support recognition,detail-oriented and planning ahead,5.0,work_caregiving_balance,Balancing work and caregiving,Regenerated 2026-04-19
gen_1776625555_00338,Employer / HR Leader,navigational,navigational,find free caregiver resources to share with staff,HR coordinator building employee resource list,Looking for free Ontario-based resources I can send to employees who are quietly managing caregiving alongside full-time work.,free caregiver support resources Ontario employees,time-pressed and direct,5.0,work_caregiving_balance,Balancing work and caregiving,Regenerated 2026-04-19
gen_1776625555_00339,Employer / HR Leader,research,informational,quantify business cost of caregiver turnover,HR leader building internal business case,What does it actually cost a company when caregiving employees quit or go on leave? I need numbers to make a case internally.,cost employee caregiver turnover absenteeism business case,detail-oriented and planning ahead,5.0,work_caregiving_balance,Balancing work and caregiving,Regenerated 2026-04-19
gen_1776625555_00340,Employer / HR Leader,educational,informational,start an employee caregiver support program,"small HR team, no existing caregiver policy",We have nothing in place for caregiver employees right now. Where does a small HR team even begin building support?,employee caregiver support program small business HR starting point,newly aware and confused,5.0,work_caregiving_balance,Balancing work and caregiving,Regenerated 2026-04-19
gen_1776625555_00341,Healthcare Provider,research,informational,implement essential care partner policy,"hospital administrator, seeking formal caregiver inclusion framework",Looking to formalize an essential care partner policy at our hospital. What does a solid implementation look like?,essential care partner policy hospital implementation,detail-oriented and planning ahead,5.0,healthcare_caregiver_inclusion,Caregiver inclusion in healthcare,Regenerated 2026-04-19
gen_1776625555_00342,Healthcare Provider,commercial,commercial,find caregiver inclusion training programs,"clinical educator, wants staff training on caregiver communication",I need a staff training program on working with family caregivers. Are there accredited options for healthcare teams in Ontario?,caregiver inclusion training healthcare staff Ontario accredited,practical and ready to act,5.0,healthcare_caregiver_inclusion,Caregiver inclusion in healthcare,Regenerated 2026-04-19
gen_1776625555_00343,Healthcare Provider,support,informational,reduce staff burnout through caregiver partnership,"nursing manager, overwhelmed team, poor family communication",My nurses are burning out partly from repeated family calls. Can structured caregiver communication actually reduce that load?,caregiver communication reduce staff burnout hospital,time-pressed and direct,5.0,healthcare_caregiver_inclusion,Caregiver inclusion in healthcare,Regenerated 2026-04-19
gen_1776625555_00344,Healthcare Provider,navigational,navigational,locate hospital caregiver policy templates,"quality improvement lead, building policy from scratch",Where can I find existing hospital caregiver inclusion policy templates to adapt for our health system?,hospital caregiver inclusion policy template download,practical and ready to act,5.0,healthcare_caregiver_inclusion,Caregiver inclusion in healthcare,Regenerated 2026-04-19
gen_1776625555_00345,Healthcare Provider,research,informational,understand caregiver role in care team,"attending physician, wants to integrate families without losing clinical control",What's the evidence on including caregivers as formal care team members — does it improve outcomes or create friction?,caregiver care team inclusion clinical outcomes evidence,detail-oriented and planning ahead,5.0,healthcare_caregiver_inclusion,Caregiver inclusion in healthcare,Regenerated 2026-04-19
gen_1776625555_00346,Healthcare Provider,educational,informational,get organizational buy-in for caregiver policy,"charge nurse, leadership resistant to caregiver access changes",Leadership keeps deprioritizing caregiver inclusion. What data or framing actually moves hospital administrators to act?,caregiver inclusion hospital leadership buy-in evidence case,time-pressed and direct,5.0,healthcare_caregiver_inclusion,Caregiver inclusion in healthcare,Regenerated 2026-04-19
gen_1776625555_00347,Healthcare Provider,educational,informational,set caregiver communication standards for staff,"patient experience director, inconsistent family updates across units",Our units handle caregiver updates inconsistently. I'm building communication standards — what do high-performing hospitals actually do?,hospital caregiver communication standards best practices,detail-oriented and planning ahead,5.0,healthcare_caregiver_inclusion,Caregiver inclusion in healthcare,Regenerated 2026-04-19
gen_1776625555_00348,Adult Child Caregiver (Under 50),educational,informational,request flexible work arrangements for caregiving,"sandwich generation, parent declining, full-time job at risk",I'm caring for an aging parent and barely keeping up at work. How do I ask my employer for a flexible schedule?,how to ask employer flexible schedule caregiver Ontario,practical and ready to act,5.0,work_caregiving_balance,Balancing work and caregiving,Regenerated 2026-04-19
gen_1776625555_00349,Adult Child Caregiver (Under 50),educational,informational,understand caregiver leave rights Ontario,"employed adult child, parent's health declining fast",My mom's condition is getting worse and I might need weeks off. What leave am I legally entitled to in Ontario?,caregiver leave entitlements Ontario employment law,practical and ready to act,5.0,work_caregiving_balance,Balancing work and caregiving,Regenerated 2026-04-19
gen_1776625555_00350,Adult Child Caregiver (Under 50),research,commercial,evaluate whether EI compassionate care is worth it,"mid-career earner, skeptical of bureaucratic programs","EI compassionate care leave sounds good on paper — is it actually worth applying for, or is the process a nightmare?",EI compassionate care leave worth it application process Canada,skeptical and comparing options,5.0,work_caregiving_balance,Balancing work and caregiving,Regenerated 2026-04-19
gen_1776625555_00351,Adult Child Caregiver (Under 50),educational,informational,find employer caregiver accommodation policies,"private sector employee, no HR caregiver policy visible","Does my employer have to accommodate me as a caregiver, or is that totally up to them in Ontario?",employer caregiver accommodation obligations Ontario human rights,skeptical and comparing options,5.0,work_caregiving_balance,Balancing work and caregiving,Regenerated 2026-04-19
gen_1776625555_00352,Adult Child Caregiver (Under 50),support,informational,manage work performance during caregiving crisis,"sandwich gen, sleep-deprived, missing deadlines",I'm dropping the ball at work because of caregiving and I'm terrified of losing my job. What do people actually do in this situation?,work performance suffering caregiving responsibilities tips,frustrated and overwhelmed,5.0,work_caregiving_balance,Balancing work and caregiving,Regenerated 2026-04-19
gen_1776625555_00353,Adult Child Caregiver (Under 50),navigational,navigational,find Ontario workplace caregiver support programs,"adult child caregiver, wants employer-linked resources",Are there any Ontario programs specifically designed to support employees who are also unpaid caregivers at home?,Ontario programs support employed unpaid caregivers workplace,practical and ready to act,5.0,work_caregiving_balance,Balancing work and caregiving,Regenerated 2026-04-19
gen_1776625555_00354,Adult Child Caregiver (Under 50),research,commercial,compare quitting work vs reducing hours for caregiving,"mid-career, parent needs more daily help, income dependent",Trying to decide between cutting to part-time or quitting entirely to care for my dad. How do people usually weigh that financially?,quit job vs reduce hours caregiving parent financial decision,skeptical and comparing options,5.0,work_caregiving_balance,Balancing work and caregiving,Regenerated 2026-04-19
gen_1776625555_00355,Adult Child Caregiver (Under 50),support,informational,handle caregiver guilt around prioritizing work,"sandwich gen adult child, emotionally stretched thin",I feel guilty every time I choose work over my parent. Is this a normal part of caregiving or am I handling it wrong?,caregiver guilt working while caring for parent coping,frustrated and overwhelmed,5.0,work_caregiving_balance,Balancing work and caregiving,Regenerated 2026-04-19
gen_1776625555_00356,Adult Child Caregiver (Under 50),educational,informational,build a daily schedule around work and caregiving,"adult child, parent home full-time, rigid 9-5 job",Working 9-5 while managing a parent's daily care needs at home — how do caregivers actually structure their day to survive this?,daily schedule tips working caregiver parent at home,practical and ready to act,5.0,work_caregiving_balance,Balancing work and caregiving,Regenerated 2026-04-19
gen_1776625555_00357,Adult Child Caregiver (Under 50),support,navigational,find peer support for working caregivers Ontario,"burned out adult child, skeptical of therapy, wants relatable help",I don't want a therapist — I want to talk to someone who's actually juggled a job and a declining parent. Where do I find that in Ontario?,peer support working caregivers Ontario parent decline,frustrated and overwhelmed,5.0,work_caregiving_balance,Balancing work and caregiving,Regenerated 2026-04-19
gen_1776625555_00358,Adult Child Caregiver (Under 50),educational,informational,understand caregiver workplace rights Ontario,"sandwich gen adult child, parent declining, fears job loss",My dad's decline is getting worse and HR seems clueless. What protections actually exist for working caregivers in Ontario?,workplace rights working caregivers Ontario employment protections,frustrated and overwhelmed,5.0,work_caregiving_balance,Balancing work and caregiving,Regenerated 2026-04-19
gen_1776625555_00359,Adult Child Caregiver (Under 50),research,commercial,find peer support for working caregivers,"skeptical adult child caregiver, no time for soft resources",Not interested in wellness fluff — are there free Ontario groups where working caregivers actually share practical advice?,free caregiver peer support groups Ontario working adults,skeptical and comparing options,5.0,work_caregiving_balance,Balancing work and caregiving,Regenerated 2026-04-19
gen_1776625555_00360,Parent of Child w/ Complex Needs,research,informational,understand caregiver support eligibility for parents,"parent of disabled child, assumes support is elder-care only",Most caregiver programs I find seem built for people caring for aging parents. Do parents of disabled kids qualify too?,caregiver support programs parents disabled children Ontario eligibility,skeptical and comparing options,5.0,complex_care_children,Parenting a child with complex needs,Regenerated 2026-04-19
gen_1776625555_00361,Parent of Child w/ Complex Needs,support,informational,navigate transition planning from pediatric to adult services,"parent of teen with complex needs, approaching 18 cutoff",My kid turns 18 in eight months and pediatric services just stop. Where do I even start with adult system transition?,pediatric to adult services transition planning Ontario complex needs,time-pressed and direct,5.0,complex_care_children,Parenting a child with complex needs,Regenerated 2026-04-19
gen_1776625555_00362,Parent of Child w/ Complex Needs,support,commercial,find mental health support specific to special needs parents,"recently diagnosed child, parent feeling isolated and overwhelmed",Since my son's diagnosis I'm barely holding it together. Are there mental health programs designed specifically for parents in this situation?,mental health support parents children complex medical needs Ontario,curious and exploratory,5.0,complex_care_children,Parenting a child with complex needs,Regenerated 2026-04-19
gen_1776625555_00363,Parent of Child w/ Complex Needs,research,commercial,compare IEP advocacy options in Ontario,parent disputing school placement for child with autism,The school's IEP offer feels completely wrong for my daughter. Who actually advocates for parents in these disputes in Ontario?,IEP advocacy Ontario parents special needs school dispute,skeptical and comparing options,5.0,complex_care_children,Parenting a child with complex needs,Regenerated 2026-04-19
gen_1776625555_00364,Parent of Child w/ Complex Needs,educational,informational,understand Ontario Autism Program funding options,"newly diagnosed child, parent overwhelmed by program options",Just got my child's autism diagnosis and I'm drowning in acronyms. Can someone break down what OAP funding actually covers?,Ontario Autism Program funding what is covered breakdown,time-pressed and direct,5.0,complex_care_children,Parenting a child with complex needs,Regenerated 2026-04-19
gen_1776625555_00365,Parent of Child w/ Complex Needs,support,navigational,find peer support from other special needs parents,"parent post-diagnosis, feeling no one understands their situation",I want to talk to other parents who actually get what complex care looks like daily — not general parenting forums. What exists?,peer support groups parents complex needs children Ontario,curious and exploratory,5.0,complex_care_children,Parenting a child with complex needs,Regenerated 2026-04-19
gen_1776625555_00366,Parent of Child w/ Complex Needs,navigational,navigational,locate free caregiver coaching or planning support,"parent managing multiple therapies and appointments, no coordinator",I'm coordinating five different therapists with zero help. Is there free coaching or care navigation support for parents managing this alone?,free caregiver coaching care navigation parents complex needs Ontario,time-pressed and direct,5.0,complex_care_children,Parenting a child with complex needs,Regenerated 2026-04-19
gen_1776625555_00367,Parent of Child w/ Complex Needs,research,informational,evaluate whether caregiver helplines cover parenting situations,parent skeptical that helplines address non-elder caregiving,Caregiver helplines always seem aimed at people with elderly parents. Would calling one actually help someone parenting a medically complex child?,caregiver helpline Ontario parents disabled child not elder care,skeptical and comparing options,5.0,complex_care_children,Parenting a child with complex needs,Regenerated 2026-04-19
gen_1776625555_00368,Parent of Child w/ Complex Needs,educational,informational,understand ODSP application process for families,parent planning ahead for child aging out of children's services,My teenager will need ODSP when she turns 18. How early should I apply and what actually makes or breaks the application?,ODSP application Ontario teenager disability when to apply tips,curious and exploratory,5.0,complex_care_children,Parenting a child with complex needs,Regenerated 2026-04-19
gen_1776625555_00369,Parent of Child w/ Complex Needs,commercial,commercial,find flexible respite that fits complex medical care needs,"parent whose child requires medical equipment, can't use generic respite",Generic respite workers aren't trained for my child's feeding tube and oxygen needs. What specialized options actually exist in Ontario?,medically complex child respite care trained workers Ontario,time-pressed and direct,5.0,complex_care_children,Parenting a child with complex needs,Regenerated 2026-04-19
gen_1776625555_00370,Healthcare Provider,research,informational,embed caregiver inclusion in hospital policy,"hospital administrator, struggling to get leadership buy-in",I'm trying to get caregiver inclusion written into our hospital's formal policy. Where do other Ontario hospitals even start?,caregiver inclusion hospital policy Ontario health system,practical and ready to act,5.0,navigating_healthcare_system,Navigating the Ontario healthcare system,Regenerated 2026-04-19
gen_1776625555_00371,Healthcare Provider,educational,informational,define essential care partner rights Ontario,"ward nurse, confused about visiting and care access rules",What does 'essential care partner' actually mean legally in Ontario hospitals? Our unit keeps applying it differently.,essential care partner definition Ontario hospital rights,newly aware and confused,5.0,navigating_healthcare_system,Navigating the Ontario healthcare system,Regenerated 2026-04-19
gen_1776625555_00372,Healthcare Provider,commercial,commercial,find caregiver communication training for clinical staff,"charge nurse, staff burning out on difficult family conversations",My nursing staff dreads talking to family caregivers after bad news. Is there structured training for this in Ontario?,caregiver communication training clinical staff Ontario,frustrated and overwhelmed,5.0,navigating_healthcare_system,Navigating the Ontario healthcare system,Regenerated 2026-04-19
gen_1776625555_00373,Healthcare Provider,educational,informational,connect patients to Ontario Health Team services,"discharge planner, unclear on OHT community referral pathways",Discharging a patient whose spouse is the sole caregiver. How do Ontario Health Teams actually connect families to community services?,Ontario Health Team community caregiver referral discharge,practical and ready to act,5.0,navigating_healthcare_system,Navigating the Ontario healthcare system,Regenerated 2026-04-19
gen_1776625555_00374,Healthcare Provider,research,informational,standardize caregiver handoff communication at discharge,"hospitalist, families receiving inconsistent information at discharge",Caregivers are leaving our hospital without understanding the care plan. What discharge communication frameworks exist for Ontario providers?,caregiver discharge communication framework Ontario hospital,frustrated and overwhelmed,5.0,navigating_healthcare_system,Navigating the Ontario healthcare system,Regenerated 2026-04-19
gen_1776625555_00375,Healthcare Provider,educational,informational,understand home care eligibility after hospital discharge,"family medicine physician, patients confused about post-discharge coverage",Patients keep asking me who pays for home care after discharge. I don't actually know how Ontario eligibility works — help.,Ontario home care eligibility after hospital discharge criteria,newly aware and confused,5.0,navigating_healthcare_system,Navigating the Ontario healthcare system,Regenerated 2026-04-19
gen_1776625555_00376,Healthcare Provider,research,commercial,build organizational case for caregiver-inclusive care model,"clinical director, pitching to skeptical hospital executives",I need data showing caregiver inclusion improves patient outcomes. What evidence exists that leadership in Ontario hospitals would accept?,caregiver inclusion patient outcomes evidence Ontario healthcare,practical and ready to act,5.0,navigating_healthcare_system,Navigating the Ontario healthcare system,Regenerated 2026-04-19
gen_1776625555_00377,Healthcare Provider,support,informational,address staff burnout from caregiver conflict on unit,"nurse manager, team exhausted by difficult caregiver interactions",Tense caregiver interactions are burning my team out faster than patient load. Are there Ontario programs that help staff cope with this?,healthcare staff burnout caregiver conflict support Ontario,frustrated and overwhelmed,5.0,navigating_healthcare_system,Navigating the Ontario healthcare system,Regenerated 2026-04-19
gen_1776625555_00378,Healthcare Provider,educational,informational,navigate LHIN transition to Ontario Health Teams,"community health worker, confused about referral structure post-LHIN",LHINs are gone but I still don't fully understand how Ontario Health Teams handle caregiver and home care referrals now.,Ontario Health Teams replace LHIN home care caregiver referrals,newly aware and confused,5.0,navigating_healthcare_system,Navigating the Ontario healthcare system,Regenerated 2026-04-19
gen_1776625555_00379,Healthcare Provider,research,informational,get leadership buy-in for caregiver inclusion,"healthcare provider, organizational resistance, staff burnout from poor caregiver comms",My hospital exec team won't prioritize caregiver inclusion. What framing actually moves Ontario healthcare leadership to act?,caregiver inclusion hospital leadership buy-in Ontario healthcare,frustrated and overwhelmed,5.0,navigating_healthcare_system,Navigating the Ontario healthcare system,Regenerated 2026-04-19
gen_1776625555_00380,Adult Child Caregiver (Under 50),educational,informational,understand Ontario home care access,"adult child, parent declining, no system knowledge",My dad needs more help at home but I have no idea how Ontario home care actually gets arranged. Where do I start?,how to access home care ontario parent,newly aware and confused,5.0,navigating_healthcare_system,Navigating the Ontario healthcare system,Regenerated 2026-04-19
gen_1776625555_00381,Adult Child Caregiver (Under 50),educational,informational,decode Ontario Health Teams role,"sandwich gen caregiver, confused by LHIN restructuring",LHINs became Ontario Health Teams but I still don't get who actually coordinates my mom's care. Can someone explain?,ontario health teams vs LHIN caregiver coordination explained,newly aware and confused,5.0,navigating_healthcare_system,Navigating the Ontario healthcare system,Regenerated 2026-04-19
gen_1776625555_00382,Adult Child Caregiver (Under 50),support,commercial,find funded caregiver mental health programs,"burned-out adult child, full-time job, progressive parent decline",I'm stretched thin working full-time while watching my mom decline. Are there funded mental health programs specifically for caregivers in Ontario?,funded mental health support caregivers ontario,emotional and looking for support,5.0,navigating_healthcare_system,Navigating the Ontario healthcare system,Regenerated 2026-04-19
gen_1776625555_00383,Adult Child Caregiver (Under 50),research,commercial,compare private vs publicly funded home care Ontario,"adult child weighing options, parent needs daily help",Publicly funded home care feels too limited but private agencies are expensive. How do Ontario families actually bridge that gap?,private vs publicly funded home care ontario comparison,skeptical and comparing options,5.0,navigating_healthcare_system,Navigating the Ontario healthcare system,Regenerated 2026-04-19
gen_1776625555_00384,Adult Child Caregiver (Under 50),educational,informational,understand personal support worker eligibility Ontario,adult child unsure if parent qualifies for PSW hours,My father's declining but not bedridden. Does he actually qualify for a personal support worker through the public system in Ontario?,personal support worker eligibility ontario home care,skeptical and comparing options,5.0,navigating_healthcare_system,Navigating the Ontario healthcare system,Regenerated 2026-04-19
gen_1776625555_00385,Adult Child Caregiver (Under 50),research,informational,navigate caregiver workplace rights Ontario,"full-time employee, missing work for parent appointments",I keep burning vacation days for my mom's specialist appointments. What legal protections do Ontario employees have for caregiving leave?,caregiver leave rights ontario employment law,skeptical and comparing options,5.0,navigating_healthcare_system,Navigating the Ontario healthcare system,Regenerated 2026-04-19
gen_1776625555_00386,Adult Child Caregiver (Under 50),educational,informational,understand Ontario Health Team referral process,"adult child caregiver, parent with progressive illness, no care coordinator",Nobody's actually coordinating my dad's care between his GP and specialists. How do Ontario Health Teams assign a care coordinator?,Ontario Health Team care coordinator how to get one,frustrated and overwhelmed,5.0,navigating_healthcare_system,Navigating the Ontario healthcare system,Regenerated 2026-04-19
gen_1776625555_00387,Adult Child Caregiver (Under 50),navigational,navigational,escalate inadequate home care hours,"adult child, parent needs more PSW time than allocated",My mom got approved for two hours of home care a week — that's nowhere near enough. How do I formally appeal that in Ontario?,appeal home care hours decision Ontario,frustrated and overwhelmed,5.0,navigating_healthcare_system,Navigating the Ontario healthcare system,Regenerated 2026-04-19
gen_1776625555_00388,Adult Child Caregiver (Under 50),educational,informational,understand community support services eligibility,"adult child caregiver, parent in early decline, unsure what's available",My dad's declining but still fairly independent. What community services in Ontario can he actually get before things get critical?,Ontario community support services early stage elderly parent,practical and ready to act,5.0,navigating_healthcare_system,Navigating the Ontario healthcare system,Regenerated 2026-04-19
gen_1776625555_00389,Adult Child Caregiver (Under 50),navigational,navigational,navigate hospital discharge planning Ontario,"caregiver blindsided by sudden parent hospitalization, no plan in place","Dad's being discharged after a fall and I had zero notice. Who in Ontario is supposed to help plan this, and how do I reach them now?",Ontario hospital discharge planning caregiver support urgent,time-pressed and direct,5.0,navigating_healthcare_system,Navigating the Ontario healthcare system,Regenerated 2026-04-19
gen_1776625555_00390,Adult Child Caregiver (Under 50),research,commercial,compare private versus public home care Ontario,"adult child researching options, parent's needs increasing",Trying to figure out whether topping up public home care with a private agency is actually worth it in Ontario. What should I know?,top up public home care private agency Ontario worth it,practical and ready to act,5.0,navigating_healthcare_system,Navigating the Ontario healthcare system,Regenerated 2026-04-19
gen_1776625555_00391,Adult Child Caregiver (Under 50),support,informational,find caregiver coaching or navigation support,"overwhelmed adult child, no time for self-directed research",I don't have time to figure out the Ontario health system on my own. Is there someone who actually coaches caregivers through this stuff?,caregiver navigator coach Ontario health system,frustrated and overwhelmed,5.0,navigating_healthcare_system,Navigating the Ontario healthcare system,Regenerated 2026-04-19
gen_1776625555_00392,Spousal Caregiver,educational,informational,understand Ontario home care eligibility,"spouse doing more daily tasks, unsure what's available",My husband needs more help at home every month. How do I even find out if he qualifies for home care in Ontario?,Ontario home care eligibility how to apply,newly aware and confused,5.0,navigating_healthcare_system,Navigating the Ontario healthcare system,Regenerated 2026-04-19
gen_1776625555_00393,Spousal Caregiver,educational,informational,access Ontario Health Teams as caregiver,"spouse managing chronic illness, overwhelmed by system fragmentation","I keep getting bounced between my wife's specialists and her GP. Do Ontario Health Teams actually coordinate this, and how do I access them?",Ontario Health Teams how to access chronic illness coordination,newly aware and confused,5.0,navigating_healthcare_system,Navigating the Ontario healthcare system,Regenerated 2026-04-19
gen_1776625555_00394,Spousal Caregiver,support,navigational,find caregiver support groups Ontario,"spousal caregiver, isolated, doesn't label themselves caregiver",I spend most of my time looking after my wife and barely talk to anyone. Are there groups in Ontario for people in this situation?,caregiver support groups Ontario spouse,emotional and looking for support,5.0,navigating_healthcare_system,Navigating the Ontario healthcare system,Regenerated 2026-04-19
gen_1776625555_00395,Spousal Caregiver,navigational,navigational,request personal support worker Ontario,"spouse's needs increasing, first time navigating formal care",My husband's mobility has gotten worse and I can't do everything myself anymore. Who do I call to get a personal support worker arranged in Ontario?,how to get personal support worker Ontario home care,newly aware and confused,5.0,navigating_healthcare_system,Navigating the Ontario healthcare system,Regenerated 2026-04-19
gen_1776625555_00396,Spousal Caregiver,support,informational,understand caregiver burnout signs,"spousal caregiver, role intensifying over years, emotionally depleted",I love my husband but I'm exhausted all the time and feel nothing most days. Is this burnout and does it get worse if I ignore it?,caregiver burnout signs spouse long term exhaustion,emotional and looking for support,5.0,navigating_healthcare_system,Navigating the Ontario healthcare system,Regenerated 2026-04-19
gen_1776625555_00397,Spousal Caregiver,research,commercial,explore respite care options Ontario,"spousal caregiver needing a break, unsure what exists",I haven't had a day off in over a year. What respite care options actually exist in Ontario for someone caring for a spouse at home?,respite care options Ontario spousal caregiver at home,curious and exploratory,5.0,navigating_healthcare_system,Navigating the Ontario healthcare system,Regenerated 2026-04-19
gen_1776625555_00398,Spousal Caregiver,support,informational,navigate OHIP-covered mental health support,"caregiver struggling emotionally, worried about cost",I really need to talk to someone about how I'm coping but can't afford private therapy. What mental health support is covered under OHIP in Ontario?,OHIP covered mental health support Ontario free,emotional and looking for support,5.0,navigating_healthcare_system,Navigating the Ontario healthcare system,Regenerated 2026-04-19
gen_1776625555_00399,Spousal Caregiver,educational,informational,understand what a care coordinator does,"newly referred to care coordinator, spouse recently diagnosed",Someone from the hospital mentioned a care coordinator for my wife's discharge. I'm not sure what they actually do — can they help me too?,Ontario care coordinator role what do they do caregiver,newly aware and confused,5.0,navigating_healthcare_system,Navigating the Ontario healthcare system,Regenerated 2026-04-19
gen_1776625555_00400,Spousal Caregiver,research,navigational,find community services for aging spouse,"spouse declining slowly, caregiver doing research quietly",I'm trying to figure out what community programs exist near me for an aging spouse before things get worse. Where do I even start in Ontario?,community programs aging spouse Ontario local services,curious and exploratory,5.0,navigating_healthcare_system,Navigating the Ontario healthcare system,Regenerated 2026-04-19
gen_1776625555_00401,Spousal Caregiver,educational,informational,identify as caregiver and access help,"spouse doing everything for partner, never thought of themselves as caregiver",I just do what needs doing for my husband — I never called myself a caregiver. Does that label actually matter for getting support in Ontario?,do I need to identify as caregiver to get support Ontario,curious and exploratory,5.0,navigating_healthcare_system,Navigating the Ontario healthcare system,Regenerated 2026-04-19
gen_1776625555_00402,Spousal Caregiver,educational,informational,understand Ontario home care eligibility,"spousal caregiver, wife's needs increasing, unsure where to start",My wife needs more help than I can give alone. How does Ontario decide who gets funded home care services?,ontario funded home care eligibility assessment process,detail-oriented and planning ahead,5.0,navigating_healthcare_system,Navigating the Ontario healthcare system,Regenerated 2026-04-19
gen_1776625555_00403,Spousal Caregiver,educational,informational,decode Ontario Health Teams role,"spousal caregiver, confused by health system restructuring",I keep hearing about Ontario Health Teams but have no idea what they replaced or how they actually affect my husband's care.,ontario health teams what replaced LHIN how they work,newly aware and confused,5.0,navigating_healthcare_system,Navigating the Ontario healthcare system,Regenerated 2026-04-19
gen_1776625555_00404,Spousal Caregiver,navigational,navigational,find local community support services,"spousal caregiver, managing alone, unaware of available resources",I didn't realize there were community programs that could help at home. How do I find what's actually available in my area in Ontario?,find local community support services ontario home caregiver,newly aware and confused,5.0,navigating_healthcare_system,Navigating the Ontario healthcare system,Regenerated 2026-04-19
gen_1776625555_00405,Spousal Caregiver,commercial,commercial,apply for Ontario caregiver government benefits,"spousal caregiver, financially stretched, unaware of entitlements",I've been doing this for years and just found out there might be government benefits I'm missing. What financial programs exist in Ontario for this situation?,ontario government financial benefits programs spouse home caregiver,detail-oriented and planning ahead,5.0,navigating_healthcare_system,Navigating the Ontario healthcare system,Regenerated 2026-04-19
gen_1776625555_00406,Spousal Caregiver,support,navigational,access peer support for spousal caregivers,"spousal caregiver, isolated, doesn't self-identify as caregiver","I don't really see myself as a caregiver, just a husband doing what's needed. But I'm struggling — is peer support actually meant for someone like me?",peer support ontario spousal caregiver does not identify as caregiver,emotional and looking for support,5.0,navigating_healthcare_system,Navigating the Ontario healthcare system,Regenerated 2026-04-19
gen_1776625555_00407,Spousal Caregiver,educational,informational,plan ahead for worsening care needs,"spousal caregiver, wife's condition slowly progressing",My wife's condition is slowly getting worse. What should I be putting in place now through Ontario's health system before a crisis hits?,ontario home care planning progressive illness spouse caregiver,detail-oriented and planning ahead,5.0,navigating_healthcare_system,Navigating the Ontario healthcare system,Regenerated 2026-04-19
gen_1776625555_00408,Spousal Caregiver,support,informational,understand caregiver burnout warning signs,"spousal caregiver, role intensifying, emotionally depleted",I snapped at my husband last week and felt terrible. I think something in me is breaking down — how do I know if I need real help?,caregiver burnout warning signs spouse caregiver emotional breakdown,emotional and looking for support,5.0,navigating_healthcare_system,Navigating the Ontario healthcare system,Regenerated 2026-04-19
gen_1776625555_00409,Spousal Caregiver,research,informational,navigate hospital discharge planning process,"spousal caregiver, husband recently hospitalized, uncertain next steps",My husband is being discharged soon and I'm terrified about managing at home. What follow-up services can Ontario's health system arrange before he leaves hospital?,ontario hospital discharge home care follow up services arranged,emotional and looking for support,5.0,navigating_healthcare_system,Navigating the Ontario healthcare system,Regenerated 2026-04-19
gen_1776625555_00410,Adult Child Caregiver (50+),educational,informational,understand home care after hospital discharge,"adult child, parent being discharged, first time navigating system",Dad's being discharged next week and I have no idea how home care actually works in Ontario. Where do I start?,how to get home care after hospital discharge Ontario,newly aware and confused,5.0,navigating_healthcare_system,Navigating the Ontario healthcare system,Regenerated 2026-04-19
gen_1776625555_00411,Adult Child Caregiver (50+),educational,informational,find Ontario Health Teams explained simply,"adult child caregiver, heard term at hospital, confused by jargon",Someone at the hospital mentioned Ontario Health Teams. What are they and do they actually help family caregivers?,Ontario Health Teams explained family caregivers,newly aware and confused,5.0,navigating_healthcare_system,Navigating the Ontario healthcare system,Regenerated 2026-04-19
gen_1776625555_00412,Adult Child Caregiver (50+),navigational,transactional,request personal support worker through Ontario,"adult child, aging parent at home, needs daily help",My mother needs help with bathing and meals daily. How do I formally request a personal support worker through the province?,how to request personal support worker Ontario aging parent,detail-oriented and planning ahead,5.0,navigating_healthcare_system,Navigating the Ontario healthcare system,Regenerated 2026-04-19
gen_1776625555_00413,Adult Child Caregiver (50+),support,informational,understand caregiver rights at hospital discharge,"adult child, parent discharged too soon, feeling steamrolled",The hospital is rushing my father out and I don't think he's ready. Do family caregivers have any say in discharge timing in Ontario?,caregiver rights hospital discharge Ontario family involvement,newly aware and confused,5.0,navigating_healthcare_system,Navigating the Ontario healthcare system,Regenerated 2026-04-19
gen_1776625555_00414,Adult Child Caregiver (50+),research,informational,plan long-term care application process Ontario,"adult child, parent post-diagnosis, thinking months ahead",Mom was just diagnosed with dementia. I want to understand the long-term care application process in Ontario before we actually need it.,long term care application process Ontario dementia diagnosis,detail-oriented and planning ahead,5.0,navigating_healthcare_system,Navigating the Ontario healthcare system,Regenerated 2026-04-19
gen_1776625555_00415,Adult Child Caregiver (50+),commercial,commercial,access Ontario government caregiver benefit programs,"adult child, recently became primary caregiver, not sure what's available",I've become my dad's primary caregiver this month. What government programs or benefits in Ontario am I actually eligible for?,Ontario government caregiver benefits programs eligibility,curious and exploratory,5.0,navigating_healthcare_system,Navigating the Ontario healthcare system,Regenerated 2026-04-19
gen_1776625555_00416,Adult Child Caregiver (50+),research,informational,find community support services for seniors Ontario,"adult child, parent home alone while caregiver works",My father's alone during the day while I work. What community services in Ontario check on seniors or provide companionship?,community support services seniors Ontario daytime companionship,curious and exploratory,5.0,navigating_healthcare_system,Navigating the Ontario healthcare system,Regenerated 2026-04-19
gen_1776625555_00417,Adult Child Caregiver (50+),commercial,commercial,understand caregiver coaching programs Ontario,"adult child, six months into caregiving, feeling stuck and underprepared",Six months into caring for my mom and I still feel completely unprepared. Are there coaching programs in Ontario specifically for family caregivers?,caregiver coaching program Ontario family unpaid caregiver,detail-oriented and planning ahead,5.0,navigating_healthcare_system,Navigating the Ontario healthcare system,Regenerated 2026-04-19
gen_1776625555_00418,Adult Child Caregiver (50+),educational,informational,understand OHIP home care coverage,"adult child, parent post-surgery, cost uncertainty",Dad just had hip surgery and needs help at home. What does OHIP actually cover for home care in Ontario?,OHIP home care coverage Ontario after surgery,frustrated and overwhelmed,5.0,navigating_healthcare_system,Navigating the Ontario healthcare system,Regenerated 2026-04-19
gen_1776625555_00419,Adult Child Caregiver (50+),support,navigational,find caregiver peer support Ontario,"adult child caregiver, emotionally isolated, no local network",I'm caring for my mom alone and it's breaking me. Are there free peer support groups for family caregivers in Ontario?,free caregiver peer support groups Ontario,emotional and looking for support,5.0,navigating_healthcare_system,Navigating the Ontario healthcare system,Regenerated 2026-04-19
gen_1776625555_00420,Adult Child Caregiver (50+),educational,informational,decode Ontario Health Team role,"adult child, newly navigating discharge paperwork",My dad's discharge paperwork keeps mentioning a care coordinator. Who exactly is that and how do I reach them in Ontario?,Ontario care coordinator role hospital discharge contact,newly aware and confused,5.0,navigating_healthcare_system,Navigating the Ontario healthcare system,Regenerated 2026-04-19
gen_1776625555_00421,Adult Child Caregiver (50+),research,commercial,get respite care options Ontario,"adult child caregiver, no breaks, approaching burnout",I haven't had a day off in four months. What funded respite options exist for family caregivers in Ontario right now?,funded respite care options family caregivers Ontario,frustrated and overwhelmed,5.0,navigating_healthcare_system,Navigating the Ontario healthcare system,Regenerated 2026-04-19
gen_1776625555_00422,Adult Child Caregiver (50+),educational,informational,navigate long-term care waitlist Ontario,"adult child, parent deteriorating, unsure of process",Mom's needs are beyond what I can manage at home. How does the long-term care waitlist in Ontario actually work?,Ontario long term care waitlist process family caregiver,newly aware and confused,5.0,navigating_healthcare_system,Navigating the Ontario healthcare system,Regenerated 2026-04-19
gen_1776625555_00423,Adult Child Caregiver (50+),support,navigational,access mental health support for caregivers,"adult child caregiver, anxiety worsening, no therapist",Caregiving has tanked my own mental health. Is there free or low-cost mental health support specifically for caregivers in Ontario?,free mental health support caregivers Ontario,emotional and looking for support,5.0,navigating_healthcare_system,Navigating the Ontario healthcare system,Regenerated 2026-04-19
gen_1776625555_00424,Adult Child Caregiver (50+),navigational,informational,understand home and community care referral,"adult child, parent discharged, no referral received",Nobody at the hospital arranged home care before Dad left. How do I get a referral to Home and Community Care in Ontario?,how to get home and community care referral Ontario,frustrated and overwhelmed,5.0,navigating_healthcare_system,Navigating the Ontario healthcare system,Regenerated 2026-04-19
gen_1776625555_00425,Adult Child Caregiver (50+),research,commercial,find caregiver financial assistance Ontario,"adult child, reduced work hours, income drop",I cut my hours to care for my mother and money is tight. What financial assistance programs exist for family caregivers in Ontario?,financial assistance programs family caregivers Ontario,frustrated and overwhelmed,5.0,navigating_healthcare_system,Navigating the Ontario healthcare system,Regenerated 2026-04-19
gen_1776625555_00426,Adult Child Caregiver (50+),support,navigational,locate caregiver resources after diagnosis,"adult child, parent newly diagnosed, no guidance from doctor",My father was diagnosed with Parkinson's and the neurologist gave us nothing. Where do caregivers even go for support in Ontario?,caregiver support resources Ontario after Parkinsons diagnosis,emotional and looking for support,5.0,navigating_healthcare_system,Navigating the Ontario healthcare system,Regenerated 2026-04-19
gen_1776625555_00427,Adult Child Caregiver (50+),educational,informational,understand caregiver rights in Ontario hospitals,"adult child excluded from care decisions, parent hospitalized",Nurses keep leaving me out of conversations about Mom's care. Do family caregivers have formal rights inside Ontario hospitals?,family caregiver rights Ontario hospital care decisions,newly aware and confused,5.0,navigating_healthcare_system,Navigating the Ontario healthcare system,Regenerated 2026-04-19
gen_1776625555_00428,Adult Child Caregiver (50+),educational,informational,understand Ontario Health Team role post-discharge,"adult child caregiver, parent just discharged, overwhelmed by new terminology",Mom was discharged yesterday and everyone keeps mentioning an Ontario Health Team. What do they actually do for families?,Ontario Health Team role family caregiver after hospital discharge,frustrated and overwhelmed,5.0,navigating_healthcare_system,Navigating the Ontario healthcare system,Regenerated 2026-04-19
gen_1776625555_00429,Adult Child Caregiver (50+),support,commercial,find free caregiver coaching or guidance Ontario,"adult child caregiver, managing parent's care alone, ready to seek help",I need someone to walk me through my dad's care options. Is free caregiver coaching available anywhere in Ontario?,free caregiver coaching program Ontario unpaid family caregiver,practical and ready to act,5.0,navigating_healthcare_system,Navigating the Ontario healthcare system,Regenerated 2026-04-19
gen_1776625555_00430,Spousal Caregiver,educational,informational,recognize spousal caregiving role,"spouse doing more tasks, doesn't label it caregiving","I handle all my husband's appointments, medications, and meals now. Does that make me a caregiver or just a spouse?",am I a caregiver or just a spouse unpaid caregiving,curious and exploratory,5.0,caregiver_identity,Caregiver identity and self-recognition,Regenerated 2026-04-19
gen_1776625555_00431,Spousal Caregiver,educational,informational,understand what counts as caregiving,"gradual role increase, never used the word caregiver","What actually counts as caregiving? I thought it meant nursing homes, not helping your partner shower and get dressed.",what counts as caregiving unpaid family caregiver definition,curious and exploratory,5.0,caregiver_identity,Caregiver identity and self-recognition,Regenerated 2026-04-19
gen_1776625555_00432,Spousal Caregiver,research,informational,why caregiver self-identification matters,"spouse resists caregiver label, missing out on support",Why does it even matter if I call myself a caregiver? My wife needs help — I'm just her husband.,why caregiver self identification matters access support,curious and exploratory,5.0,caregiver_identity,Caregiver identity and self-recognition,Regenerated 2026-04-19
gen_1776625555_00433,Spousal Caregiver,navigational,navigational,find caregiver peer support groups Ontario,"isolated spousal caregiver, wants connection with similar people",Looking for a support group for people caring for a sick spouse in Ontario. Do these groups meet online too?,spousal caregiver support group Ontario online,emotional and looking for support,5.0,caregiver_identity,Caregiver identity and self-recognition,Regenerated 2026-04-19
gen_1776625555_00434,Spousal Caregiver,educational,informational,understand gradual caregiver role creep,"spouse's needs grew slowly, now overwhelmed",It happened so gradually I didn't notice. Now I do everything for him. Is there a name for when caregiving sneaks up on you?,caregiver role creep gradual intensification spouse,emotional and looking for support,5.0,caregiver_identity,Caregiver identity and self-recognition,Regenerated 2026-04-19
gen_1776625555_00435,Spousal Caregiver,support,informational,assess personal caregiver burnout level,spousal caregiver exhausted but still not self-identifying,"I'm exhausted, resentful, and running on empty. Is there a way to honestly assess how close I am to burning out?",caregiver burnout self assessment tool spouse,emotional and looking for support,5.0,caregiver_identity,Caregiver identity and self-recognition,Regenerated 2026-04-19
gen_1776625555_00436,Spousal Caregiver,educational,informational,plan ahead for increasing care demands,"spouse's condition progressing, caregiver planning next steps",My husband's condition is progressing slowly. What should I be planning now before caregiving gets even more demanding?,caregiver planning progressive illness spouse Ontario resources,detail-oriented and planning ahead,5.0,caregiver_identity,Caregiver identity and self-recognition,Regenerated 2026-04-19
gen_1776625555_00437,Spousal Caregiver,navigational,navigational,find caregiver coaching or mentorship Ontario,"spousal caregiver wanting structured guidance, not just venting",I don't need to vent — I need someone to actually coach me through caring for my spouse. What's available in Ontario?,caregiver coaching mentorship program Ontario unpaid,detail-oriented and planning ahead,5.0,caregiver_identity,Caregiver identity and self-recognition,Regenerated 2026-04-19
gen_1776625555_00438,Spousal Caregiver,support,informational,understand emotional impact of caregiver identity,"spouse grieving relationship change, not naming it caregiving",Our marriage feels completely different now that I manage everything for him. Is this grief something other caregiving spouses experience?,spousal caregiver grief relationship change identity loss,emotional and looking for support,5.0,caregiver_identity,Caregiver identity and self-recognition,Regenerated 2026-04-19
gen_1776625555_00439,Spousal Caregiver,navigational,navigational,locate caregiver helpline Ontario,overwhelmed spouse needing immediate human contact,I need to talk to someone today about what I'm going through with my husband. Is there a caregiver helpline in Ontario?,caregiver helpline Ontario phone support unpaid,emotional and looking for support,5.0,caregiver_identity,Caregiver identity and self-recognition,Regenerated 2026-04-19
gen_1776625555_00440,Spousal Caregiver,educational,informational,understand gradual caregiving role creep,"spouse doing more over time, no clear turning point",I've slowly taken over everything for my wife. At what point does 'being a good spouse' become something more?,when does helping spouse become caregiving role identity,curious and exploratory,5.0,caregiver_identity,Caregiver identity and self-recognition,Regenerated 2026-04-19
gen_1776625555_00441,Spousal Caregiver,navigational,navigational,find caregiver self-identification resources,"overwhelmed spouse, newly realizing caregiving role",I think I might finally be a caregiver and not just a husband. Where do I even start figuring that out?,caregiver self identification resources spouse Ontario,newly aware and confused,5.0,caregiver_identity,Caregiver identity and self-recognition,Regenerated 2026-04-19
gen_1776625555_00442,Young Caregiver (Under 26),educational,informational,recognize if I'm a caregiver,"teen helping sick parent, unsure of role","I cook, drive, and manage meds for my mom. Does that actually make me a caregiver?",am I a caregiver helping sick parent at home,newly aware and confused,5.0,caregiver_identity,Caregiver identity and self-recognition,Regenerated 2026-04-19
gen_1776625555_00443,Young Caregiver (Under 26),educational,informational,understand what counts as caregiving,"young adult, grandparent with dementia, no label for role",Nobody in my family calls it caregiving but I'm the one handling everything for my grandpa. What qualifies?,what counts as caregiving unpaid family responsibilities,newly aware and confused,5.0,caregiver_identity,Caregiver identity and self-recognition,Regenerated 2026-04-19
gen_1776625555_00444,Young Caregiver (Under 26),support,navigational,find young carer community or peers,"19-year-old, isolated, parent in crisis",I'm 19 and basically running my household since my dad got sick. Is there anyone my age going through this?,young carer peer support community under 25 Canada,emotional and looking for support,5.0,caregiver_identity,Caregiver identity and self-recognition,Regenerated 2026-04-19
gen_1776625555_00445,Young Caregiver (Under 26),educational,informational,why caregiver self-identification matters,"student caregiver, not accessing help, unaware of supports",Why does it even matter if I call myself a caregiver? I'm just helping my family.,why caregiver self identification matters access support,newly aware and confused,5.0,caregiver_identity,Caregiver identity and self-recognition,Regenerated 2026-04-19
gen_1776625555_00446,Young Caregiver (Under 26),navigational,navigational,locate teen caregiver resources Ontario,"high schooler, parent hospitalized, overwhelmed",I'm 16 and my mom was just hospitalized. Where do young carers in Ontario actually go for help?,teen caregiver resources Ontario high school,time-pressed and direct,5.0,caregiver_identity,Caregiver identity and self-recognition,Regenerated 2026-04-19
gen_1776625555_00447,Young Caregiver (Under 26),support,informational,cope with hidden caregiver role at school,"university student, hiding caregiving, burning out",I'm failing classes because I'm caring for my mom at home and nobody at school knows. What can I do?,student caregiver burnout university support options,emotional and looking for support,5.0,caregiver_identity,Caregiver identity and self-recognition,Regenerated 2026-04-19
gen_1776625555_00448,Young Caregiver (Under 26),support,commercial,understand young carer mental health impact,"young adult caregiver, anxiety rising, no outlet",Caring for my grandparent is wrecking my mental health and I don't know where to start. What's out there?,young carer mental health support anxiety Canada,emotional and looking for support,5.0,caregiver_identity,Caregiver identity and self-recognition,Regenerated 2026-04-19
gen_1776625555_00449,Young Caregiver (Under 26),research,transactional,confirm caregiving role to access programs,"22-year-old, needs proof of caregiver status for support program","Do I need to officially prove I'm a caregiver to access free support programs, or is self-identifying enough?",how to identify as caregiver access free programs Ontario,time-pressed and direct,5.0,caregiver_identity,Caregiver identity and self-recognition,Regenerated 2026-04-19
gen_1776625555_00450,Adult Child Caregiver (Under 50),educational,informational,recognize unofficial caregiving role,"adult child, managing parent's appointments and meds",I drive my mom to every appointment and manage her prescriptions. Does that actually make me a caregiver?,am I a caregiver managing parent appointments medications,newly aware and confused,5.0,caregiver_identity,Caregiver identity and self-recognition,Regenerated 2026-04-19
gen_1776625555_00451,Adult Child Caregiver (Under 50),educational,informational,understand what counts as caregiving,"working adult, helping aging parent with daily tasks",Nobody in my family calls what I do caregiving — it's just helping. Where's the line between helping and actually caregiving?,difference between helping parent and being a caregiver,newly aware and confused,5.0,caregiver_identity,Caregiver identity and self-recognition,Regenerated 2026-04-19
gen_1776625555_00452,Adult Child Caregiver (Under 50),educational,informational,validate sandwich generation caregiver identity,"mid-40s, raising kids and supporting declining parent",I'm raising two kids and managing my dad's care. Is there a name for people stuck doing both at once?,sandwich generation caregiver identity raising kids aging parent,frustrated and overwhelmed,5.0,caregiver_identity,Caregiver identity and self-recognition,Regenerated 2026-04-19
gen_1776625555_00453,Adult Child Caregiver (Under 50),navigational,navigational,find caregiver self-identification resources,"adult child, recently overwhelmed by parent's diagnosis",Just found out my mom has a progressive illness. How do I figure out if I'm now considered her caregiver?,how to know if you are a caregiver progressive illness parent,newly aware and confused,5.0,caregiver_identity,Caregiver identity and self-recognition,Regenerated 2026-04-19
gen_1776625555_00454,Adult Child Caregiver (Under 50),educational,informational,understand why caregiver self-labeling matters,"skeptical adult child, resists soft support framing",Why does it even matter if I call myself a caregiver? I'm just doing what any kid would do for their parent.,why does caregiver identity matter self-identifying unpaid caregiver,frustrated and overwhelmed,5.0,caregiver_identity,Caregiver identity and self-recognition,Regenerated 2026-04-19
gen_1776625555_00455,Adult Child Caregiver (Under 50),support,commercial,find support designed for hidden caregivers,"adult child who doesn't self-identify, isolated",I never thought of myself as a caregiver until recently. Are there programs specifically built for people who come to it late?,support programs for people who don't identify as caregivers,emotional and looking for support,5.0,caregiver_identity,Caregiver identity and self-recognition,Regenerated 2026-04-19
gen_1776625555_00456,Adult Child Caregiver (Under 50),support,informational,explore emotional weight of caregiver identity,"adult child, struggling with role shift with parent",Calling myself my dad's caregiver feels like admitting something I'm not ready for. Is that a common reaction?,emotional resistance to caregiver identity adult child parent decline,emotional and looking for support,5.0,caregiver_identity,Caregiver identity and self-recognition,Regenerated 2026-04-19
gen_1776625555_00457,Adult Child Caregiver (Under 50),research,informational,research what tasks define unpaid caregiving,adult child juggling part-time parent management,"I handle my parent's finances, groceries, and doctor calls but don't live with them. Does that count as caregiving?",unpaid caregiver tasks long distance parent finances groceries,newly aware and confused,5.0,caregiver_identity,Caregiver identity and self-recognition,Regenerated 2026-04-19
gen_1776625555_00458,Adult Child Caregiver (Under 50),navigational,navigational,locate caregiver identity quiz or screener,"adult child unsure of role, seeking quick clarity",Is there a quick checklist or quiz somewhere that helps you figure out if you're officially considered a caregiver?,caregiver identity checklist quiz am I a caregiver,newly aware and confused,5.0,caregiver_identity,Caregiver identity and self-recognition,Regenerated 2026-04-19
gen_1776625555_00459,Adult Child Caregiver (Under 50),educational,informational,understand career and identity conflict in caregiving,"under-50 professional, silently absorbing parent's care","I keep telling myself I'm just a son doing normal stuff, but I'm exhausted. When does it become a real caregiving situation?",when does helping aging parent become caregiving burnout signs,frustrated and overwhelmed,5.0,caregiver_identity,Caregiver identity and self-recognition,Regenerated 2026-04-19
gen_1776625555_00460,Adult Child Caregiver (Under 50),educational,informational,understand caregiving role without living together,"adult child, parent nearby but not co-located",My dad lives alone but I coordinate everything remotely. Do people in that situation typically identify as caregivers?,long distance caregiving parent identity unpaid caregiver,curious and exploratory,5.0,caregiver_identity,Caregiver identity and self-recognition,Regenerated 2026-04-19
gen_1776625555_00461,Adult Child Caregiver (Under 50),support,informational,recognize caregiving amid work and parenting,"sandwich generation, full-time job, young kids at home",Juggling a full-time job and two kids while managing mom's declining health — at what point does this become caregiving?,sandwich generation unpaid caregiver recognition work family,emotional and looking for support,5.0,caregiver_identity,Caregiver identity and self-recognition,Regenerated 2026-04-19
gen_1776625555_00462,Adult Child Caregiver (Under 50),navigational,navigational,find caregiver self-assessment tools,"adult child unsure of role, parent with progressive illness",Looking for a structured way to figure out if what I'm doing for my parent officially counts as caregiving.,caregiver self assessment tool unpaid caregiver Ontario,detail-oriented and planning ahead,5.0,caregiver_identity,Caregiver identity and self-recognition,Regenerated 2026-04-19
gen_1776625555_00463,Adult Child Caregiver (Under 50),educational,informational,understand why caregiver self-ID matters practically,"skeptical adult child, time-constrained, doing it all",What actually changes in practical terms when you start calling yourself a caregiver instead of just a concerned adult child?,benefits of identifying as caregiver unpaid support access,curious and exploratory,5.0,caregiver_identity,Caregiver identity and self-recognition,Regenerated 2026-04-19
gen_1776625555_00464,Adult Child Caregiver (Under 50),support,navigational,connect with others in same caregiving situation,"emotionally drained adult child, parent declining, no support network",I finally admitted I'm a caregiver and now feel completely alone in it. Where do people in this situation actually find each other?,caregiver peer support group adult child progressive illness,emotional and looking for support,5.0,caregiver_identity,Caregiver identity and self-recognition,Regenerated 2026-04-19
gen_1776625555_00465,Adult Child Caregiver (Under 50),research,informational,map caregiving tasks to formal role definition,"adult child managing medical, emotional, and logistical care","I handle medical appointments, emotional support, and finances for my parent. Which of those tasks formally define someone as an unpaid caregiver?",unpaid caregiver definition tasks qualify medical emotional financial,detail-oriented and planning ahead,5.0,caregiver_identity,Caregiver identity and self-recognition,Regenerated 2026-04-19
