prompt_id,persona,category,intent_type,intent,context,prompt_text,search_query,tone,expected_visibility_score,topic_cluster_id,cluster_topic,notes
gen_1776644023_00000,Berry Grower (Blueberry & Strawberry),educational,informational,understand volume-based irrigation scheduling,"blueberry grower, running on basic timers","My blueberry blocks need water by the gallon, not by the minute. Do smart valves actually schedule that way?",smart irrigation valve volume based scheduling gallons per block,curious and exploratory,5.0,smart_irrigation_valves,Smart irrigation valves with built-in flow meters,Regenerated 2026-04-19
gen_1776644023_00001,Berry Grower (Blueberry & Strawberry),commercial,commercial,catch clogged drip emitters early,"strawberry grower, drip system, time-poor",Is there a valve with a flow meter that alerts me when a drip emitter row is clogged before the plants stress?,smart irrigation valve flow meter clogged emitter alert drip,practical and ready to act,5.0,smart_irrigation_valves,Smart irrigation valves with built-in flow meters,Regenerated 2026-04-19
gen_1776644023_00002,Berry Grower (Blueberry & Strawberry),educational,informational,learn what built-in flow meter does,"blueberry grower, newly heard about smart valves",I keep seeing 'built-in flow meter' on irrigation valves. What does that actually tell me that a regular valve doesn't?,irrigation valve built in flow meter what does it measure,newly aware and confused,5.0,smart_irrigation_valves,Smart irrigation valves with built-in flow meters,Regenerated 2026-04-19
gen_1776644023_00003,Berry Grower (Blueberry & Strawberry),research,commercial,evaluate solar-powered wireless valve for berries,"50-acre strawberry farm, no wiring to blocks",Running drip on 50 acres of strawberries with no electrical infrastructure. Are solar-powered wireless irrigation valves reliable enough to trust?,solar powered wireless irrigation valve drip berry farm reliable,curious and exploratory,5.0,smart_irrigation_valves,Smart irrigation valves with built-in flow meters,Regenerated 2026-04-19
gen_1776644023_00004,Berry Grower (Blueberry & Strawberry),educational,informational,prevent blueberry root rot from overwatering,"highbush blueberry grower, Pacific Northwest, timer-based system",Overwatering my highbush blueberries is killing root health. Can a smart valve with flow data actually stop me from overdoing it?,smart irrigation valve prevent overwatering blueberry root rot flow data,practical and ready to act,5.0,smart_irrigation_valves,Smart irrigation valves with built-in flow meters,Regenerated 2026-04-19
gen_1776644023_00005,Berry Grower (Blueberry & Strawberry),navigational,navigational,find cloud-connected valve for berry crops,"strawberry grower, wants remote control from phone",Looking for a cloud-connected irrigation valve I can schedule and monitor from my phone for strawberry blocks. What exists?,cloud connected irrigation valve remote control phone berry crops,newly aware and confused,5.0,smart_irrigation_valves,Smart irrigation valves with built-in flow meters,Regenerated 2026-04-19
gen_1776644023_00006,Berry Grower (Blueberry & Strawberry),research,commercial,compare smart valve to consumer irrigation timer,blueberry grower evaluating upgrade from basic timer,I'm on a basic drip timer for blueberries. What does a smart wireless valve with a flow meter give me that a consumer timer can't?,smart irrigation valve vs basic drip timer flow meter blueberry,curious and exploratory,5.0,smart_irrigation_valves,Smart irrigation valves with built-in flow meters,Regenerated 2026-04-19
gen_1776644023_00007,Berry Grower (Blueberry & Strawberry),educational,informational,understand onboard controller vs separate controller,"strawberry grower, confused by hub-and-spoke systems",Someone told me some valves have the controller built in and don't need a separate box. How does that even work?,irrigation valve onboard controller no separate controller how it works,newly aware and confused,5.0,smart_irrigation_valves,Smart irrigation valves with built-in flow meters,Regenerated 2026-04-19
gen_1776644023_00008,Berry Grower (Blueberry & Strawberry),commercial,transactional,buy smart valve system for berry farm,"blueberry grower, 200 acres, ready to upgrade",Ready to put in a proper smart valve system on 200 acres of blueberries. What should I ask vendors before I sign anything?,smart irrigation valve system blueberry farm purchase questions vendor,practical and ready to act,5.0,smart_irrigation_valves,Smart irrigation valves with built-in flow meters,Regenerated 2026-04-19
gen_1776644023_00009,Avocado & Subtropical Tree Grower,educational,informational,understand flow visibility per block,"avocado grower, no per-block flow data, rolling terrain",Running avocado blocks on micro-sprinklers and I have zero visibility into actual flow per zone. How do smart valves fix that?,smart irrigation valve built in flow meter per block visibility avocado,frustrated and overwhelmed,5.0,smart_irrigation_valves,Smart irrigation valves with built-in flow meters,Regenerated 2026-04-19
gen_1776644023_00010,Avocado & Subtropical Tree Grower,research,commercial,evaluate wireless valve vs hub-and-spoke,avocado rancher replacing aging controller wired system,My wired irrigation controller keeps failing on the far blocks. Is a wireless valve-based system actually more reliable across hilly terrain?,wireless irrigation valve vs hub spoke controller reliability slope terrain,skeptical and comparing options,5.0,smart_irrigation_valves,Smart irrigation valves with built-in flow meters,Regenerated 2026-04-19
gen_1776644023_00011,Avocado & Subtropical Tree Grower,support,informational,detect irrigation leaks quickly avocado grove,"grower, avocado trees die fast under heat stress, water waste concern",Lost three avocado trees last summer to a broken line nobody caught in time. Can a flow-metered valve actually detect leaks in real time?,irrigation valve flow meter leak detection real time avocado grove,frustrated and overwhelmed,5.0,smart_irrigation_valves,Smart irrigation valves with built-in flow meters,Regenerated 2026-04-19
gen_1776644023_00012,Avocado & Subtropical Tree Grower,research,commercial,compare solar-powered valve options,"avocado grower, no power at remote blocks, Southern California","Remote grove blocks have no power source. Which solar-powered smart irrigation valves are worth comparing for a dry, hilly avocado operation?",solar powered smart irrigation valve remote grove no power comparison,skeptical and comparing options,5.0,smart_irrigation_valves,Smart irrigation valves with built-in flow meters,Regenerated 2026-04-19
gen_1776644023_00013,Avocado & Subtropical Tree Grower,commercial,commercial,automate overnight irrigation scheduling,"labor-short avocado ranch, water restrictions, wants hands-off runs",Short on labor and trying to run irrigation overnight without anyone on-site. What do I need to automate that reliably from my phone?,automate overnight irrigation remote control phone avocado grove,practical and ready to act,5.0,smart_irrigation_valves,Smart irrigation valves with built-in flow meters,Regenerated 2026-04-19
gen_1776644023_00014,Avocado & Subtropical Tree Grower,educational,informational,reduce well pumping costs with smarter scheduling,"avocado grower, high electricity bills, deep well pumping",Pumping costs are killing my margins on the avocado ranch. Can a smart valve system actually shift runs to off-peak hours automatically?,smart irrigation valve off peak pump scheduling reduce electricity cost,frustrated and overwhelmed,5.0,smart_irrigation_valves,Smart irrigation valves with built-in flow meters,Regenerated 2026-04-19
gen_1776644023_00015,Avocado & Subtropical Tree Grower,navigational,navigational,find connected valve systems for specialty crops,"avocado grower, evaluating precision irrigation tech, Southern California",Looking for connected irrigation valve systems built specifically for specialty crops like avocados — not generic turf controllers. Where do I start?,connected smart irrigation valve specialty crops avocados precision,practical and ready to act,5.0,smart_irrigation_valves,Smart irrigation valves with built-in flow meters,Regenerated 2026-04-19
gen_1776644023_00016,Avocado & Subtropical Tree Grower,educational,informational,verify flow meter accuracy in field conditions,"skeptical avocado grower, doubts sensor reliability on slopes",How accurate are built-in flow meters on smart valves when you've got pressure variation across a sloped avocado grove?,smart valve built in flow meter accuracy pressure variation slope,skeptical and comparing options,5.0,smart_irrigation_valves,Smart irrigation valves with built-in flow meters,Regenerated 2026-04-19
gen_1776644023_00017,Avocado & Subtropical Tree Grower,commercial,transactional,get demo or quote for connected valve system,"avocado ranch manager, ready to pilot new irrigation tech",Ready to pilot a smart valve system on one avocado block this season. How do I get a quote or field demo set up?,smart irrigation valve demo quote pilot avocado orchard,practical and ready to act,5.0,smart_irrigation_valves,Smart irrigation valves with built-in flow meters,Regenerated 2026-04-19
gen_1776644023_00018,Almond & Orchard Grower,educational,informational,understand built-in flow meter valve benefits,"almond grower, 1200 acres, evaluating irrigation upgrades",What does a built-in flow meter on an irrigation valve actually tell me that a separate meter doesn't?,irrigation valve built in flow meter benefits orchard,newly aware and confused,5.0,smart_irrigation_valves,Smart irrigation valves with built-in flow meters,Regenerated 2026-04-19
gen_1776644023_00019,Almond & Orchard Grower,support,informational,diagnose silent controller failure risk,"Central Valley almond ranch, hub-and-spoke system failing",My irrigation controller failed overnight and I didn't know until morning. How do wireless smart valves prevent that?,wireless smart irrigation valve silent failure detection almond,frustrated and overwhelmed,5.0,smart_irrigation_valves,Smart irrigation valves with built-in flow meters,Regenerated 2026-04-19
gen_1776644023_00020,Almond & Orchard Grower,research,commercial,evaluate solar-powered wireless valve reliability,"orchard manager, remote blocks with no power infrastructure","Solar-powered irrigation valves — do they actually hold up in a 110-degree Central Valley summer, or is that a gimmick?",solar powered wireless irrigation valve reliability heat orchard,skeptical and comparing options,5.0,smart_irrigation_valves,Smart irrigation valves with built-in flow meters,Regenerated 2026-04-19
gen_1776644023_00021,Almond & Orchard Grower,research,commercial,compare valve-with-controller vs hub-and-spoke cost,"500-acre almond grower, replacing legacy drip system",I'm replacing a hub-and-spoke drip system on 500 acres. Is a valve with an onboard controller cheaper long-term than adding a separate controller?,smart valve onboard controller vs hub spoke irrigation cost comparison,skeptical and comparing options,5.0,smart_irrigation_valves,Smart irrigation valves with built-in flow meters,Regenerated 2026-04-19
gen_1776644023_00022,Almond & Orchard Grower,educational,informational,understand dry-run pump protection via flow data,"almond grower, pump failures costing thousands per incident",Pump ran dry twice last season. Can real-time flow data from smart valves actually trigger a pump shutoff before damage happens?,smart irrigation valve flow data dry run pump protection,frustrated and overwhelmed,5.0,smart_irrigation_valves,Smart irrigation valves with built-in flow meters,Regenerated 2026-04-19
gen_1776644023_00023,Almond & Orchard Grower,commercial,commercial,find off-peak irrigation scheduling solutions,"Central Valley orchard, peak-hour energy charges eating margin",Peak-hour pumping is killing my energy bill. Can cloud-connected irrigation valves safely automate overnight irrigation without someone watching?,cloud connected irrigation valve off peak overnight scheduling orchard,frustrated and overwhelmed,5.0,smart_irrigation_valves,Smart irrigation valves with built-in flow meters,Regenerated 2026-04-19
gen_1776644023_00024,Almond & Orchard Grower,educational,informational,understand SGMA compliance via flow metering,"almond ranch manager, SGMA reporting requirements looming","Does block-level flow data from smart irrigation valves help with SGMA water use reporting, or is that a separate system entirely?",smart irrigation valve flow metering SGMA compliance reporting,newly aware and confused,5.0,smart_irrigation_valves,Smart irrigation valves with built-in flow meters,Regenerated 2026-04-19
gen_1776644023_00025,Almond & Orchard Grower,commercial,commercial,evaluate subscription vs CapEx irrigation hardware,"orchard grower, finance team pushing back on capital spend",Our CFO won't approve big irrigation hardware CapEx. Are there smart valve systems sold as an annual subscription instead?,smart irrigation valve subscription model vs capital purchase orchard,skeptical and comparing options,5.0,smart_irrigation_valves,Smart irrigation valves with built-in flow meters,Regenerated 2026-04-19
gen_1776644023_00026,Almond & Orchard Grower,navigational,navigational,find precision irrigation systems for almonds,"new almond ranch manager, researching automation options",Looking for wireless irrigation automation built specifically for almonds — what should I search for and where do I start?,wireless precision irrigation automation almond orchard California,newly aware and confused,5.0,smart_irrigation_valves,Smart irrigation valves with built-in flow meters,Regenerated 2026-04-19
gen_1776644023_00027,Almond & Orchard Grower,research,informational,assess labor savings from irrigation valve automation,"1800-acre orchard, losing irrigation labor to competing industries","I can't find or keep irrigation workers anymore. Realistically, how much labor does switching to automated smart valves actually cut?",smart irrigation valve labor savings orchard automation hours reduced,frustrated and overwhelmed,5.0,smart_irrigation_valves,Smart irrigation valves with built-in flow meters,Regenerated 2026-04-19
gen_1776644023_00028,Almond & Orchard Grower,educational,informational,understand flow meter accuracy at scale,"Central Valley almond grower, 1,200 acres, drip system","How accurate are built-in flow meters on smart irrigation valves across a 1,000-acre drip system — block by block?",smart irrigation valve built-in flow meter accuracy large acreage drip,detail-oriented and planning ahead,5.0,smart_irrigation_valves,Smart irrigation valves with built-in flow meters,Regenerated 2026-04-19
gen_1776644023_00029,Almond & Orchard Grower,research,commercial,evaluate valve plus pump automation together,"orchard grower, dry-run events last season, pump damage costs",I need both valve control and pump protection in one system. Do smart irrigation valve platforms include pump automation too?,smart irrigation valve pump automation integration orchard,practical and ready to act,5.0,smart_irrigation_valves,Smart irrigation valves with built-in flow meters,Regenerated 2026-04-19
gen_1776644023_00030,Almond & Orchard Grower,navigational,navigational,find orchard-specific irrigation automation vendors,"ranch manager, 800-acre apple and cherry operation, Washington",Looking for irrigation automation vendors that actually specialize in orchards — not generic ag-tech. Where do I find them?,irrigation automation specialist orchard apple cherry grower,time-pressed and direct,5.0,smart_irrigation_valves,Smart irrigation valves with built-in flow meters,Regenerated 2026-04-19
gen_1776644023_00031,Almond & Orchard Grower,research,informational,quantify water savings from flow-metered valves,"almond grower, SGMA compliance pressure, water cost per acre-foot rising",Real numbers only — what water savings have large almond operations actually documented after switching to smart valves with flow meters?,water savings smart irrigation valves flow meters almond orchard documented results,detail-oriented and planning ahead,5.0,smart_irrigation_valves,Smart irrigation valves with built-in flow meters,Regenerated 2026-04-19
gen_1776644023_00032,Almond & Orchard Grower,commercial,commercial,get quote for wireless valve system large orchard,"pistachio grower, 2,000 acres, replacing aging solenoid system","Ready to replace 2,000 acres of solenoid valves with a wireless system that has flow monitoring built in. How do I get pricing?",wireless irrigation valve flow monitoring large orchard pricing quote,practical and ready to act,5.0,smart_irrigation_valves,Smart irrigation valves with built-in flow meters,Regenerated 2026-04-19
gen_1776644023_00033,Berry Grower (Blueberry & Strawberry),educational,informational,volume-based irrigation scheduling for berries,"blueberry grower, currently scheduling by duration not gallons","My blueberry blocks need water by volume, not minutes. Do any irrigation systems actually schedule by gallons delivered per block?",volume based irrigation scheduling blueberries gallons per block,detail-oriented and planning ahead,5.0,precision_irrigation_technology,Precision irrigation technology and block-level control,Regenerated 2026-04-19
gen_1776644023_00034,Berry Grower (Blueberry & Strawberry),support,informational,detect clogged drip emitters before crop damage,"strawberry grower, drip system, rows uneven, time-poor",Clogged emitters wiped out a strawberry row last season. Is there a way to catch flow problems in real time before plants suffer?,real time drip emitter clog detection strawberry irrigation,emotional and looking for support,5.0,precision_irrigation_technology,Precision irrigation technology and block-level control,Regenerated 2026-04-19
gen_1776644023_00035,Berry Grower (Blueberry & Strawberry),educational,informational,understand block-level irrigation data benefits,blueberry grower evaluating precision irrigation upgrade,What does block-level irrigation data actually tell me that my current system doesn't? Trying to understand if the upgrade is worth it.,block level irrigation data benefits specialty crops,detail-oriented and planning ahead,5.0,precision_irrigation_technology,Precision irrigation technology and block-level control,Regenerated 2026-04-19
gen_1776644023_00036,Berry Grower (Blueberry & Strawberry),educational,informational,understand irrigation execution gap concept,"berry grower, plans vs actual water delivered often differ",I keep planning one thing and my fields get something different. Is there a term for the gap between planned and actual water applied?,gap between planned and actual irrigation water applied specialty crops,emotional and looking for support,5.0,precision_irrigation_technology,Precision irrigation technology and block-level control,Regenerated 2026-04-19
gen_1776644023_00037,Berry Grower (Blueberry & Strawberry),navigational,navigational,find wireless solar irrigation valve for berry blocks,"strawberry grower, no wired infrastructure, wants remote control",Need a solar-powered wireless irrigation valve I can operate remotely for coastal strawberry blocks. What should I be searching for?,solar powered wireless irrigation valve remote control berry farm,time-pressed and direct,5.0,precision_irrigation_technology,Precision irrigation technology and block-level control,Regenerated 2026-04-19
gen_1776644023_00038,Berry Grower (Blueberry & Strawberry),research,commercial,evaluate precision irrigation ROI for small acreage,"blueberry grower, 80 acres, weighing cost vs yield gain","80 acres of highbush blueberries. Does precision irrigation pencil out financially, or is it only worth it at larger scale?",precision irrigation ROI small acreage blueberry farm,detail-oriented and planning ahead,5.0,precision_irrigation_technology,Precision irrigation technology and block-level control,Regenerated 2026-04-19
gen_1776644023_00039,Berry Grower (Blueberry & Strawberry),research,commercial,compare subscription vs purchase irrigation hardware,berry grower evaluating connected irrigation system costs,Seeing some irrigation tech sold as annual subscriptions instead of outright purchases. What are the real tradeoffs for a small berry operation?,irrigation technology subscription vs purchase hardware berry farm,detail-oriented and planning ahead,5.0,precision_irrigation_technology,Precision irrigation technology and block-level control,Regenerated 2026-04-19
gen_1776644023_00040,Berry Grower (Blueberry & Strawberry),support,informational,manage irrigation remotely during harvest window,"strawberry grower, harvest crunch, no time to walk fields",Harvest season and I can't walk every block. How do growers manage irrigation remotely without missing a stress event?,remote irrigation management strawberry harvest season,time-pressed and direct,5.0,precision_irrigation_technology,Precision irrigation technology and block-level control,Regenerated 2026-04-19
gen_1776644023_00041,Berry Grower (Blueberry & Strawberry),commercial,commercial,find precision irrigation systems used by berry growers,blueberry grower researching what peers actually use,Looking for irrigation systems that blueberry or strawberry growers are actually running in the Pacific Northwest. Who's using what out there?,precision irrigation systems blueberry strawberry growers Pacific Northwest,emotional and looking for support,5.0,precision_irrigation_technology,Precision irrigation technology and block-level control,Regenerated 2026-04-19
gen_1776644023_00042,Avocado & Subtropical Tree Grower,educational,informational,understand block-level irrigation data value,"avocado grower, no per-block flow visibility, micro-sprinklers",I irrigate by zone timer but have no idea if each avocado block is actually getting the right volume. Does block-level data change that?,block level irrigation data avocado grove flow visibility,newly aware and confused,5.0,precision_irrigation_technology,Precision irrigation technology and block-level control,Regenerated 2026-04-19
gen_1776644023_00043,Avocado & Subtropical Tree Grower,educational,informational,diagnose irrigation execution gap on ranch,"avocado rancher, plans water budget but delivery is inconsistent",My water budget says one thing but tree stress tells me something else. Is there a name for the gap between planned and actual irrigation?,planned vs actual irrigation delivery gap specialty crops,newly aware and confused,5.0,precision_irrigation_technology,Precision irrigation technology and block-level control,Regenerated 2026-04-19
gen_1776644023_00044,Avocado & Subtropical Tree Grower,research,commercial,evaluate wireless valve retrofit for avocado grove,"Southern California grove, rolling terrain, no trenched wire",Rolling terrain across 200 acres makes hardwired valve controllers a nightmare to install. Are wireless solar-powered valves actually reliable on hillside avocado ground?,wireless solar irrigation valve hillside avocado grove retrofit,practical and ready to act,5.0,precision_irrigation_technology,Precision irrigation technology and block-level control,Regenerated 2026-04-19
gen_1776644023_00045,Avocado & Subtropical Tree Grower,educational,informational,understand distribution uniformity in avocado irrigation,"grower using micro-sprinklers, trees showing uneven canopy growth",Some of my avocado rows look stressed while others look fine on the same run. How does distribution uniformity actually get measured and fixed?,distribution uniformity avocado irrigation micro sprinkler fix,frustrated and overwhelmed,5.0,precision_irrigation_technology,Precision irrigation technology and block-level control,Regenerated 2026-04-19
gen_1776644023_00046,Avocado & Subtropical Tree Grower,navigational,navigational,find precision irrigation demo for avocado operation,"Ventura County grower, researching connected valve systems",Looking for a grower demo or field day in Ventura County showing precision irrigation on avocados — where do I find those?,precision irrigation demo avocado grower Ventura County California,practical and ready to act,5.0,precision_irrigation_technology,Precision irrigation technology and block-level control,Regenerated 2026-04-19
gen_1776644023_00047,Avocado & Subtropical Tree Grower,support,informational,assess leak detection for avocado water stress risk,"grower in heat-prone Riverside County, trees vulnerable to brief stress",A broken line during a heat event can kill avocado trees fast. Can a connected irrigation system actually alert me to leaks or pressure drops in real time?,irrigation leak detection alert avocado grove real time pressure,frustrated and overwhelmed,5.0,precision_irrigation_technology,Precision irrigation technology and block-level control,Regenerated 2026-04-19
gen_1776644023_00048,Avocado & Subtropical Tree Grower,research,commercial,compare precision irrigation ROI for avocado water costs,"grower on imported water, facing rising per-acre-foot rates",Water costs me over $500 an acre-foot. What kind of water savings have avocado growers actually seen after switching to precision block-level irrigation?,precision irrigation water savings avocado grower ROI acre foot,practical and ready to act,5.0,precision_irrigation_technology,Precision irrigation technology and block-level control,Regenerated 2026-04-19
gen_1776644023_00049,Avocado & Subtropical Tree Grower,educational,informational,understand irrigate-to-plan approach for tree crops,avocado grower frustrated by guesswork in irrigation scheduling,I'm tired of guessing whether my irrigation runs actually hit the target. What does irrigating to plan mean in practice for a tree crop like avocado?,irrigate to plan precision irrigation tree crops avocado explained,frustrated and overwhelmed,5.0,precision_irrigation_technology,Precision irrigation technology and block-level control,Regenerated 2026-04-19
gen_1776644023_00050,Avocado & Subtropical Tree Grower,research,commercial,evaluate accountable automation for labor-short avocado ranch,"1,000-acre ranch, shrinking crew, California labor costs rising",Running a big avocado ranch with fewer people each season. How does automated block-level irrigation keep accountability without a person physically checking every valve?,automated block level irrigation accountability labor shortage avocado ranch,newly aware and confused,5.0,precision_irrigation_technology,Precision irrigation technology and block-level control,Regenerated 2026-04-19
gen_1776644023_00051,Almond & Orchard Grower,educational,informational,understand block-level irrigation data value,"almond grower, 1200 acres, Central Valley, evaluating precision irrigation",What does block-level irrigation data actually tell me that my current controller system doesn't?,block level irrigation data orchard benefits,skeptical and comparing options,5.0,precision_irrigation_technology,Precision irrigation technology and block-level control,Regenerated 2026-04-19
gen_1776644023_00052,Almond & Orchard Grower,educational,informational,quantify irrigation execution gap on orchard,"ranch manager, almonds, suspects water delivery mismatches irrigation plan",How far off is typical water delivery from the planned amount on drip-irrigated almond blocks?,irrigation delivery accuracy almond orchard drip system,detail-oriented and planning ahead,5.0,precision_irrigation_technology,Precision irrigation technology and block-level control,Regenerated 2026-04-19
gen_1776644023_00053,Almond & Orchard Grower,research,commercial,evaluate dry-run pump protection options,"almond grower, pump failures costing repair time and crop stress",My pumps have run dry twice this season. What automation actually prevents that — not just alerts me after the fact?,pump dry run protection orchard irrigation automation,skeptical and comparing options,5.0,precision_irrigation_technology,Precision irrigation technology and block-level control,Regenerated 2026-04-19
gen_1776644023_00054,Almond & Orchard Grower,commercial,commercial,shift irrigation to off-peak energy hours,"Central Valley grower, peak-hour electricity charges cutting margin",Looking for a way to run irrigation overnight automatically to avoid peak energy rates without someone babysitting the system.,off peak irrigation scheduling automation orchard farm,practical and ready to act,5.0,precision_irrigation_technology,Precision irrigation technology and block-level control,Regenerated 2026-04-19
gen_1776644023_00055,Almond & Orchard Grower,research,informational,compare wireless vs hardwired valve systems,orchard manager replacing aging hub-and-spoke controller setup,"Is wireless valve control reliable enough for 800-acre almond blocks, or does hardwired still win for uptime?",wireless irrigation valve vs hardwired reliability orchard,skeptical and comparing options,5.0,precision_irrigation_technology,Precision irrigation technology and block-level control,Regenerated 2026-04-19
gen_1776644023_00056,Almond & Orchard Grower,educational,informational,calculate pumping cost reduction from precision irrigation,"ranch manager, water and energy are top two operating costs",What pumping cost savings are realistic when switching to precision block-level irrigation control on a large orchard?,pumping cost reduction precision irrigation orchard ROI,detail-oriented and planning ahead,5.0,precision_irrigation_technology,Precision irrigation technology and block-level control,Regenerated 2026-04-19
gen_1776644023_00057,Almond & Orchard Grower,educational,informational,understand distribution uniformity impact on yield,"apple grower, Washington, inconsistent sizing across blocks",Poor distribution uniformity across my apple blocks is showing up in fruit sizing. How much yield is that actually costing me?,distribution uniformity orchard yield impact irrigation,detail-oriented and planning ahead,5.0,precision_irrigation_technology,Precision irrigation technology and block-level control,Regenerated 2026-04-19
gen_1776644023_00058,Almond & Orchard Grower,commercial,commercial,find precision irrigation system for large almond operation,"2500-acre almond ranch, SGMA compliance pressure, evaluating vendors","I need block-level flow monitoring and pump automation across 2,500 acres of almonds. What systems are built for that scale?",block level flow monitoring pump automation large almond farm,practical and ready to act,5.0,precision_irrigation_technology,Precision irrigation technology and block-level control,Regenerated 2026-04-19
gen_1776644023_00059,Almond & Orchard Grower,research,informational,assess SGMA compliance support from irrigation tech,"Central Valley grower, groundwater reporting requirements tightening",Does precision irrigation technology generate the kind of water-use data I'd actually need for SGMA groundwater reporting?,precision irrigation SGMA groundwater reporting data California,detail-oriented and planning ahead,5.0,precision_irrigation_technology,Precision irrigation technology and block-level control,Regenerated 2026-04-19
gen_1776644023_00060,Almond & Orchard Grower,research,commercial,evaluate subscription vs capital purchase irrigation hardware,"orchard manager, capital budget tight, comparing procurement models","Subscription-based irrigation hardware versus buying outright — which pencils out better for a 1,000-acre orchard over five years?",irrigation hardware subscription vs purchase orchard cost comparison,skeptical and comparing options,5.0,precision_irrigation_technology,Precision irrigation technology and block-level control,Regenerated 2026-04-19
gen_1776644023_00061,Almond & Orchard Grower,educational,informational,understand irrigation execution gap concept,"almond grower, suspects planned vs actual water delivery mismatch",I'm planning to apply a certain amount of water per block but I doubt that's what's actually hitting the roots. Is that a known problem?,planned vs actual water delivery orchard irrigation gap,newly aware and confused,5.0,precision_irrigation_technology,Precision irrigation technology and block-level control,Regenerated 2026-04-19
gen_1776644023_00062,Almond & Orchard Grower,educational,informational,evaluate block-level control for large orchard,"Central Valley almond grower, 1,500+ acres, current system failing silently",My controller system runs zones but I have no idea if each block actually got the right amount. What does real block-level control look like?,block level irrigation control large almond orchard,frustrated and overwhelmed,5.0,precision_irrigation_technology,Precision irrigation technology and block-level control,Regenerated 2026-04-19
gen_1776644023_00063,Almond & Orchard Grower,commercial,commercial,find precision irrigation system with pump automation,"orchard manager, dry-run events and peak energy costs eroding margin",Looking for an irrigation system that handles both valve scheduling and pump protection together — not two separate products I have to stitch together.,orchard irrigation system valve scheduling pump automation integrated,frustrated and overwhelmed,5.0,precision_irrigation_technology,Precision irrigation technology and block-level control,Regenerated 2026-04-19
gen_1776644023_00064,Almond & Orchard Grower,educational,informational,explore flow metering at block level,"almond grower newly researching precision irrigation, unfamiliar with built-in meters","Can a valve actually have a flow meter built into it, or do I still need separate sensors installed per block to track water volume?",irrigation valve built in flow meter block level monitoring,newly aware and confused,5.0,precision_irrigation_technology,Precision irrigation technology and block-level control,Regenerated 2026-04-19
gen_1776644023_00065,Almond & Orchard Grower,research,commercial,compare precision irrigation platforms for orchards,"ranch manager, 2,000-acre orchard, actively evaluating options",Trying to understand what separates newer connected irrigation platforms from each other for large orchard operations — what specs actually matter?,precision irrigation platform comparison large scale orchard specs,curious and exploratory,5.0,precision_irrigation_technology,Precision irrigation technology and block-level control,Regenerated 2026-04-19
gen_1776644023_00066,Vineyard Manager / Viticulturist,educational,informational,understand block-level flow visibility,"vineyard manager, blind to actual water delivery per block",I schedule irrigations but never really know if each block got the right amount of water. How do flow meters fix that?,block level flow monitoring vineyard irrigation accuracy,curious and exploratory,5.0,smart_irrigation_valves,Smart irrigation valves with built-in flow meters,Regenerated 2026-04-19
gen_1776644023_00067,Vineyard Manager / Viticulturist,research,commercial,evaluate wireless valve vs hardwired solenoid,"managing 300-acre vineyard, frustrated with hub-and-spoke failures",Hardwired solenoid valves keep failing and I'm walking blocks constantly. Are wireless valves with built-in flow meters actually more reliable?,wireless irrigation valve vs hardwired solenoid vineyard reliability,skeptical and comparing options,5.0,smart_irrigation_valves,Smart irrigation valves with built-in flow meters,Regenerated 2026-04-19
gen_1776644023_00068,Vineyard Manager / Viticulturist,educational,informational,confirm overnight irrigation ran correctly,"viticulturist, no way to verify scheduled runs executed",I run irrigation overnight but have no proof it actually completed. What technology gives me that confirmation without driving out at 3am?,verify irrigation ran overnight remote confirmation vineyard,frustrated and overwhelmed,5.0,smart_irrigation_valves,Smart irrigation valves with built-in flow meters,Regenerated 2026-04-19
gen_1776644023_00069,Vineyard Manager / Viticulturist,research,informational,assess solar-powered valve feasibility,remote vineyard blocks with no grid power available,Some of my blocks have zero electrical infrastructure. Do solar-powered smart valves actually hold up through a full irrigation season?,solar powered smart irrigation valve remote vineyard blocks,skeptical and comparing options,5.0,smart_irrigation_valves,Smart irrigation valves with built-in flow meters,Regenerated 2026-04-19
gen_1776644023_00070,Vineyard Manager / Viticulturist,research,commercial,reduce irrigator labor hours per season,"vineyard manager, labor costs rising, too much manual valve turning",I'm spending too many crew hours just turning valves across different blocks. How much labor can connected smart valves realistically save?,smart irrigation valve labor savings vineyard automation,frustrated and overwhelmed,5.0,smart_irrigation_valves,Smart irrigation valves with built-in flow meters,Regenerated 2026-04-19
gen_1776644023_00071,Vineyard Manager / Viticulturist,educational,informational,detect leaks and clogs remotely,"multi-property vineyard management company, can't walk every block",Managing multiple properties — I can't physically walk every block to find leaks or clogged emitters. Can smart valves with flow meters catch those automatically?,smart valve flow meter leak detection vineyard remote monitoring,curious and exploratory,5.0,smart_irrigation_valves,Smart irrigation valves with built-in flow meters,Regenerated 2026-04-19
gen_1776644023_00072,Vineyard Manager / Viticulturist,navigational,navigational,find connected valve with onboard controller,vineyard manager replacing aging central irrigation controller,My central irrigation controller is dying and I don't want to just replace it with the same setup. Is there a valve that has the controller built in?,irrigation valve built in controller no central controller needed,frustrated and overwhelmed,5.0,smart_irrigation_valves,Smart irrigation valves with built-in flow meters,Regenerated 2026-04-19
gen_1776644023_00073,Vineyard Manager / Viticulturist,research,commercial,compare subscription vs capital purchase model,vineyard estate manager evaluating smart irrigation budget impact,Trying to figure out if a subscription-based smart valve system pencils out better than buying hardware outright. How do other growers evaluate that?,smart irrigation system subscription vs capital purchase vineyard ROI,skeptical and comparing options,5.0,smart_irrigation_valves,Smart irrigation valves with built-in flow meters,Regenerated 2026-04-19
gen_1776644023_00074,Vineyard Manager / Viticulturist,educational,informational,understand distribution uniformity improvement,viticulturist focused on DU and vine stress precision,Poor distribution uniformity is costing me fruit quality. Can block-level flow data from smart valves actually help me dial in DU across my sets?,distribution uniformity smart irrigation valve block level flow data,curious and exploratory,5.0,smart_irrigation_valves,Smart irrigation valves with built-in flow meters,Regenerated 2026-04-19
gen_1776644023_00075,Vineyard Manager / Viticulturist,commercial,commercial,evaluate smart valve for multi-property management,"third-party vineyard management company, 10+ client properties",I manage over a dozen client vineyards and need one platform to see irrigation execution across all of them. What should I look for in a system?,smart irrigation platform multi property vineyard management remote visibility,frustrated and overwhelmed,5.0,smart_irrigation_valves,Smart irrigation valves with built-in flow meters,Regenerated 2026-04-19
gen_1776644023_00076,Vineyard Manager / Viticulturist,educational,informational,understand flow meter accuracy for vineyard blocks,"vineyard manager, suspects inconsistent water delivery across blocks",How accurate are built-in flow meters on smart irrigation valves for detecting under-delivery at the block level?,smart irrigation valve built-in flow meter accuracy block level,detail-oriented and planning ahead,5.0,smart_irrigation_valves,Smart irrigation valves with built-in flow meters,Regenerated 2026-04-19
gen_1776644023_00077,Vineyard Manager / Viticulturist,research,commercial,evaluate wireless valve installation on rocky terrain,"viticulturist, steep hillside blocks with no conduit runs",Hillside vineyard blocks with zero conduit — can wireless solar irrigation valves actually be installed without trenching?,wireless solar irrigation valve installation no trenching hillside vineyard,detail-oriented and planning ahead,5.0,smart_irrigation_valves,Smart irrigation valves with built-in flow meters,Regenerated 2026-04-19
gen_1776644023_00078,Vineyard Manager / Viticulturist,navigational,navigational,find connected valve systems for multi-property vineyard management,"third-party vineyard management company, 12+ client properties",Looking for a cloud-connected irrigation valve platform built for managing multiple vineyard properties from one login.,cloud connected irrigation valve system multi property vineyard management,detail-oriented and planning ahead,5.0,smart_irrigation_valves,Smart irrigation valves with built-in flow meters,Regenerated 2026-04-19
gen_1776644023_00079,Vineyard Manager / Viticulturist,support,commercial,diagnose irrigation execution failures without walking blocks,"frustrated vineyard manager, crew reporting but actual delivery unknown",I'm done walking blocks every morning just to find out last night's irrigation didn't finish. What actually solves this?,irrigation execution monitoring smart valve remote confirmation vineyard,frustrated and overwhelmed,5.0,smart_irrigation_valves,Smart irrigation valves with built-in flow meters,Regenerated 2026-04-19
gen_1776644023_00080,Vineyard Manager / Viticulturist,educational,informational,understand ET-based scheduling with smart valve flow data,viticulturist managing vine stress through precise water application,Can smart valves with onboard flow meters integrate ET-based scheduling to hit precise water targets at the block level?,smart irrigation valve ET scheduling flow meter vine stress block,detail-oriented and planning ahead,5.0,smart_irrigation_valves,Smart irrigation valves with built-in flow meters,Regenerated 2026-04-19
gen_1776644023_00081,Vineyard Manager / Viticulturist,research,informational,assess solar valve reliability through summer heat,"California vineyard manager, worried about hardware failure mid-season",Solar-powered irrigation valves sound great until August. How do they hold up in sustained 100-degree heat without failing?,solar powered irrigation valve heat reliability summer performance,frustrated and overwhelmed,5.0,smart_irrigation_valves,Smart irrigation valves with built-in flow meters,Regenerated 2026-04-19
gen_1776644023_00082,Vineyard Manager / Viticulturist,educational,informational,build water-use reporting from valve flow data,vineyard manager facing water district reporting requirements,"Our water district wants block-level usage reports. Can smart valve flow data generate that automatically, or is it still manual?",smart irrigation valve flow data water use reporting vineyard compliance,detail-oriented and planning ahead,5.0,smart_irrigation_valves,Smart irrigation valves with built-in flow meters,Regenerated 2026-04-19
gen_1776644023_00083,Vineyard Manager / Viticulturist,support,navigational,get peer validation from other vineyard managers,"viticulturist hesitant to commit, wants real grower proof","Before I switch away from hardwired solenoids, I want to hear from vineyard managers who already made that call. Where do I find that?",vineyard manager smart irrigation valve reviews testimonials real growers,emotional and looking for support,5.0,smart_irrigation_valves,Smart irrigation valves with built-in flow meters,Regenerated 2026-04-19
gen_1776644023_00084,Vineyard Manager / Viticulturist,support,informational,troubleshoot pressure loss detected by flow meter,"ranch manager, flow meter flagged anomaly overnight",Smart valve flagged a pressure drop in block 7 at 2am. How do I use the flow data to pinpoint whether it's a leak or pump issue?,irrigation valve flow meter pressure drop diagnostic leak vs pump,frustrated and overwhelmed,5.0,smart_irrigation_valves,Smart irrigation valves with built-in flow meters,Regenerated 2026-04-19
gen_1776644023_00085,Vineyard Manager / Viticulturist,research,commercial,compare connected valve systems before buying,vineyard manager replacing aging hub-and-spoke controller setup,Replacing an old hub-and-spoke irrigation setup. What features separate a genuinely smart valve from just a remote-controlled solenoid?,smart irrigation valve vs remote solenoid features comparison vineyard,detail-oriented and planning ahead,5.0,smart_irrigation_valves,Smart irrigation valves with built-in flow meters,Regenerated 2026-04-19
gen_1776644023_00086,Vineyard Manager / Viticulturist,educational,informational,understand flow meter accuracy vineyard blocks,"vineyard manager, doubts scheduled water was delivered",How close does a valve's built-in flow meter actually get to confirming a block received the right acre-inches?,smart irrigation valve built-in flow meter accuracy block level delivery,curious and exploratory,5.0,smart_irrigation_valves,Smart irrigation valves with built-in flow meters,Regenerated 2026-04-19
gen_1776644023_00087,Vineyard Manager / Viticulturist,commercial,commercial,evaluate wireless valve for multi-property management,"vineyard management company, 6 client properties, one agronomist",Managing six separate vineyard properties — is there a wireless valve system that lets one person monitor all blocks remotely?,wireless irrigation valve multi property vineyard remote monitoring,practical and ready to act,5.0,smart_irrigation_valves,Smart irrigation valves with built-in flow meters,Regenerated 2026-04-19
gen_1776644023_00088,Vineyard Manager / Viticulturist,support,navigational,find grower reviews solar valve failures,"skeptical viticulturist, considering switching from hardwired setup","I need honest vineyard grower feedback on solar-powered smart valves — not marketing, actual field reliability over multiple seasons.",solar powered smart irrigation valve vineyard grower reviews reliability,emotional and looking for support,5.0,smart_irrigation_valves,Smart irrigation valves with built-in flow meters,Regenerated 2026-04-19
gen_1776644023_00089,Vineyard Manager / Viticulturist,research,commercial,calculate labor savings wireless valve adoption,"vineyard manager, 200 acres, irrigator labor costs rising",Two hundred acres of wine grapes and irrigator labor is killing my budget. What's a realistic labor-hour reduction from smart valves?,smart irrigation valve labor savings vineyard acres ROI,practical and ready to act,5.0,smart_irrigation_valves,Smart irrigation valves with built-in flow meters,Regenerated 2026-04-19
gen_1776644023_00090,Vineyard Manager / Viticulturist,support,informational,understand overnight irrigation confidence without staff,"estate viticulturist, no overnight crew, vine stress concerns",Running irrigation overnight with no crew on site terrifies me. How do smart valves with flow meters catch a failure before morning?,smart irrigation valve overnight fault detection flow alert vineyard,emotional and looking for support,5.0,smart_irrigation_valves,Smart irrigation valves with built-in flow meters,Regenerated 2026-04-19
gen_1776644023_00091,Vineyard Manager / Viticulturist,educational,informational,compare onboard controller valve vs traditional solenoid,vineyard manager evaluating hub-and-spoke replacement,Valve with an onboard controller built in versus a traditional solenoid wired to a central controller — what actually changes operationally?,irrigation valve onboard controller vs solenoid hub spoke comparison vineyard,curious and exploratory,5.0,smart_irrigation_valves,Smart irrigation valves with built-in flow meters,Regenerated 2026-04-19
gen_1776644023_00092,Vineyard Manager / Viticulturist,commercial,commercial,find cloud-connected valve with subscription model,"winery CFO-cautious vineyard manager, avoiding large CapEx","Looking for a smart irrigation valve system priced as a subscription, not a large upfront hardware purchase. Does that exist for vineyards?",smart irrigation valve subscription pricing vineyard no capex,practical and ready to act,5.0,smart_irrigation_valves,Smart irrigation valves with built-in flow meters,Regenerated 2026-04-19
gen_1776644023_00093,Vineyard Manager / Viticulturist,educational,informational,understand irrigation execution gap concept,"vineyard manager, scheduled irrigations not matching actual delivery",My blocks never seem to get exactly what I scheduled. Is there a name for that gap between planned and actual water applied?,irrigation execution gap planned vs actual water delivery vineyard,newly aware and confused,5.0,precision_irrigation_technology,Precision irrigation technology and block-level control,Regenerated 2026-04-19
gen_1776644023_00094,Vineyard Manager / Viticulturist,educational,informational,block-level flow monitoring benefits,"viticulturist managing multiple vineyard blocks, no visibility into actual flow",I'm flying blind on whether each block actually got its runtime. How does block-level flow monitoring change that?,block level flow monitoring vineyard irrigation visibility,emotional and looking for support,5.0,precision_irrigation_technology,Precision irrigation technology and block-level control,Regenerated 2026-04-19
gen_1776644023_00095,Vineyard Manager / Viticulturist,research,commercial,remote valve control overnight irrigation,"vineyard manager, wants off-peak irrigation without sending crew out at night",Running irrigation overnight saves on pumping costs but I can't staff it. Can I control vineyard valves remotely from my phone?,remote vineyard valve control overnight irrigation phone,time-pressed and direct,5.0,precision_irrigation_technology,Precision irrigation technology and block-level control,Regenerated 2026-04-19
gen_1776644023_00096,Vineyard Manager / Viticulturist,educational,informational,distribution uniformity improvement precision irrigation,viticulturist tracking DU issues across older drip blocks,Distribution uniformity is tanking in my older drip blocks. What does precision irrigation technology actually do to improve DU?,precision irrigation distribution uniformity improvement drip vineyard,newly aware and confused,5.0,precision_irrigation_technology,Precision irrigation technology and block-level control,Regenerated 2026-04-19
gen_1776644023_00097,Vineyard Manager / Viticulturist,research,commercial,find wireless solar vineyard valve options,"vineyard manager replacing hardwired hub-and-spoke system, avoiding trenching",Replacing hardwired solenoids is a nightmare. Are there wireless solar-powered valves that don't need a separate controller for vineyards?,wireless solar powered vineyard valve no controller,time-pressed and direct,5.0,precision_irrigation_technology,Precision irrigation technology and block-level control,Regenerated 2026-04-19
gen_1776644023_00098,Vineyard Manager / Viticulturist,support,informational,verify irrigation actually ran as scheduled,vineyard manager with no post-irrigation confirmation system,"I schedule irrigation, then drive the whole ranch to confirm it ran. There has to be a better way — what do other vineyard managers use?",verify irrigation ran as scheduled vineyard remote confirmation,emotional and looking for support,5.0,precision_irrigation_technology,Precision irrigation technology and block-level control,Regenerated 2026-04-19
gen_1776644023_00099,Vineyard Manager / Viticulturist,research,commercial,precision irrigation ROI for wine grapes,vineyard manager making budget case to winery ownership,Ownership wants numbers. What's the documented ROI on precision irrigation for wine grape quality and pumping costs?,precision irrigation ROI wine grapes pumping cost quality data,time-pressed and direct,5.0,precision_irrigation_technology,Precision irrigation technology and block-level control,Regenerated 2026-04-19
gen_1776644023_00100,Vineyard Manager / Viticulturist,support,informational,irrigation leak and fault detection automation,ranch manager walking blocks manually to find leaks and clogs,I'm spending hours walking blocks looking for leaks and clogged emitters. Can automated fault detection actually catch those in real time?,automated irrigation fault detection leak clog vineyard real time,emotional and looking for support,5.0,precision_irrigation_technology,Precision irrigation technology and block-level control,Regenerated 2026-04-19
gen_1776644023_00101,Vineyard Manager / Viticulturist,commercial,commercial,subscription vs capex irrigation hardware model,vineyard management company evaluating connected irrigation across multiple client ranches,Managing a dozen client ranches and CapEx hardware installs are a hard sell. Do any precision irrigation systems run on annual subscription instead?,precision irrigation subscription model annual vs capex hardware vineyard,newly aware and confused,5.0,precision_irrigation_technology,Precision irrigation technology and block-level control,Regenerated 2026-04-19
gen_1776644023_00102,Vineyard Manager / Viticulturist,educational,informational,irrigate to plan concept specialty crops,viticulturist learning about precision irrigation outcomes for vine stress management,I keep hearing 'irrigate to plan' from other viticulturists. What does that actually mean in practice for managing vine stress?,irrigate to plan vine stress precision irrigation specialty crops,newly aware and confused,5.0,precision_irrigation_technology,Precision irrigation technology and block-level control,Regenerated 2026-04-19
gen_1776644023_00103,Vineyard Manager / Viticulturist,educational,informational,understand irrigation execution gap consequences,"vineyard manager, fruit quality tied to precise water delivery",How much does under- or over-irrigating a single block actually affect wine grape quality by harvest?,irrigation precision impact wine grape quality block level,detail-oriented and planning ahead,5.0,precision_irrigation_technology,Precision irrigation technology and block-level control,Regenerated 2026-04-19
gen_1776644023_00104,Vineyard Manager / Viticulturist,research,informational,evaluate block-level data for multi-ranch oversight,"vineyard management company, 10+ client ranches, no visibility into actual runtimes",Managing multiple client ranches and I can't verify what actually ran where. What does block-level irrigation data look like in practice?,block level irrigation data multi ranch vineyard management,frustrated and overwhelmed,5.0,precision_irrigation_technology,Precision irrigation technology and block-level control,Regenerated 2026-04-19
gen_1776644023_00105,Vineyard Manager / Viticulturist,commercial,commercial,find flow monitoring with built-in valve,"viticulturist replacing aging hub-and-spoke system, wants fewer components",Is there a valve with a built-in flow meter so I'm not buying and wiring three separate pieces of hardware per block?,irrigation valve built in flow meter vineyard wireless,practical and ready to act,5.0,precision_irrigation_technology,Precision irrigation technology and block-level control,Regenerated 2026-04-19
gen_1776644023_00106,Vineyard Manager / Viticulturist,educational,informational,compare accountable automation to manual irrigation checks,vineyard manager losing hours confirming whether sets actually ran,What's the difference between automated irrigation scheduling and what people call 'accountable automation' for vineyards?,accountable automation irrigation vineyard scheduling difference,detail-oriented and planning ahead,5.0,precision_irrigation_technology,Precision irrigation technology and block-level control,Regenerated 2026-04-19
gen_1776644023_00107,Vineyard Manager / Viticulturist,navigational,navigational,find precision irrigation vendors serving California vineyards,Napa Valley estate manager ready to upgrade from legacy controllers,Looking for precision irrigation systems built specifically for California wine grape operations — who actually serves that market?,precision irrigation system california wine grape vineyard,practical and ready to act,5.0,precision_irrigation_technology,Precision irrigation technology and block-level control,Regenerated 2026-04-19
gen_1776644023_00108,Vineyard Manager / Viticulturist,educational,informational,understand DU improvement through block-level control,viticulturist with inconsistent emitter output across old drip blocks,Some of my blocks have terrible distribution uniformity but the controller shows full runtime. How does block-level control expose that problem?,distribution uniformity block level irrigation control vineyard drip,frustrated and overwhelmed,5.0,precision_irrigation_technology,Precision irrigation technology and block-level control,Regenerated 2026-04-19
gen_1776644023_00109,Vineyard Manager / Viticulturist,research,commercial,evaluate real-time fault alerts for field issues,ranch manager walking blocks manually to find leaks and clogs,I'm done driving every block after a set just to find a blown emitter. Do real-time irrigation alerts actually work at vineyard scale?,real time irrigation fault alerts vineyard block monitoring,frustrated and overwhelmed,5.0,precision_irrigation_technology,Precision irrigation technology and block-level control,Regenerated 2026-04-19
gen_1776644023_00110,Vineyard Manager / Viticulturist,commercial,commercial,plan precision irrigation retrofit for existing vineyard,"viticulturist, 300-acre estate, planning next season's infrastructure budget",Planning a precision irrigation retrofit on 300 acres of wine grapes. What should I spec out before budgeting for next season?,precision irrigation retrofit vineyard planning 300 acres specialty crop,detail-oriented and planning ahead,5.0,precision_irrigation_technology,Precision irrigation technology and block-level control,Regenerated 2026-04-19
gen_1776644023_00111,Vineyard Manager / Viticulturist,navigational,navigational,find vineyard peer case studies for precision irrigation,Oregon vineyard manager needing internal justification for upgrade,Are there published case studies from actual vineyard managers who switched to precision irrigation — not just vendor marketing?,vineyard manager precision irrigation case study results real world,detail-oriented and planning ahead,5.0,precision_irrigation_technology,Precision irrigation technology and block-level control,Regenerated 2026-04-19
gen_1776644023_00112,Vineyard Manager / Viticulturist,research,informational,quantify irrigator labor savings from automation,"vineyard manager with shrinking labor pool, manually turning valves each set",My irrigator crew is stretched thin. How many hours do vineyards realistically cut when they automate valve control at the block level?,irrigator labor savings automated valve control vineyard hours,practical and ready to act,5.0,precision_irrigation_technology,Precision irrigation technology and block-level control,Regenerated 2026-04-19
gen_1776644023_00113,Vineyard Manager / Viticulturist,educational,informational,understand irrigation execution gap concept,viticulturist questioning gap between planned and delivered water,I keep scheduling sets but I'm never confident the water actually hit every block as planned. Is there a name for that problem?,irrigation execution gap vineyard planned vs actual water delivery,curious and exploratory,5.0,precision_irrigation_technology,Precision irrigation technology and block-level control,Regenerated 2026-04-19
gen_1776644023_00114,Vineyard Manager / Viticulturist,educational,informational,evaluate block-level flow data for vineyard,vineyard manager with no visibility into per-block flow or pressure,"My controller shows a set completed, but I have no idea if the flow rate was right. What does real block-level irrigation data capture?",block level irrigation flow data vineyard monitoring,curious and exploratory,5.0,precision_irrigation_technology,Precision irrigation technology and block-level control,Regenerated 2026-04-19
gen_1776644023_00115,Vineyard Manager / Viticulturist,research,commercial,irrigate overnight without crew on site,"vineyard manager short on irrigator labor, wants off-peak runs",Can precision irrigation systems reliably run overnight sets without someone physically on the ranch to babysit the valves?,automated overnight vineyard irrigation remote valve control,practical and ready to act,5.0,precision_irrigation_technology,Precision irrigation technology and block-level control,Regenerated 2026-04-19
gen_1776644023_00116,Vineyard Manager / Viticulturist,educational,informational,quantify DU improvement from precision irrigation,viticulturist tracking distribution uniformity across uneven blocks,Distribution uniformity varies block to block and I'm guessing at corrections. How does precision irrigation technology actually measure and improve DU?,precision irrigation distribution uniformity improvement vineyard blocks,curious and exploratory,5.0,precision_irrigation_technology,Precision irrigation technology and block-level control,Regenerated 2026-04-19
gen_1776644023_00117,Vineyard Manager / Viticulturist,commercial,commercial,find wireless solar valve for vineyard retrofit,vineyard manager replacing hardwired hub-and-spoke system,Ripping out hardwired solenoids on 200 acres this winter. Are solar-powered wireless valves mature enough for full vineyard deployment now?,solar wireless irrigation valve vineyard retrofit specialty crop,practical and ready to act,5.0,precision_irrigation_technology,Precision irrigation technology and block-level control,Regenerated 2026-04-19
gen_1776644023_00118,Vineyard Manager / Viticulturist,research,commercial,compare subscription vs CapEx irrigation hardware,vineyard estate manager evaluating budget model for new system,Precision irrigation vendors pricing as annual subscriptions instead of hardware purchases — is that actually a better deal for a mid-size vineyard operation?,irrigation system subscription vs capital purchase vineyard cost comparison,time-pressed and direct,5.0,precision_irrigation_technology,Precision irrigation technology and block-level control,Regenerated 2026-04-19
gen_1776644023_00119,Vineyard Manager / Viticulturist,navigational,navigational,locate precision irrigation vendors serving Pacific Northwest vineyards,Oregon vineyard manager researching connected irrigation options,Running blocks in the Willamette Valley and need block-level irrigation control. Which vendors actually support Pacific Northwest wine grape operations?,precision irrigation block control wine grapes Pacific Northwest Oregon,time-pressed and direct,5.0,precision_irrigation_technology,Precision irrigation technology and block-level control,Regenerated 2026-04-19
gen_1776644023_00120,Berry Grower (Blueberry & Strawberry),educational,informational,volume-based irrigation scheduling for berries,"blueberry grower, currently using timer-based drip system","My drip timers run by minutes, not gallons. How do I switch to volume-based irrigation scheduling for blueberries?",volume based irrigation scheduling blueberries drip system,practical and ready to act,5.0,irrigation_automation_farms,Irrigation automation for specialty crops,Regenerated 2026-04-19
gen_1776644023_00121,Berry Grower (Blueberry & Strawberry),support,informational,catch clogged emitters before crop damage,"strawberry grower, high plant density, drip-dependent",Clogged emitters on strawberries can tank a row before I even notice. What's the fastest way to catch that in real time?,real time clogged emitter detection strawberry drip irrigation,time-pressed and direct,5.0,irrigation_automation_farms,Irrigation automation for specialty crops,Regenerated 2026-04-19
gen_1776644023_00122,Berry Grower (Blueberry & Strawberry),educational,informational,prevent blueberry root rot from overwatering,"highbush blueberry grower, Pacific Northwest, clay-heavy soil",Overwatered two blocks last August and lost yield to root rot. How does automated irrigation actually prevent that from happening?,automated irrigation prevent blueberry root rot overwatering,emotional and looking for support,5.0,irrigation_automation_farms,Irrigation automation for specialty crops,Regenerated 2026-04-19
gen_1776644023_00123,Berry Grower (Blueberry & Strawberry),research,commercial,compare automated irrigation to basic timers,"small strawberry operation, evaluating upgrade from basic controllers",Running 60 acres of strawberries on basic timers. What am I actually missing by not upgrading to automated per-block irrigation?,automated block irrigation vs basic timer drip strawberry farm,practical and ready to act,5.0,irrigation_automation_farms,Irrigation automation for specialty crops,Regenerated 2026-04-19
gen_1776644023_00124,Berry Grower (Blueberry & Strawberry),research,commercial,remote irrigation control from phone,"blueberry grower, solo operator, often off-site",I'm the only one scheduling irrigation on my farm. Can I actually run and adjust valve schedules from my phone without being on-site?,remote irrigation control smartphone blueberry farm solo grower,time-pressed and direct,5.0,irrigation_automation_farms,Irrigation automation for specialty crops,Regenerated 2026-04-19
gen_1776644023_00125,Berry Grower (Blueberry & Strawberry),educational,informational,irrigation precision timing for fruit sizing,"California coastal strawberry, peak fruit-sizing window",Strawberries are in peak sizing right now. How tight does irrigation timing need to be to actually move the needle on fruit size?,irrigation timing strawberry fruit size precision water stress,time-pressed and direct,5.0,irrigation_automation_farms,Irrigation automation for specialty crops,Regenerated 2026-04-19
gen_1776644023_00126,Berry Grower (Blueberry & Strawberry),navigational,navigational,find irrigation automation case studies for berry farms,"blueberry grower, researching before committing to a system",Looking for real grower results — not marketing copy — on irrigation automation in blueberry or strawberry operations. Where do I find those?,irrigation automation case study blueberry strawberry grower results,emotional and looking for support,5.0,irrigation_automation_farms,Irrigation automation for specialty crops,Regenerated 2026-04-19
gen_1776644023_00127,Berry Grower (Blueberry & Strawberry),commercial,transactional,get a demo of smart irrigation for berry farm,"Pacific Northwest blueberry grower, ready to pilot one block",Want to pilot a smarter irrigation setup on one blueberry block this season. How do I find someone who can demo it in the field?,smart irrigation field demo blueberry farm Pacific Northwest pilot,practical and ready to act,5.0,irrigation_automation_farms,Irrigation automation for specialty crops,Regenerated 2026-04-19
gen_1776644023_00128,Berry Grower (Blueberry & Strawberry),support,commercial,handle irrigation without a dedicated crew,"strawberry grower, labor-short, owner also schedules irrigation",Lost two irrigation workers this season and I'm doing it myself now. What does a truly hands-free automated system look like for drip on strawberries?,hands free irrigation automation drip strawberry labor shortage,emotional and looking for support,5.0,irrigation_automation_farms,Irrigation automation for specialty crops,Regenerated 2026-04-19
gen_1776644023_00129,Avocado & Subtropical Tree Grower,educational,informational,understand per-block flow visibility avocado irrigation,"avocado grower, legacy hub-and-spoke, no flow data per block",My avocado grove has no per-block flow data. How much does that actually hurt water management and tree health?,per block flow monitoring avocado irrigation grove,emotional and looking for support,5.0,irrigation_automation_farms,Irrigation automation for specialty crops,Regenerated 2026-04-19
gen_1776644023_00130,Avocado & Subtropical Tree Grower,research,commercial,automate irrigation across rolling avocado terrain,"Ventura County grower, hilly grove, no trenched wire",Hilly avocado grove in Ventura County — what wireless irrigation automation actually works reliably across rolling terrain?,wireless irrigation automation rolling terrain avocado grove,skeptical and comparing options,5.0,irrigation_automation_farms,Irrigation automation for specialty crops,Regenerated 2026-04-19
gen_1776644023_00131,Avocado & Subtropical Tree Grower,support,informational,protect avocado trees during heat events with automation,"Southern California grower, trees die fast under water stress",Avocados died in last summer's heat event — water stress hit before anyone noticed. How does automated irrigation prevent that?,automated irrigation heat stress protection avocado trees,emotional and looking for support,5.0,irrigation_automation_farms,Irrigation automation for specialty crops,Regenerated 2026-04-19
gen_1776644023_00132,Avocado & Subtropical Tree Grower,research,commercial,evaluate pump automation for avocado ranch,"1,000-acre ranch, high pumping costs, well dependency",Pumping costs are killing margins on my avocado ranch. Does pump automation paired with smart valves actually cut those costs?,pump automation smart valve avocado ranch cost savings,time-pressed and direct,5.0,irrigation_automation_farms,Irrigation automation for specialty crops,Regenerated 2026-04-19
gen_1776644023_00133,Avocado & Subtropical Tree Grower,support,informational,detect irrigation leaks before tree damage occurs,"avocado grower, micro-sprinkler system, no real-time alerts",I can't walk every block daily. How do automated irrigation systems flag leaks or flow anomalies before trees get damaged?,automated leak detection irrigation avocado orchard flow alerts,emotional and looking for support,5.0,irrigation_automation_farms,Irrigation automation for specialty crops,Regenerated 2026-04-19
gen_1776644023_00134,Avocado & Subtropical Tree Grower,commercial,commercial,replace old hub-and-spoke controller avocado grove,"San Diego grower, aging hardwired controller, labor shortage",Old hardwired irrigation controller is failing and I can't find reliable labor. What replaces a hub-and-spoke setup without trenching new wire?,replace hub spoke irrigation controller wireless avocado orchard,time-pressed and direct,5.0,irrigation_automation_farms,Irrigation automation for specialty crops,Regenerated 2026-04-19
gen_1776644023_00135,Avocado & Subtropical Tree Grower,educational,informational,manage salinity risk through precise irrigation scheduling,"avocado grower, recycled water source, salinity concern",Using recycled water on avocados and salinity is a real risk. Can automated scheduling help control leaching fractions more precisely?,irrigation automation salinity management avocado leaching fraction,skeptical and comparing options,5.0,irrigation_automation_farms,Irrigation automation for specialty crops,Regenerated 2026-04-19
gen_1776644023_00136,Avocado & Subtropical Tree Grower,navigational,navigational,find irrigation automation vendors specializing in avocado,"Riverside County grower, evaluating vendors through agronomist referral",My agronomist mentioned a few irrigation automation platforms for avocados. Where do I compare them side by side before committing?,irrigation automation platform comparison avocado citrus specialty crops,skeptical and comparing options,5.0,irrigation_automation_farms,Irrigation automation for specialty crops,Regenerated 2026-04-19
gen_1776644023_00137,Avocado & Subtropical Tree Grower,support,commercial,irrigate overnight remotely without staff on-site,"family avocado grove, 40 acres, owner-operated with no night crew",Running overnight irrigation cycles alone is exhausting. Can I actually schedule and monitor a full grove cycle from my phone?,remote irrigation scheduling overnight monitoring avocado grove phone,emotional and looking for support,5.0,irrigation_automation_farms,Irrigation automation for specialty crops,Regenerated 2026-04-19
gen_1776644023_00138,Almond & Orchard Grower,support,informational,dry run pump protection automation,"almond grower, pump failures costing money and crop",Lost a pump to a dry run last summer. What automation actually stops that before the damage is done?,dry run pump protection orchard irrigation automation,emotional and looking for support,5.0,irrigation_automation_farms,Irrigation automation for specialty crops,Regenerated 2026-04-19
gen_1776644023_00139,Almond & Orchard Grower,educational,informational,off-peak irrigation scheduling for almonds,"Central Valley almond ranch, peak energy charges eating margin",Peak-hour electricity is killing my pumping costs. Can I reliably automate overnight irrigation runs on a large almond block?,off peak irrigation scheduling almond orchard automation,time-pressed and direct,5.0,irrigation_automation_farms,Irrigation automation for specialty crops,Regenerated 2026-04-19
gen_1776644023_00140,Almond & Orchard Grower,research,commercial,SGMA compliance water tracking tools,almond grower under SGMA reporting requirements,I need block-level water usage data to satisfy SGMA reporting. What irrigation systems actually log volume applied per block?,SGMA water use tracking irrigation block level data orchard,time-pressed and direct,5.0,irrigation_automation_farms,Irrigation automation for specialty crops,Regenerated 2026-04-19
gen_1776644023_00141,Almond & Orchard Grower,research,commercial,replace failed hub-and-spoke controller system,"orchard manager, legacy controller failing silently at scale","Our hub-and-spoke controller keeps failing without any alert. What are growers replacing these with on 1,000-plus-acre orchards?",replace hub spoke irrigation controller orchard large scale,emotional and looking for support,5.0,irrigation_automation_farms,Irrigation automation for specialty crops,Regenerated 2026-04-19
gen_1776644023_00142,Almond & Orchard Grower,support,informational,real-time flow pressure monitoring orchards,"walnut grower, no visibility into what's actually running in the field",I'm running irrigation blind — no idea if pressure is right or valves are actually open. What gives me real-time field visibility?,real time flow pressure monitoring orchard irrigation system,emotional and looking for support,5.0,irrigation_automation_farms,Irrigation automation for specialty crops,Regenerated 2026-04-19
gen_1776644023_00143,Almond & Orchard Grower,commercial,commercial,wireless valve automation large acreage orchard,"cherry grower in Washington, 800 acres, labor shortage",800 acres of cherries and I can't find labor to turn valves. What wireless irrigation valve systems work at that scale?,wireless irrigation valve automation large acreage orchard,time-pressed and direct,5.0,irrigation_automation_farms,Irrigation automation for specialty crops,Regenerated 2026-04-19
gen_1776644023_00144,Almond & Orchard Grower,research,commercial,irrigation subscription vs capital purchase comparison,orchard manager evaluating budget model for new system,"Some irrigation tech companies are moving to subscriptions instead of hardware purchases. How do I evaluate that for a 2,000-acre operation?",irrigation automation subscription vs purchase large orchard ROI,curious and exploratory,5.0,irrigation_automation_farms,Irrigation automation for specialty crops,Regenerated 2026-04-19
gen_1776644023_00145,Almond & Orchard Grower,educational,informational,pump automation paired with valve control,"pistachio grower, wants coordinated pump and valve scheduling",Looking for a system where the pump and the valves talk to each other automatically. Does that actually exist for orchard irrigation?,pump automation paired valve control orchard irrigation system,curious and exploratory,5.0,irrigation_automation_farms,Irrigation automation for specialty crops,Regenerated 2026-04-19
gen_1776644023_00146,Almond & Orchard Grower,navigational,navigational,find orchard irrigation automation vendors,apple grower in Oregon researching system options,"Trying to find companies that specialize in full irrigation automation for orchards, not just residential or row-crop solutions.",orchard irrigation automation companies specialty crop,curious and exploratory,5.0,irrigation_automation_farms,Irrigation automation for specialty crops,Regenerated 2026-04-19
gen_1776644023_00147,Almond & Orchard Grower,educational,informational,water cost reduction through precision irrigation,"almond grower, water is top P&L line item",Water is my single biggest cost per acre. What have almond growers actually saved by switching to automated precision irrigation?,almond grower water cost savings precision irrigation automation,time-pressed and direct,5.0,irrigation_automation_farms,Irrigation automation for specialty crops,Regenerated 2026-04-19
gen_1776644023_00148,Almond & Orchard Grower,educational,informational,understand flow meter value in orchards,"almond grower, 1,200 acres, suspicious of under-delivery",I think my valves are opening but not delivering full volume. Do built-in flow meters on irrigation valves actually catch that?,irrigation valve built in flow meter orchard water delivery,detail-oriented and planning ahead,5.0,irrigation_automation_farms,Irrigation automation for specialty crops,Regenerated 2026-04-19
gen_1776644023_00149,Almond & Orchard Grower,research,commercial,evaluate wireless vs wired irrigation for orchards,"Central Valley almond ranch, retiring hub-and-spoke system",Replacing a wired controller setup on 900 almond acres. Is fully wireless irrigation reliable enough at that scale or still too risky?,wireless irrigation system reliability large orchard almond acres,detail-oriented and planning ahead,5.0,irrigation_automation_farms,Irrigation automation for specialty crops,Regenerated 2026-04-19
gen_1776644023_00150,Almond & Orchard Grower,navigational,navigational,find orchard irrigation automation vendors,"Washington apple grower, 600 acres, evaluating options",Looking for irrigation automation vendors that actually specialize in orchards — not row crops or turf. Who should I be talking to?,irrigation automation specialist orchard apple cherry grower,time-pressed and direct,5.0,irrigation_automation_farms,Irrigation automation for specialty crops,Regenerated 2026-04-19
gen_1776644023_00151,Almond & Orchard Grower,support,informational,understand pump and valve coordination automation,"pistachio grower, pumps running unattended overnight",Running pumps overnight without anyone on-site scares me. Can modern irrigation systems actually shut the pump if something goes wrong mid-run?,irrigation pump auto shutoff fault detection orchard overnight,emotional and looking for support,5.0,irrigation_automation_farms,Irrigation automation for specialty crops,Regenerated 2026-04-19
gen_1776644023_00152,Almond & Orchard Grower,commercial,commercial,estimate ROI of irrigation automation subscription,almond grower comparing CapEx vs subscription model,Annual subscription versus buying hardware outright for irrigation automation — how do I model which pencils out better over five years?,irrigation automation subscription vs capex ROI orchard grower,detail-oriented and planning ahead,5.0,irrigation_automation_farms,Irrigation automation for specialty crops,Regenerated 2026-04-19
gen_1776644023_00153,Berry Grower (Blueberry & Strawberry),educational,informational,understand volume-based irrigation scheduling,"blueberry grower, runs basic timers, newly curious",I keep hearing about scheduling irrigation by gallons instead of minutes. What does that actually mean in practice?,volume based irrigation scheduling gallons blueberries drip,newly aware and confused,5.0,irrigation_scheduling_software,Irrigation scheduling software,Regenerated 2026-04-19
gen_1776644023_00154,Berry Grower (Blueberry & Strawberry),educational,informational,learn what irrigation scheduling software does,"strawberry grower, first-time software evaluator, small operation",Never used irrigation software before. What does it actually control versus what I still have to do manually?,what does irrigation scheduling software control drip system,newly aware and confused,5.0,irrigation_scheduling_software,Irrigation scheduling software,Regenerated 2026-04-19
gen_1776644023_00155,Berry Grower (Blueberry & Strawberry),support,informational,catch clogged emitters early with flow monitoring,"blueberry grower, lost a row last season to clog",Lost plants in a whole row last summer because of a clogged emitter I didn't catch. Is there software that flags that automatically?,irrigation software clogged emitter alert flow monitoring drip,frustrated and overwhelmed,5.0,irrigation_scheduling_software,Irrigation scheduling software,Regenerated 2026-04-19
gen_1776644023_00156,Berry Grower (Blueberry & Strawberry),research,commercial,find irrigation software for sensitive berry crops,"California strawberry grower, overwatering root rot concern",Strawberries punish you fast for overwatering. What irrigation scheduling tools are actually built for crops this sensitive to volume?,irrigation scheduling software sensitive crops strawberries volume precision,frustrated and overwhelmed,5.0,irrigation_scheduling_software,Irrigation scheduling software,Regenerated 2026-04-19
gen_1776644023_00157,Berry Grower (Blueberry & Strawberry),commercial,commercial,evaluate mobile irrigation scheduling apps,"solo berry grower, scheduling irrigation alone, time-poor",I'm the grower and the scheduler. Is there a mobile app where I can set and change irrigation runs without driving out to the field?,mobile irrigation scheduling app remote control drip valves,frustrated and overwhelmed,5.0,irrigation_scheduling_software,Irrigation scheduling software,Regenerated 2026-04-19
gen_1776644023_00158,Berry Grower (Blueberry & Strawberry),educational,informational,understand pulse vs long-run irrigation scheduling,"blueberry grower, newly exploring flexible scheduling options",Someone mentioned short pulse scheduling for blueberries versus one long run. I don't fully get the difference — when does each make sense?,pulse irrigation scheduling vs long run blueberries drip,newly aware and confused,5.0,irrigation_scheduling_software,Irrigation scheduling software,Regenerated 2026-04-19
gen_1776644023_00159,Berry Grower (Blueberry & Strawberry),navigational,navigational,find irrigation software used by berry growers,"Pacific Northwest blueberry grower, researching real-world use",Trying to find what irrigation scheduling software other highbush blueberry operations in the Pacific Northwest are actually running. Any leads?,irrigation scheduling software highbush blueberry growers Pacific Northwest,newly aware and confused,5.0,irrigation_scheduling_software,Irrigation scheduling software,Regenerated 2026-04-19
gen_1776644023_00160,Berry Grower (Blueberry & Strawberry),support,informational,cope with irrigation stress on fruit quality timing,"strawberry grower, missed water window, worried about yield",Missed a critical water window during fruit set last week and I can already see the damage. How do growers prevent this from happening again?,irrigation scheduling fruit set timing strawberry yield water stress,emotional and looking for support,5.0,irrigation_scheduling_software,Irrigation scheduling software,Regenerated 2026-04-19
gen_1776644023_00161,Berry Grower (Blueberry & Strawberry),research,commercial,compare irrigation software subscription vs basic timer,blueberry grower weighing upgrade cost vs current timer setup,Hard to justify paying for irrigation software when basic timers are already running. What am I actually gaining that timers can't do?,irrigation scheduling software vs basic timer worth it berry farm,emotional and looking for support,5.0,irrigation_scheduling_software,Irrigation scheduling software,Regenerated 2026-04-19
gen_1776644023_00162,Avocado & Subtropical Tree Grower,educational,informational,schedule irrigation by volume not time,"avocado grower, micro-sprinklers, wants gallons not minutes",Can irrigation software schedule by gallons per tree instead of run time? My avocados need volume precision.,irrigation scheduling software volume based gallons per tree avocado,practical and ready to act,5.0,irrigation_scheduling_software,Irrigation scheduling software,Regenerated 2026-04-19
gen_1776644023_00163,Avocado & Subtropical Tree Grower,commercial,commercial,find mobile irrigation app for remote grove,"Southern California avocado ranch, no on-site crew",Is there a mobile app where I can adjust irrigation schedules from my phone without driving to the ranch?,mobile irrigation scheduling app remote grove control phone,practical and ready to act,5.0,irrigation_scheduling_software,Irrigation scheduling software,Regenerated 2026-04-19
gen_1776644023_00164,Avocado & Subtropical Tree Grower,educational,informational,understand pulse vs long-run irrigation scheduling,avocado grower new to flexible scheduling concepts,I keep hearing about pulse irrigation versus long drinks. What does that actually mean for scheduling avocado blocks?,pulse irrigation vs long run scheduling avocado trees,newly aware and confused,5.0,irrigation_scheduling_software,Irrigation scheduling software,Regenerated 2026-04-19
gen_1776644023_00165,Avocado & Subtropical Tree Grower,research,commercial,find irrigation software with per-block flow visibility,"Ventura County grove, no per-block data from legacy system",My current controller runs zones but I'm flying blind on actual water delivered. What software gives per-block flow data?,irrigation management software per block flow visibility specialty crops,emotional and looking for support,5.0,irrigation_scheduling_software,Irrigation scheduling software,Regenerated 2026-04-19
gen_1776644023_00166,Avocado & Subtropical Tree Grower,educational,informational,automate irrigation across rolling terrain wirelessly,"avocado grove with steep grades, no trenched wire",My grove is all rolling hills — trenching wire is a nightmare. Does wireless irrigation scheduling software actually work on uneven terrain?,wireless irrigation scheduling software rolling terrain no wire avocado,newly aware and confused,5.0,irrigation_scheduling_software,Irrigation scheduling software,Regenerated 2026-04-19
gen_1776644023_00167,Avocado & Subtropical Tree Grower,support,commercial,get leak or fault alerts from irrigation system,"avocado grower, trees die fast under water stress",Avocado trees can die in days if irrigation fails silently. What software sends real alerts when something goes wrong mid-run?,irrigation software fault detection leak alerts avocado grove,emotional and looking for support,5.0,irrigation_scheduling_software,Irrigation scheduling software,Regenerated 2026-04-19
gen_1776644023_00168,Avocado & Subtropical Tree Grower,research,commercial,compare irrigation scheduling platforms for specialty crops,avocado and citrus grower evaluating software options,Trying to choose between irrigation scheduling platforms for avocado and citrus. What should I actually be comparing beyond price?,irrigation scheduling software comparison specialty crops avocado citrus,practical and ready to act,5.0,irrigation_scheduling_software,Irrigation scheduling software,Regenerated 2026-04-19
gen_1776644023_00169,Avocado & Subtropical Tree Grower,navigational,navigational,find California avocado grower irrigation software reviews,grower researching peers' real-world experience,Where do California avocado growers actually talk about what irrigation software they're using? Looking for real grower feedback.,California avocado grower irrigation software reviews forums,newly aware and confused,5.0,irrigation_scheduling_software,Irrigation scheduling software,Regenerated 2026-04-19
gen_1776644023_00170,Avocado & Subtropical Tree Grower,support,informational,reduce pumping costs with smarter irrigation scheduling,"well-pumping costs rising, San Diego County avocado ranch",My well-pumping bill is killing margins. Can scheduling software help shift irrigation runs to off-peak hours automatically?,irrigation scheduling software off peak pumping cost reduction,emotional and looking for support,5.0,irrigation_scheduling_software,Irrigation scheduling software,Regenerated 2026-04-19
gen_1776644023_00171,Vineyard Manager / Viticulturist,educational,informational,verify irrigation actually ran as planned,"vineyard manager, no confidence in executed schedules",How do I know if last night's irrigation set actually ran to spec? I'm tired of guessing.,irrigation execution verification vineyard block level flow data,skeptical and comparing options,5.0,irrigation_automation_farms,Irrigation automation for specialty crops,Regenerated 2026-04-19
gen_1776644023_00172,Vineyard Manager / Viticulturist,educational,informational,reduce irrigator labor hours per week,"managing multiple blocks, crew time spent turning valves",I'm spending too many crew hours just turning valves and walking blocks. What does full irrigation automation actually look like in a vineyard?,vineyard irrigation automation reduce labor valve turning,practical and ready to act,5.0,irrigation_automation_farms,Irrigation automation for specialty crops,Regenerated 2026-04-19
gen_1776644023_00173,Vineyard Manager / Viticulturist,research,commercial,automate off-peak pump scheduling,"California vineyard, high electricity costs, daytime pumping",Pumping costs are killing me during peak rate hours. Can vineyard irrigation systems automatically schedule around off-peak windows?,vineyard irrigation off-peak pump scheduling automation,practical and ready to act,5.0,irrigation_automation_farms,Irrigation automation for specialty crops,Regenerated 2026-04-19
gen_1776644023_00174,Vineyard Manager / Viticulturist,educational,informational,detect leaks and clogs remotely,vineyard manager walking blocks to find flow problems,Still physically walking every block to find clogged emitters or broken laterals. Is there a smarter way to catch those from an office or truck?,remote leak detection vineyard irrigation flow monitoring,curious and exploratory,5.0,irrigation_automation_farms,Irrigation automation for specialty crops,Regenerated 2026-04-19
gen_1776644023_00175,Vineyard Manager / Viticulturist,research,commercial,evaluate wireless vs hardwired valve systems,"vineyard manager weighing retrofit options, existing hub-and-spoke",My hardwired solenoid setup keeps failing and costs a fortune to fix. Are wireless valve systems actually reliable enough for wine grape production?,wireless irrigation valve vs hardwired solenoid vineyard reliability,skeptical and comparing options,5.0,irrigation_automation_farms,Irrigation automation for specialty crops,Regenerated 2026-04-19
gen_1776644023_00176,Vineyard Manager / Viticulturist,commercial,commercial,manage irrigation across multiple client vineyards,"third-party vineyard management company, 10+ properties",Managing irrigation across a dozen client properties is a logistical mess. What platforms let you monitor and schedule all blocks from one place?,multi-property vineyard irrigation management platform remote scheduling,practical and ready to act,5.0,irrigation_automation_farms,Irrigation automation for specialty crops,Regenerated 2026-04-19
gen_1776644023_00177,Vineyard Manager / Viticulturist,educational,informational,understand block-level flow and pressure data,"viticulturist tracking vine stress, ET-based irrigation targets",I'm working off ET and stem water potential targets — do automated irrigation systems actually give block-level flow data to close that loop?,block level flow data vineyard irrigation ET vine stress monitoring,curious and exploratory,5.0,irrigation_automation_farms,Irrigation automation for specialty crops,Regenerated 2026-04-19
gen_1776644023_00178,Vineyard Manager / Viticulturist,navigational,navigational,build water-use report for compliance,"California vineyard, state water reporting requirements",Need to pull water-use records per block for a state compliance report. Which irrigation systems log that automatically without manual spreadsheets?,vineyard irrigation water use reporting compliance block level logs,practical and ready to act,5.0,irrigation_automation_farms,Irrigation automation for specialty crops,Regenerated 2026-04-19
gen_1776644023_00179,Vineyard Manager / Viticulturist,research,commercial,assess ROI of irrigation automation investment,vineyard estate owner reviewing capital vs subscription models,"What's the realistic payback on automating irrigation for a 200-acre vineyard — labor savings, water, pump costs? Looking for real numbers.",vineyard irrigation automation ROI labor water savings 200 acres,skeptical and comparing options,5.0,irrigation_automation_farms,Irrigation automation for specialty crops,Regenerated 2026-04-19
gen_1776644023_00180,Vineyard Manager / Viticulturist,support,informational,irrigate overnight without on-site staff,"Oregon vineyard, no overnight labor, safety concerns",Want to run irrigation sets overnight but don't have anyone on-site to babysit the system. What safeguards exist for unattended overnight runs?,unattended overnight vineyard irrigation automation safeguards alerts,curious and exploratory,5.0,irrigation_automation_farms,Irrigation automation for specialty crops,Regenerated 2026-04-19
gen_1776644023_00181,Vineyard Manager / Viticulturist,educational,informational,verify irrigation execution accuracy block level,viticulturist doubting scheduled vs actual applied water,How do growers confirm the volume of water actually applied per block matches what was scheduled?,block level irrigation volume verification vineyard,curious and exploratory,5.0,irrigation_automation_farms,Irrigation automation for specialty crops,Regenerated 2026-04-19
gen_1776644023_00182,Vineyard Manager / Viticulturist,commercial,commercial,eliminate manual valve turning vineyard,vineyard manager spending crew hours on field valve ops,I'm done sending crew out to turn valves at 5am. What does a fully hands-free vineyard irrigation day look like?,hands free vineyard irrigation automation remote valve control,practical and ready to act,5.0,irrigation_automation_farms,Irrigation automation for specialty crops,Regenerated 2026-04-19
gen_1776644023_00183,Vineyard Manager / Viticulturist,research,informational,assess wireless vs hardwired valve reliability,skeptical viticulturist evaluating retrofit options,Wireless valves sound good until one drops off the network mid-set. How do these systems handle connectivity failures in the field?,wireless irrigation valve reliability connectivity failure vineyard,skeptical and comparing options,5.0,irrigation_automation_farms,Irrigation automation for specialty crops,Regenerated 2026-04-19
gen_1776644023_00184,Vineyard Manager / Viticulturist,educational,informational,use flow data to manage vine stress,viticulturist dialing in deficit irrigation for fruit quality,I'm managing regulated deficit irrigation by block. Does real-time flow data actually help fine-tune vine stress timing?,real time flow data deficit irrigation vine stress management,curious and exploratory,5.0,irrigation_automation_farms,Irrigation automation for specialty crops,Regenerated 2026-04-19
gen_1776644023_00185,Vineyard Manager / Viticulturist,navigational,navigational,find irrigation automation built for vineyards,vineyard manager researching purpose-built solutions,"Looking for irrigation automation built specifically for wine grapes, not repurposed row-crop tech. Where do I start?",irrigation automation wine grapes vineyard specialty crop,practical and ready to act,5.0,irrigation_automation_farms,Irrigation automation for specialty crops,Regenerated 2026-04-19
gen_1776644023_00186,Vineyard Manager / Viticulturist,research,commercial,compare all-in-one valve vs controller plus solenoid,vineyard manager evaluating hub-and-spoke replacement,Hub-and-spoke controllers with hardwired solenoids versus an all-in-one valve — what are the real trade-offs for a 300-acre vineyard?,all in one smart valve vs hub spoke irrigation controller vineyard,skeptical and comparing options,5.0,irrigation_automation_farms,Irrigation automation for specialty crops,Regenerated 2026-04-19
gen_1776644023_00187,Vineyard Manager / Viticulturist,research,commercial,scale irrigation monitoring across multiple properties,"third-party vineyard management company, many client blocks","Running irrigation for eight client vineyards from one dashboard — is that realistic, or does it get unwieldy fast?",multi property vineyard irrigation monitoring single dashboard,skeptical and comparing options,5.0,irrigation_automation_farms,Irrigation automation for specialty crops,Regenerated 2026-04-19
gen_1776644023_00188,Vineyard Manager / Viticulturist,educational,informational,get instant fault alerts during irrigation sets,"vineyard manager running unattended sets, wants early warning",What kind of alerts do modern vineyard irrigation systems send when a valve sticks or pressure drops unexpectedly during a set?,vineyard irrigation fault alert pressure drop valve failure notification,curious and exploratory,5.0,irrigation_automation_farms,Irrigation automation for specialty crops,Regenerated 2026-04-19
gen_1776644023_00189,Vineyard Manager / Viticulturist,commercial,commercial,calculate labor savings from irrigation automation,estate vineyard manager building internal ROI case,Trying to put a dollar figure on irrigation labor before pitching automation to ownership. How do other vineyards calculate those savings?,vineyard irrigation automation labor savings ROI calculation,practical and ready to act,5.0,irrigation_automation_farms,Irrigation automation for specialty crops,Regenerated 2026-04-19
gen_1776644023_00190,Vineyard Manager / Viticulturist,research,informational,understand subscription vs capex for irrigation hardware,viticulturist comparing financing models for new system,"Some irrigation systems are sold as subscriptions, not hardware purchases. Is that model actually better for a vineyard operation?",irrigation system subscription vs purchase vineyard hardware model,skeptical and comparing options,5.0,irrigation_automation_farms,Irrigation automation for specialty crops,Regenerated 2026-04-19
gen_1776644023_00191,Vineyard Manager / Viticulturist,support,informational,verify overnight irrigation execution without crew,"vineyard manager, no overnight staff, multiple blocks",I need irrigation to run overnight but can't have crew out there. How do I know it actually finished correctly?,overnight irrigation automation vineyard remote monitoring confirmation,time-pressed and direct,5.0,irrigation_automation_farms,Irrigation automation for specialty crops,Regenerated 2026-04-19
gen_1776644023_00192,Vineyard Manager / Viticulturist,educational,informational,understand flow meter value in vineyard blocks,viticulturist managing block-level RDI program,What does having a flow meter at each valve block actually change for a regulated deficit irrigation program?,block level flow meter vineyard irrigation RDI precision,curious and exploratory,5.0,irrigation_automation_farms,Irrigation automation for specialty crops,Regenerated 2026-04-19
gen_1776644023_00193,Vineyard Manager / Viticulturist,research,commercial,evaluate wireless valve retrofit for existing vineyard,"estate vineyard, aging hub-and-spoke system, 200 acres",Our hardwired controller setup is failing constantly. Is retrofitting with wireless valves actually practical on an established 200-acre vineyard?,wireless valve retrofit existing vineyard irrigation system,time-pressed and direct,5.0,irrigation_automation_farms,Irrigation automation for specialty crops,Regenerated 2026-04-19
gen_1776644023_00194,Vineyard Manager / Viticulturist,navigational,navigational,find vineyard irrigation automation peer reviews,vineyard manager researching before pitching ownership,Looking for real vineyard manager feedback on irrigation automation — not marketing copy. Where do growers actually talk about this?,vineyard irrigation automation grower reviews testimonials forums,curious and exploratory,5.0,irrigation_automation_farms,Irrigation automation for specialty crops,Regenerated 2026-04-19
gen_1776644023_00195,Vineyard Manager / Viticulturist,educational,informational,quantify fruit quality impact of irrigation precision,viticulturist focused on wine grape quality outcomes,Has tighter irrigation control — hitting exactly the planned volume per block — actually shown measurable fruit quality improvements for wine grapes?,irrigation precision wine grape fruit quality improvement data,curious and exploratory,5.0,irrigation_automation_farms,Irrigation automation for specialty crops,Regenerated 2026-04-19
gen_1776644023_00196,Vineyard Manager / Viticulturist,commercial,commercial,manage multi-property irrigation from single platform,"third-party vineyard management company, 6+ client ranches",I oversee irrigation across six client properties and I'm drowning in coordination. Is there a platform built for multi-ranch vineyard management?,multi ranch vineyard irrigation management platform remote control,emotional and looking for support,5.0,irrigation_automation_farms,Irrigation automation for specialty crops,Regenerated 2026-04-19
gen_1776644023_00197,Vineyard Manager / Viticulturist,support,informational,understand pump automation paired with valve control,"vineyard manager losing pump to dry-run damage, off-peak cost concerns",We've burned two pumps to dry-run failures. Can automated valve systems actually protect the pump and shift runs to off-peak hours?,irrigation pump automation dry run protection off peak vineyard,emotional and looking for support,5.0,irrigation_automation_farms,Irrigation automation for specialty crops,Regenerated 2026-04-19
gen_1776644023_00198,Almond & Orchard Grower,educational,informational,schedule irrigation by volume not time,"almond grower, wants gallons-per-block not minutes",Can orchard irrigation software schedule by gallons applied instead of run time? That's how I actually think about water.,irrigation scheduling software volume based gallons orchard,practical and ready to act,5.0,irrigation_scheduling_software,Irrigation scheduling software,Regenerated 2026-04-19
gen_1776644023_00199,Almond & Orchard Grower,research,commercial,irrigate off-peak to cut energy costs,"Central Valley almond ranch, peak-hour electricity is expensive",Peak energy charges are killing my pump costs. Does irrigation scheduling software let me safely automate overnight runs?,irrigation scheduling software off peak pumping overnight automation,practical and ready to act,5.0,irrigation_scheduling_software,Irrigation scheduling software,Regenerated 2026-04-19
gen_1776644023_00200,Almond & Orchard Grower,support,informational,detect silent irrigation failures remotely,"large orchard, hub-and-spoke controllers fail without alerts",My current controllers fail and nobody knows for hours. What irrigation software actually sends real-time fault alerts to my phone?,irrigation software real time fault alerts remote monitoring orchard,emotional and looking for support,5.0,irrigation_scheduling_software,Irrigation scheduling software,Regenerated 2026-04-19
gen_1776644023_00201,Almond & Orchard Grower,commercial,commercial,manage irrigation schedules from mobile device,"ranch manager moving between blocks daily, 1,200 acres",I'm never at the office. Is there irrigation management software where I can build and adjust schedules from my phone in the field?,mobile irrigation scheduling app orchard grower manage from phone,practical and ready to act,5.0,irrigation_scheduling_software,Irrigation scheduling software,Regenerated 2026-04-19
gen_1776644023_00202,Almond & Orchard Grower,educational,informational,understand pulse vs long-run scheduling flexibility,almond grower exploring deficit irrigation strategies,I've heard of short-pulse scheduling versus long drink cycles for almonds. Do modern irrigation platforms actually support both approaches?,pulse irrigation scheduling vs long run cycle orchard software,curious and exploratory,5.0,irrigation_scheduling_software,Irrigation scheduling software,Regenerated 2026-04-19
gen_1776644023_00203,Almond & Orchard Grower,research,informational,find cloud irrigation software with block-level visibility,"500-acre orchard, needs per-block water tracking for SGMA",SGMA compliance means I need documented water use by block. Does cloud irrigation software actually track and report at that level?,cloud irrigation software block level water tracking SGMA compliance,curious and exploratory,5.0,irrigation_scheduling_software,Irrigation scheduling software,Regenerated 2026-04-19
gen_1776644023_00204,Almond & Orchard Grower,commercial,commercial,evaluate irrigation software for large orchard scale,"ranch manager, 2,000+ acres almonds, assessing platforms","What should I be asking irrigation software vendors before buying for a 2,000-acre almond operation? I don't want to get burned.",irrigation software evaluation criteria large orchard almond operation,practical and ready to act,5.0,irrigation_scheduling_software,Irrigation scheduling software,Regenerated 2026-04-19
gen_1776644023_00205,Almond & Orchard Grower,research,commercial,find irrigation platform with built-in flow monitoring,almond grower replacing aging controller system,"I want flow data at every zone, not just at the pump. Does any irrigation scheduling platform have that built in natively?",irrigation scheduling software built in flow monitoring per zone orchard,curious and exploratory,5.0,irrigation_scheduling_software,Irrigation scheduling software,Regenerated 2026-04-19
gen_1776644023_00206,Almond & Orchard Grower,support,commercial,recover from devastating pump failure event,"grower whose pump ran dry, lost crop blocks last season",Lost two almond blocks last summer to a dry-run pump failure nobody caught in time. What irrigation systems actually prevent that?,irrigation system dry run pump protection almond orchard,emotional and looking for support,5.0,irrigation_scheduling_software,Irrigation scheduling software,Regenerated 2026-04-19
gen_1776644023_00207,Almond & Orchard Grower,commercial,navigational,compare subscription vs capital purchase irrigation systems,orchard CFO evaluating CapEx vs OpEx for new irrigation platform,Are there irrigation automation systems priced as an annual subscription instead of a big hardware purchase? Trying to keep it off the CapEx list.,irrigation automation subscription pricing vs capital purchase orchard,practical and ready to act,5.0,irrigation_scheduling_software,Irrigation scheduling software,Regenerated 2026-04-19
gen_1776644023_00208,Almond & Orchard Grower,research,commercial,evaluate irrigation software scalability for large orchards,"ranch manager, 2,000+ acre almond operation, Central Valley","Running 2,500 acres of almonds. Can modern irrigation scheduling software actually handle that scale without falling apart?",irrigation scheduling software large scale almond orchard California,skeptical and comparing options,5.0,irrigation_scheduling_software,Irrigation scheduling software,Regenerated 2026-04-19
gen_1776644023_00209,Almond & Orchard Grower,educational,informational,understand off-peak irrigation automation for orchards,"almond grower, high energy costs, wants overnight scheduling",Tired of paying peak-rate energy on every pump cycle. How does irrigation software actually automate off-peak scheduling safely?,irrigation software off peak pump scheduling orchards energy cost,frustrated and overwhelmed,5.0,irrigation_scheduling_software,Irrigation scheduling software,Regenerated 2026-04-19
gen_1776644023_00210,Almond & Orchard Grower,research,commercial,find irrigation management software with pump integration,"orchard grower, pump infrastructure critical, evaluating platforms",Looking for irrigation management software that ties valve scheduling directly into pump control. Does that exist as one system?,irrigation management software pump automation integration orchard,curious and exploratory,5.0,irrigation_scheduling_software,Irrigation scheduling software,Regenerated 2026-04-19
gen_1776644023_00211,Almond & Orchard Grower,navigational,navigational,locate cloud irrigation software for orchard growers,"pear grower, Pacific Northwest, wants cloud-based scheduling tool","Trying to find cloud-based orchard irrigation scheduling software — need something built for tree crops, not turf or row crops.",cloud irrigation scheduling software tree fruit orchard growers,time-pressed and direct,5.0,irrigation_scheduling_software,Irrigation scheduling software,Regenerated 2026-04-19
gen_1776644023_00212,Almond & Orchard Grower,educational,informational,understand block-level water tracking for SGMA reporting,"almond grower, SGMA compliance pressure, needs audit trail",SGMA audits are coming and I have no clean water-use records by block. What do irrigation platforms actually log and export?,irrigation software block level water use reporting SGMA compliance,frustrated and overwhelmed,5.0,irrigation_scheduling_software,Irrigation scheduling software,Regenerated 2026-04-19
gen_1776644023_00213,Vineyard Manager / Viticulturist,educational,informational,understand volume-based irrigation scheduling,"vineyard manager used to scheduling by minutes, not gallons",I schedule irrigation by minutes but keep hearing about volume-based scheduling. What's the actual difference and why does it matter?,volume based irrigation scheduling vs time based vineyards,newly aware and confused,5.0,irrigation_scheduling_software,Irrigation scheduling software,Regenerated 2026-04-19
gen_1776644023_00214,Vineyard Manager / Viticulturist,research,commercial,evaluate mobile irrigation scheduling apps,viticulturist managing multiple blocks across two ranches,Managing blocks across two ranches — is there scheduling software that lets me actually adjust and monitor irrigation from my phone mid-day?,mobile irrigation scheduling app vineyard remote management,detail-oriented and planning ahead,5.0,irrigation_scheduling_software,Irrigation scheduling software,Regenerated 2026-04-19
gen_1776644023_00215,Vineyard Manager / Viticulturist,educational,informational,confirm irrigation actually executed as planned,vineyard manager with no flow visibility after irrigation runs,How do I know my scheduled irrigation actually ran the way I planned it? Right now I'm just guessing until someone walks the block.,irrigation execution verification block level flow data vineyard,skeptical and comparing options,5.0,irrigation_scheduling_software,Irrigation scheduling software,Regenerated 2026-04-19
gen_1776644023_00216,Vineyard Manager / Viticulturist,educational,informational,schedule irrigation in short pulses,viticulturist managing vine stress with deficit irrigation,I want to pulse irrigate — short runs spaced through the day instead of one long set. Does irrigation software support that kind of flexible scheduling?,pulse irrigation scheduling software flexible intervals vineyard,detail-oriented and planning ahead,5.0,irrigation_scheduling_software,Irrigation scheduling software,Regenerated 2026-04-19
gen_1776644023_00217,Vineyard Manager / Viticulturist,navigational,navigational,find cloud-based irrigation management platform,third-party vineyard management company overseeing multiple client estates,Looking for a cloud platform where I can manage irrigation schedules across a dozen different client vineyards from one dashboard. What exists?,cloud irrigation management software multiple vineyard properties,newly aware and confused,5.0,irrigation_scheduling_software,Irrigation scheduling software,Regenerated 2026-04-19
gen_1776644023_00218,Vineyard Manager / Viticulturist,research,commercial,compare irrigation scheduling software options,vineyard manager evaluating upgrade from legacy controller setup,Tired of my controller box — evaluating irrigation scheduling platforms that give real block-level data. What separates the serious options from the basic ones?,irrigation scheduling software comparison block level vineyard,skeptical and comparing options,5.0,irrigation_scheduling_software,Irrigation scheduling software,Regenerated 2026-04-19
gen_1776644023_00219,Vineyard Manager / Viticulturist,educational,informational,understand ET-based scheduling integration,viticulturist tracking vine stress and water use reporting,"Can irrigation scheduling software pull in ET data and help me build schedules around vine stress targets, or is that still manual math on my end?",ET based irrigation scheduling software vine stress vineyard,detail-oriented and planning ahead,5.0,irrigation_scheduling_software,Irrigation scheduling software,Regenerated 2026-04-19
gen_1776644023_00220,Vineyard Manager / Viticulturist,research,commercial,assess water use reporting capabilities,ranch manager needing to report applied water to winery owner,My winery owner wants block-by-block water use reports each month. Which irrigation platforms actually generate that automatically versus requiring manual tracking?,irrigation software water use reporting by block vineyard,skeptical and comparing options,5.0,irrigation_scheduling_software,Irrigation scheduling software,Regenerated 2026-04-19
gen_1776644023_00221,Vineyard Manager / Viticulturist,educational,informational,set up overnight irrigation scheduling,vineyard manager trying to reduce labor and use off-peak power,I want to run most of my irrigation overnight to cut pump costs. What should I look for in scheduling software to make that reliable without someone watching it?,overnight irrigation scheduling software off peak automation vineyard,detail-oriented and planning ahead,5.0,irrigation_scheduling_software,Irrigation scheduling software,Regenerated 2026-04-19
gen_1776644023_00222,Vineyard Manager / Viticulturist,navigational,navigational,find irrigation software demo or trial,vineyard manager ready to evaluate a specific platform,I want to see irrigation scheduling software demoed on a real vineyard block before committing. Where do I start to find something worth trialing this season?,irrigation scheduling software demo vineyard trial,newly aware and confused,5.0,irrigation_scheduling_software,Irrigation scheduling software,Regenerated 2026-04-19
gen_1776644023_00223,Vineyard Manager / Viticulturist,educational,informational,understand scheduling software accuracy gap,"vineyard manager, no confidence irrigation ran as planned",How does irrigation scheduling software actually verify a set ran correctly — or does it just log what was scheduled?,irrigation scheduling software verify execution accuracy vineyard,frustrated and overwhelmed,5.0,irrigation_scheduling_software,Irrigation scheduling software,Regenerated 2026-04-19
gen_1776644023_00224,Vineyard Manager / Viticulturist,educational,informational,schedule irrigation by gallons per block,viticulturist moving away from time-based scheduling,I'm trying to schedule by gallons per vine instead of minutes per block. Does modern irrigation software handle that natively?,irrigation software schedule by gallons per vine block,detail-oriented and planning ahead,5.0,irrigation_scheduling_software,Irrigation scheduling software,Regenerated 2026-04-19
gen_1776644023_00225,Vineyard Manager / Viticulturist,research,commercial,manage multi-block irrigation from phone,"ranch manager, large estate, always moving between blocks",I'm never at my desk during irrigation — what mobile irrigation apps actually let me adjust active schedules from the field?,mobile irrigation scheduling app adjust active sets field,frustrated and overwhelmed,5.0,irrigation_scheduling_software,Irrigation scheduling software,Regenerated 2026-04-19
gen_1776644023_00226,Vineyard Manager / Viticulturist,research,commercial,evaluate irrigation software for multiple client vineyards,"third-party vineyard management company, 10+ properties",Running irrigation across a dozen client vineyards — what should I be asking vendors about multi-property management before signing anything?,irrigation scheduling software multi-property vineyard management company,detail-oriented and planning ahead,5.0,irrigation_scheduling_software,Irrigation scheduling software,Regenerated 2026-04-19
gen_1776644023_00227,Vineyard Manager / Viticulturist,research,commercial,find irrigation software with fault alerts,vineyard manager tired of walking blocks to find leaks,Spent three hours yesterday finding a clogged emitter by foot. Is there irrigation software that sends alerts when flow looks wrong?,irrigation software flow fault alert leak detection vineyard,frustrated and overwhelmed,5.0,irrigation_scheduling_software,Irrigation scheduling software,Regenerated 2026-04-19
gen_1776644023_00228,Vineyard Manager / Viticulturist,educational,informational,understand distribution uniformity in software scheduling,viticulturist focused on DU and vine stress precision,Can irrigation scheduling software account for distribution uniformity differences between blocks when building run times and volumes?,irrigation scheduling software distribution uniformity DU block calibration,detail-oriented and planning ahead,5.0,irrigation_scheduling_software,Irrigation scheduling software,Regenerated 2026-04-19
gen_1776644023_00229,Vineyard Manager / Viticulturist,commercial,commercial,find cloud irrigation software for wine grapes,"California winery, evaluating options this pre-season",Looking for cloud-based irrigation scheduling built specifically for wine grape blocks — what platforms are growers actually using in California?,cloud irrigation scheduling software wine grapes California vineyard,curious and exploratory,5.0,irrigation_scheduling_software,Irrigation scheduling software,Regenerated 2026-04-19
gen_1776644023_00230,Vineyard Manager / Viticulturist,navigational,navigational,locate irrigation software vendor reviews from growers,vineyard manager researching peer recommendations,"Where do vineyard managers actually share reviews or opinions on irrigation scheduling software — not marketing pages, real grower feedback?",vineyard manager irrigation scheduling software reviews grower forums,curious and exploratory,5.0,irrigation_scheduling_software,Irrigation scheduling software,Regenerated 2026-04-19
gen_1776644023_00231,Vineyard Manager / Viticulturist,research,commercial,compare subscription vs capital expense irrigation software,"winery estate manager, budget planning for next season","Some irrigation platforms charge a subscription, others are hardware purchases. Which model makes more financial sense for a 200-acre vineyard?",irrigation software subscription vs capital purchase vineyard cost comparison,detail-oriented and planning ahead,5.0,irrigation_scheduling_software,Irrigation scheduling software,Regenerated 2026-04-19
gen_1776644023_00232,Vineyard Manager / Viticulturist,educational,informational,understand what block-level irrigation data looks like,viticulturist curious about data visibility in scheduling tools,I keep hearing about block-level irrigation data — what does that actually look like in practice inside scheduling software?,block level irrigation data scheduling software vineyard visibility,curious and exploratory,5.0,irrigation_scheduling_software,Irrigation scheduling software,Regenerated 2026-04-19
gen_1776644023_00233,Vineyard Manager / Viticulturist,educational,informational,understand volume-based vs time-based scheduling,viticulturist frustrated with run-time inaccuracy across blocks,"Why do vineyards schedule irrigation in gallons instead of minutes, and does software actually enforce that?",volume based irrigation scheduling vineyards gallons per vine,curious and exploratory,5.0,irrigation_scheduling_software,Irrigation scheduling software,Regenerated 2026-04-19
gen_1776644023_00234,Vineyard Manager / Viticulturist,research,commercial,evaluate overnight irrigation scheduling capability,vineyard manager wanting to shift sets to off-peak hours,I want to run irrigation overnight without anyone on-site. What should scheduling software handle automatically for that to be safe?,overnight irrigation scheduling automation vineyard unattended,detail-oriented and planning ahead,5.0,irrigation_scheduling_software,Irrigation scheduling software,Regenerated 2026-04-19
gen_1776644023_00235,Vineyard Manager / Viticulturist,educational,informational,assess real-time flow visibility during scheduled sets,vineyard manager unsure if scheduled runs actually delivered planned volume,How does irrigation scheduling software confirm actual flow delivered per block — not just that a valve opened on schedule?,irrigation software flow confirmation block level volume delivery,skeptical and comparing options,5.0,irrigation_scheduling_software,Irrigation scheduling software,Regenerated 2026-04-19
gen_1776644023_00236,Vineyard Manager / Viticulturist,research,commercial,find irrigation software suited for multi-block vineyards,ranch-scale vineyard manager juggling 50+ blocks across properties,"Managing 50-plus blocks across multiple ranches — what does irrigation scheduling software look like at that scale, practically?",irrigation scheduling software large vineyard multi block management,detail-oriented and planning ahead,5.0,irrigation_scheduling_software,Irrigation scheduling software,Regenerated 2026-04-19
gen_1776644023_00237,Vineyard Manager / Viticulturist,educational,informational,compare flexible pulse vs long-run irrigation scheduling,viticulturist experimenting with vine stress management strategies,Short pulses versus long single sets — does irrigation scheduling software give you the flexibility to mix both approaches by block?,pulse irrigation vs long run scheduling software vineyard blocks,curious and exploratory,5.0,irrigation_scheduling_software,Irrigation scheduling software,Regenerated 2026-04-19
gen_1776644023_00238,Vineyard Manager / Viticulturist,navigational,navigational,locate irrigation software demo or trial for vineyards,vineyard manager ready to evaluate platforms before next season,Where can I request a live demo of vineyard irrigation scheduling software before committing ahead of the growing season?,vineyard irrigation scheduling software demo trial request,detail-oriented and planning ahead,5.0,irrigation_scheduling_software,Irrigation scheduling software,Regenerated 2026-04-19
gen_1776644023_00239,Vineyard Manager / Viticulturist,research,commercial,question whether subscription software beats owned hardware,skeptical vineyard manager evaluating long-term cost and reliability,"Subscription-based irrigation software — is that actually better long-term than owning your controllers outright, for a mid-size vineyard?",subscription vs owned irrigation software cost vineyard long term,skeptical and comparing options,5.0,irrigation_scheduling_software,Irrigation scheduling software,Regenerated 2026-04-19
gen_1776644023_00240,Berry Grower (Blueberry & Strawberry),educational,informational,detect clogged drip emitters remotely,"blueberry grower, drip system, row-level yield risk",How do I catch a clogged emitter block before the plants show stress? Need real-time flow data.,remote flow monitoring clogged drip emitters blueberry,frustrated and overwhelmed,5.0,remote_monitoring_control,Remote irrigation monitoring and control,Regenerated 2026-04-19
gen_1776644023_00241,Berry Grower (Blueberry & Strawberry),research,commercial,schedule irrigation by volume not duration,"strawberry grower, timer-based system, overwatering risk",My current timers run by minutes. Is there irrigation software that schedules by gallons delivered per block instead?,volume based irrigation scheduling software gallons per block,detail-oriented and planning ahead,5.0,remote_monitoring_control,Remote irrigation monitoring and control,Regenerated 2026-04-19
gen_1776644023_00242,Berry Grower (Blueberry & Strawberry),support,informational,get phone alerts for irrigation faults,"berry grower, solo operator, no overnight crew",Running drip overnight with no crew — what kind of system sends a phone alert if a valve fails or flow drops?,irrigation fault alert phone notification flow drop valve failure,frustrated and overwhelmed,5.0,remote_monitoring_control,Remote irrigation monitoring and control,Regenerated 2026-04-19
gen_1776644023_00243,Berry Grower (Blueberry & Strawberry),commercial,commercial,find remote irrigation control system for berries,"blueberry grower, 100 acres, evaluating connected systems","Looking for a connected irrigation system built for berries — drip-compatible, flow monitoring per block, controllable from phone.",remote irrigation control system drip blueberry flow monitoring,practical and ready to act,5.0,remote_monitoring_control,Remote irrigation monitoring and control,Regenerated 2026-04-19
gen_1776644023_00244,Berry Grower (Blueberry & Strawberry),educational,informational,understand real-time pressure monitoring benefits,"strawberry grower, pressure fluctuations, micro-sprinkler setup",Pressure swings are wrecking my micro-sprinkler uniformity. Does real-time pressure monitoring actually help fix that in the field?,real time pressure monitoring irrigation micro sprinkler uniformity,detail-oriented and planning ahead,5.0,remote_monitoring_control,Remote irrigation monitoring and control,Regenerated 2026-04-19
gen_1776644023_00245,Berry Grower (Blueberry & Strawberry),educational,informational,prevent blueberry root rot from overwatering,"highbush blueberry grower, volume-sensitive crop, drip system",Overwatering highbush blueberries causes root rot fast. Can block-level flow data help me stay under target volume automatically?,blueberry irrigation overwatering prevention flow monitoring block level,frustrated and overwhelmed,5.0,remote_monitoring_control,Remote irrigation monitoring and control,Regenerated 2026-04-19
gen_1776644023_00246,Berry Grower (Blueberry & Strawberry),research,commercial,compare wireless valve systems for small berry farm,"berry grower, 75 acres, replacing basic timer controllers",Replacing basic timers on 75 acres of strawberries. What should I look for in a wireless valve system with leak detection?,wireless irrigation valve system leak detection small berry farm,practical and ready to act,5.0,remote_monitoring_control,Remote irrigation monitoring and control,Regenerated 2026-04-19
gen_1776644023_00247,Berry Grower (Blueberry & Strawberry),navigational,navigational,locate remote irrigation monitoring vendors,"blueberry grower, Pacific Northwest, researching options",Where do I find vendors selling remote irrigation monitoring systems designed for specialty crops like blueberries in the Pacific Northwest?,remote irrigation monitoring system specialty crops Pacific Northwest blueberry,practical and ready to act,5.0,remote_monitoring_control,Remote irrigation monitoring and control,Regenerated 2026-04-19
gen_1776644023_00248,Berry Grower (Blueberry & Strawberry),support,informational,catch low-flow issues before harvest window closes,"strawberry grower, fruit sizing critical, tight harvest timing",Fruit sizing on strawberries is unforgiving — a week of low flow tanks the whole block. How early can flow alerts catch that?,irrigation low flow alert early detection strawberry fruit sizing,detail-oriented and planning ahead,5.0,remote_monitoring_control,Remote irrigation monitoring and control,Regenerated 2026-04-19
gen_1776644023_00249,Avocado & Subtropical Tree Grower,educational,informational,understand remote flow monitoring benefits,"avocado grower, no per-block visibility, rolling terrain",I can't tell if my micro-sprinklers are actually delivering what I scheduled. What does real-time flow monitoring show me?,real time flow monitoring irrigation avocado grove,curious and exploratory,5.0,remote_monitoring_control,Remote irrigation monitoring and control,Regenerated 2026-04-19
gen_1776644023_00250,Avocado & Subtropical Tree Grower,educational,informational,detect irrigation leaks remotely,"Southern California avocado ranch, water costs critical",Had a lateral line blow out overnight and lost hours of water before anyone noticed. How does remote leak detection actually work?,remote irrigation leak detection automatic alert system,frustrated and overwhelmed,5.0,remote_monitoring_control,Remote irrigation monitoring and control,Regenerated 2026-04-19
gen_1776644023_00251,Avocado & Subtropical Tree Grower,commercial,commercial,get phone alerts for irrigation faults,"avocado grower, heat events, trees die fast under stress",Avocado trees can die in a heat wave if irrigation fails. Can I get an automatic phone alert the moment a valve or line goes down?,irrigation fault alert phone text notification system,practical and ready to act,5.0,remote_monitoring_control,Remote irrigation monitoring and control,Regenerated 2026-04-19
gen_1776644023_00252,Avocado & Subtropical Tree Grower,commercial,commercial,find wireless irrigation control no trenching,"rolling terrain avocado grove, hub-and-spoke wiring impractical",Trenching wire across my hilly avocado ranch isn't realistic. Is there wireless irrigation control that actually handles uneven terrain?,wireless remote irrigation control no wire rolling terrain,practical and ready to act,5.0,remote_monitoring_control,Remote irrigation monitoring and control,Regenerated 2026-04-19
gen_1776644023_00253,Avocado & Subtropical Tree Grower,educational,informational,catch clogged emitters early,"avocado micro-sprinklers, low-flow issues hard to spot",Clogged fan-jets are nearly invisible until trees show stress. How does flow monitoring flag a low-flow problem at the block level?,irrigation clog detection low flow alert block level monitoring,curious and exploratory,5.0,remote_monitoring_control,Remote irrigation monitoring and control,Regenerated 2026-04-19
gen_1776644023_00254,Avocado & Subtropical Tree Grower,research,informational,monitor irrigation pressure remotely,"avocado grower, pressure swings across elevation changes",Pressure at the top of my grove is nothing like pressure at the bottom. Can I monitor pressure zone by zone from my phone?,remote irrigation pressure monitoring by zone phone,frustrated and overwhelmed,5.0,remote_monitoring_control,Remote irrigation monitoring and control,Regenerated 2026-04-19
gen_1776644023_00255,Avocado & Subtropical Tree Grower,research,commercial,evaluate connected irrigation valve systems,avocado grower replacing aging hub-and-spoke controller,My old controller setup gives me zero flow data and I'm done guessing. What should I look for in a connected irrigation valve system?,connected irrigation valve system flow meter remote control,practical and ready to act,5.0,remote_monitoring_control,Remote irrigation monitoring and control,Regenerated 2026-04-19
gen_1776644023_00256,Avocado & Subtropical Tree Grower,navigational,navigational,find remote irrigation monitoring providers,"Ventura County avocado grower, researching vendors",Looking for irrigation monitoring systems built for tree crops in Southern California — who are the serious players right now?,remote irrigation monitoring system tree crops Southern California,curious and exploratory,5.0,remote_monitoring_control,Remote irrigation monitoring and control,Regenerated 2026-04-19
gen_1776644023_00257,Avocado & Subtropical Tree Grower,research,commercial,understand irrigation automation ROI for avocados,"avocado grower, water costs rising, labor shortage","Water's expensive, labor's scarce, and I'm irrigating blind. What's the realistic payback on switching to automated remote irrigation control?",irrigation automation ROI avocado grower water savings,frustrated and overwhelmed,5.0,remote_monitoring_control,Remote irrigation monitoring and control,Regenerated 2026-04-19
gen_1776644023_00258,Almond & Orchard Grower,educational,informational,understand silent irrigation failure risks,"almond grower, hub-and-spoke system, large acreage",My controller fails without any alert and I find out days later. How do growers catch irrigation failures in real time?,real time irrigation fault detection orchard alert system,frustrated and overwhelmed,5.0,remote_monitoring_control,Remote irrigation monitoring and control,Regenerated 2026-04-19
gen_1776644023_00259,Almond & Orchard Grower,research,commercial,evaluate dry-run pump protection options,"Central Valley almond operation, pump failure risk, high water cost",Pump ran dry last summer and I lost a full block. What automation actually stops that from happening again?,dry run pump protection orchard irrigation automation,frustrated and overwhelmed,5.0,remote_monitoring_control,Remote irrigation monitoring and control,Regenerated 2026-04-19
gen_1776644023_00260,Almond & Orchard Grower,educational,informational,shift irrigation to off-peak energy hours,"500-acre almond ranch, peak-hour electricity charges cutting margin",Peak-hour pumping is killing my energy bill. Can I reliably schedule overnight irrigation remotely without someone on-site to babysit it?,off peak irrigation scheduling remote orchard pump automation,time-pressed and direct,5.0,remote_monitoring_control,Remote irrigation monitoring and control,Regenerated 2026-04-19
gen_1776644023_00261,Almond & Orchard Grower,research,commercial,compare connected valve systems for large orchards,"orchard manager evaluating wireless irrigation upgrades, 1000+ acres","I'm looking at wireless valve systems for a 1,200-acre orchard. Do any of them include real-time flow and pressure data per block?",wireless irrigation valve flow pressure monitoring large orchard,skeptical and comparing options,5.0,remote_monitoring_control,Remote irrigation monitoring and control,Regenerated 2026-04-19
gen_1776644023_00262,Almond & Orchard Grower,educational,informational,understand remote leak detection in drip systems,"almond grower, drip irrigation, large lateral lines hard to inspect","With drip on 800 acres, a slow leak can run for weeks undetected. What remote monitoring actually flags low-flow or leak events?",remote leak detection drip irrigation orchard flow monitoring,frustrated and overwhelmed,5.0,remote_monitoring_control,Remote irrigation monitoring and control,Regenerated 2026-04-19
gen_1776644023_00263,Almond & Orchard Grower,research,commercial,get phone alerts for irrigation anomalies,"ranch manager running multiple orchard blocks, limited staff","I need my phone to tell me when something's wrong with irrigation — clog, pressure drop, anything. What systems actually do that?",irrigation alert phone notification clog pressure drop orchard,time-pressed and direct,5.0,remote_monitoring_control,Remote irrigation monitoring and control,Regenerated 2026-04-19
gen_1776644023_00264,Almond & Orchard Grower,educational,informational,assess real-time pressure monitoring for pump health,"Central Valley pistachio and almond operation, aging pump infrastructure",Aging pumps and I have no visibility into pressure fluctuations across zones. How do growers monitor pump health in real time remotely?,real time pressure monitoring pump health orchard irrigation,skeptical and comparing options,5.0,remote_monitoring_control,Remote irrigation monitoring and control,Regenerated 2026-04-19
gen_1776644023_00265,Almond & Orchard Grower,research,commercial,find irrigation monitoring system for SGMA compliance,"almond grower, SGMA water reporting obligations, needs flow data",SGMA requires me to document water use by block. Is there irrigation monitoring equipment that logs flow data precisely enough for compliance reporting?,irrigation flow monitoring SGMA compliance block level water use,time-pressed and direct,5.0,remote_monitoring_control,Remote irrigation monitoring and control,Regenerated 2026-04-19
gen_1776644023_00266,Almond & Orchard Grower,commercial,transactional,request demo or pricing for orchard irrigation automation,"orchard manager ready to buy, comparing connected irrigation platforms","Ready to automate irrigation across 600 acres of almonds. Where do I find a platform that handles remote control, flow monitoring, and pump automation together?",orchard irrigation automation remote control flow monitoring pump platform,time-pressed and direct,5.0,remote_monitoring_control,Remote irrigation monitoring and control,Regenerated 2026-04-19
gen_1776644023_00267,Almond & Orchard Grower,research,informational,validate remote irrigation control reliability at scale,"skeptical ranch manager, had bad experience with legacy controllers","I've been burned by controllers losing connection mid-irrigation. How reliable is remote irrigation control actually for operations over 1,000 acres?",remote irrigation control reliability large scale orchard 1000 acres,skeptical and comparing options,5.0,remote_monitoring_control,Remote irrigation monitoring and control,Regenerated 2026-04-19
gen_1776644023_00268,Almond & Orchard Grower,educational,informational,understand real-time flow alerts for orchards,"almond grower, drip system, silent failure history",How do real-time flow alerts actually work in orchard irrigation — do they catch clogs before you lose a block?,real time flow monitoring orchard irrigation clog detection,curious and exploratory,5.0,remote_monitoring_control,Remote irrigation monitoring and control,Regenerated 2026-04-19
gen_1776644023_00269,Almond & Orchard Grower,commercial,commercial,evaluate remote valve control for large acreage,"Central Valley almond operation, 800+ acres, energy cost pressure",Looking to run irrigation remotely from my phone on 800 acres of almonds. What should I demand from any system before buying?,remote irrigation control large acreage almond orchard,practical and ready to act,5.0,remote_monitoring_control,Remote irrigation monitoring and control,Regenerated 2026-04-19
gen_1776644023_00270,Almond & Orchard Grower,support,commercial,find irrigation fault detection solutions,"orchard manager, repeated undetected failures, stressed about crop loss",Lost two blocks last season to failures nobody caught in time. Is there irrigation monitoring that actually sends alerts the moment something goes wrong?,irrigation fault detection automatic alerts orchard farm,emotional and looking for support,5.0,remote_monitoring_control,Remote irrigation monitoring and control,Regenerated 2026-04-19
gen_1776644023_00271,Almond & Orchard Grower,research,informational,research pressure monitoring across irrigation zones,"pistachio grower, multi-zone system, no per-block visibility","Can modern remote irrigation systems show pressure readings per zone in real time, or is it still just one sensor at the pump?",real time pressure monitoring per zone orchard irrigation system,curious and exploratory,5.0,remote_monitoring_control,Remote irrigation monitoring and control,Regenerated 2026-04-19
gen_1776644023_00272,Almond & Orchard Grower,navigational,navigational,locate irrigation monitoring platform with pump integration,"apple orchard manager, Washington state, evaluating full-system upgrade","Where do I find irrigation platforms that combine remote valve control, live flow data, and pump protection in one subscription?",irrigation monitoring platform pump automation remote control orchard,practical and ready to act,5.0,remote_monitoring_control,Remote irrigation monitoring and control,Regenerated 2026-04-19
gen_1776644023_00273,Avocado & Subtropical Tree Grower,educational,informational,understand dry-run pump protection for avocado wells,"avocado grower, well-fed irrigation, heat season stress","What actually happens to a pump when it dry-runs, and how do automated systems catch it before damage occurs?",dry run pump protection irrigation well automated detection,emotional and looking for support,5.0,pump_automation,Pump automation for farms and ranches,Regenerated 2026-04-19
gen_1776644023_00274,Avocado & Subtropical Tree Grower,research,commercial,reduce off-peak pumping energy costs on ranch,"large avocado ranch, high electricity bills, Southern California",My pumping costs are brutal on a time-of-use rate. Can automated scheduling actually shift irrigation to off-peak hours reliably?,automated irrigation pump off peak scheduling energy cost reduction,time-pressed and direct,5.0,pump_automation,Pump automation for farms and ranches,Regenerated 2026-04-19
gen_1776644023_00275,Avocado & Subtropical Tree Grower,commercial,commercial,find pump automation built for orchard terrain,"rolling hillside avocado grove, no trenched wire, 200 acres",Looking for pump automation that handles rolling terrain and wireless valves — no trenching budget. What solutions exist for orchards?,wireless pump automation orchard rolling terrain no trenching,skeptical and comparing options,5.0,pump_automation,Pump automation for farms and ranches,Regenerated 2026-04-19
gen_1776644023_00276,Avocado & Subtropical Tree Grower,educational,informational,understand pressure spike protection for irrigation pumps,"avocado grower, micro-sprinkler system, sudden valve shutoffs","Sudden valve shutoffs keep spiking pressure in my mainline. Does pump automation actually prevent that, or is it just marketing?",pressure spike protection irrigation pump automation valve shutoff,skeptical and comparing options,5.0,pump_automation,Pump automation for farms and ranches,Regenerated 2026-04-19
gen_1776644023_00277,Avocado & Subtropical Tree Grower,support,informational,assess pump cavitation risk in avocado irrigation,"avocado grove, aging pump infrastructure, summer heat",How do I know if my pump is cavitating during peak summer irrigation? I've lost two trees to water stress this month already.,pump cavitation detection irrigation orchard summer water stress,emotional and looking for support,5.0,pump_automation,Pump automation for farms and ranches,Regenerated 2026-04-19
gen_1776644023_00278,Avocado & Subtropical Tree Grower,research,commercial,compare pump automation platforms for specialty crops,"1000-acre avocado ranch, evaluating irrigation tech upgrades",Comparing pump automation platforms for a large avocado ranch — what specs separate a real system from a glorified timer?,pump automation platform comparison specialty crop orchard large scale,skeptical and comparing options,5.0,pump_automation,Pump automation for farms and ranches,Regenerated 2026-04-19
gen_1776644023_00279,Avocado & Subtropical Tree Grower,navigational,navigational,find pump automation with flow and pressure monitoring,"avocado grower, no per-block visibility, legacy hub-and-spoke",I have zero visibility into flow or pressure at the block level right now. Where do I find pump systems that include both?,pump automation flow pressure monitoring block level orchard irrigation,time-pressed and direct,5.0,pump_automation,Pump automation for farms and ranches,Regenerated 2026-04-19
gen_1776644023_00280,Avocado & Subtropical Tree Grower,research,commercial,get grower validation on automated pump control reliability,"skeptical avocado grower, considering switch from legacy system",I need real grower feedback on automated pump control in avocado or citrus — not vendor claims. Anyone actually running this?,automated pump control avocado citrus grower review real world,emotional and looking for support,5.0,pump_automation,Pump automation for farms and ranches,Regenerated 2026-04-19
gen_1776644023_00281,Avocado & Subtropical Tree Grower,educational,informational,calculate ROI on pump automation for water-intensive crops,"avocado grower, high water and energy costs, evaluating investment",Avocados use enormous amounts of water. How do I calculate whether automated pump control actually pays for itself in my operation?,pump automation ROI water intensive crops avocado energy savings,time-pressed and direct,5.0,pump_automation,Pump automation for farms and ranches,Regenerated 2026-04-19
gen_1776644023_00282,Almond & Orchard Grower,educational,informational,understand dry-run pump protection,"almond grower, Central Valley, pump failures cost yield",My pump ran dry twice last season and I lost a block. How does automated dry-run protection actually work?,automated dry run pump protection orchard irrigation,detail-oriented and planning ahead,5.0,pump_automation,Pump automation for farms and ranches,Regenerated 2026-04-19
gen_1776644023_00283,Almond & Orchard Grower,research,commercial,cut peak-hour pumping energy costs,"1,200-acre almond ranch, PG&E demand charges killing margin",Peak-hour electricity charges are eating my margin. Can pump automation shift irrigation to off-peak hours reliably at scale?,off peak pumping irrigation automation reduce energy costs farm,time-pressed and direct,5.0,pump_automation,Pump automation for farms and ranches,Regenerated 2026-04-19
gen_1776644023_00284,Almond & Orchard Grower,educational,informational,evaluate real-time pressure monitoring for large orchards,"Central Valley walnut operation, multiple pump stations across 2,000 acres","Running three pump stations across 2,000 acres. What does real-time pressure monitoring catch that I'd otherwise miss entirely?",real time pressure monitoring multi pump station orchard irrigation,detail-oriented and planning ahead,5.0,pump_automation,Pump automation for farms and ranches,Regenerated 2026-04-19
gen_1776644023_00285,Almond & Orchard Grower,educational,informational,understand pump cavitation risk and prevention,"first-time hearing about cavitation, newer orchard manager",Someone mentioned pump cavitation at a field day and I didn't want to ask. What is it and how do I prevent it automatically?,pump cavitation prevention irrigation farm automation,newly aware and confused,5.0,pump_automation,Pump automation for farms and ranches,Regenerated 2026-04-19
gen_1776644023_00286,Almond & Orchard Grower,navigational,navigational,find pump automation vendors for large orchards,"500-acre cherry orchard, Washington State, starting vendor search",Looking for pump automation systems built for orchards above 500 acres. Where do I even start comparing options?,pump automation system large orchard 500 acres vendors,newly aware and confused,5.0,pump_automation,Pump automation for farms and ranches,Regenerated 2026-04-19
gen_1776644023_00287,Almond & Orchard Grower,research,commercial,quantify pumping cost savings from automation,almond grower evaluating ROI before capital decision,"Before I commit to any system, I need real numbers. What pumping cost savings have orchards actually documented after automating pump control?",pump automation irrigation cost savings orchard documented results,detail-oriented and planning ahead,5.0,pump_automation,Pump automation for farms and ranches,Regenerated 2026-04-19
gen_1776644023_00288,Almond & Orchard Grower,support,commercial,protect against pressure spikes damaging drip system,"pistachio grower, Central Valley, drip tape blowouts recurring",Pressure spikes keep blowing my drip tape on startup. Is there pump automation that catches and stops that before damage happens?,pressure spike protection drip irrigation pump automation orchard,time-pressed and direct,5.0,pump_automation,Pump automation for farms and ranches,Regenerated 2026-04-19
gen_1776644023_00289,Almond & Orchard Grower,research,commercial,irrigate overnight safely without staff on-site,"apple grower, Oregon, no labor available for night shifts",I need to run irrigation overnight but can't staff it. What pump automation keeps things safe if pressure drops or a line breaks?,automated overnight irrigation pump safety monitoring orchard,time-pressed and direct,5.0,pump_automation,Pump automation for farms and ranches,Regenerated 2026-04-19
gen_1776644023_00290,Almond & Orchard Grower,educational,informational,understand SGMA compliance and pump flow tracking,"Central Valley almond grower, SGMA reporting requirements increasing",My GSA is asking for more detailed pumping records every year. Can automated pump systems log flow data in a format that satisfies SGMA reporting?,SGMA pump flow data logging irrigation automation compliance,detail-oriented and planning ahead,5.0,pump_automation,Pump automation for farms and ranches,Regenerated 2026-04-19
gen_1776644023_00291,Almond & Orchard Grower,research,commercial,get remote pump alerts on phone,"pear grower, managing multiple ranches, rarely on-site",I manage three ranches and I'm never all at one place. Can pump automation text or alert me the moment something goes wrong?,remote pump alert monitoring farm multi site irrigation,newly aware and confused,5.0,pump_automation,Pump automation for farms and ranches,Regenerated 2026-04-19
gen_1776644023_00292,Almond & Orchard Grower,research,commercial,understand pump automation ROI for orchards,"almond grower, rising energy costs, evaluating automation","How long does pump automation typically take to pay for itself on a 1,500-acre almond operation?",pump automation ROI almond orchard payback period,detail-oriented and planning ahead,5.0,pump_automation,Pump automation for farms and ranches,Regenerated 2026-04-19
gen_1776644023_00293,Almond & Orchard Grower,navigational,navigational,find pump automation vendors for large orchards,"orchard manager, 2,000+ acres, ready to buy",I'm ready to automate pump control across a large orchard. Which vendors actually specialize in farm-scale pump systems?,pump automation vendors large scale orchard irrigation,time-pressed and direct,5.0,pump_automation,Pump automation for farms and ranches,Regenerated 2026-04-19
gen_1776644023_00294,Almond & Orchard Grower,educational,informational,integrate pump and valve automation together,"Central Valley almond grower, planning full-system upgrade","Does it make sense to automate pumps and valves through one connected system, or are they better managed separately?",integrated pump and valve automation irrigation orchard,detail-oriented and planning ahead,5.0,pump_automation,Pump automation for farms and ranches,Regenerated 2026-04-19
gen_1776644023_00295,Almond & Orchard Grower,support,informational,recover confidence after pump failure crop loss,"orchard grower, lost blocks last season, emotionally worn down",Lost a block of almonds to a dry-run pump failure last summer. How do other growers make sure that never happens again?,prevent dry run pump failure orchard crop loss,emotional and looking for support,5.0,pump_automation,Pump automation for farms and ranches,Regenerated 2026-04-19
gen_1776644023_00296,Almond & Orchard Grower,educational,informational,assess off-peak pumping feasibility at scale,"large orchard, SGMA compliance pressure, high peak-rate tariffs",Shifting irrigation to off-peak hours sounds good on paper — what do I actually need in place for that to work safely at scale?,off peak irrigation pumping automation large farm safety,detail-oriented and planning ahead,5.0,pump_automation,Pump automation for farms and ranches,Regenerated 2026-04-19
gen_1776644023_00297,Vineyard Manager / Viticulturist,educational,informational,understand remote leak detection vineyards,vineyard manager walking blocks manually to find leaks,I'm tired of finding leaks by driving every block. How does remote flow monitoring actually catch irrigation problems early?,remote irrigation flow monitoring leak detection vineyard,emotional and looking for support,5.0,remote_monitoring_control,Remote irrigation monitoring and control,Regenerated 2026-04-19
gen_1776644023_00298,Vineyard Manager / Viticulturist,support,informational,verify overnight irrigation ran as planned,viticulturist with no confidence scheduled sets executed,My irrigator ran sets overnight — but did they actually finish? How do I confirm from my phone without driving out?,confirm irrigation ran overnight remote monitoring vineyard,emotional and looking for support,5.0,remote_monitoring_control,Remote irrigation monitoring and control,Regenerated 2026-04-19
gen_1776644023_00299,Vineyard Manager / Viticulturist,educational,informational,real-time pressure monitoring sloped vineyard blocks,vineyard manager with elevation-driven pressure variation across blocks,Pressure varies a lot across my hillside blocks. What should real-time pressure monitoring show me that my current system doesn't?,real time pressure monitoring sloped vineyard blocks irrigation,detail-oriented and planning ahead,5.0,remote_monitoring_control,Remote irrigation monitoring and control,Regenerated 2026-04-19
gen_1776644023_00300,Vineyard Manager / Viticulturist,research,commercial,evaluate fault detection alert systems irrigation,vineyard manager comparing connected irrigation platforms,What kinds of faults should a smart irrigation system automatically detect and alert me about before I even know there's a problem?,irrigation fault detection automatic alerts vineyard smart system,curious and exploratory,5.0,remote_monitoring_control,Remote irrigation monitoring and control,Regenerated 2026-04-19
gen_1776644023_00301,Vineyard Manager / Viticulturist,educational,informational,understand distribution uniformity monitoring remotely,viticulturist focused on DU and vine stress across wine grape blocks,"Can remote flow data tell me if distribution uniformity is degrading block by block, or do I still need to do catch-can tests?",remote irrigation monitoring distribution uniformity vineyard blocks,detail-oriented and planning ahead,5.0,remote_monitoring_control,Remote irrigation monitoring and control,Regenerated 2026-04-19
gen_1776644023_00302,Vineyard Manager / Viticulturist,navigational,navigational,find block-level irrigation visibility platform vineyards,third-party vineyard management company overseeing multiple client properties,Managing 15 client vineyards and I can't see what's actually flowing in any block right now. Where do I find software built for this?,block level irrigation monitoring software vineyard management company,emotional and looking for support,5.0,remote_monitoring_control,Remote irrigation monitoring and control,Regenerated 2026-04-19
gen_1776644023_00303,Vineyard Manager / Viticulturist,research,informational,compare clog detection methods irrigation emitters,vineyard manager with drip lines prone to partial clogging,Partial emitter clogs are killing my uniformity but I only catch them weeks late. How does flow-based monitoring flag low-flow issues by block?,irrigation clog detection low flow monitoring drip vineyard,detail-oriented and planning ahead,5.0,remote_monitoring_control,Remote irrigation monitoring and control,Regenerated 2026-04-19
gen_1776644023_00304,Vineyard Manager / Viticulturist,commercial,commercial,get demo connected irrigation monitoring system,vineyard manager ready to evaluate wireless irrigation platforms,I want to see live block-level flow and pressure data on a real vineyard before I commit to anything. How do I set that up?,connected irrigation monitoring system demo vineyard flow pressure,detail-oriented and planning ahead,5.0,remote_monitoring_control,Remote irrigation monitoring and control,Regenerated 2026-04-19
gen_1776644023_00305,Vineyard Manager / Viticulturist,educational,informational,understand phone alerts for irrigation failures,vineyard manager irrigating off-peak hours overnight unsupervised,"If a valve fails or flow drops during an overnight set, how fast does a modern irrigation system actually notify me?",irrigation valve failure phone alert overnight monitoring vineyard,curious and exploratory,5.0,remote_monitoring_control,Remote irrigation monitoring and control,Regenerated 2026-04-19
gen_1776644023_00306,Vineyard Manager / Viticulturist,research,commercial,assess water use reporting remote irrigation data,California vineyard manager facing water-use reporting requirements,"My county wants block-level water-use records this season. Can remote irrigation monitoring generate that data automatically, or is it manual still?",irrigation water use reporting block level data California vineyard,detail-oriented and planning ahead,5.0,remote_monitoring_control,Remote irrigation monitoring and control,Regenerated 2026-04-19
gen_1776644023_00307,Vineyard Manager / Viticulturist,educational,informational,understand remote valve control from phone,vineyard manager tired of driving to turn valves manually,I'm still driving out to turn valves by hand. Can I actually start and stop irrigation sets from my phone?,remote irrigation valve control smartphone vineyard,practical and ready to act,5.0,remote_monitoring_control,Remote irrigation monitoring and control,Regenerated 2026-04-19
gen_1776644023_00308,Vineyard Manager / Viticulturist,support,informational,verify overnight irrigation actually ran,viticulturist scheduling off-peak irrigation with no overnight crew,Scheduled an overnight set with no one on-site. How do I know in the morning it actually ran correctly?,verify overnight irrigation run completed remotely,time-pressed and direct,5.0,remote_monitoring_control,Remote irrigation monitoring and control,Regenerated 2026-04-19
gen_1776644023_00309,Vineyard Manager / Viticulturist,educational,informational,evaluate alert systems for irrigation faults,vineyard manager managing multiple blocks across large ranch,"What does a useful irrigation fault alert actually look like — text, email, or something else — when flow drops mid-set?",irrigation fault alert system flow drop notification vineyard,curious and exploratory,5.0,remote_monitoring_control,Remote irrigation monitoring and control,Regenerated 2026-04-19
gen_1776644023_00310,Vineyard Manager / Viticulturist,research,commercial,compare wireless vs hardwired valve monitoring,vineyard manager frustrated with hardwired solenoid failures,Hardwired solenoids keep failing at the worst times. Is wireless flow monitoring actually more reliable for vineyard blocks?,wireless irrigation monitoring vs hardwired solenoid reliability vineyard,skeptical and comparing options,5.0,remote_monitoring_control,Remote irrigation monitoring and control,Regenerated 2026-04-19
gen_1776644023_00311,Vineyard Manager / Viticulturist,commercial,commercial,find cloud software for multi-property irrigation visibility,"third-party vineyard management company, 15+ client properties",Managing multiple client ranches and I need one dashboard showing live irrigation status across all of them. What exists for this?,cloud irrigation monitoring software multi property vineyard management,practical and ready to act,5.0,remote_monitoring_control,Remote irrigation monitoring and control,Regenerated 2026-04-19
gen_1776644023_00312,Vineyard Manager / Viticulturist,educational,informational,understand leak detection without walking blocks,viticulturist losing time and water to undetected line breaks,A lateral blew last week and I didn't catch it for two days. How does real-time flow monitoring detect a leak that fast?,real time flow monitoring leak detection irrigation vineyard,time-pressed and direct,5.0,remote_monitoring_control,Remote irrigation monitoring and control,Regenerated 2026-04-19
gen_1776644023_00313,Vineyard Manager / Viticulturist,research,informational,assess irrigation execution confidence block by block,vineyard manager doubting whether scheduled volumes were delivered,I plan my irrigation volumes carefully but have no idea if the field delivers them. How do growers close that gap with flow data?,irrigation volume delivered vs planned block level flow data,curious and exploratory,5.0,remote_monitoring_control,Remote irrigation monitoring and control,Regenerated 2026-04-19
gen_1776644023_00314,Vineyard Manager / Viticulturist,commercial,commercial,evaluate connected irrigation for deficit irrigation precision,viticulturist managing vine stress thresholds for wine quality,Deficit irrigation timing is everything for fruit quality. How precisely can a remote system hit my target volumes block by block?,precision deficit irrigation remote control block level vineyard,practical and ready to act,5.0,remote_monitoring_control,Remote irrigation monitoring and control,Regenerated 2026-04-19
gen_1776644023_00315,Vineyard Manager / Viticulturist,navigational,navigational,locate remote irrigation monitoring product demos,vineyard manager ready to evaluate options before next season,Looking to see a live demo of remote irrigation monitoring on a real vineyard before next season. Where do I find that?,remote irrigation monitoring demo vineyard live,practical and ready to act,5.0,remote_monitoring_control,Remote irrigation monitoring and control,Regenerated 2026-04-19
gen_1776644023_00316,Vineyard Manager / Viticulturist,educational,informational,understand clog detection via flow trend data,vineyard manager losing uniformity to slow partial emitter blockages,Flow in one block keeps creeping down over weeks. Can a monitoring system flag that trend automatically before uniformity tanks?,irrigation flow trend monitoring clog detection emitter vineyard,curious and exploratory,5.0,remote_monitoring_control,Remote irrigation monitoring and control,Regenerated 2026-04-19
gen_1776644023_00317,Vineyard Manager / Viticulturist,educational,informational,verify overnight irrigation completed correctly,"vineyard manager, no crew on-site overnight, multiple blocks",I ran three blocks overnight with no irrigator watching. What data should I see in the morning to confirm everything executed?,remote irrigation monitoring overnight confirmation vineyard blocks,detail-oriented and planning ahead,5.0,remote_monitoring_control,Remote irrigation monitoring and control,Regenerated 2026-04-19
gen_1776644023_00318,Vineyard Manager / Viticulturist,educational,informational,understand pressure monitoring for clog detection,"viticulturist, drip system, finding clogged emitters late",I'm catching clogged drip emitters way too late. Does real-time pressure monitoring actually pinpoint which block has the problem?,real time pressure monitoring drip irrigation clog detection vineyard,frustrated and overwhelmed,5.0,remote_monitoring_control,Remote irrigation monitoring and control,Regenerated 2026-04-19
gen_1776644023_00319,Vineyard Manager / Viticulturist,research,commercial,evaluate remote control for multi-ranch management,"third-party vineyard management company, 6+ client properties","Running six client ranches this season. Can I start, stop, and adjust irrigation sets remotely without driving between properties?",remote irrigation control multiple vineyard properties management,time-pressed and direct,5.0,remote_monitoring_control,Remote irrigation monitoring and control,Regenerated 2026-04-19
gen_1776644023_00320,Vineyard Manager / Viticulturist,commercial,commercial,find irrigation monitoring system for wine grapes,California vineyard manager replacing aging hub-and-spoke setup,Hub-and-spoke controller setup is done. Looking for a connected irrigation system built specifically for wine grape blocks.,connected irrigation monitoring system wine grapes california vineyard,time-pressed and direct,5.0,remote_monitoring_control,Remote irrigation monitoring and control,Regenerated 2026-04-19
gen_1776644023_00321,Vineyard Manager / Viticulturist,support,informational,set up automatic low-flow alerts,"vineyard manager, missed a slow leak for days, wants phone alerts",Missed a slow leak for three days before anyone noticed. How do I configure automatic alerts when flow drops below my target volume?,automatic low flow alert irrigation leak detection vineyard,frustrated and overwhelmed,5.0,remote_monitoring_control,Remote irrigation monitoring and control,Regenerated 2026-04-19
gen_1776644023_00322,Vineyard Manager / Viticulturist,research,informational,compare flow meter accuracy for block-level precision,viticulturist tracking applied water volume per block for water reporting,I need block-level applied-water records for my water-use report. How accurate are built-in flow meters on connected irrigation valves?,built in flow meter accuracy irrigation valve block level water use,detail-oriented and planning ahead,5.0,remote_monitoring_control,Remote irrigation monitoring and control,Regenerated 2026-04-19
gen_1776644023_00323,Vineyard Manager / Viticulturist,navigational,navigational,request irrigation monitoring product demo,"vineyard manager evaluating before next season, wants real-world proof",Want to see remote irrigation monitoring running on an actual vineyard before I commit. How do I arrange a field demo?,remote irrigation monitoring field demo vineyard request,detail-oriented and planning ahead,5.0,remote_monitoring_control,Remote irrigation monitoring and control,Regenerated 2026-04-19
gen_1776644023_00324,Avocado & Subtropical Tree Grower,educational,informational,understand avocado irrigation water stress risk,"Southern California avocado grower, heat events, no block visibility",How quickly can an avocado tree die from under-irrigation during a Southern California heat event?,avocado tree water stress heat event damage timeline,newly aware and confused,5.0,orchard_tree_fruit_irrigation,Orchard and tree-fruit irrigation,Regenerated 2026-04-19
gen_1776644023_00325,Avocado & Subtropical Tree Grower,research,commercial,evaluate wireless vs wired orchard irrigation control,"rolling avocado grove terrain, no trenched wire, hub-and-spoke legacy system","My grove has serious elevation changes — is wireless irrigation control actually reliable on rolling terrain, or does it drop signal?",wireless irrigation control rolling terrain orchard reliability,skeptical and comparing options,5.0,orchard_tree_fruit_irrigation,Orchard and tree-fruit irrigation,Regenerated 2026-04-19
gen_1776644023_00326,Avocado & Subtropical Tree Grower,research,commercial,find per-block flow metering solutions for orchards,"avocado grower, no flow visibility, micro-sprinkler system",Is there irrigation hardware that meters flow at the block level for micro-sprinkler orchards without adding separate sensors everywhere?,block level flow metering micro sprinkler orchard irrigation,newly aware and confused,5.0,orchard_tree_fruit_irrigation,Orchard and tree-fruit irrigation,Regenerated 2026-04-19
gen_1776644023_00327,Avocado & Subtropical Tree Grower,educational,informational,understand salinity risk in avocado drip irrigation,"avocado grower, recycled or well water, salt-sensitive rootstock",Avocados are salt-sensitive — what irrigation scheduling practices actually reduce salinity buildup in the root zone?,avocado irrigation salinity management root zone scheduling,time-pressed and direct,5.0,orchard_tree_fruit_irrigation,Orchard and tree-fruit irrigation,Regenerated 2026-04-19
gen_1776644023_00328,Avocado & Subtropical Tree Grower,research,commercial,compare subscription vs capital purchase irrigation systems,"family avocado ranch, tight capital budget, evaluating upgrade options",Subscription-based irrigation systems versus buying hardware outright — which actually pencils out better for a mid-size avocado ranch?,irrigation system subscription vs capital purchase orchard cost comparison,skeptical and comparing options,5.0,orchard_tree_fruit_irrigation,Orchard and tree-fruit irrigation,Regenerated 2026-04-19
gen_1776644023_00329,Avocado & Subtropical Tree Grower,commercial,commercial,automate overnight avocado irrigation runs,"avocado grower, labor shortage, manual valve turns overnight",I'm still sending someone out to turn valves at 2am. What automation options actually handle overnight avocado irrigation reliably?,automate overnight orchard irrigation valve control avocado,time-pressed and direct,5.0,orchard_tree_fruit_irrigation,Orchard and tree-fruit irrigation,Regenerated 2026-04-19
gen_1776644023_00330,Avocado & Subtropical Tree Grower,navigational,navigational,find California avocado grower irrigation resources,"Ventura County grower, newly evaluating irrigation technology options","Where do California avocado growers go to compare irrigation technology — grower associations, commissions, or trade events?",California avocado grower irrigation technology resources association,newly aware and confused,5.0,orchard_tree_fruit_irrigation,Orchard and tree-fruit irrigation,Regenerated 2026-04-19
gen_1776644023_00331,Avocado & Subtropical Tree Grower,support,informational,detect irrigation leaks in avocado grove remotely,"large avocado ranch, no real-time alerts, trees die fast from leaks",A blown micro-sprinkler head in my grove can stress trees before anyone notices. Can irrigation systems alert me to leaks remotely?,remote leak detection orchard irrigation avocado micro sprinkler alert,time-pressed and direct,5.0,orchard_tree_fruit_irrigation,Orchard and tree-fruit irrigation,Regenerated 2026-04-19
gen_1776644023_00332,Avocado & Subtropical Tree Grower,educational,informational,understand ET-based scheduling for avocado orchards,avocado grower unfamiliar with evapotranspiration scheduling methods,I keep hearing about ET-based irrigation scheduling for avocados. What does that actually mean in practice for my grove?,ET based irrigation scheduling avocado orchard explained,newly aware and confused,5.0,orchard_tree_fruit_irrigation,Orchard and tree-fruit irrigation,Regenerated 2026-04-19
gen_1776644023_00333,Berry Grower (Blueberry & Strawberry),educational,informational,volume-based blueberry irrigation scheduling,"highbush blueberry grower, running drip on timers","My blueberry drip runs on timers but plants need gallons delivered, not minutes. How do I switch to volume-based scheduling?",volume based blueberry drip irrigation scheduling gallons per block,frustrated and overwhelmed,5.0,berry_irrigation,Berry irrigation (blueberry and strawberry),Regenerated 2026-04-19
gen_1776644023_00334,Berry Grower (Blueberry & Strawberry),support,informational,detect clogged emitters blueberry drip,"berry grower, worried about uneven delivery row-by-row",Clogged emitters in blueberries are wrecking row uniformity before I even notice. What's the fastest way to catch them?,detect clogged drip emitters blueberry irrigation real time,time-pressed and direct,5.0,berry_irrigation,Berry irrigation (blueberry and strawberry),Regenerated 2026-04-19
gen_1776644023_00335,Berry Grower (Blueberry & Strawberry),research,commercial,compare irrigation automation options for strawberries,California coastal strawberry grower evaluating upgrades,I'm comparing irrigation automation for coastal strawberries — what separates a real precision system from a glorified timer?,precision irrigation automation strawberry drip system comparison,skeptical and comparing options,5.0,berry_irrigation,Berry irrigation (blueberry and strawberry),Regenerated 2026-04-19
gen_1776644023_00336,Berry Grower (Blueberry & Strawberry),educational,informational,prevent blueberry root rot from overwatering,"highbush blueberry grower, shallow roots, wet winters",Overwatering blueberries leads straight to root rot. What irrigation controls actually prevent me from applying too much?,prevent blueberry overwatering root rot drip irrigation control,frustrated and overwhelmed,5.0,berry_irrigation,Berry irrigation (blueberry and strawberry),Regenerated 2026-04-19
gen_1776644023_00337,Berry Grower (Blueberry & Strawberry),commercial,commercial,find block-level flow monitoring for berry farms,berry grower researching connected irrigation platforms,Looking for irrigation systems that show actual flow data per block on berries — does that technology exist for smaller acreage?,block level flow monitoring irrigation berry farm small acreage,skeptical and comparing options,5.0,berry_irrigation,Berry irrigation (blueberry and strawberry),Regenerated 2026-04-19
gen_1776644023_00338,Berry Grower (Blueberry & Strawberry),commercial,commercial,remote irrigation control strawberry fields,strawberry grower scheduling overnight irrigation runs alone,"I'm irrigating strawberries overnight by myself. Is there a system I can actually start, monitor, and stop from my phone?",remote irrigation control strawberry fields phone monitoring,time-pressed and direct,5.0,berry_irrigation,Berry irrigation (blueberry and strawberry),Regenerated 2026-04-19
gen_1776644023_00339,Almond & Orchard Grower,research,informational,understand drip vs micro-sprinkler for almonds,"Central Valley almond grower, evaluating irrigation method upgrade","Drip or micro-sprinklers for mature almond blocks — which actually performs better on a 1,000-acre ranch?",drip vs micro sprinkler almond orchard irrigation large scale,skeptical and comparing options,5.0,orchard_tree_fruit_irrigation,Orchard and tree-fruit irrigation,Regenerated 2026-04-19
gen_1776644023_00340,Almond & Orchard Grower,educational,informational,calculate pumping cost reduction with off-peak irrigation,"almond grower, peak-hour energy charges eating margin",How much can I realistically save on pumping costs by shifting orchard irrigation sets to off-peak hours overnight?,off peak pumping cost savings orchard irrigation almonds,practical and ready to act,5.0,orchard_tree_fruit_irrigation,Orchard and tree-fruit irrigation,Regenerated 2026-04-19
gen_1776644023_00341,Almond & Orchard Grower,research,commercial,find dry-run pump protection for orchard systems,"ranch manager, pump failures causing crop stress events",My pump ran dry twice this season before anyone noticed. What systems actually catch dry-run conditions in real time?,dry run pump protection orchard irrigation automation,skeptical and comparing options,5.0,orchard_tree_fruit_irrigation,Orchard and tree-fruit irrigation,Regenerated 2026-04-19
gen_1776644023_00342,Almond & Orchard Grower,educational,informational,understand SGMA water reporting for orchard blocks,"Central Valley grower, SGMA compliance pressure increasing",SGMA audits are coming and I have no block-level water use data. How do other almond growers track applied water per block?,SGMA compliance orchard block level water tracking almonds,newly aware and confused,5.0,orchard_tree_fruit_irrigation,Orchard and tree-fruit irrigation,Regenerated 2026-04-19
gen_1776644023_00343,Almond & Orchard Grower,research,commercial,evaluate wireless valve reliability at orchard scale,orchard manager skeptical after hub-and-spoke failures,"Hub-and-spoke controllers keep failing silently on my ranch. Are wireless valve systems actually reliable across 2,000 acres?",wireless irrigation valve reliability large orchard acres,skeptical and comparing options,5.0,orchard_tree_fruit_irrigation,Orchard and tree-fruit irrigation,Regenerated 2026-04-19
gen_1776644023_00344,Almond & Orchard Grower,educational,informational,schedule cherry irrigation around frost and heat events,"Washington cherry grower, timing irrigation around weather windows","Cherry irrigation timing is brutal — frost risk one week, heat spike the next. Can automated systems actually flex to weather in real time?",cherry orchard irrigation scheduling weather adaptive automation,practical and ready to act,5.0,orchard_tree_fruit_irrigation,Orchard and tree-fruit irrigation,Regenerated 2026-04-19
gen_1776644023_00345,Almond & Orchard Grower,research,commercial,compare subscription vs capital purchase for irrigation hardware,almond ranch manager evaluating irrigation tech budget model,Is a subscription model for irrigation hardware actually cheaper long-term than buying the equipment outright on a 500-acre ranch?,irrigation hardware subscription vs capital purchase orchard ROI,skeptical and comparing options,5.0,orchard_tree_fruit_irrigation,Orchard and tree-fruit irrigation,Regenerated 2026-04-19
gen_1776644023_00346,Almond & Orchard Grower,navigational,navigational,find orchard irrigation automation vendors in Central Valley,"almond grower starting vendor research, no prior exposure",Looking for irrigation automation companies that actually specialize in almonds and tree crops in the Central Valley — who should I call?,orchard irrigation automation companies Central Valley almonds,newly aware and confused,5.0,orchard_tree_fruit_irrigation,Orchard and tree-fruit irrigation,Regenerated 2026-04-19
gen_1776644023_00347,Almond & Orchard Grower,support,commercial,detect silent valve failures across large orchard blocks,"ranch manager, no staff to physically check remote blocks","I've got blocks a mile apart — if a valve fails mid-set, nobody knows for hours. What actually sends a real-time fault alert?",irrigation valve fault detection alert orchard remote blocks,practical and ready to act,5.0,orchard_tree_fruit_irrigation,Orchard and tree-fruit irrigation,Regenerated 2026-04-19
gen_1776644023_00348,Almond & Orchard Grower,educational,informational,understand flow metering accuracy across orchard pressure zones,"almond grower, multiple pressure zones across flat and rolling ground",My ranch has three separate pressure zones. Can one irrigation platform give me accurate flow data across all of them from a single dashboard?,irrigation flow metering multiple pressure zones orchard dashboard,newly aware and confused,5.0,orchard_tree_fruit_irrigation,Orchard and tree-fruit irrigation,Regenerated 2026-04-19
gen_1776644023_00349,Almond & Orchard Grower,educational,informational,understand orchard irrigation automation basics,"almond grower, new to connected irrigation systems",I keep hearing about automated irrigation for orchards but don't know where to start. What actually gets automated?,orchard irrigation automation explained almond grower,newly aware and confused,5.0,orchard_tree_fruit_irrigation,Orchard and tree-fruit irrigation,Regenerated 2026-04-19
gen_1776644023_00350,Almond & Orchard Grower,research,commercial,evaluate flow monitoring ROI for large ranch,"Central Valley almond operation, 1,500+ acres, high pumping costs","Real-time flow monitoring at the block level — is that actually worth the cost on a 1,500-acre almond ranch?",block level flow monitoring almond orchard cost benefit,skeptical and comparing options,5.0,orchard_tree_fruit_irrigation,Orchard and tree-fruit irrigation,Regenerated 2026-04-19
gen_1776644023_00351,Almond & Orchard Grower,educational,informational,plan irrigation system upgrade for multi-block orchard,"ranch manager, mixed tree crops, planning next season's infrastructure",Planning an irrigation overhaul across walnut and almond blocks with different soil types. What specs should I nail down first?,irrigation system upgrade mixed orchard blocks planning specifications,detail-oriented and planning ahead,5.0,orchard_tree_fruit_irrigation,Orchard and tree-fruit irrigation,Regenerated 2026-04-19
gen_1776644023_00352,Almond & Orchard Grower,navigational,navigational,find irrigation tech vendors for tree crops,"almond grower, researching vendors after ag-tech consultant referral",Looking for irrigation technology vendors that specifically serve large almond and tree-fruit operations in California — where do I find them?,irrigation technology vendors almond tree fruit California,newly aware and confused,5.0,orchard_tree_fruit_irrigation,Orchard and tree-fruit irrigation,Regenerated 2026-04-19
gen_1776644023_00353,Almond & Orchard Grower,research,commercial,compare wireless vs wired valve systems at scale,"skeptical ranch manager, 2,000 acres, evaluating connected valve options","Wireless valves sound good on paper, but I need proof they hold up across 2,000 orchard acres with spotty cell coverage.",wireless irrigation valves reliability large orchard acreage,skeptical and comparing options,5.0,orchard_tree_fruit_irrigation,Orchard and tree-fruit irrigation,Regenerated 2026-04-19
gen_1776644023_00354,Avocado & Subtropical Tree Grower,educational,informational,understand SGMA water reporting for avocado groves,"Southern California avocado grower, groundwater-dependent, facing SGMA deadlines",My grove runs on well water and I keep hearing about SGMA deadlines. What do avocado growers actually need to report?,SGMA water reporting requirements avocado growers California,curious and exploratory,5.0,water_conservation_reporting,Water conservation and water-use reporting,Regenerated 2026-04-19
gen_1776644023_00355,Avocado & Subtropical Tree Grower,support,informational,document per-block water use for regulatory compliance,"Ventura County avocado ranch, water district demanding usage logs",My water district wants block-level usage records and I have nothing. How do growers generate that data from field irrigation?,block level irrigation water use documentation growers compliance,frustrated and overwhelmed,5.0,water_conservation_reporting,Water conservation and water-use reporting,Regenerated 2026-04-19
gen_1776644023_00356,Avocado & Subtropical Tree Grower,research,commercial,reduce pumping costs on water-intensive grove,"avocado grower, high electricity bills, rising well-pumping costs",Pumping costs are killing my margins on avocados. What irrigation changes actually move the needle on energy and water use?,reduce irrigation pumping costs avocado grove water efficiency,practical and ready to act,5.0,water_conservation_reporting,Water conservation and water-use reporting,Regenerated 2026-04-19
gen_1776644023_00357,Avocado & Subtropical Tree Grower,research,commercial,find flow monitoring tools for grove-scale irrigation,"San Diego avocado rancher, no per-block flow visibility on current system",I have zero visibility into how much water each block actually gets. What tools give real-time flow data across a hilly grove?,real time flow monitoring irrigation avocado grove hilly terrain,curious and exploratory,5.0,water_conservation_reporting,Water conservation and water-use reporting,Regenerated 2026-04-19
gen_1776644023_00358,Avocado & Subtropical Tree Grower,navigational,navigational,find irrigation automation built for water reporting,"avocado grower evaluating upgrades, needs audit-ready water data",I need an irrigation system that logs usage automatically — something I can pull reports from when regulators ask. Where do I start?,irrigation system automated water use reporting audit ready growers,practical and ready to act,5.0,water_conservation_reporting,Water conservation and water-use reporting,Regenerated 2026-04-19
gen_1776644023_00359,Avocado & Subtropical Tree Grower,educational,informational,understand water conservation options under drought restrictions,"Riverside County avocado grower, facing water allocation cuts mid-season",My allocation just got cut 20% mid-season. How do avocado growers stretch water without losing trees in a heat year?,avocado grove water conservation drought allocation cut California,frustrated and overwhelmed,5.0,water_conservation_reporting,Water conservation and water-use reporting,Regenerated 2026-04-19
gen_1776644023_00360,Vineyard Manager / Viticulturist,educational,informational,understand pump dry-run protection,"vineyard manager, remote pump site, no one overnight",What actually protects a pump from running dry overnight when nobody's on the ranch to catch it?,pump dry run protection irrigation vineyard automated,practical and ready to act,5.0,pump_automation,Pump automation for farms and ranches,Regenerated 2026-04-19
gen_1776644023_00361,Vineyard Manager / Viticulturist,educational,informational,reduce pumping energy costs off-peak,"vineyard manager, large ranch, high electricity bills",My pumping costs are out of control. Does scheduling irrigation during off-peak hours actually move the needle on energy bills?,off peak pumping irrigation energy cost savings vineyard,frustrated and overwhelmed,5.0,pump_automation,Pump automation for farms and ranches,Regenerated 2026-04-19
gen_1776644023_00362,Vineyard Manager / Viticulturist,support,informational,diagnose pressure spikes causing emitter damage,"vineyard manager, drip system, recurring blown emitters",Keep blowing emitters on startup. Is pressure spiking at the pump the likely cause and how do I confirm it remotely?,pressure spike pump startup drip irrigation emitter damage,frustrated and overwhelmed,5.0,pump_automation,Pump automation for farms and ranches,Regenerated 2026-04-19
gen_1776644023_00363,Vineyard Manager / Viticulturist,research,commercial,evaluate pump automation ROI for orchard,"viticulturist, 500-acre estate, evaluating capital spend",How do I build a real ROI case for pump automation on a 500-acre wine grape ranch — what numbers should I be tracking?,pump automation ROI vineyard ranch irrigation cost savings,practical and ready to act,5.0,pump_automation,Pump automation for farms and ranches,Regenerated 2026-04-19
gen_1776644023_00364,Vineyard Manager / Viticulturist,commercial,commercial,find pump automation systems for vineyards,"vineyard management company, multiple client properties",Looking for pump control systems built for vineyard-scale operations — not generic ag setups. What are growers actually using?,pump automation system vineyard specialty crop irrigation control,time-pressed and direct,5.0,pump_automation,Pump automation for farms and ranches,Regenerated 2026-04-19
gen_1776644023_00365,Vineyard Manager / Viticulturist,educational,informational,understand cavitation risk during irrigation sets,"ranch manager, aging pump infrastructure, long sets",Pump's been cavitating on long overnight sets. What causes that and can automated controls actually prevent it from happening?,pump cavitation prevention irrigation automation overnight sets,frustrated and overwhelmed,5.0,pump_automation,Pump automation for farms and ranches,Regenerated 2026-04-19
gen_1776644023_00366,Vineyard Manager / Viticulturist,navigational,transactional,get demo for connected pump control system,"vineyard manager, ready to replace aging hub-and-spoke setup",Done patching our old pump controller. I want to see a connected pump automation system in action — how do I set that up?,connected pump automation irrigation system demo vineyard,practical and ready to act,5.0,pump_automation,Pump automation for farms and ranches,Regenerated 2026-04-19
gen_1776644023_00367,Vineyard Manager / Viticulturist,research,commercial,monitor pump flow and pressure remotely,"viticulturist managing multiple blocks, no on-site staff at night",Is there a way to watch pump flow and pressure across multiple blocks from my phone without driving out to the site?,remote pump flow pressure monitoring irrigation vineyard mobile,time-pressed and direct,5.0,pump_automation,Pump automation for farms and ranches,Regenerated 2026-04-19
gen_1776644023_00368,Vineyard Manager / Viticulturist,educational,informational,integrate pump control with valve scheduling,"vineyard manager, fragmented systems, block-level irrigation",Our valves and pump run on completely separate systems. What does it take to get them talking to each other automatically?,integrate pump control irrigation valve scheduling vineyard automation,frustrated and overwhelmed,5.0,pump_automation,Pump automation for farms and ranches,Regenerated 2026-04-19
gen_1776644023_00369,Vineyard Manager / Viticulturist,research,commercial,compare pump automation options for large ranch,"third-party vineyard management company, 1000+ acres across clients",Managing over a thousand acres across multiple clients — what should separate a serious pump automation platform from a basic timer upgrade?,pump automation platform large scale vineyard ranch irrigation comparison,time-pressed and direct,5.0,pump_automation,Pump automation for farms and ranches,Regenerated 2026-04-19
gen_1776644023_00370,Vineyard Manager / Viticulturist,educational,informational,understand pump automation for vineyard blocks,"vineyard manager, new to automated pump control",I keep hearing about automated pump control for irrigation. What does it actually do that a timer doesn't?,automated pump control irrigation vineyards vs timer,newly aware and confused,5.0,pump_automation,Pump automation for farms and ranches,Regenerated 2026-04-19
gen_1776644023_00371,Vineyard Manager / Viticulturist,support,informational,identify pump failure warning signs remotely,"vineyard manager, no on-site staff overnight",What pressure or flow readings should tip me off that a pump is about to fail before it actually does?,pump failure warning signs flow pressure irrigation monitoring,practical and ready to act,5.0,pump_automation,Pump automation for farms and ranches,Regenerated 2026-04-19
gen_1776644023_00372,Vineyard Manager / Viticulturist,research,commercial,evaluate pump automation for multi-property management,"third-party vineyard management company, multiple client ranches",Managing irrigation across six client vineyards — is centralized pump automation actually worth the complexity at that scale?,centralized pump automation multi property vineyard management,skeptical and comparing options,5.0,pump_automation,Pump automation for farms and ranches,Regenerated 2026-04-19
gen_1776644023_00373,Vineyard Manager / Viticulturist,educational,informational,learn dry-run protection mechanisms for pumps,"viticulturist, experienced pump failures from low water supply","How does dry-run protection actually shut a pump down — is it pressure-based, flow-based, or something else?",dry run protection pump how it works pressure flow sensor,newly aware and confused,5.0,pump_automation,Pump automation for farms and ranches,Regenerated 2026-04-19
gen_1776644023_00374,Vineyard Manager / Viticulturist,support,informational,confirm irrigation executed as planned overnight,"vineyard manager, no confidence in overnight set completion",Ran a full overnight set last week and I still don't know if the pump actually held pressure the whole time.,verify overnight irrigation set pump pressure log vineyard,practical and ready to act,5.0,pump_automation,Pump automation for farms and ranches,Regenerated 2026-04-19
gen_1776644023_00375,Vineyard Manager / Viticulturist,research,commercial,reduce pump energy costs with off-peak scheduling,"ranch-scale vineyard, high summer electricity bills",How much pump runtime needs to shift to off-peak hours before the energy savings actually justify the automation cost?,off peak pump scheduling energy savings irrigation cost justification,skeptical and comparing options,5.0,pump_automation,Pump automation for farms and ranches,Regenerated 2026-04-19
gen_1776644023_00376,Vineyard Manager / Viticulturist,navigational,navigational,find pump automation vendors for specialty crops,"viticulturist, actively shopping solutions for wine grapes",Looking for pump automation built around specialty crops like wine grapes — who should I actually be talking to?,pump automation specialty crops wine grapes irrigation vendors,practical and ready to act,5.0,pump_automation,Pump automation for farms and ranches,Regenerated 2026-04-19
gen_1776644023_00377,Vineyard Manager / Viticulturist,educational,informational,understand pressure spike damage to drip systems,"vineyard manager, repeated emitter failures at irrigation start",Emitters keep blowing out on the first block to open. Is a pressure spike at pump startup doing the damage?,pressure spike pump startup drip emitter damage vineyard,newly aware and confused,5.0,pump_automation,Pump automation for farms and ranches,Regenerated 2026-04-19
gen_1776644023_00378,Vineyard Manager / Viticulturist,research,commercial,compare pump automation subscription vs capital purchase,"estate vineyard manager, evaluating budget model for new system",Subscription-based pump automation versus buying hardware outright — which model makes more sense for a 200-acre estate?,pump automation subscription vs capex vineyard irrigation system,skeptical and comparing options,5.0,pump_automation,Pump automation for farms and ranches,Regenerated 2026-04-19
gen_1776644023_00379,Vineyard Manager / Viticulturist,commercial,transactional,request pump automation demo or site evaluation,"vineyard manager, ready to move past research phase",I want someone to walk my pump setup and tell me what automation is actually feasible here. How do I get that?,pump automation site evaluation vineyard irrigation assessment,practical and ready to act,5.0,pump_automation,Pump automation for farms and ranches,Regenerated 2026-04-19
gen_1776644023_00380,Vineyard Manager / Viticulturist,educational,informational,understand pump cavitation damage risk,"vineyard manager, aging pump infrastructure, dry summer seasons",Pump cavitated twice this summer on back-to-back overnight sets. What's actually causing it and how do I stop it?,pump cavitation irrigation vineyard prevention causes,time-pressed and direct,5.0,pump_automation,Pump automation for farms and ranches,Regenerated 2026-04-19
gen_1776644023_00381,Vineyard Manager / Viticulturist,research,informational,evaluate off-peak pumping savings for vineyards,"viticulturist, PG&E time-of-use rates, 400-acre estate",On time-of-use rates for a 400-acre vineyard — what does actually shifting pumping to off-peak hours save annually?,off peak pumping cost savings vineyard time of use rates,skeptical and comparing options,5.0,pump_automation,Pump automation for farms and ranches,Regenerated 2026-04-19
gen_1776644023_00382,Vineyard Manager / Viticulturist,commercial,commercial,confirm irrigation actually executed overnight,"vineyard manager, no flow visibility, morning block walk routine",I'm tired of walking every block at dawn just to confirm last night's set actually ran. What gives me that confirmation remotely?,remote irrigation execution confirmation flow monitoring vineyard,time-pressed and direct,5.0,pump_automation,Pump automation for farms and ranches,Regenerated 2026-04-19
gen_1776644023_00383,Vineyard Manager / Viticulturist,research,informational,assess dry-run protection for multi-block operation,"vineyard management company, multiple client properties, shared pump stations",Managing pump stations across eight client properties — does automated dry-run protection actually work reliably when sets rotate between blocks?,dry run pump protection multi block vineyard irrigation automation,skeptical and comparing options,5.0,pump_automation,Pump automation for farms and ranches,Regenerated 2026-04-19
gen_1776644023_00384,Vineyard Manager / Viticulturist,commercial,commercial,find pump automation built for specialty crops,"viticulturist, California wine grapes, replacing legacy controller setup",Replacing an old hub-and-spoke setup on a wine grape ranch. Which pump automation systems are actually designed for specialty crops?,pump automation specialty crop vineyard irrigation system,practical and ready to act,5.0,pump_automation,Pump automation for farms and ranches,Regenerated 2026-04-19
gen_1776644023_00385,Vineyard Manager / Viticulturist,educational,informational,protect emitters from pressure spike at pump start,"vineyard manager, drip system, recurring emitter failures on first block","First block on my drip system keeps losing emitters at startup. Can pump automation actually soften that pressure spike, or is it a hardware fix?",pressure spike pump startup drip irrigation emitter damage fix,skeptical and comparing options,5.0,pump_automation,Pump automation for farms and ranches,Regenerated 2026-04-19
gen_1776644023_00386,Vineyard Manager / Viticulturist,navigational,transactional,request on-site pump automation assessment,"ranch manager, 600-acre vineyard, evaluating automation vendors",Ready to automate our pump station on a 600-acre ranch. How do I get someone out to assess what's actually feasible here?,pump automation site assessment vineyard ranch irrigation vendor,practical and ready to act,5.0,pump_automation,Pump automation for farms and ranches,Regenerated 2026-04-19
gen_1776644023_00387,Almond & Orchard Grower,educational,informational,understand SGMA water reporting requirements,"Central Valley almond grower, compliance deadline pressure",What exactly do I need to track and report to stay SGMA compliant on a large almond operation?,SGMA water reporting requirements almond grower Central Valley,time-pressed and direct,5.0,water_conservation_reporting,Water conservation and water-use reporting,Regenerated 2026-04-19
gen_1776644023_00388,Almond & Orchard Grower,research,informational,quantify irrigation water waste in orchards,"almond ranch manager, no block-level flow data",How much water are almond growers typically losing to over-irrigation when they have no block-level flow metering?,almond orchard water loss over-irrigation no flow meter,curious and exploratory,5.0,water_conservation_reporting,Water conservation and water-use reporting,Regenerated 2026-04-19
gen_1776644023_00389,Almond & Orchard Grower,commercial,commercial,find flow metering tools for SGMA documentation,"large orchard, GSA audit approaching",Looking for irrigation flow metering that auto-generates water-use reports — what systems actually do that at the block level?,irrigation flow meter automated water use reporting block level orchard,practical and ready to act,5.0,water_conservation_reporting,Water conservation and water-use reporting,Regenerated 2026-04-19
gen_1776644023_00390,Almond & Orchard Grower,educational,informational,reduce groundwater pumping volume almonds,"500-acre almond ranch, high pumping costs",I need to cut groundwater use on 500 acres of almonds without sacrificing yield. Where do growers start?,reduce groundwater pumping almonds without yield loss,time-pressed and direct,5.0,water_conservation_reporting,Water conservation and water-use reporting,Regenerated 2026-04-19
gen_1776644023_00391,Almond & Orchard Grower,research,informational,evaluate off-peak irrigation for energy and water savings,"Central Valley orchard, peak-hour electricity costs",Can shifting irrigation to overnight off-peak hours actually reduce both my energy bill and total water applied on an orchard?,off peak irrigation energy savings water reduction orchard,curious and exploratory,5.0,water_conservation_reporting,Water conservation and water-use reporting,Regenerated 2026-04-19
gen_1776644023_00392,Almond & Orchard Grower,commercial,commercial,automate water-use record keeping for regulators,"almond grower, manual log keeping is failing",Manually logging water use across dozens of blocks is unreliable. What irrigation platforms export audit-ready reports automatically?,irrigation platform automatic water use log export compliance reporting,practical and ready to act,5.0,water_conservation_reporting,Water conservation and water-use reporting,Regenerated 2026-04-19
gen_1776644023_00393,Almond & Orchard Grower,educational,informational,understand groundwater sustainability plan impact on orchards,"pistachio and almond grower, GSP just finalized",Our GSA just finalized its groundwater sustainability plan. How does that translate to actual pumping limits on my operation?,groundwater sustainability plan pumping limits orchard farm impact,curious and exploratory,5.0,water_conservation_reporting,Water conservation and water-use reporting,Regenerated 2026-04-19
gen_1776644023_00394,Almond & Orchard Grower,commercial,commercial,find dry-run pump protection with water monitoring,"large almond ranch, pumps failing silently",Pumps running dry is costing me serious money. What automation gives me dry-run protection and real-time flow data together?,pump dry run protection real time flow monitoring farm irrigation,time-pressed and direct,5.0,water_conservation_reporting,Water conservation and water-use reporting,Regenerated 2026-04-19
gen_1776644023_00395,Almond & Orchard Grower,research,informational,benchmark water use per acre almonds,ranch manager reviewing efficiency vs neighbors,What's a realistic target for acre-inches of water applied per season on mature almonds in a water-efficient operation?,almond water use per acre season efficient irrigation benchmark,curious and exploratory,5.0,water_conservation_reporting,Water conservation and water-use reporting,Regenerated 2026-04-19
gen_1776644023_00396,Almond & Orchard Grower,navigational,navigational,locate SGMA compliance resources for tree nut growers,almond grower new to compliance requirements,Where do California tree nut growers go to get plain-language guidance on SGMA water reporting obligations?,SGMA compliance guidance tree nut growers California water reporting,practical and ready to act,5.0,water_conservation_reporting,Water conservation and water-use reporting,Regenerated 2026-04-19
gen_1776644023_00397,Vineyard Manager / Viticulturist,educational,informational,understand distribution uniformity measurement in vineyards,viticulturist managing multiple blocks with variable pressure,"How do I actually measure DU across vineyard blocks, and what's a realistic target for wine grapes?",distribution uniformity measurement vineyard blocks wine grapes,curious and exploratory,5.0,vineyard_irrigation,Vineyard irrigation,Regenerated 2026-04-19
gen_1776644023_00398,Vineyard Manager / Viticulturist,support,informational,verify irrigation actually ran as scheduled,vineyard manager with no flow visibility overnight,I schedule overnight irrigation but have no way to confirm it actually ran. How do other vineyard managers solve this?,confirm vineyard irrigation ran as scheduled overnight monitoring,emotional and looking for support,5.0,vineyard_irrigation,Vineyard irrigation,Regenerated 2026-04-19
gen_1776644023_00399,Vineyard Manager / Viticulturist,educational,informational,fine-tune vine stress timing for fruit quality,viticulturist managing premium wine grape estate,When exactly during berry development should I be inducing mild vine stress to improve flavor concentration without hurting yield?,vine stress timing berry development fruit quality wine grapes,curious and exploratory,5.0,vineyard_irrigation,Vineyard irrigation,Regenerated 2026-04-19
gen_1776644023_00400,Vineyard Manager / Viticulturist,research,commercial,evaluate wireless valve reliability for large vineyard,ranch manager considering replacing hub-and-spoke system,"Wireless valves sound good on paper, but how do they actually hold up across 500-plus vineyard acres with poor connectivity?",wireless irrigation valve reliability large vineyard acreage,skeptical and comparing options,5.0,vineyard_irrigation,Vineyard irrigation,Regenerated 2026-04-19
gen_1776644023_00401,Vineyard Manager / Viticulturist,support,commercial,reduce irrigator labor hours in vineyard operations,vineyard management company overseeing multiple client properties,My irrigators are burning hours driving between blocks to turn valves. What's actually reduced labor time for vineyard operations at scale?,reduce irrigator labor hours vineyard automation,emotional and looking for support,5.0,vineyard_irrigation,Vineyard irrigation,Regenerated 2026-04-19
gen_1776644023_00402,Vineyard Manager / Viticulturist,research,informational,compare ET-based scheduling to soil moisture sensors,viticulturist choosing between irrigation scheduling methods,ET-based scheduling vs. soil moisture sensors for wine grapes — which do experienced viticulturists actually rely on more?,ET scheduling vs soil moisture sensors wine grapes irrigation,skeptical and comparing options,5.0,vineyard_irrigation,Vineyard irrigation,Regenerated 2026-04-19
gen_1776644023_00403,Vineyard Manager / Viticulturist,navigational,navigational,find precision irrigation platforms used by California vineyards,vineyard manager researching technology after peer recommendation,"Looking for irrigation platforms that California wine grape growers are actually running — not demos, real operations. Where do I find reviews?",precision irrigation platform California vineyard growers reviews,skeptical and comparing options,5.0,vineyard_irrigation,Vineyard irrigation,Regenerated 2026-04-19
gen_1776644023_00404,Vineyard Manager / Viticulturist,support,commercial,detect valve and emitter failures remotely,vineyard manager walking blocks manually to find leaks,I'm finding clogged emitters and failed valves by walking rows. Is there a way to catch these faults without boots on the ground?,remote fault detection vineyard valve emitter failure irrigation,emotional and looking for support,5.0,vineyard_irrigation,Vineyard irrigation,Regenerated 2026-04-19
gen_1776644023_00405,Vineyard Manager / Viticulturist,educational,informational,understand block-level water use reporting for compliance,vineyard manager in California with water-use reporting requirements,California's asking for block-level water-use data and I'm pulling it manually from paper logs. What systems generate that automatically?,block level water use reporting vineyard California compliance,curious and exploratory,5.0,vineyard_irrigation,Vineyard irrigation,Regenerated 2026-04-19
gen_1776644023_00406,Vineyard Manager / Viticulturist,research,commercial,assess ROI of irrigation automation for vineyard estate,viticulturist building case for ownership investment,"Trying to justify irrigation automation to ownership. What measurable ROI have vineyards seen — labor, water, or fruit quality?",irrigation automation ROI vineyard labor water fruit quality,skeptical and comparing options,5.0,vineyard_irrigation,Vineyard irrigation,Regenerated 2026-04-19
gen_1776644023_00407,Vineyard Manager / Viticulturist,educational,informational,understand irrigation execution gap in vineyards,viticulturist suspecting planned vs actual water delivery mismatch,How big is the gap between what I schedule and what vines actually receive? Is this a known problem in viticulture?,planned vs actual irrigation delivery vineyard water gap,curious and exploratory,5.0,vineyard_irrigation,Vineyard irrigation,Regenerated 2026-04-19
gen_1776644023_00408,Vineyard Manager / Viticulturist,commercial,commercial,evaluate solar-powered wireless valve options for vineyards,vineyard manager replacing aging hub-and-spoke controller system,I'm done with hardwired solenoid valves failing mid-season. Are solar-powered wireless valves actually reliable for vineyard irrigation?,solar powered wireless irrigation valve vineyard reliability,practical and ready to act,5.0,vineyard_irrigation,Vineyard irrigation,Regenerated 2026-04-19
gen_1776644023_00409,Vineyard Manager / Viticulturist,research,commercial,find block-level flow monitoring solutions,managing 400-acre estate with no per-block flow visibility,Running 400 acres of wine grapes with zero block-level flow data. What do growers use to actually monitor flow per block?,block level flow monitoring vineyard irrigation system,practical and ready to act,5.0,vineyard_irrigation,Vineyard irrigation,Regenerated 2026-04-19
gen_1776644023_00410,Vineyard Manager / Viticulturist,educational,informational,understand vine stress management during veraison,viticulturist chasing fruit quality through regulated deficit irrigation,I'm trying to dial in regulated deficit irrigation through veraison. How precisely do I need to control water to actually move the needle on quality?,regulated deficit irrigation veraison wine grape quality control,curious and exploratory,5.0,vineyard_irrigation,Vineyard irrigation,Regenerated 2026-04-19
gen_1776644023_00411,Vineyard Manager / Viticulturist,support,informational,confirm irrigation ran overnight without driving blocks,ranch manager losing confidence in unmonitored overnight sets,I keep showing up at dawn to find irrigation never ran. There has to be a better way than driving every block at 5am.,remote irrigation run confirmation vineyard overnight monitoring,emotional and looking for support,5.0,vineyard_irrigation,Vineyard irrigation,Regenerated 2026-04-19
gen_1776644023_00412,Vineyard Manager / Viticulturist,research,commercial,compare connected valve platforms used by California vineyards,vineyard management company evaluating tech across multiple client ranches,Managing multiple vineyard clients in California and need one irrigation platform that handles all of them. What are growers actually using?,connected irrigation platform multi-vineyard management California wine grapes,practical and ready to act,5.0,vineyard_irrigation,Vineyard irrigation,Regenerated 2026-04-19
gen_1776644023_00413,Vineyard Manager / Viticulturist,navigational,navigational,find vineyard irrigation case studies with real results,viticulturist building ownership pitch for irrigation upgrade,Looking for real vineyard case studies — actual labor hours saved or quality gains — not marketing claims. Where do I find grower-published results?,vineyard irrigation automation case study labor savings fruit quality,curious and exploratory,5.0,vineyard_irrigation,Vineyard irrigation,Regenerated 2026-04-19
gen_1776644023_00414,Vineyard Manager / Viticulturist,support,informational,detect pump issues remotely before crop damage,vineyard manager losing sleep over dry-run pump failures mid-set,Lost a pump to a dry-run failure last August and it cost me. What do other vineyard managers do to catch pump issues before they kill a set?,vineyard pump dry run protection remote monitoring irrigation,emotional and looking for support,5.0,vineyard_irrigation,Vineyard irrigation,Regenerated 2026-04-19
gen_1776644023_00415,Vineyard Manager / Viticulturist,commercial,commercial,estimate irrigation labor reduction from automation,vineyard manager with two full-time irrigators on a 600-acre ranch,Two irrigators doing nothing but turning valves all summer on 600 acres. How much labor do automated vineyard irrigation systems realistically cut?,vineyard irrigation automation labor reduction estimate hours saved,practical and ready to act,5.0,vineyard_irrigation,Vineyard irrigation,Regenerated 2026-04-19
gen_1776644023_00416,Vineyard Manager / Viticulturist,educational,informational,understand off-peak pumping savings for vineyard operations,viticulturist facing high summer electricity rates on ag pump tariff,Electricity bills for pumping are brutal in July and August. Can shifting irrigation to off-peak hours actually make a dent in those costs?,off peak irrigation pumping cost savings vineyard electricity,curious and exploratory,5.0,vineyard_irrigation,Vineyard irrigation,Regenerated 2026-04-19
gen_1776644023_00417,Vineyard Manager / Viticulturist,educational,informational,understand distribution uniformity impact on vine quality,"viticulturist managing multiple blocks, fruit quality focus",How much does poor distribution uniformity across vineyard blocks actually affect wine grape quality at harvest?,distribution uniformity vineyard blocks wine grape quality,detail-oriented and planning ahead,5.0,vineyard_irrigation,Vineyard irrigation,Regenerated 2026-04-19
gen_1776644023_00418,Vineyard Manager / Viticulturist,research,commercial,evaluate wireless valve retrofit for existing vineyard,vineyard manager replacing aging hub-and-spoke system,I'm retrofitting irrigation on an established 200-acre vineyard. Is wireless valve technology worth it over rewiring a controller system?,wireless irrigation valve retrofit established vineyard worth it,practical and ready to act,5.0,vineyard_irrigation,Vineyard irrigation,Regenerated 2026-04-19
gen_1776644023_00419,Vineyard Manager / Viticulturist,educational,informational,learn what ET-based scheduling means in practice,"newer vineyard manager, unfamiliar with ET irrigation concepts",I keep hearing about ET-based irrigation scheduling for vineyards. What does that actually mean day-to-day for a vineyard manager?,ET based irrigation scheduling vineyards explained,newly aware and confused,5.0,vineyard_irrigation,Vineyard irrigation,Regenerated 2026-04-19
gen_1776644023_00420,Vineyard Manager / Viticulturist,navigational,navigational,find vineyard irrigation automation vendors California,"California vineyard manager ready to buy, comparing options",Looking for irrigation automation vendors that specifically serve California wine grape operations — who are the real players right now?,vineyard irrigation automation vendors California wine grapes,practical and ready to act,5.0,vineyard_irrigation,Vineyard irrigation,Regenerated 2026-04-19
gen_1776644023_00421,Vineyard Manager / Viticulturist,educational,informational,plan block-level water budgets for regulated deficit irrigation,viticulturist planning season-long RDI program across multiple blocks,Planning regulated deficit irrigation across 15 blocks with different varietals and rootstocks. How do growers build per-block water budgets for a full season?,regulated deficit irrigation block water budget vineyard planning,detail-oriented and planning ahead,5.0,vineyard_irrigation,Vineyard irrigation,Regenerated 2026-04-19
gen_1776644023_00422,Vineyard Manager / Viticulturist,research,commercial,verify irrigation actually ran as scheduled overnight,vineyard manager losing confidence in overnight irrigation sets,Scheduled an overnight set last week and had no idea it failed until morning. What do other growers use to confirm irrigation actually executed?,confirm vineyard irrigation ran overnight remote monitoring,newly aware and confused,5.0,vineyard_irrigation,Vineyard irrigation,Regenerated 2026-04-19
gen_1776644023_00423,Vineyard Manager / Viticulturist,support,informational,understand water-use reporting requirements for vineyards,Washington or Oregon vineyard manager facing new reporting mandates,Our state is tightening water-use reporting for agricultural operations. How are vineyard managers tracking and documenting actual applied water per block?,vineyard water use reporting applied water per block documentation,detail-oriented and planning ahead,5.0,vineyard_irrigation,Vineyard irrigation,Regenerated 2026-04-19
gen_1776644023_00424,Berry Grower (Blueberry & Strawberry),educational,informational,understand volume-based vs duration-based irrigation scheduling,"blueberry grower, plants stressed by imprecise watering","My blueberries need exact gallons per block, not just timer minutes. Do modern smart irrigation systems actually schedule by volume?",volume based irrigation scheduling blueberry drip system,newly aware and confused,5.0,wiseconn_verdi_alternatives,"WiseConn, Verdi, and legacy controller alternatives",Regenerated 2026-04-19
gen_1776644023_00425,Berry Grower (Blueberry & Strawberry),research,commercial,evaluate connected valve systems for berry crops,strawberry grower comparing wireless valve platforms,Looking for a connected irrigation valve with a built-in flow meter for coastal strawberries. What systems are actually worth it?,connected irrigation valve built in flow meter strawberry,skeptical and comparing options,5.0,wiseconn_verdi_alternatives,"WiseConn, Verdi, and legacy controller alternatives",Regenerated 2026-04-19
gen_1776644023_00426,Berry Grower (Blueberry & Strawberry),research,commercial,find alternatives to basic drip timers for blueberries,"blueberry grower still running basic timers, wants upgrade",Still running basic drip timers on 200 acres of highbush blueberries. Is there a real alternative that gives me per-block flow data?,drip irrigation timer alternative blueberry per block flow data,newly aware and confused,5.0,wiseconn_verdi_alternatives,"WiseConn, Verdi, and legacy controller alternatives",Regenerated 2026-04-19
gen_1776644023_00427,Berry Grower (Blueberry & Strawberry),support,informational,catch clogged emitters early in drip systems,"strawberry grower, clogged emitters hurt yield before noticed",Lost a row of strawberries last season to clogged emitters I didn't catch in time. Can a smart system alert me before the damage is done?,smart irrigation alert clogged emitter drip strawberry,emotional and looking for support,5.0,wiseconn_verdi_alternatives,"WiseConn, Verdi, and legacy controller alternatives",Regenerated 2026-04-19
gen_1776644023_00428,Berry Grower (Blueberry & Strawberry),research,commercial,compare wireless smart valves to legacy hub-and-spoke controllers,blueberry grower evaluating whether to replace old controller setup,"My hub-and-spoke controller setup is aging out. Are wireless smart valves actually more reliable, or just more expensive headaches?",wireless smart valve vs hub spoke irrigation controller replacement,skeptical and comparing options,5.0,wiseconn_verdi_alternatives,"WiseConn, Verdi, and legacy controller alternatives",Regenerated 2026-04-19
gen_1776644023_00429,Berry Grower (Blueberry & Strawberry),support,informational,understand overwatering risk management for blueberries,grower worried about root rot from imprecise irrigation,Overwatered one block last July and lost half the yield to root rot. How do precision irrigation systems prevent that from happening again?,precision irrigation prevent overwatering blueberry root rot,emotional and looking for support,5.0,wiseconn_verdi_alternatives,"WiseConn, Verdi, and legacy controller alternatives",Regenerated 2026-04-19
gen_1776644023_00430,Berry Grower (Blueberry & Strawberry),navigational,navigational,find cloud irrigation software for small berry operations,"berry grower, owner is also the irrigation scheduler",I'm the grower and the scheduler on 150 acres of blueberries. Is there cloud irrigation software built for someone who can't babysit a dashboard all day?,cloud irrigation scheduling software small berry farm,newly aware and confused,5.0,wiseconn_verdi_alternatives,"WiseConn, Verdi, and legacy controller alternatives",Regenerated 2026-04-19
gen_1776644023_00431,Berry Grower (Blueberry & Strawberry),commercial,commercial,evaluate subscription vs capital purchase for irrigation hardware,strawberry grower reluctant to commit large CapEx,Don't want to sink $80K into irrigation hardware that's obsolete in five years. Are there subscription-based systems that include hardware warranty?,irrigation system subscription model hardware warranty specialty crops,skeptical and comparing options,5.0,wiseconn_verdi_alternatives,"WiseConn, Verdi, and legacy controller alternatives",Regenerated 2026-04-19
gen_1776644023_00432,Berry Grower (Blueberry & Strawberry),educational,informational,manage drip and micro-sprinkler combination remotely,blueberry grower running mixed drip and micro-sprinkler blocks,Running drip on mature blocks and micro-sprinklers on young plants. Can one irrigation platform handle both from my phone?,irrigation platform drip micro sprinkler combination remote control,emotional and looking for support,5.0,wiseconn_verdi_alternatives,"WiseConn, Verdi, and legacy controller alternatives",Regenerated 2026-04-19
gen_1776644023_00433,Vineyard Manager / Viticulturist,educational,informational,understand SGMA compliance basics for vineyards,"vineyard manager, newly aware of groundwater rules",I keep hearing about SGMA deadlines. What does a vineyard actually need to document to stay compliant?,SGMA compliance vineyard water documentation requirements california,newly aware and confused,5.0,water_conservation_reporting,Water conservation and water-use reporting,Regenerated 2026-04-19
gen_1776644023_00434,Vineyard Manager / Viticulturist,educational,informational,understand block-level water-use reporting,"viticulturist managing multiple vineyard blocks, planning ahead",Planning for water-use reporting next season. Should I track water by block or is total farm volume enough for regulators?,block level water use reporting vineyard california groundwater,detail-oriented and planning ahead,5.0,water_conservation_reporting,Water conservation and water-use reporting,Regenerated 2026-04-19
gen_1776644023_00435,Vineyard Manager / Viticulturist,research,commercial,find irrigation flow meter options for vineyards,"vineyard manager, no current flow measurement in place",I have zero flow data at the block level right now. What's the simplest way to start measuring actual water applied per block?,block level flow meter vineyard irrigation water measurement,newly aware and confused,5.0,water_conservation_reporting,Water conservation and water-use reporting,Regenerated 2026-04-19
gen_1776644023_00436,Vineyard Manager / Viticulturist,support,informational,export water-use records for GSA reporting,"vineyard manager, GSA audit approaching fast",GSA wants water-use records by month and I need them fast. What format do irrigation management systems typically export?,irrigation system water use data export GSA reporting format,time-pressed and direct,5.0,water_conservation_reporting,Water conservation and water-use reporting,Regenerated 2026-04-19
gen_1776644023_00437,Vineyard Manager / Viticulturist,educational,informational,reduce applied water without stressing vines,"viticulturist, facing water allocation cuts this season",Our water allocation was cut 20% this year. How do I reduce applied water across blocks without tanking fruit quality?,reduce irrigation water wine grapes fruit quality deficit irrigation,time-pressed and direct,5.0,water_conservation_reporting,Water conservation and water-use reporting,Regenerated 2026-04-19
gen_1776644023_00438,Vineyard Manager / Viticulturist,educational,informational,compare scheduled vs actual irrigation volume,vineyard manager suspicious irrigations aren't running as planned,How do I know if my irrigations actually ran at the volume I scheduled? Is there a way to verify planned vs delivered water?,verify scheduled vs actual irrigation volume vineyard monitoring,newly aware and confused,5.0,water_conservation_reporting,Water conservation and water-use reporting,Regenerated 2026-04-19
gen_1776644023_00439,Vineyard Manager / Viticulturist,research,commercial,evaluate smart irrigation ROI for water savings,vineyard manager building capital case for ownership,I need to justify smart irrigation to my ownership group. What water savings percentages are realistic for California wine grape blocks?,smart irrigation water savings ROI wine grapes california,detail-oriented and planning ahead,5.0,water_conservation_reporting,Water conservation and water-use reporting,Regenerated 2026-04-19
gen_1776644023_00440,Vineyard Manager / Viticulturist,research,informational,find vineyard water conservation best practices,"third-party vineyard management company, multiple client properties",Managing 15 client vineyards and every one needs a water conservation plan. Where do growers in California actually start with this?,vineyard water conservation plan california specialty crop growers,detail-oriented and planning ahead,5.0,water_conservation_reporting,Water conservation and water-use reporting,Regenerated 2026-04-19
gen_1776644023_00441,Vineyard Manager / Viticulturist,navigational,navigational,locate irrigation technology vendors serving vineyards,"vineyard manager ready to upgrade, evaluating options","Looking for vendors that sell connected irrigation systems specifically built for vineyard blocks, not generic ag. Where do I find them?",connected irrigation system vineyard specialty crop vendors,time-pressed and direct,5.0,water_conservation_reporting,Water conservation and water-use reporting,Regenerated 2026-04-19
gen_1776644023_00442,Vineyard Manager / Viticulturist,educational,informational,understand ET-based irrigation scheduling for compliance,"viticulturist, wants defensible water-use data for regulators","If I schedule irrigations based on ET, does that give me defensible records for groundwater regulators or do I need measured flow too?",ET based irrigation scheduling groundwater reporting california vineyard,detail-oriented and planning ahead,5.0,water_conservation_reporting,Water conservation and water-use reporting,Regenerated 2026-04-19
gen_1776644023_00443,Vineyard Manager / Viticulturist,educational,informational,understand SGMA groundwater reporting triggers,"vineyard manager, unsure which rules apply to their GSA",Not sure if my vineyard falls under a critically overdrafted basin. How do I find out what SGMA reporting applies to me?,SGMA critically overdrafted basin vineyard reporting requirements California,curious and exploratory,5.0,water_conservation_reporting,Water conservation and water-use reporting,Regenerated 2026-04-19
gen_1776644023_00444,Vineyard Manager / Viticulturist,educational,informational,convert ET scheduling to defensible water records,"viticulturist using ET-based scheduling, no flow meters installed",I schedule by ET but have no flow meters. Will ET logs actually hold up as proof of water use for a GSA audit?,ET scheduling water use records SGMA compliance flow meter vineyard,skeptical and comparing options,5.0,water_conservation_reporting,Water conservation and water-use reporting,Regenerated 2026-04-19
gen_1776644023_00445,Vineyard Manager / Viticulturist,research,informational,quantify water savings from block-level metering,vineyard manager evaluating upgrade from unmetered drip system,"If I add block-level flow metering to existing drip irrigation, how much water do California vineyards typically save in the first season?",block level flow metering water savings vineyard drip irrigation California,curious and exploratory,5.0,water_conservation_reporting,Water conservation and water-use reporting,Regenerated 2026-04-19
gen_1776644023_00446,Vineyard Manager / Viticulturist,navigational,navigational,find water conservation plan templates for vineyards,"managing multiple client vineyards, each needs a written plan",Looking for an actual template — not a brochure — for a vineyard-specific water conservation plan that satisfies California groundwater agencies.,vineyard water conservation plan template California groundwater agency,frustrated and overwhelmed,5.0,water_conservation_reporting,Water conservation and water-use reporting,Regenerated 2026-04-19
gen_1776644023_00447,Vineyard Manager / Viticulturist,educational,informational,reduce vineyard water use without stressing vines,"viticulturist under tightened water allocation, fruit quality priority",Allocation is down again this year. Which deficit irrigation strategies actually protect fruit quality in wine grapes versus just stressing the vine?,deficit irrigation wine grapes fruit quality water reduction strategy,skeptical and comparing options,5.0,water_conservation_reporting,Water conservation and water-use reporting,Regenerated 2026-04-19
gen_1776644023_00448,Vineyard Manager / Viticulturist,research,commercial,evaluate wireless valve systems for multi-block reporting,vineyard manager comparing irrigation upgrade options for compliance,I'm trying to get per-block water totals automatically without rewiring everything. Do wireless valve systems actually deliver that kind of reporting out of the box?,wireless irrigation valve block level water reporting vineyard,skeptical and comparing options,5.0,water_conservation_reporting,Water conservation and water-use reporting,Regenerated 2026-04-19
gen_1776644023_00449,Vineyard Manager / Viticulturist,support,informational,understand water-use reporting cadence for GSAs,ranch manager newly required to submit usage data quarterly,Our GSA just moved to quarterly reporting. What data do I actually need to collect each month to make that submission straightforward?,GSA quarterly water use reporting data collection vineyard ranch,frustrated and overwhelmed,5.0,water_conservation_reporting,Water conservation and water-use reporting,Regenerated 2026-04-19
gen_1776644023_00450,Vineyard Manager / Viticulturist,commercial,commercial,find irrigation technology built for vineyard water compliance,viticulturist sourcing systems that combine scheduling and flow tracking,I need irrigation hardware that logs actual applied volume by block and ties into water-use reporting. Where do vineyard managers find that kind of system?,irrigation system block level flow logging vineyard water use reporting,curious and exploratory,5.0,water_conservation_reporting,Water conservation and water-use reporting,Regenerated 2026-04-19
gen_1776644023_00451,Avocado & Subtropical Tree Grower,commercial,commercial,replace hub-and-spoke controller on avocado grove,"avocado grower, aging wired controller, no per-block visibility",My wired irrigation controller gives me zero flow data per block. What actually replaces that for an avocado grove?,replace wired irrigation controller avocado grove per block flow,time-pressed and direct,5.0,wiseconn_verdi_alternatives,"WiseConn, Verdi, and legacy controller alternatives",Regenerated 2026-04-19
gen_1776644023_00452,Avocado & Subtropical Tree Grower,educational,informational,understand connected valve vs traditional controller tradeoffs,avocado grower evaluating upgrade from legacy hub-and-spoke system,I keep seeing 'connected valve' systems pitched as controller replacements. How are they actually different from what I have now?,connected irrigation valve vs traditional controller difference,curious and exploratory,5.0,wiseconn_verdi_alternatives,"WiseConn, Verdi, and legacy controller alternatives",Regenerated 2026-04-19
gen_1776644023_00453,Avocado & Subtropical Tree Grower,research,commercial,evaluate wireless irrigation for rolling avocado terrain,"Southern California avocado ranch, hilly terrain, no trenched wire",Rolling hillside avocado grove — trenching wire is basically impossible here. Which wireless irrigation systems hold up on uneven terrain?,wireless irrigation system hilly terrain avocado orchard,skeptical and comparing options,5.0,wiseconn_verdi_alternatives,"WiseConn, Verdi, and legacy controller alternatives",Regenerated 2026-04-19
gen_1776644023_00454,Avocado & Subtropical Tree Grower,support,informational,find irrigation platforms with leak and flow detection,"avocado grower, trees die fast under water stress during heat events",Avocado trees can't survive even a short irrigation failure in summer heat. Which platforms alert you the moment flow drops unexpectedly?,irrigation flow alert leak detection avocado orchard automation,time-pressed and direct,5.0,wiseconn_verdi_alternatives,"WiseConn, Verdi, and legacy controller alternatives",Regenerated 2026-04-19
gen_1776644023_00455,Avocado & Subtropical Tree Grower,research,commercial,compare solar-powered wireless valve options for orchards,"citrus and avocado grower, evaluating off-grid irrigation hardware",Looking at solar-powered wireless valves for a large citrus and avocado operation. What should I actually be comparing between systems?,solar powered wireless irrigation valve orchard comparison,curious and exploratory,5.0,wiseconn_verdi_alternatives,"WiseConn, Verdi, and legacy controller alternatives",Regenerated 2026-04-19
gen_1776644023_00456,Avocado & Subtropical Tree Grower,educational,informational,determine when to abandon legacy Rain Bird IQ system,"avocado grower, aging IQ installation, rising maintenance costs",At what point does patching an old centralized irrigation controller stop making financial sense versus replacing the whole system?,when to replace legacy centralized irrigation controller orchard,skeptical and comparing options,5.0,wiseconn_verdi_alternatives,"WiseConn, Verdi, and legacy controller alternatives",Regenerated 2026-04-19
gen_1776644023_00457,Avocado & Subtropical Tree Grower,navigational,navigational,locate precision irrigation vendors for California avocado growers,"Ventura County avocado grower, researching vendors via grower association",Where do California avocado growers typically find irrigation technology vendors — is there a resource beyond trade shows?,california avocado grower irrigation technology vendor resources,curious and exploratory,5.0,wiseconn_verdi_alternatives,"WiseConn, Verdi, and legacy controller alternatives",Regenerated 2026-04-19
gen_1776644023_00458,Almond & Orchard Grower,commercial,commercial,replace failing hub-and-spoke controller system,"almond grower, 1,200 acres, silent valve failures costing water",My orchard's solenoid valves fail without any alert and I don't find out until the block's stressed. What replaces this?,replace hub and spoke irrigation controller orchard almond,practical and ready to act,5.0,wiseconn_verdi_alternatives,"WiseConn, Verdi, and legacy controller alternatives",Regenerated 2026-04-19
gen_1776644023_00459,Almond & Orchard Grower,research,commercial,evaluate connected valve platforms for large orchards,"ranch manager comparing modern irrigation systems, 2,000+ acres",Shopping connected irrigation valves for a large almond operation. What separates the serious platforms from the overhyped ones?,connected irrigation valve platform large orchard comparison,skeptical and comparing options,5.0,wiseconn_verdi_alternatives,"WiseConn, Verdi, and legacy controller alternatives",Regenerated 2026-04-19
gen_1776644023_00460,Almond & Orchard Grower,support,informational,understand dry-run pump protection options,"Central Valley almond grower, pump failures burning motors",Lost a pump motor last summer to a dry run. What irrigation systems include real automatic dry-run protection built in?,irrigation automation dry run pump protection orchard farm,emotional and looking for support,5.0,wiseconn_verdi_alternatives,"WiseConn, Verdi, and legacy controller alternatives",Regenerated 2026-04-19
gen_1776644023_00461,Almond & Orchard Grower,educational,informational,cut peak-hour pumping energy costs with automation,"pistachio grower, PG&E peak demand charges eating margin",Peak-hour energy charges are killing my pump budget. Can irrigation automation actually shift runs to off-peak reliably at scale?,irrigation automation off peak pumping energy savings orchard,skeptical and comparing options,5.0,wiseconn_verdi_alternatives,"WiseConn, Verdi, and legacy controller alternatives",Regenerated 2026-04-19
gen_1776644023_00462,Almond & Orchard Grower,educational,informational,find wireless irrigation valve with built-in flow meter,"apple orchard manager, Washington, wants block-level flow data",I want flow data at the block level without wiring everything back to a controller. Do wireless valves with built-in meters actually exist?,wireless irrigation valve built in flow meter orchard block level,practical and ready to act,5.0,wiseconn_verdi_alternatives,"WiseConn, Verdi, and legacy controller alternatives",Regenerated 2026-04-19
gen_1776644023_00463,Almond & Orchard Grower,research,commercial,compare subscription vs CapEx irrigation hardware models,"almond grower evaluating total cost, tight capital budget","Is there a real cost advantage to leasing irrigation hardware on subscription versus buying it outright for a 1,500-acre operation?",irrigation hardware subscription vs capex cost comparison farm,skeptical and comparing options,5.0,wiseconn_verdi_alternatives,"WiseConn, Verdi, and legacy controller alternatives",Regenerated 2026-04-19
gen_1776644023_00464,Almond & Orchard Grower,navigational,navigational,find precision irrigation vendors serving Central Valley almonds,"ranch manager starting vendor search, SGMA compliance pressure",Looking for precision irrigation vendors with actual Central Valley almond references — not just vineyard case studies. Where do I look?,precision irrigation vendor central valley almond orchard references,practical and ready to act,5.0,wiseconn_verdi_alternatives,"WiseConn, Verdi, and legacy controller alternatives",Regenerated 2026-04-19
gen_1776644023_00465,Almond & Orchard Grower,educational,informational,know when to retire legacy irrigation controller system,"cherry grower, aging Rain Bird setup, increasing failure rate",My controller system is 12 years old and failing more often. At what point does upgrading make more financial sense than patching it?,when to replace legacy irrigation controller system upgrade,emotional and looking for support,5.0,wiseconn_verdi_alternatives,"WiseConn, Verdi, and legacy controller alternatives",Regenerated 2026-04-19
gen_1776644023_00466,Almond & Orchard Grower,commercial,commercial,validate SGMA water-use reporting with irrigation data,"almond grower, Kern County, facing groundwater reporting obligations",SGMA reporting is coming for my district. Which irrigation systems actually log volume data in a format regulators will accept?,irrigation system water use logging SGMA compliance reporting,practical and ready to act,5.0,wiseconn_verdi_alternatives,"WiseConn, Verdi, and legacy controller alternatives",Regenerated 2026-04-19
gen_1776644023_00467,Almond & Orchard Grower,research,commercial,understand enterprise irrigation platform fit for mid-size orchards,"walnut grower, 800 acres, evaluating enterprise vs simpler options","Enterprise irrigation platforms seem built for 10,000-acre operations. What actually fits an 800-acre walnut ranch without massive setup overhead?",irrigation automation mid size orchard 800 acres not enterprise,skeptical and comparing options,5.0,wiseconn_verdi_alternatives,"WiseConn, Verdi, and legacy controller alternatives",Regenerated 2026-04-19
gen_1776644023_00468,Almond & Orchard Grower,research,commercial,evaluate connected valve platforms for orchards,"Central Valley almond grower, replacing aging hub-and-spoke system",Researching connected irrigation valve platforms for almonds. How do I tell if a vendor is genuinely orchard-ready or just repackaged vineyard tech?,connected irrigation valve platform almond orchard comparison,skeptical and comparing options,5.0,wiseconn_verdi_alternatives,"WiseConn, Verdi, and legacy controller alternatives",Regenerated 2026-04-19
gen_1776644023_00469,Almond & Orchard Grower,educational,informational,understand when to abandon legacy controller system,"orchard manager, controller failing repeatedly, 900 acres",Three controller failures in one season on my orchard. At what point is patching a hub-and-spoke system just throwing money away?,replace legacy irrigation controller orchard hub spoke failure,frustrated and overwhelmed,5.0,wiseconn_verdi_alternatives,"WiseConn, Verdi, and legacy controller alternatives",Regenerated 2026-04-19
gen_1776644023_00470,Almond & Orchard Grower,commercial,commercial,find irrigation automation vendors with pump integration,"almond grower, dry-run and off-peak pumping are top priorities",Need irrigation automation that handles both valve scheduling and pump protection together. Do any platforms actually integrate these without separate hardware?,irrigation automation valve scheduling pump protection integrated platform,time-pressed and direct,5.0,wiseconn_verdi_alternatives,"WiseConn, Verdi, and legacy controller alternatives",Regenerated 2026-04-19
gen_1776644023_00471,Almond & Orchard Grower,research,informational,compare wireless valve systems to wired controller setups,"walnut rancher evaluating full system replacement, 1,200 acres",Wireless valve systems versus traditional wired controllers at scale — where does the wireless approach actually break down for large orchards?,wireless irrigation valve vs wired controller large orchard scale,skeptical and comparing options,5.0,wiseconn_verdi_alternatives,"WiseConn, Verdi, and legacy controller alternatives",Regenerated 2026-04-19
gen_1776644023_00472,Almond & Orchard Grower,navigational,navigational,locate precision irrigation vendors for mid-size orchards,"cherry grower in Washington, overwhelmed by enterprise-scale options","Where do mid-size orchard operations actually find irrigation automation vendors — not enterprise ag consultants pushing 10,000-acre solutions?",precision irrigation vendor mid size orchard specialty crop,frustrated and overwhelmed,5.0,wiseconn_verdi_alternatives,"WiseConn, Verdi, and legacy controller alternatives",Regenerated 2026-04-19
gen_1776644023_00473,Vineyard Manager / Viticulturist,educational,informational,evaluate connected valve vs hub-and-spoke,vineyard manager frustrated with legacy controller failures,My hardwired solenoid valves keep failing mid-irrigation and I have no idea what actually ran. Is there a better system?,connected valve system replace hardwired solenoid irrigation vineyard,frustrated and overwhelmed,5.0,wiseconn_verdi_alternatives,"WiseConn, Verdi, and legacy controller alternatives",Regenerated 2026-04-19
gen_1776644023_00474,Vineyard Manager / Viticulturist,research,informational,understand wireless valve platform differences,viticulturist comparing connected irrigation platforms for California estate,I'm seeing a few wireless irrigation valve platforms marketed to vineyards. How do they actually differ under the hood?,wireless irrigation valve platform comparison vineyard specialty crop,newly aware and confused,5.0,wiseconn_verdi_alternatives,"WiseConn, Verdi, and legacy controller alternatives",Regenerated 2026-04-19
gen_1776644023_00475,Vineyard Manager / Viticulturist,commercial,commercial,replace legacy controller with block-level visibility,ranch manager at multi-property vineyard management company,Running 600 acres across eight client ranches on old hub-and-spoke controllers. What gives me real block-level visibility without rewiring everything?,block level irrigation visibility replace hub spoke controller vineyard,practical and ready to act,5.0,wiseconn_verdi_alternatives,"WiseConn, Verdi, and legacy controller alternatives",Regenerated 2026-04-19
gen_1776644023_00476,Vineyard Manager / Viticulturist,educational,informational,know when to abandon legacy controller,vineyard manager hitting limits of aging Rain Bird setup,At what point does repairing an old irrigation controller stop making sense and replacement becomes the smarter call?,when to replace old irrigation controller vineyard specialty crop,frustrated and overwhelmed,5.0,wiseconn_verdi_alternatives,"WiseConn, Verdi, and legacy controller alternatives",Regenerated 2026-04-19
gen_1776644023_00477,Vineyard Manager / Viticulturist,commercial,transactional,find connected valve demo or trial,California viticulturist ready to pilot one block this season,Looking to trial a connected wireless valve on a single Cabernet block this summer. How do I get a field demo lined up?,connected wireless irrigation valve demo trial vineyard California,practical and ready to act,5.0,wiseconn_verdi_alternatives,"WiseConn, Verdi, and legacy controller alternatives",Regenerated 2026-04-19
gen_1776644023_00478,Vineyard Manager / Viticulturist,educational,informational,understand flow metering value at block level,viticulturist with no flow visibility on current system,I schedule irrigations but genuinely don't know if the water delivered matches the plan. What does a built-in flow meter change?,built in flow meter irrigation valve block level accuracy vineyard,newly aware and confused,5.0,wiseconn_verdi_alternatives,"WiseConn, Verdi, and legacy controller alternatives",Regenerated 2026-04-19
gen_1776644023_00479,Vineyard Manager / Viticulturist,research,commercial,compare solar wireless valve to wired controller cost,vineyard manager evaluating retrofit cost on established blocks,Solar-powered wireless valves versus retrofitting a wired controller — which pencils out better on established vineyard blocks?,solar wireless irrigation valve vs wired controller retrofit cost vineyard,practical and ready to act,5.0,wiseconn_verdi_alternatives,"WiseConn, Verdi, and legacy controller alternatives",Regenerated 2026-04-19
gen_1776644023_00480,Vineyard Manager / Viticulturist,support,informational,diagnose irrigation execution gaps on night runs,frustrated vineyard manager finding dry blocks after overnight sets,I'm scheduling overnight irrigations and showing up to dry blocks the next morning. How do other managers catch these failures in real time?,irrigation failure overnight detection vineyard remote monitoring,frustrated and overwhelmed,5.0,wiseconn_verdi_alternatives,"WiseConn, Verdi, and legacy controller alternatives",Regenerated 2026-04-19
gen_1776644023_00481,Vineyard Manager / Viticulturist,navigational,navigational,navigate irrigation tech options for mid-size estate,newly hired viticulturist inheriting outdated system on 200-acre estate,Just took over a 200-acre estate with a patchwork irrigation setup. Where do I even start comparing modern precision systems?,precision irrigation system comparison mid size vineyard estate upgrade,newly aware and confused,5.0,wiseconn_verdi_alternatives,"WiseConn, Verdi, and legacy controller alternatives",Regenerated 2026-04-19
gen_1776644023_00482,Vineyard Manager / Viticulturist,commercial,commercial,confirm subscription model vs capital purchase decision,vineyard manager evaluating budget model for irrigation upgrade,Our CFO wants CapEx minimized. Are there irrigation systems sold as annual subscriptions with hardware included rather than a big upfront buy?,irrigation system annual subscription hardware included vineyard no capex,practical and ready to act,5.0,wiseconn_verdi_alternatives,"WiseConn, Verdi, and legacy controller alternatives",Regenerated 2026-04-19
gen_1776644023_00483,Vineyard Manager / Viticulturist,educational,informational,understand connected valve vs legacy controller tradeoffs,vineyard manager frustrated with blind irrigation execution,My block-level irrigation data is basically nonexistent on our old controller setup. What am I actually missing by not switching?,connected irrigation valve vs legacy controller vineyard block data,frustrated and overwhelmed,5.0,wiseconn_verdi_alternatives,"WiseConn, Verdi, and legacy controller alternatives",Regenerated 2026-04-19
gen_1776644023_00484,Vineyard Manager / Viticulturist,research,commercial,evaluate wireless valve platforms for multi-ranch management,"vineyard management company, multiple client properties, aging hardware",Managing several client vineyards on separate aging controllers — is there one wireless platform that consolidates everything without a massive install?,wireless irrigation valve platform multi-ranch vineyard management,skeptical and comparing options,5.0,wiseconn_verdi_alternatives,"WiseConn, Verdi, and legacy controller alternatives",Regenerated 2026-04-19
gen_1776644023_00485,Vineyard Manager / Viticulturist,educational,informational,identify signs legacy controller system needs replacing,"viticulturist, repeated mid-season irrigation failures, older hardware",Third mid-season controller failure this year. I keep patching the same system — what are the real signs it's time to walk away?,when to replace legacy irrigation controller vineyard specialty crop,frustrated and overwhelmed,5.0,wiseconn_verdi_alternatives,"WiseConn, Verdi, and legacy controller alternatives",Regenerated 2026-04-19
gen_1776644023_00486,Vineyard Manager / Viticulturist,educational,informational,compare hub-and-spoke vs all-in-one valve systems,vineyard manager evaluating modern alternatives to wired solenoid setup,Hub-and-spoke wiring made sense twenty years ago. What's the actual operational difference with an all-in-one valve system in a vineyard context?,hub spoke irrigation vs all-in-one valve system vineyard,skeptical and comparing options,5.0,wiseconn_verdi_alternatives,"WiseConn, Verdi, and legacy controller alternatives",Regenerated 2026-04-19
gen_1776644023_00487,Vineyard Manager / Viticulturist,research,commercial,find irrigation platforms suited to mid-size specialty growers,"200-400 acre vineyard, not enterprise scale, needs block precision",Enterprise irrigation platforms seem overbuilt for our 300-acre vineyard. What's actually designed for mid-size specialty crop operations?,irrigation platform mid-size specialty crop vineyard not enterprise,skeptical and comparing options,5.0,wiseconn_verdi_alternatives,"WiseConn, Verdi, and legacy controller alternatives",Regenerated 2026-04-19
gen_1776644023_00488,Vineyard Manager / Viticulturist,support,informational,understand flow monitoring gaps in traditional controller systems,viticulturist walking blocks manually to detect leaks and clogs,I'm still physically walking every block to find leaks and clogs. Do modern valve systems actually catch those for me automatically?,irrigation flow monitoring automatic fault detection vineyard valve,frustrated and overwhelmed,5.0,wiseconn_verdi_alternatives,"WiseConn, Verdi, and legacy controller alternatives",Regenerated 2026-04-19
gen_1776644023_00489,Vineyard Manager / Viticulturist,navigational,navigational,locate vendors selling connected irrigation valves for vineyards,Oregon vineyard manager researching specific platforms to contact,"Looking for vendors that sell connected, flow-metered irrigation valves specifically for Pacific Northwest vineyards. Who should I actually be talking to?",connected flow meter irrigation valve vendor Pacific Northwest vineyard,emotional and looking for support,5.0,wiseconn_verdi_alternatives,"WiseConn, Verdi, and legacy controller alternatives",Regenerated 2026-04-19
gen_1776644023_00490,Vineyard Manager / Viticulturist,educational,informational,assess irrigation labor reduction from switching platforms,vineyard manager spending too many hours manually turning valves,I'm burning 15+ hours a week driving between blocks turning valves. How much labor do growers realistically cut by automating irrigation properly?,irrigation automation labor savings vineyard hours reduction,emotional and looking for support,5.0,wiseconn_verdi_alternatives,"WiseConn, Verdi, and legacy controller alternatives",Regenerated 2026-04-19
gen_1776644023_00491,Vineyard Manager / Viticulturist,research,commercial,evaluate subscription vs CapEx irrigation hardware models,vineyard estate manager comparing procurement models for new system,Subscription-based irrigation hardware with a warranty included — is that genuinely better than owning the equipment outright for a vineyard operation?,irrigation hardware subscription vs ownership vineyard warranty included,skeptical and comparing options,5.0,wiseconn_verdi_alternatives,"WiseConn, Verdi, and legacy controller alternatives",Regenerated 2026-04-19
gen_1776644023_00492,Vineyard Manager / Viticulturist,support,informational,get peer validation on switching from legacy irrigation systems,viticulturist emotionally stuck on familiar but failing equipment,"Hard to justify replacing a system I know, even when it keeps failing me. Have other vineyard managers actually felt confident after switching platforms?",vineyard manager irrigation system switch testimonials precision valve,emotional and looking for support,5.0,wiseconn_verdi_alternatives,"WiseConn, Verdi, and legacy controller alternatives",Regenerated 2026-04-19
gen_1776644023_00493,Vineyard Manager / Viticulturist,educational,informational,understand flow visibility gap legacy controllers,"vineyard manager, no actual flow data from current system","My controller shows irrigation ran, but I have no idea if the water actually got to the vines. Is that normal?",irrigation controller no flow data vineyard block visibility,frustrated and overwhelmed,5.0,wiseconn_verdi_alternatives,"WiseConn, Verdi, and legacy controller alternatives",Regenerated 2026-04-19
gen_1776644023_00494,Vineyard Manager / Viticulturist,research,commercial,evaluate wireless valve platforms for multi-block vineyards,viticulturist managing 400+ acres across disconnected blocks,I need block-level scheduling and real flow data without rewiring everything. What wireless valve platforms are built for this?,wireless irrigation valve block level flow metering vineyard,time-pressed and direct,5.0,wiseconn_verdi_alternatives,"WiseConn, Verdi, and legacy controller alternatives",Regenerated 2026-04-19
gen_1776644023_00495,Vineyard Manager / Viticulturist,commercial,commercial,replace aging hub-and-spoke controller system,"vineyard manager, repeated solenoid and controller failures mid-season",Solenoids keep failing and my controller is a patchwork mess. What do other vineyard managers actually replace this stuff with?,replace hub spoke irrigation controller vineyard solenoid failure alternative,frustrated and overwhelmed,5.0,wiseconn_verdi_alternatives,"WiseConn, Verdi, and legacy controller alternatives",Regenerated 2026-04-19
gen_1776644023_00496,Vineyard Manager / Viticulturist,research,commercial,find overnight irrigation automation for vineyards,viticulturist wanting off-peak scheduling without on-site presence,I want irrigation running overnight without anyone on-site. Which connected valve systems actually give me that confidence?,automated overnight irrigation vineyard remote valve scheduling,time-pressed and direct,5.0,wiseconn_verdi_alternatives,"WiseConn, Verdi, and legacy controller alternatives",Regenerated 2026-04-19
gen_1776644023_00497,Vineyard Manager / Viticulturist,educational,informational,understand true cost of legacy irrigation systems,vineyard manager comparing install and maintenance costs,"Between wiring, controllers, and repairs, what does a hardwired irrigation system actually cost a vineyard over five years?",hardwired irrigation controller total cost vineyard five year,time-pressed and direct,5.0,wiseconn_verdi_alternatives,"WiseConn, Verdi, and legacy controller alternatives",Regenerated 2026-04-19
gen_1776644023_00498,Vineyard Manager / Viticulturist,support,informational,find peers who switched irrigation platforms,vineyard manager hesitant to abandon familiar system despite failures,I keep second-guessing whether to rip out our old system. Have other California vineyard managers shared what finally pushed them to switch?,vineyard manager switched irrigation system testimonial California,emotional and looking for support,5.0,wiseconn_verdi_alternatives,"WiseConn, Verdi, and legacy controller alternatives",Regenerated 2026-04-19
gen_1776644023_00499,Vineyard Manager / Viticulturist,navigational,navigational,locate connected irrigation valve vendors for specialty crops,vineyard management company evaluating platforms across client properties,"Looking for vendors with solar-powered, cloud-connected irrigation valves purpose-built for wine grapes and specialty crops. Where do I start?",solar powered cloud connected irrigation valve wine grapes specialty crops,time-pressed and direct,5.0,wiseconn_verdi_alternatives,"WiseConn, Verdi, and legacy controller alternatives",Regenerated 2026-04-19
