keyword,search_volume,intent_type,competitor_brands,all_intents
uniuni tracking,136000,informational,,informational
uniuni,67000,informational,,informational
uniuni,63000,informational,,informational
uniuni tracking,95000,informational,,informational
uniuni shipping,19000,informational,,informational
uniuni delivery,17000,informational,,informational
uni tracking,13000,informational,,informational
uni uni,8800,informational,,informational
uni uni,6800,informational,,informational
what is uniuni,6600,informational,,informational
uniuni delivery,5500,informational,,informational
uni express tracking,8700,informational,,informational
uniexpress,3300,informational,,informational
uniuni canada,4100,informational,,informational
uniuni tracking number,4000,informational,,informational
uniuni tracking canada,3600,informational,,informational
uni uni delivery,3600,informational,,informational
uni tracking,5000,informational,,informational
uni express,4000,informational,,informational
uni express tracking,4000,informational,,informational
uniuni tracking,3400,informational,,informational
uni uni tracking,3500,informational,,informational
uni uni tracking,15000,informational,,informational
uni data center,4400,informational,,informational
uus tracking,8000,informational,,informational
uni express,3500,informational,,informational
uu tracking number,4700,informational,,informational
uniuni warehouse,4700,informational,,informational
uniexpress,1400,informational,,informational
uus tracking number,3600,informational,,informational
uniuni livraison,1600,informational,,informational
uniuni customer service,2100,informational,,informational
uniuni customer service phone number,1500,informational,,informational
uni tracking number,1700,informational,,informational
uni uni track,1800,informational,,informational
uniuni track,1600,informational,,informational
uniuni tracking,1700,informational,,informational
uniuni phone number,1400,informational,,informational
uniuni track,1500,informational,,informational
uniuni,800,commercial,,"informational,commercial"
uni delivery,1400,informational,,informational
uni uni logistics,1100,informational,,informational
uniuni,700,informational,,informational
uni data center,1700,navigational,,"informational,navigational"
uniuni suivi,1000,informational,,informational
uniuni customer service number,1100,informational,,informational
uni livraison,1100,informational,,informational
uni uni delivery,800,informational,,informational
unini,1300,informational,,informational
uniuni tracking number,900,informational,,informational
what is uni uni,1600,informational,,informational
uniuni delivery hours,1200,informational,,informational
uniuni global standard shipping,800,informational,,informational
how long does uniuni take to deliver,900,informational,,informational
uni shipping,900,informational,,informational
uni track,4200,informational,,informational
unini,450,informational,,informational
does uniuni deliver on weekends,1700,informational,,informational
uni uni shipping,700,informational,,informational
uni track,900,informational,,informational
uni uni canada,500,informational,,informational
uniexpress canada,600,commercial,,"informational,commercial"
uni tracking canada,600,informational,,informational
uni express canada,700,informational,,informational
uni package tracking,800,informational,,informational
uniuni montreal,1000,informational,,informational
uni delivery,600,informational,,informational
uniuni shipping,450,informational,,informational
uniuni mississauga,400,informational,,informational
uniuni winnipeg,400,informational,,informational
tracking number uniuni,600,informational,,informational
uniuni delivery hours,500,informational,,informational
tracking uniuni,450,informational,,informational
uniuni tracking app,500,informational,,informational
uni delivery tracking,450,informational,,informational
track uniuni,450,informational,,informational
uniuni global tracking,450,informational,,informational
uniuni calgary,700,informational,,informational
uniuni rastreo,400,informational,,informational
uniuni logistics,700,informational,,informational
uni.uni,200,informational,,informational
does uni uni deliver on weekends,400,informational,,informational
uni shipping,400,informational,,informational
uniuni edmonton,600,informational,,informational
uni uni tracking number,350,informational,,informational
uniuni phone number,450,informational,,informational
uni express tracking canada,300,informational,,informational
uniun,350,informational,,informational
uniuni package,300,informational,,informational
uni uni tracking canada,300,informational,,informational
uni data center order received,400,informational,,informational
uniuni.com,150,navigational,,"informational,navigational"
uniuni,150,informational,,informational
shein tracking,1300,informational,,informational
uniuni ottawa,400,informational,,informational
uniuni out for delivery,450,informational,,informational
uni uni express,200,informational,,informational
uni uni customer service,200,informational,,informational
uni uni track,250,informational,,informational
uniuni global,250,informational,,informational
uniuni delivery hours canada,300,informational,,informational
is uniuni legit,2400,informational,,informational
uniuni out for delivery,350,informational,,informational
uni uni customer service,200,informational,,informational
uni uni global shipping,200,informational,,informational
uni uni,150,informational,,informational
how late does uniuni deliver,500,informational,,informational
uni uni shipping,150,informational,,informational
how long does uniuni take to deliver,200,informational,,informational
uniuni是什么公司,100,informational,,informational
uniuni reviews,1700,informational,,informational
uniuni tracking,250,informational,,informational
uniuni express,150,informational,,informational
uniuni delivery times,150,informational,,informational
livraison uni,150,informational,,informational
uni uni contact number,150,informational,,informational
uniuni.com tracking,150,navigational,,"informational,navigational"
3108795886,250,informational,,informational
1-800-282-2468,100,informational,,informational
uniuni global shipping,150,informational,,informational
what is uniuni,250,informational,,informational
uniexpress tracking,200,informational,,informational
uniuni delivery times,150,informational,,informational
what time does uniuni deliver,150,informational,,informational
uniuni truck,100,informational,,informational
shein order tracking,500,informational,,informational
uni data center canada,250,informational,,informational
uni uni,200,commercial,,"informational,commercial"
www.uniuni/tracking,90,navigational,,"informational,navigational"
unis tracking,1900,informational,,informational
tracking uni uni,150,informational,,informational
uni tracking shein,150,informational,,informational
what is uniuni tracking,150,informational,,informational
uni shipping tracking,150,informational,,informational
track uni uni,150,informational,,informational
uniuni heure de livraison,100,informational,,informational
uni uni tracker,150,informational,,informational
uni tracker,150,informational,,informational
uni uni tracking customer service,100,informational,,informational
uniuni delivery tracking,150,informational,,informational
shein tracking,12000,informational,,informational
uniexpress tracking,150,informational,,informational
umiuni,70,navigational,,"informational,navigational"
uniglobal tracking,150,informational,,informational
uniuni logistics inc,200,informational,,informational
1-800-282-2468,70,informational,,informational
uniuni toronto,200,informational,,informational
uni uni suivi,90,informational,,informational
uni express track,150,informational,,informational
how late does uniuni deliver,200,informational,,informational
uni uni tracking number,150,informational,,informational
aliexpress tracking number,700,informational,,informational
uni track,450,informational,,informational
uni.uni tracking,90,informational,,informational
tracking uni,150,informational,,informational
uniuni reviews,400,informational,,informational
uniuni是什么公司,60,informational,,informational
uniuni package,90,informational,,informational
uniuni data center,80,informational,,informational
uniuni return warehouse,90,informational,,informational
uni global tracking,100,informational,,informational
uni uni global standard shipping,80,informational,,informational
uniuni,150,informational,,informational
uniuni parcel,80,informational,,informational
uni uni global tracking,90,informational,,informational
uniuni.com tracking,80,navigational,,"informational,navigational"
suivi colis uni,90,informational,,informational
uni uni montreal,150,informational,,informational
uniuni快递,50,informational,,informational
track shein order,350,informational,,informational
umi tracking,70,informational,,informational
uni uni delivery hours,80,informational,,informational
yuni tracking,400,informational,,informational
uni data center tracking,100,informational,,informational
uni,30000,informational,,informational
uni global standard shipping,90,informational,,informational
uni parcel tracking,100,informational,,informational
uni-ui,40,informational,,informational
what is uni uni,150,informational,,informational
does uniuni deliver on weekends in canada,100,informational,,informational
track uni package,90,informational,,informational
18002822468,40,informational,,informational
gateway transit out,1100,informational,,informational
uniuni pickup location,60,informational,,informational
uniuni hamilton,100,informational,,informational
what time does uniuni deliver until,70,informational,,informational
uni express heure de livraison,60,informational,,informational
where is uni data center,90,informational,,informational
suivre colis,800,informational,,informational
uni data center location,80,informational,,informational
suivi de colis,700,informational,,informational
does uniuni deliver on weekends,200,informational,,informational
uni package,70,informational,,informational
uni express edmonton,50,informational,,informational
uniuni photos,100,informational,,informational
uni uni tracking customer service,60,informational,,informational
310 879 5886,90,informational,,informational
uniuni招聘,30,informational,,informational
shein customer service phone number live person,4000,informational,,informational
uniuni app,100,informational,,informational
shein tracking number,250,informational,,informational
uni canada tracking,60,informational,,informational
gateway transit out meaning,1500,informational,,informational
track uni,80,informational,,informational
uni driver,70,informational,,informational
what does gateway transit out mean,1200,informational,,informational
global package tracking,2300,informational,,informational
uniuni tracker,40,informational,,informational
uni parcel,60,informational,,informational
uniuni delivery reviews,300,informational,,informational
uni express tracking number,50,informational,,informational
colis tracking,700,informational,,informational
us-uni tracking,40,informational,,informational
uniuni montreal photos,40,informational,,informational
uni express canada tracking,50,informational,,informational
uniuni gardena,40,informational,,informational
uni data centre,70,informational,,informational
uni global shipping,50,informational,,informational
310-879-5886,200,informational,,informational
uni carrier,150,informational,,informational
uniuni快递,20,informational,,informational
uni customer service,40,informational,,informational
uni livraison tracking,50,informational,,informational
tracking number uni,50,informational,,informational
shein package tracking,250,informational,,informational
uni logistics,100,informational,,informational
uni uni,100,informational,,informational
uni uni parcel,30,informational,,informational
+1 (310) 879-5886,250,informational,,informational
uniuni logistics inc.,60,informational,,informational
uni uni package,30,informational,,informational
does uni deliver on weekends,80,informational,,informational
uni express delivery hours,30,informational,,informational
uni uni,40,informational,,informational
uniuni complaints,100,informational,,informational
track my package uni,50,informational,,informational
uni data center order received,40,informational,,informational
uni uni data center,30,informational,,informational
out for delivery uniuni,50,informational,,informational
uni carrier,30,informational,,informational
uni shein tracking,40,informational,,informational
uni express shein,30,informational,,informational
uni uni truck,40,informational,,informational
shein tracking uni,30,informational,,informational
aliexpress selection standard tracking,600,informational,,informational
6048006211,150,informational,,informational
uniuni app,40,informational,,informational
uni ui,30,informational,,informational
where is the uni data center,30,informational,,informational
last mile delivery services,40,informational,,informational
university shipping,100,informational,,informational
uni uni tracking,30,informational,,informational
uni uni quebec,90,informational,,informational
+1 (604) 800-6211,100,informational,,informational
suivi international,450,informational,,informational
u ni,100,informational,,informational
uni express winnipeg,20,informational,,informational
uni uni chicago,200,commercial,,"informational,commercial"
uniuni out for delivery time,40,informational,,informational
shien canada,2900,commercial,,"informational,commercial"
uni express,90,informational,,informational
suivi colis international,900,informational,,informational
uni global standard shipping tracking,30,informational,,informational
uni logistics tracking,30,informational,,informational
uni uni hamilton,20,informational,,informational
shein parcel tracking,90,informational,,informational
uniuni,300,commercial,,"informational,commercial"
admin 289,5800,informational,,informational
uni driver,20,informational,,informational
is uniuni legit,150,informational,,informational
what is uniuni tracking,20,informational,,informational
track shein package,100,informational,,informational
uniuni out for delivery time,30,informational,,informational
shein track order,150,informational,,informational
uni data center near me,20,informational,,informational
unis transportation tracking,100,informational,,informational
rivo tracking,200,informational,,informational
uni express small,3500,informational,,informational
shein tracking number,3400,informational,,informational
shein tracker,100,informational,,informational
suivie de colis,250,informational,,informational
track my package shein,90,informational,,informational
uni company,100,informational,,informational
niu canada,800,commercial,,"informational,commercial"
uni uni out for delivery,20,informational,,informational
how long does temu take to ship to canada,800,informational,,informational
uni express отслеживание,150,informational,,informational
yuni express,250,informational,,informational
track.package,250,informational,,informational
gateway transit tracking,200,informational,,informational
1-604-800-6211,80,informational,,informational
604 800 6211,60,informational,,informational
uni express,100,informational,,informational
does uni express deliver on weekends,40,informational,,informational
604-800-6211,70,informational,,informational
suivre mon colis,300,informational,,informational
shipbob login,700,navigational,,navigational
suivi colis shein,90,informational,,informational
uni uni reviews,60,informational,,informational
colis suivi,150,informational,,informational
temu usa,9300,commercial,,"informational,commercial"
uni tracking,20,informational,,informational
shein track,70,informational,,informational
suivi coli,90,informational,,informational
umi tracking,20,informational,,informational
reperage colis,600,informational,,informational
shein tracker,250,informational,,informational
shein customer service telephone number 24 hours,1500,informational,,informational
temu order status,800,informational,,informational
uni track suivi,10,informational,,informational
uni store near me,2300,informational,,informational
yesstyle order tracking,200,navigational,,"informational,navigational"
uni e,80,informational,,informational
uniun,10,informational,,informational
tracking shein,60,informational,,informational
traquer un colis,100,informational,,informational
suivi commande,150,informational,,informational
track package,500,informational,,informational
reperer colis,400,informational,,informational
yesstyle tracking,450,informational,,informational
track shein order,700,informational,,informational
uni global shipping tracking,20,informational,,informational
tracker for packages,100,informational,,informational
uni customer service,40,informational,,informational
where is uni,150,informational,,informational
numero de suivi,200,informational,,informational
umi delivery,40,transactional,,"commercial,transactional"
aliexpress selection standard,600,informational,,informational
ubi parcel tracking,150,informational,,informational
uni com,70,informational,,informational
shein tracking,200,informational,,informational
qc driver portal,200,navigational,,"informational,navigational"
track shein,40,informational,,informational
delivery company,350,informational,,informational
shien tracking,50,informational,,informational
uu tracking number usps,40,navigational,,"informational,navigational"
gv tracking number,100,informational,,informational
windsor tracking,200,informational,,informational
shipbob warehouse,450,informational,,informational
tiktok order tracker,200,informational,,informational
tracking package,1300,informational,,informational
shein tracking order,250,informational,,informational
xf mail,100,navigational,,"informational,navigational"
uni phone number,30,informational,,informational
track shein order with order number,50,informational,,informational
track colis,350,informational,,informational
last mile delivery service,40,informational,,informational
last mile delivery,700,informational,,informational
shein customer service number live chat,3100,informational,,informational
un colis,250,informational,,informational
shein customer service live chat,2000,navigational,,"informational,navigational"
ou est mon colis,100,informational,,informational
package track,700,informational,,informational
gateway transit in meaning,1200,informational,,informational
suivre une commande,70,informational,,informational
uni uni reviews,150,commercial,,"informational,commercial"
aliexpress selection standard,1200,informational,,informational
numéro de suivi,80,informational,,informational
uni data center locations,10,informational,,informational
umi tracking number,10,informational,,informational
24 track suivi colis,80,informational,,informational
temu tracking,350,informational,,informational
uniu,80,commercial,,"informational,commercial"
lm tracking number,800,informational,,informational
unis freight tracking,60,informational,,informational
shein customer service telephone number,500,informational,,informational
numero suivi,70,informational,,informational
temu tracking number,150,informational,,informational
17track tracking,500,navigational,,"informational,navigational"
lm carrier,60,informational,,informational
does temu deliver on weekends,250,informational,,informational
suivi shein,40,informational,,informational
suivis de colis,80,informational,,informational
tracking with order number,100,informational,,informational
track temu order,70,informational,,informational
suivis colis,100,informational,,informational
track my shein package,30,informational,,informational
how to track shein order,200,informational,,informational
uni uni delivery reviews,40,informational,,informational
trouver mon colis,90,informational,,informational
dsp tracking,70,informational,,informational
track my shein order,60,informational,,informational
ubi tracking number,450,informational,,informational
lm carrier,250,informational,,informational
uni trucking,30,informational,,informational
(604) 800-6211,30,informational,,informational
tracking number shein,30,informational,,informational
uniuni brossard,10,informational,,informational
suivie colis,50,informational,,informational
www uni,20,navigational,,"informational,navigational"
3750 north fraser way,100,informational,,informational
last mile delivery canada,150,informational,,informational
shein customer service phone number,4600,informational,,informational
track tiktok shop order,300,informational,,informational
uni',60,informational,,informational
uni economy,100,informational,,informational
la 2468,250,informational,,informational
wanb express tracking,450,informational,,informational
temu customer service phone number canada,700,informational,,informational
suivi livraison,60,informational,,informational
temu order tracking,300,informational,,informational
how long does shein take to ship to canada,700,informational,,informational
shein order tracking,2100,informational,,informational
does uni,20,informational,,informational
uuni,80,commercial,,"informational,commercial"
suivi de commande,90,informational,,informational
shein package tracker,20,informational,,informational
6048006211,20,informational,,informational
lm carrier tracking,100,informational,,informational
tracking shein,9800,informational,,informational
suivi commande shein,50,informational,,informational
who delivers temu packages,200,informational,,informational
umi umi,150,informational,,informational
track temu order,150,informational,,informational
unis tracking number,30,informational,,informational
uniexpress отслеживание,60,informational,,informational
recherche de colis,30,informational,,informational
suivre commande,40,informational,,informational
uni login english,40,navigational,,navigational
canada special line tracking,40,informational,,informational
uni drivers,20,informational,,informational
va 284,200,informational,,informational
shein tracking canada,30,informational,,informational
is gofo express legit,5500,informational,,informational
ecom logistics,2300,informational,,informational
14438 s avalon blvd,70,informational,,informational
uniuni order received,0,informational,,informational
track package shein,20,informational,,informational
tracking shipping number,80,informational,,informational
eta reddit meaning,200,informational,,informational
temu canada,362000,commercial,,"informational,commercial"
shein track my order,30,informational,,informational
un pick up,40,informational,,informational
spring tracking canada,100,informational,,informational
trouver colis,40,informational,,informational
unico uni uni,40,informational,,informational
suivi des colis,30,informational,,informational
tracker-suivi,60,informational,,informational
tracker un colis,60,informational,,informational
does temu deliver on weekends,250,informational,,informational
uni fredericton,40,informational,,informational
unico uniuni,40,informational,,informational
global package tracking,1600,informational,,informational
uni economy отслеживание,70,informational,,informational
shein customer service number usa,3100,informational,,informational
how many times does ups attempt delivery,300,informational,,informational
shein canada tracking,40,informational,,informational
how long does temu take to deliver to canada,200,informational,,informational
shien tracker,10,informational,,informational
recherche colis,50,informational,,informational
shein customer service number live chat,5700,informational,,informational
shein shipping time to canada,150,informational,,informational
buzz code,250,informational,,informational
does temu deliver on sundays,150,informational,,informational
lm tracking,600,informational,,informational
contact temu customer service,800,informational,,informational
colis shein,20,informational,,informational
umi tracking number,10,informational,,informational
ubi carrier,100,informational,,informational
how to track shein order,60,informational,,informational
temu tracking canada,60,informational,,informational
who does shein ship with in canada,50,informational,,informational
last mile provider,60,informational,,informational
315 canadian to us,90,informational,,informational
u box kelowna,40,informational,,informational
tracker suivi,40,informational,,informational
tracking number tiktok,40,informational,,informational
suivre coli,50,informational,,informational
shenzhen sorting center,2500,informational,,informational
who does shein use for shipping,60,informational,,informational
track windsor order,90,informational,,informational
shein track package,20,informational,,informational
umi tracking,0,informational,,informational
suivre mon colis shein,20,informational,,informational
shein order tracker,30,informational,,informational
aliexpress selection standard tracking,1000,informational,,informational
shein order tracking canada,10,informational,,informational
arrival scan uniuni,0,informational,,informational
numero de commande,50,informational,,informational
is uni uni legit,30,informational,,informational
tovuti 1800 flowers,50,commercial,,"informational,commercial"
aliexpress canada login,900,navigational,,navigational
suivi d'un colis,30,informational,,informational
shein customer service number,24000,informational,,informational
numero de suivi colis,30,informational,,informational
suivi un colis,30,informational,,informational
ehub tracking,50,informational,,informational
temu.com victoria bc,30,informational,,informational
tracking no,250,informational,,informational
tracking your package,70,informational,,informational
what kind of tracking number is this,300,informational,,informational
suivre colis shein,20,informational,,informational
shein delivery tracking,30,informational,,informational
shein québec,450,commercial,,"informational,commercial"
mon colis,30,informational,,informational
temu track package,30,informational,,informational
2468 postcode,60,informational,,informational
we missed you meaning,200,informational,,informational
uni delivery,30,transactional,,"commercial,transactional"
lm carrier tracking,200,informational,,informational
temu tracking,1700,informational,,informational
uni order,20,informational,,informational
when does uni start,40,informational,,informational
rivo shipping,50,informational,,informational
windsor package tracking,50,informational,,informational
tracking package shein,10,informational,,informational
shein order track,20,informational,,informational
shein tracking order,350,informational,,informational
shein live chat,700,navigational,,"informational,navigational"
tracking shein order,40,informational,,informational
ubi express tracking,20,informational,,informational
whose tracking number is this,150,informational,,informational
track order shein,10,informational,,informational
un i,40,informational,,informational
aliexpress selection standard,9200,informational,,informational
who is uni,40,informational,,informational
8648 pie-ix blvd,20,informational,,informational
suivi de livraison,20,informational,,informational
nate skiver,30,informational,,informational
package delivery jobs with own car,50,informational,,informational
8648,200,informational,,informational
what shipping company does shein use in canada,30,informational,,informational
uniuni arrival scan,0,informational,,informational
uniuni gateway transit in,10,informational,,informational
tiktok order tracker,300,informational,,informational
temu customer service,17000,informational,,informational
shein customer service telephone number usa,1100,informational,,informational
65 columbia blvd west lethbridge,40,navigational,,"informational,navigational"
retracer un colis,50,informational,,informational
shein tracking,250,informational,,informational
shipbob tracking,600,informational,,informational
rastreo aliexpress,50,informational,,informational
where my package,30,informational,,informational
repérage colis international,20,informational,,informational
temu track,30,informational,,informational
uniuni burnaby reviews,50,informational,,informational
shein ca,700,commercial,,"informational,commercial"
shein delivery company canada,20,informational,,informational
suivre le colis,20,informational,,informational
uni track,30,informational,,informational
tracer un colis,30,informational,,informational
shein customer service,10000,informational,,informational
uniun,100,commercial,,"informational,commercial"
suivi colis temu,20,informational,,informational
shein tracking,1300,informational,,informational
shein tracking number,400,informational,,informational
shein montreal,1600,commercial,,"informational,commercial"
gateway transit out meaning,30,informational,,informational
does aliexpress ship to canada,350,informational,,informational
colis en transit,50,informational,,informational
suivre son colis,20,informational,,informational
shein order number,20,informational,,informational
shein tracking package,10,informational,,informational
shein travking,10,informational,,informational
failed delivery attempt,20,informational,,informational
track temu package,20,informational,,informational
where does shein canada ship from,50,informational,,informational
uni transportation,30,informational,,informational
who delivers temu packages,30,informational,,informational
does shein deliver on weekends,250,informational,,informational
order received uni data center,0,informational,,informational
yesstyle shipping tracking,20,informational,,informational
delivery cfirm./con de livraison,40,informational,,informational
gateway transit in meaning uniuni,10,informational,,informational
shein traxking,10,informational,,informational
shein traking,10,informational,,informational
shein track,200,informational,,informational
temu customer service phone number hours,800,informational,,informational
windsor shipping tracking,20,informational,,informational
suivre un colis shein,10,informational,,informational
tracker mon colis,20,informational,,informational
eta invalid date,30,informational,,informational
17 track english,250,informational,,informational
how many times does fedex attempt delivery,150,informational,,informational
umi express,10,informational,,informational
202 sparks ave north york,20,informational,,informational
numéro de commande,20,informational,,informational
numero suivi colis,10,informational,,informational
find package,30,informational,,informational
uni data center order received meaning,0,informational,,informational
424 union,20,informational,,informational
aliexpress selection standard,1900,informational,,informational
uni express,200,informational,,informational
who delivers shein in canada,40,informational,,informational
the bay order tracking,10,informational,,informational
gateway transit tracking,10,informational,,informational
uni china,20,informational,,informational
temu shipping to canada,150,informational,,informational
ubi tracking,7100,informational,,informational
mundial express,20,navigational,,"informational,navigational"
temu phone number,350,informational,,informational
tracking colis,450,informational,,informational
reddit burnaby,300,informational,,informational
gofo track and trace,10000,informational,,informational
uni order,40,transactional,,"commercial,transactional"
track package temu,20,informational,,informational
17 track tracking,500,informational,,informational
rivo priority,20,informational,,informational
traqueur de colis,20,informational,,informational
+16048006211,0,informational,,informational
10851 shellbridge way richmond,10,informational,,informational
aliexpress tracking canada,250,informational,,informational
shein express shipping canada,150,commercial,,"informational,commercial"
yesstyle order tracking,250,navigational,,"informational,navigational"
does out for delivery mean i get it today,90,informational,,informational
package tracking shein,10,informational,,informational
shein tracking.,10,informational,,informational
shein delivery time canada,150,informational,,informational
shein shipping to canada,250,informational,,informational
teléfono shein usa,200,informational,,informational
track package shein,150,informational,,informational
uni uni milwaukee,10,informational,,informational
suivre un coli,20,informational,,informational
aliexpress customer service phone number,450,informational,,informational
uniun,10,informational,,informational
amazon dsp canada locations,20,informational,,informational
lax tracking number,20,informational,,informational
retrouver un colis,10,informational,,informational
shipperhq tracking number,30,informational,,informational
gateway transit in,30,informational,,informational
emploi uni,10,informational,,informational
shein contact number,1500,informational,,informational
4116 n nashville ave chicago il,10,informational,,informational
shipperhq tracking,20,informational,,informational
shein phone number customer service usa,2300,informational,,informational
comment suivre un colis,30,informational,,informational
17track package tracker,1200,informational,,informational
universal postal union tracking,400,informational,,informational
international warehouse shein,200,informational,,informational
aliexpress selection standard,1100,informational,,informational
ubi parcel,30,informational,,informational
suivi coli shein,10,informational,,informational
suivi de commande shein,10,informational,,informational
shein shipping tracking,10,informational,,informational
what does gateway transit out mean,10,informational,,informational
suivre un colis,2300,informational,,informational
temu customer service,1700,informational,,informational
tracker de colis,20,informational,,informational
the bay track order,20,informational,,informational
tracking shein package,10,informational,,informational
shein package track,10,informational,,informational
temu customer service telephone number,800,informational,,informational
temu tracking order,20,informational,,informational
who delivers shein packages,250,informational,,informational
traceur de colis,20,informational,,informational
tracking number aliexpress,500,informational,,informational
shein track my package,10,informational,,informational
suivi mon colis,20,informational,,informational
uni dieppe,350,informational,,informational
reperage de colis,20,informational,,informational
track shein order with order number,400,informational,,informational
destination airport arrival meaning shein,150,informational,,informational
shein customer service,500,informational,,informational
gofo nl,5800,navigational,,"informational,navigational"
how long does tiktok shop take to deliver,1900,informational,,informational
shein edmonton,250,informational,,informational
ubi express,10,informational,,informational
temu canada tracking,10,informational,,informational
202 sparks ave,10,informational,,informational
gofo express tracking,9000,informational,,informational
24/7 delivery,20,commercial,,"informational,commercial"
is js express legit,250,informational,,informational
shein canda,200,commercial,,"informational,commercial,navigational"
shein track order,700,informational,,informational
what company delivers temu packages,20,informational,,informational
suivi de coli,20,informational,,informational
what delivery service does shein use,20,informational,,informational
who delivers shein packages in canada,20,informational,,informational
mail delivery on easter monday,30,informational,,informational
dispatched from sorting center,150,informational,,informational
shein code,400,transactional,,"informational,commercial,transactional"
gateway transit in uniuni,0,informational,,informational
does temu use canada post,60,informational,,informational
aliexpress customer service,600,informational,,informational
how long do shein packages take to arrive,200,informational,,informational
shipperhq tracking,50,informational,,informational
uno phone number,30,informational,,informational
nt ground tracking,20,informational,,informational
10851 shellbridge way,20,informational,,informational
expedited tracking,20,informational,,informational
shein número de teléfono,200,informational,,informational
shein customer support,350,informational,,informational
out for delivery meaning,600,informational,,informational
express services of canada,10,informational,,informational
uni data center canada tracking,0,informational,,informational
suivie shein,0,informational,,informational
604-800-6211,0,informational,,informational
does shein use canada post,200,informational,,informational
last mile delivery services,10,informational,,informational
nuni global,1600,commercial,,"informational,commercial"
how long does shein take to deliver to canada,150,informational,,informational
uniu,350,commercial,,"informational,commercial"
final mile,800,informational,,informational
shein 24 hour customer service number,350,informational,,informational
universal tracking,300,informational,,informational
buzz number in address,10,informational,,informational
aliexpress standard shipping tracking,450,informational,,informational
fedex drop off toronto,450,transactional,,"informational,transactional"
gofo regional hub vernon,600,informational,,informational
temu customer service phone number,300,informational,,informational
uni sheila,10,informational,,informational
how many delivery attempts tiktok shop,20,informational,,informational
aliexpress contact number,300,informational,,informational
customer service number for temu,300,informational,,informational
17 tracking aliexpress,200,informational,,informational
rastrear paquete shein,100,informational,,informational
springfield parcel hub,20,informational,,informational
livraison de colis,90,commercial,,"informational,commercial"
coli suivi,10,informational,,informational
does fedex deliver after 8pm,350,informational,,informational
ali express phone number,100,informational,,informational
8648 boulevard pie-ix,10,informational,,informational
windsor tracking,10,informational,,informational
gofo tracking number,6100,informational,,informational
suivi colis purolator,500,navigational,,"informational,navigational"
does temu ship to canada,150,informational,,informational
track my order shein,10,informational,,informational
suivi colis temu,350,informational,,informational
umi meaning,2300,informational,,informational
how to track my shein order,10,informational,,informational
uni transit number,10,informational,,informational
gateway transit in meaning,10,informational,,informational
last mile tracking canada,200,informational,,informational
aliexpress contact,200,informational,,informational
2709,150,informational,,informational
uni.,150,informational,,informational
gateway transit out,20,informational,,informational
aliexpress tracking number,1900,informational,,informational
tracking aliexpress,100,informational,,informational
temu ca,350,commercial,,"informational,commercial,navigational"
uni shoes,200,commercial,,"informational,commercial"
shein winnipeg,200,informational,,informational
temu customer service phone number usa free hours,700,informational,,informational
shein tracking,1400,informational,,informational
lax shipping tracking,20,informational,,informational
tiktok shop tracking,900,informational,,informational
shein livraison canada,100,informational,,informational
shein number,3300,informational,,informational
temu shipping tracking,10,informational,,informational
track order temu,10,informational,,informational
serive,30,informational,,informational
ord meaning in shipping,250,informational,,informational
suivi colis international,900,informational,,informational
gateway transit in.,0,informational,,informational
rastreo shein,0,informational,,informational
what company does shein use to ship to canada,10,informational,,informational
what is arrival scan uniuni,0,informational,,informational
delivery eta,10,informational,,informational
how long does aliexpress take to ship to canada,250,informational,,informational
gateway transit in,1600,informational,,informational
rancho lm,10,informational,,informational
track package canada,250,informational,,informational
800 boyer blvd,40,informational,,informational
uni.com,100,navigational,,"informational,navigational"
shein tracking,1000,informational,,informational
what does local warehouse mean on shein,300,informational,,informational
unit api docs,10,informational,,informational
aliexpress customer service chat,10,informational,,informational
how long does shein take to deliver,7900,informational,,informational
date de livraison,10,informational,,informational
shipbob fulfillment,300,informational,,informational
shein customer service live chat,1000,informational,,informational
2475 meadowpine blvd,200,informational,,informational
what does arrival scan mean uniuni,0,informational,,informational
out for delivery,300,informational,,informational
shein package tracking,700,informational,,informational
shein canada customer service,150,informational,,informational
cainiao warehouse standard shipping,600,informational,,informational
horaire train st jérôme vers montréal,250,informational,,informational
how long does shein take to deliver,450,informational,,informational
suivis colis shein,10,informational,,informational
how to track a shipment from china,10,informational,,informational
what courier does shein use,10,informational,,informational
what does gateway transit in mean,10,informational,,informational
tracker colis,250,informational,,informational
js express tracking,6300,informational,,informational
arrival scan meaning uniuni,0,informational,,informational
what time does temu stop delivering,10,informational,,informational
gofo distribution facility,200,informational,,informational
temu delivery time,250,informational,,informational
does amazon flex deliver on thanksgiving,60,informational,,informational
centro commerce,10,informational,,informational
відстежити посилку shein,10,informational,,informational
temu order tracking,400,informational,,informational
temu delivery driver,400,informational,,informational
aliexpress shipping tracking,800,informational,,informational
unis logistics,400,informational,,informational
package tracking,22000,informational,,informational
gofo express suivi,2800,informational,,informational
17track website,400,navigational,,"informational,navigational"
rastreo aliexpress,200,informational,,informational
ีups tracking,150,informational,,informational
my unidata,300,navigational,,navigational
qr 778,250,informational,,informational
temu orders tracking,40,informational,,informational
17track english,100,navigational,,"informational,navigational"
delivery service near me,300,commercial,,"informational,commercial"
how to contact shein customer service,700,informational,,informational
fedex drop off mississauga,200,navigational,,"informational,navigational"
aliexpress standard shipping,4600,informational,,informational
eta meaning text,2700,informational,,informational
temu warehouse near me,700,informational,,informational
uno express,250,commercial,,"informational,commercial"
unn weather,250,informational,,informational
shein tracking,200,informational,,informational
lm tracking number canada,10,informational,,informational
cainiao tracking,600,informational,,informational
aliexpress tracking,900,informational,,informational
windsor shipping,150,informational,,informational
temu track package,10,informational,,informational
shein canada,1000,transactional,,"informational,commercial,transactional,navigational"
delivery company near me,200,commercial,,"informational,commercial"
windsor track order,150,informational,,informational
gateway transit out.,0,informational,,informational
202 sparks avenue,0,informational,,informational
23 fraser ave toronto,0,informational,,informational
unitrack,150,informational,,informational
track package tracking number,100,informational,,informational
universal tracker,250,informational,,informational
what time does canada post deliver until,200,informational,,informational
universal package tracking,1700,informational,,informational
what does uni mean,800,informational,,informational
track shein order canada,0,informational,,informational
tracking 17track,150,informational,,informational
usps trabaja los domingos,200,informational,,informational
customer support ticket,10,informational,,informational
shein customer service number,350,informational,,informational
suivi shein,1000,informational,,informational
shein customer care number,150,informational,,informational
amazon moncton,300,informational,,informational
shein suivi commande,10,informational,,informational
uni size means,10,informational,,informational
shein customer service phone number,150,informational,,informational
what does urgent delivery mean on shein,150,informational,,informational
veuillez,600,informational,,informational
shenzhen sorting centre,200,informational,,informational
aliexpress canada québec français,1100,commercial,,"informational,commercial"
17track tracking,3300,navigational,,"informational,navigational"
rastreio aliexpress selection standard,300,informational,,informational
does fedex deliver on weekends canada,250,informational,,informational
uno express,200,commercial,,"informational,commercial"
temu fails,350,informational,,informational
shein livraison transporteur,10,informational,,informational
entrepot e commerce,0,informational,,informational
call shein customer service,300,navigational,,navigational
what does batch delivery to carrier mean,800,informational,,informational
waterloo parcel collection,200,informational,,informational
non attempt delivery meaning,10,informational,,informational
contact shein customer service,500,informational,,informational
qr 516,300,informational,,informational
what is gateway transit in,0,informational,,informational
telephone number for temu,400,informational,,informational
temu packages,400,informational,,informational
ecms rastreo,150,informational,,informational
when does fedex stop delivering,250,informational,,informational
tracking my package,450,navigational,,"informational,navigational"
ni order status,10,informational,,informational
suivre un colis shein,300,informational,,informational
wanb express,450,informational,,informational
amazon livraison québec,450,informational,,informational
shein customer service,900,informational,,informational
the delivery group tracking,200,informational,,informational
shein canada,200,commercial,,"informational,commercial"
what is gateway transit,0,informational,,informational
package arrived at airport,0,informational,,informational
17track reviews,200,informational,,informational
shipbob locations,400,informational,,informational
contact temu customer service phone number,70,informational,,informational
suivre colis shein,450,informational,,informational
js express tracking,1700,informational,,informational
euni meaning,10,informational,,informational
numero de suivi shein,0,informational,,informational
shein tracking,700,informational,,informational
17track shipping,600,informational,,informational
sacrement,900,informational,,informational
shein tracking,250,informational,,informational
temu telephone number,600,informational,,informational
temu customer service phone number hours,50,informational,,informational
stat holidays alberta 2024,14000,informational,,informational
aliexpress rastreo,150,informational,,informational
does ups take pictures of delivery,500,informational,,informational
temu package,300,informational,,informational
what is temu customer service number usa,200,informational,,informational
310 reno,200,informational,,informational
what does pre order mean on temu,300,informational,,informational
aliexpress canada reviews,200,commercial,,"informational,commercial"
yesstyle shipping time,200,informational,,informational
cainiao tracking,600,informational,,informational
424 meaning,300,informational,,informational
shein tracking,600,informational,,informational
temu shipping time,100,informational,,informational
windsor shipping time,200,informational,,informational
shein customer service usa,350,informational,,informational
gateway transit meaning,10,informational,,informational
international warehouse tracking,0,informational,,informational
cbr exclusive selection,0,commercial,,"informational,commercial"
last mile shipping,350,informational,,informational
shein tracking,450,informational,,informational
shein contact number,200,informational,,informational
track shein order with order number,200,informational,,informational
does ups deliver on good friday,500,informational,,informational
unis shipping tracking,0,informational,,informational
delivery services,350,informational,,informational
does shein deliver on sundays,200,informational,,informational
does shein do free shipping on sundays,350,commercial,,"informational,commercial"
un délais de livraison,0,informational,,informational
temu usa,150,commercial,,"informational,commercial"
track nu,0,informational,,informational
temu contact number,500,informational,,informational
how long does it take to get a shein order,100,informational,,informational
how long does temu take to deliver,1200,informational,,informational
how long is temu shipping,300,informational,,informational
shein customer service chat,250,navigational,,"informational,navigational"
delivery from canada to us,80,commercial,,"informational,commercial"
track my shein order,250,informational,,informational
aliexpress tracking,1000,informational,,informational
suivre un colis,250,informational,,informational
un prefix,1900,informational,,informational
temu customer services,200,informational,,informational
tracking shein order,200,informational,,informational
aliexpress package tracking,500,informational,,informational
temu warehouse canada,400,informational,,informational
js express tracking,13000,informational,,informational
atlantic courier tracking,250,informational,,informational
how to contact shein customer service,150,informational,,informational
does shein have a customer service number,250,informational,,informational
shein phone number,200,informational,,informational
shein tracking,200,informational,,informational
track my.package,450,informational,,informational
shein return policy canada,350,informational,,informational
delivery assigned meaning,300,informational,,informational
temu contact number,60,informational,,informational
is there mail delivery on easter monday,100,informational,,informational
17track tracking,700,navigational,,"informational,navigational"
international warehouse shein,700,informational,,informational
do shein packages come on sundays,20,informational,,informational
unis careers,200,informational,,informational
shein customer service phone number usa,100,informational,,informational
does fedex deliver to mailbox,450,informational,,informational
17 track,600,informational,,informational
temu package arrived at airport,0,informational,,informational
tracking that starts with d,0,informational,,informational
10 portland street saint john nb,0,informational,,informational
does temu deliver to door or mailbox,0,informational,,informational
aliexpress selection standard,1100,informational,,informational
www.uni,600,navigational,,"informational,navigational"
suivi,200,informational,,informational
uni ship,0,informational,,informational
ups sorry we missed you,200,informational,,informational
shein vancouver,400,commercial,,"informational,commercial"
gateway transit in mississauga,0,informational,,informational
numero de suivie international,0,informational,,informational
how many delivery attempts does ups make,200,informational,,informational
cancel temu order,300,transactional,,"informational,transactional"
uniprix near me,3800,informational,,informational
niu toronto,200,commercial,,"informational,commercial"
aliexpress app,200,transactional,,"informational,commercial,transactional"
does fedex deliver on weekends,3800,informational,,informational
reattempt delivery meaning,100,informational,,informational
okay parcel suivi,250,informational,,informational
eta new jeans,900,informational,,informational
cainiao tracking,600,informational,,informational
does canada post deliver on boxing day,1800,informational,,informational
shein number,200,informational,,informational
shenzhen sorting centre,350,informational,,informational
shein contact number,200,informational,,informational
cainiao rastreo,200,informational,,informational
contact shein,200,informational,,informational
shein tracking,100,informational,,informational
shein customer service,450,informational,,informational
how to cancel shein order,1300,transactional,,"informational,transactional"
shein courier tracking,0,informational,,informational
gateway in transit meaning,0,informational,,informational
last mile delivery service,1000,informational,,informational
uni réseau,0,informational,,informational
seguimiento de shein,150,informational,,informational
17track package,250,navigational,,"informational,navigational"
temu contact phone number,150,informational,,informational
suivre ma commande shein,0,informational,,informational
647 phone number,300,informational,,informational
stolen on the avalon,250,informational,,informational
does fedex deliver on saturdays,200,informational,,informational
shein support,600,informational,,informational
customer service number for shein,300,informational,,informational
shein customer service telephone number,150,informational,,informational
how long does shein take to deliver,2300,informational,,informational
uniun,20,informational,,informational
where does aliexpress ship from,700,informational,,informational
ab express sherbrooke,200,informational,,informational
yanwen transport,150,informational,,informational
ummi meaning,500,informational,,informational
temu canada customer service phone number,10,informational,,informational
how long does it take for temu to deliver,200,informational,,informational
yesstyle tracking,300,informational,,informational
how long do shein orders take,200,informational,,informational
entrepot de la reno,900,informational,,informational
universal tracking package,450,informational,,informational
driver jobs near me,4200,transactional,,"informational,transactional"
if i order from shein today when will it come,150,informational,,informational
dhl grande prairie,100,informational,,informational
rastreo yesstyle,100,informational,,informational
sender city lax,200,informational,,informational
отследить посылку канада,450,informational,,informational
phone number for aliexpress,300,informational,,informational
how long after clearing customs to delivery,250,informational,,informational
temu 官网,10,commercial,,"informational,commercial,navigational"
track package aliexpress,200,informational,,informational
what does gateway transit mean,0,informational,,informational
gateway transit in meaning shipping,0,informational,,informational
eta meaning in mail,0,informational,,informational
livraison express tracking,0,informational,,informational
temu rancho cucamonga ca,0,informational,,informational
shein tracking,500,informational,,informational
shein delivery time,200,informational,,informational
aliexpress tracking,100,informational,,informational
suivis shein,0,informational,,informational
shein code,150,transactional,,"informational,commercial,transactional"
shein customer service,1300,informational,,informational
do you want us to reattempt the delivery,100,informational,,informational
expedite shipment meaning shein,90,commercial,,"informational,commercial"
hawthorne post office,300,informational,,informational
contact shein,500,informational,,informational
live tracking package,300,informational,,informational
ontario inc,250,informational,,informational
what does shein mean,300,informational,,informational
17track tracking,100,navigational,,"informational,navigational"
aliexpress standard shipping tracking,1300,informational,,informational
shein tracking,150,informational,,informational
does shein deliver on weekends,300,informational,,informational
final mile carrier,250,informational,,informational
aliexpress selection standard,700,informational,,informational
cainiao express,350,informational,,informational
shein telephone number,200,informational,,informational
code regional 289,200,informational,,informational
gateway in transit,0,informational,,informational
what does gateway transit mean in shipping,0,informational,,informational
shein express shipping,150,commercial,,"informational,commercial"
aliexpress selection standard rastreio,350,informational,,informational
how long do shein orders take,700,informational,,informational
roadway express inc tracking,0,informational,,informational
1011 thomas spratt pl unit 3,0,informational,,informational
air canada rivo tracking,0,informational,,informational
gateway transit out meaning package,0,informational,,informational
pod storage calgary,200,commercial,,"informational,commercial"
aliexpress commande,150,informational,,informational
shein tracking,150,informational,,informational
shipbob uk,300,informational,,informational
shein customer service canada,150,informational,,informational
tracking aliexpress,400,informational,,informational
suivi,250,informational,,informational
+1 647,350,informational,,informational
temu corporate office phone number,150,informational,,informational
shein customer service lost package,400,informational,,informational
shein tracking,400,informational,,informational
customer service shein,200,informational,,informational
aliexpress selection standard,200,informational,,informational
how to cancel temu order,700,transactional,,"informational,transactional"
ups service clientele,350,informational,,informational
24 track suivi colis,1400,informational,,informational
what does arrived at usps regional facility mean,150,informational,,informational
4178,350,informational,,informational
unnie meaning,3000,informational,,informational
tracking number shein,250,informational,,informational
livré au transporteur local shein,150,informational,,informational
shein reviews complaints,250,commercial,,"informational,commercial"
shein tracking package,250,informational,,informational
are shein orders delayed right now,20,informational,,informational
17track canada,200,informational,,informational
17track tracking,150,informational,,informational
horaire train st jerome,1100,informational,,informational
how long does shein take to deliver to california,150,informational,,informational
service de livraison,200,informational,,informational
temu warehouse,4900,informational,,informational
shein free shipping sunday,350,commercial,,"informational,commercial"
suivi colis shein,400,informational,,informational
rocky delivery,0,commercial,,"informational,commercial"
brea post office,450,informational,,informational
yesstyle tracking,100,informational,,informational
fedex mississauga,1000,informational,,informational
shein customer service phone number,200,informational,,informational
shein tracking,150,informational,,informational
js express tracking number,600,informational,,informational
uno express,1200,transactional,,"informational,commercial,transactional"
what shipping company uses this tracking number,1500,informational,,informational
global package tracking,200,informational,,informational
gofo express,3600,informational,,informational
western union rastreo,300,navigational,,"informational,navigational"
universal parcel,450,informational,,informational
expediated,200,informational,,informational
paqueteria cainiao,600,informational,,informational
arrival scan meaning,250,informational,,informational
shein warehouse near me,250,informational,,informational
shein contact number,250,informational,,informational
temu montreal,10,commercial,,"informational,commercial,navigational"
fedex refuse delivery,250,informational,,informational
shein customer service telephone number uk,5000,informational,,informational
shein 24 hour customer service number,10,informational,,informational
17track rastreo,450,navigational,,"informational,navigational"
17track tracking,200,navigational,,"informational,navigational"
yanwen facility,90,informational,,informational
suivi universel,200,informational,,informational
why is my temu order still in transit,10,informational,,informational
gateway transit meaning shipping,0,informational,,informational
shippie tracking,0,informational,,informational
cainiao tracking,3100,informational,,informational
shein canada,2000,commercial,,"informational,commercial"
what does eta mean in text,1900,informational,,informational
aliexpress selection standard,500,informational,,informational
nb 608,250,transactional,,"informational,commercial,transactional"
usps package stuck in transit,350,informational,,informational
in transit meaning shein,60,informational,,informational
uni,1200,informational,,informational
shein order delayed,10,informational,,informational
unnie meaning,700,informational,,informational
local warehouse shein,900,informational,,informational
suivre mon colis shein,250,informational,,informational
usps cerca de mi,250,informational,,informational
temu customer service phone number usa,30,informational,,informational
how long does shein take to deliver to texas,200,informational,,informational
aliexpress tracking package,250,informational,,informational
what time does ups stop delivering,200,informational,,informational
ups rescheduled delivery,250,informational,,informational
sf express tracking amazon,1100,informational,,informational
temu canada location,350,informational,,informational
temu recent orders tracker,100,informational,,informational
uni to miles,200,informational,,informational
is there mail delivery on family day,1700,informational,,informational
js express tracking,350,informational,,informational
shein login,3900,transactional,,"transactional,navigational"
gofo meaning,400,informational,,informational
compagnie de livraison de colis au québec,100,informational,,informational
shein calgary,500,commercial,,"informational,commercial"
does shein deliver on weekends,1600,informational,,informational
shein contact number,150,informational,,informational
uni,1000,informational,,informational
temu contact,250,informational,,informational
uni,60,informational,,informational
shein local warehouse,600,informational,,informational
seller using cainiao logistics services,2400,informational,,informational
how many attempts does ups make,300,informational,,informational
fedex drop off vancouver,300,informational,,informational
how long does temu take to ship,20,informational,,informational
what does in transit mean fedex,700,informational,,informational
handed over to last mile shein,30,informational,,informational
aliexpress standard shipping,300,informational,,informational
yesstyle order tracking,200,navigational,,"informational,navigational"
ali express tracking,250,informational,,informational
fedex drop off calgary,450,navigational,,"informational,navigational"
604 area code time zone,250,informational,,informational
suivi fedex canada,200,navigational,,"informational,navigational"
gofo express,31000,informational,,informational
in transit temu,10,informational,,informational
shein track my order,900,informational,,informational
how accurate is ups estimated delivery time,20,informational,,informational
how many times will ups attempt delivery,450,informational,,informational
sorting center,300,informational,,informational
does shein deliver on weekends,150,informational,,informational
az 608,350,informational,,informational
aliexpress track,400,informational,,informational
compagnie de livraison,100,informational,,informational
does fedex deliver on sundays,150,informational,,informational
do shein orders come early,150,informational,,informational
+1 647,200,informational,,informational
avalon logistics,1000,informational,,informational
shein customer service español,80,informational,,informational
uno instructions,200,informational,,informational
arrived at destination hub meaning,200,informational,,informational
how to cancel a temu order,150,transactional,,"informational,transactional"
seguimiento shein,200,informational,,informational
shein store dallas,100,commercial,,"informational,commercial"
temu recent orders,300,informational,,informational
236 phone number,450,informational,,informational
suivi colis,5800,informational,,informational
temu warehouse,600,informational,,informational
+1(647),250,informational,,informational
temu refund without return,200,informational,,informational
reddit moncton,200,informational,,informational
dispatching meaning shein,500,informational,,informational
uni prefix,400,informational,,informational
what does shipped mean on shein,150,informational,,informational
does ups deliver to mailbox or door,150,informational,,informational
is canada post open on family day,150,informational,,informational
prompt express head office,350,informational,,informational
aliexpress selection standard rastreo,40,informational,,informational
last mile shein,20,informational,,informational
in transit to next facility arriving on time,350,informational,,informational
shein tracking,350,informational,,informational
track aliexpress order,100,informational,,informational
is 17track legit,300,informational,,informational
shein order tracking,200,informational,,informational
amazon mcallen photos,150,informational,,informational
universal postal union tracking,400,informational,,informational
aliexpress tracking,1400,informational,,informational
is usps informed delivery accurate,200,informational,,informational
shein head office contact number,20,informational,,informational
delivery attempt was unsuccessful,250,informational,,informational
does usps deliver at 9pm,600,informational,,informational
shein phone cases,500,transactional,,"informational,commercial,transactional"
dhl delivery facility fremont,20,informational,,informational
reattempt delivery meaning,200,informational,,informational
does shein have free shipping on sundays,900,commercial,,"informational,commercial"
heure états-unis new york,900,informational,,informational
rastrear pedido yesstyle,200,navigational,,"informational,navigational"
suivi,600,informational,,informational
shipped with yanwen,200,informational,,informational
rastrear aliexpress cainiao,150,informational,,informational
how to track a package,2000,informational,,informational
tracking package canada,350,informational,,informational
global cainiao,200,informational,,informational
shein orders delayed,50,informational,,informational
what does delivery attempted mean,350,informational,,informational
shein live chat,600,navigational,,"informational,navigational"
ubi delivery,200,informational,,informational
my team ge track and trace,1100,informational,,informational
suivi colis international,1000,informational,,informational
local sorting center,200,informational,,informational
shein tracking parcel,150,informational,,informational
usps hawthorne,100,informational,,informational
shipping company near me,350,commercial,,"informational,commercial"
how long does temu take to deliver,3800,informational,,informational
cainiao tracking,3800,informational,,informational
how to contact aliexpress support team,350,informational,,informational
expedite shipment meaning,200,informational,,informational
cainiao tracking,600,informational,,informational
canada to us shipping,300,commercial,,"informational,commercial"
aliexpress shipping tracker,250,informational,,informational
glob phone,1200,informational,,informational
tracking aliexpress,500,informational,,informational
uni login,5600,navigational,,navigational
cainiao 배송조회,350,informational,,informational
buffalo tracking shein,150,informational,,informational
does ups deliver on sunday,400,informational,,informational
aliexpress tracking,1500,informational,,informational
shein order delay,150,informational,,informational
what carrier does shein use,200,informational,,informational
what does gateway transit mean,200,informational,,informational
mountain warehouse nanaimo,350,informational,,informational
ns meaning text,2500,informational,,informational
cancel shein order,250,transactional,,"informational,transactional"
why is fedex tracking so bad,150,informational,,informational
pay fedex duties,150,transactional,,"transactional,navigational"
seguimiento cainiao,1500,informational,,informational
does temu ship to india,1200,commercial,,"informational,commercial"
suivi,450,informational,,informational
17track usps,150,navigational,,"informational,navigational"
delivery status notification (failure),200,informational,,informational
dhl laval,150,informational,,informational
fedex destination sort facility,150,informational,,informational
shein warehouse,2200,informational,,informational
aliexpress tracking number,200,informational,,informational
code régional 647,500,informational,,informational
647 code,150,informational,,informational
778 phone number,600,informational,,informational
shein delivery tracking,150,informational,,informational
shein codes canada,200,transactional,,"informational,commercial,transactional"
what does attempted delivery mean,250,informational,,informational
cainiao tracking,700,informational,,informational
track shein order,1100,informational,,informational
dhl kelowna,250,informational,,informational
shein not delivered,10,informational,,informational
cainiao track,200,informational,,informational
how long does temu take to ship to usa,200,informational,,informational
how long for shein to deliver,200,informational,,informational
does shein ship on weekends,150,informational,,informational
mile paqueteria,90,informational,,informational
shein warehouse location,70,informational,,informational
st louis mo package sorting center,150,informational,,informational
what time does fedex stop delivering packages,700,informational,,informational
wanb express tracking,250,informational,,informational
temu seller login,1000,navigational,,navigational
arrived at logistics carrier facility in transit to next facility,500,informational,,informational
global standard shipping,2500,informational,,informational
aliexpress tracker,400,informational,,informational
cainiao netherlands,800,informational,,informational
how long does out for delivery take,450,informational,,informational
amazon mississauga,500,informational,,informational
424 boots,300,commercial,,"informational,commercial"
shien tracking,200,informational,,informational
rastrear paquete usps,9100,informational,,informational
is amazon delivering on easter sunday,0,informational,,informational
does ups charge for redelivery,150,informational,,informational
how to stop shein notifications,250,informational,,informational
778 number,300,informational,,informational
879 area code,600,informational,,informational
package delivered to wrong address,600,informational,,informational
track aliexpress,300,informational,,informational
yanwen amazon,200,informational,,informational
ontario inc,350,informational,,informational
17track phone number,30,informational,,informational
unishipping,50,informational,,informational
temu delivery driver,200,informational,,informational
shein tracking number,40,informational,,informational
cainiao tracking,450,informational,,informational
fedex misdelivered package,150,informational,,informational
647 area code time zone,150,informational,,informational
what shipping does shein use,200,informational,,informational
atlantic courier tracking,200,informational,,informational
traqueur de colis,200,informational,,informational
area code 315 canada,200,informational,,informational
ubi tracking,1000,informational,,informational
does canada post deliver on easter monday,40,informational,,informational
aliexpress near me,250,informational,,informational
shein referral code,350,transactional,,"informational,commercial,transactional"
temu login,19000,navigational,,navigational
suivi colis aliexpress france,250,informational,,informational
cainiao tracking,350,informational,,informational
shein customer services,150,informational,,informational
how do i return to shein,800,informational,,informational
cainiao tracking,5800,informational,,informational
aliexpress tracking,800,informational,,informational
parcel tracking canada,900,informational,,informational
usps 배송조회,350,informational,,informational
647 area code time zone,200,informational,,informational
17track tracking,200,navigational,,"informational,navigational"
wanb express,1100,informational,,informational
shein livraison transporteur,200,informational,,informational
temu shipping times,200,informational,,informational
usps in transit to next facility arriving late,600,informational,,informational
uin logo,250,informational,,informational
track package from china,700,informational,,informational
what does umi mean,400,informational,,informational
what does update shipping contact mean,200,informational,,informational
track aliexpress,450,informational,,informational
temu vs shein,350,commercial,,"informational,commercial"
avalon doral,2200,commercial,,"informational,commercial"
does mail get delivered on good friday,100,informational,,informational
how to return shein items,700,transactional,,"informational,transactional"
236 number,200,informational,,informational
last mile delivery,500,informational,,informational
cainiao customer service,150,informational,,informational
ups package delivered to wrong address,500,informational,,informational
buzz meaning,350,informational,,informational
cainiao tracking,700,informational,,informational
does shein have free shipping on sundays,10,commercial,,"informational,commercial"
yanwen china,60,informational,,informational
cainiao tracking,350,informational,,informational
4px express shipping time,20,informational,,informational
temu canada website,800,transactional,,"informational,commercial,transactional,navigational"
shein delivery times,250,informational,,informational
my fedex schedule,250,navigational,,"informational,navigational"
temu return label,500,informational,,informational
track shein,400,informational,,informational
ups dieppe,150,informational,,informational
424 area code canada,150,informational,,informational
track package tracking number,400,informational,,informational
carteret post office,200,informational,,informational
does amazon deliver on sundays,200,informational,,informational
bras trucking,300,informational,,informational
fedex drop off edmonton,200,informational,,informational
shein meaning,400,informational,,informational
unin,100,informational,,informational
www.uni.com,30,navigational,,"informational,navigational"
is mail delivered on memorial day,450,informational,,informational
is 17track legit,900,informational,,informational
clientèle offices near me,250,informational,,informational
does ups deliver at 9pm,200,informational,,informational
gofo livraison,5300,informational,,informational
does usps take pictures of delivery,450,informational,,informational
shein log in,150,navigational,,navigational
what to do with mail delivered to wrong address,300,informational,,informational
shein canada login,1400,transactional,,"commercial,transactional,navigational"
suivi colis,235000,informational,,informational
aliexpress support,200,informational,,informational
out for delivery meaning,2900,informational,,informational
rastrear cainiao,70,informational,,informational
shein urgent delivery,150,commercial,,"informational,commercial"
does fedex work on memorial day,150,informational,,informational
289 phone numbers,150,informational,,informational
how to chat with aliexpress customer service,150,informational,,informational
cainiao track,800,informational,,informational
track my shein order,100,informational,,informational
suivi de colis,200,informational,,informational
aliexpress legit,200,informational,,informational
shein number to call usa,150,informational,,informational
快递单号查询,800,informational,,informational
cainiao tracking,1300,informational,,informational
out for delivery meaning,350,informational,,informational
attempted delivery,200,informational,,informational
aliexpress usa en español,90,commercial,,"informational,commercial,navigational"
is louis riel day a stat holiday,1000,informational,,informational
is temu legit in canada,150,informational,,informational
aliexpress help center,250,informational,,informational
rastreamento aliexpress cainiao,200,informational,,informational
cainiao rastreo,4500,informational,,informational
transporteur local shein,20,informational,,informational
aliexpress tracking,2800,informational,,informational
broadview routing number,2800,informational,,informational
arrived at usps regional facility,900,informational,,informational
when is unn resuming,10,informational,,informational
canada parcel tracking,250,informational,,informational
shein christmas,30,transactional,,"informational,commercial,transactional"
codigo postal de indianapolis,150,informational,,informational
does canada post deliver on christmas eve,80,informational,,informational
how to return on shein,350,informational,,informational
4068 postcode,250,informational,,informational
unnie meaning,100,informational,,informational
how many days does shein take to deliver,200,informational,,informational
vacation hold fedex,500,informational,,informational
unidata stock,300,informational,,informational
m$p tracking,350,informational,,informational
shein international warehouse location,90,informational,,informational
package tracker canada,200,informational,,informational
qr 604,1000,informational,,informational
arrival at unit meaning usps,50,informational,,informational
last mile,250,informational,,informational
in transit to next facility arriving late,800,informational,,informational
prefix ab,200,informational,,informational
temu custom clearance completed,0,informational,,informational
dhl fremont,450,informational,,informational
atlantic courier tracking,300,informational,,informational
yesstyle seguimiento,250,informational,,informational
jamaica ny international distribution center,350,informational,,informational
fedex how many delivery attempts,30,informational,,informational
does ups deliver on sunday,250,informational,,informational
broadview postcode,250,informational,,informational
how to get express shipping on shein,150,commercial,,"informational,commercial"
tracking aliexpress,9500,informational,,informational
does usps fly packages,200,informational,,informational
aliexpress tracking,1400,informational,,informational
aliexpress commande suivi,200,informational,,informational
rastrear usps,400,navigational,,"informational,navigational"
cainiao tracking,200,informational,,informational
eta meaning text,450,informational,,informational
how long does temu take to ship,700,informational,,informational
aliexpress standard shipping tracking,150,informational,,informational
where is shein warehouse located,200,informational,,informational
uni points to miles,200,informational,,informational
ups fuel surcharge,1600,informational,,informational
usps arrival at unit,40,informational,,informational
wrong package delivered to my house,80,informational,,informational
inu inu no mi,250,informational,,informational
tracking aliexpress,450,informational,,informational
shein packages,350,informational,,informational
aliexpress standard shipping,800,informational,,informational
shein phone number customer service live chat,10,informational,,informational
last mile delivery,250,informational,,informational
mountain warehouse kingston,700,informational,,informational
shein tracking,350,informational,,informational
how long does tiktok shop take to deliver,1000,informational,,informational
glo kelowna,200,informational,,informational
shein tracking,1100,informational,,informational
cainiao 追跡,800,informational,,informational
temu customer service,10,navigational,,"informational,navigational"
medicine hat postal code,450,informational,,informational
aliexpress track,400,informational,,informational
how fast is shein shipping,400,informational,,informational
is usps tracking accurate,400,informational,,informational
uniu,20,commercial,,"informational,commercial"
424 area code,4500,informational,,informational
last postal pickup near me,30,informational,,informational
nearest purolator drop off near me,200,transactional,,"informational,transactional"
cainiao tracking number,200,informational,,informational
temu express shipping,150,informational,,informational
what does pre transit mean,600,informational,,informational
cainiao transportadora,1200,informational,,informational
what does awaiting carrier pickup mean,150,informational,,informational
does fedex work on weekends,150,informational,,informational
amazon dsp dress code,30,informational,,informational
cainiao tracking,250,informational,,informational
what does clearance delay mean fedex,350,informational,,informational
unn postal code,150,informational,,informational
shein tracking order,1100,informational,,informational
how long does shein take to refund a cancelled order,30,informational,,informational
your parcel is out for delivery,200,informational,,informational
parcel out,80,informational,,informational
cainiao tracking,1100,informational,,informational
aliexpress tracking,100,informational,,informational
shein. sk,350,transactional,,"informational,commercial,transactional,navigational"
international warehouse shein,150,informational,,informational
aliexpress tracking,4100,informational,,informational
local warehouse shein,0,informational,,informational
misdelivery,600,informational,,informational
cainiao location,2500,informational,,informational
pacific truck edmonton,200,informational,,informational
aliexpress sign in,250,navigational,,navigational
expediated,1300,informational,,informational
numero aliexpress,300,informational,,informational
cainiao standard for special goods,20,informational,,informational
shein toronto,350,informational,,informational
aliexpress tracking,1000,informational,,informational
shipbob products,150,commercial,,"informational,commercial"
if my package was delivered to the wrong address,70,informational,,informational
rastreo ups usa,400,navigational,,"informational,navigational"
aliexpress app,400,transactional,,"informational,commercial,transactional"
cbg portland,250,informational,,informational
my usps package was delivered to the wrong address,100,informational,,informational
atlantic courier tracking,250,navigational,,"informational,navigational"
last mile delivery,150,informational,,informational
out for delivery meaning,4400,informational,,informational
what does eta mean?,400,informational,,informational
in transit to next facility meaning,200,informational,,informational
when does fedex stop delivering for the day,300,informational,,informational
ups fuel surcharge india,600,informational,,informational
amazon flex yuma az,200,informational,,informational
cainiao tracking,150,informational,,informational
universal postal union tracking,900,informational,,informational
cainiao tracking number,200,informational,,informational
how to resolve clearance delay fedex,200,informational,,informational
unnie meaning,150,informational,,informational
ups delivered package to wrong address,150,informational,,informational
delivery attempt,250,informational,,informational
what does unnie mean in english,100,informational,,informational
rastreo western union,200,navigational,,"informational,navigational"
1 647 area code,400,informational,,informational
cainiao tracking,600,informational,,informational
how accurate is ups estimated delivery time,250,informational,,informational
mail delivered to wrong address,400,informational,,informational
parcel tracker,2300,informational,,informational
aliexpress selection standard,700,informational,,informational
how long does shein take to come,200,informational,,informational
ups hialeah,450,informational,,informational
when do fedex trucks stop delivering,70,informational,,informational
is aliexpress reliable,350,commercial,,"informational,commercial"
uin shoes,3300,transactional,,"informational,commercial,transactional"
western rastreo,500,informational,,informational
temu return policy,1000,informational,,informational
custom clearance completed meaning,150,informational,,informational
unnie meaning,100,informational,,informational
fedex clearance delay,2000,informational,,informational
shein package,1900,informational,,informational
shein international warehouse,300,informational,,informational
what time fedex stop delivering,300,informational,,informational
cainiao whatsapp,150,informational,,informational
how long does shein take to deliver,800,informational,,informational
site temu en français,150,commercial,,"informational,commercial,navigational"
customs clearance completed meaning,150,informational,,informational
uniu,200,commercial,,"informational,commercial"
shein store houston tx,10,commercial,,"informational,commercial"
international warehouse shein,200,informational,,informational
shein suivi,150,informational,,informational
sacrement,200,informational,,informational
cainiao tracking,400,informational,,informational
604 area code time zone,250,informational,,informational
shein bras,100,transactional,,"informational,commercial,transactional"
what does out for delivery mean amazon,250,informational,,informational
out for delivery meaning,700,informational,,informational
pod storage edmonton,250,commercial,,"informational,commercial"
avalon chino hills,1700,commercial,,"informational,commercial"
dhl surrey,400,informational,,informational
aliexpress login,200,navigational,,navigational
reschedule fedex delivery,200,transactional,,"transactional,navigational"
shein customer service email,1400,informational,,informational
suivi colis,800,informational,,informational
how to return shein items,1400,informational,,informational
unnie meaning,150,informational,,informational
prefix uni,250,informational,,informational
uno express,200,commercial,,"informational,commercial"
arrived at usps regional destination facility meaning,60,informational,,informational
is ups delivering on christmas eve,300,informational,,informational
independent courier jobs,1900,informational,,informational
la 2468,300,informational,,informational
aliexpress canada en français,400,commercial,,"informational,commercial"
last mile delivery,250,informational,,informational
cainiao tracking,2000,informational,,informational
aliexpress tracking,150,informational,,informational
rastreamento usps,500,navigational,,"informational,navigational"
odessa sk,250,informational,,informational
inglewood care centre,1000,informational,,informational
dhl saskatoon,500,informational,,informational
delais livraison temu,200,informational,,informational
post office prince george,150,informational,,informational
prompt xpress tracking,300,informational,,informational
shein order status,500,informational,,informational
how many days does shein take to deliver,150,informational,,informational
cainiao tracking,1200,informational,,informational
does canada post deliver on the weekend,150,informational,,informational
umi myers,200,informational,,informational
uin shoes reviews,200,commercial,,"informational,commercial"
shein 追跡,2800,informational,,informational
cainiao tracking,700,informational,,informational
aliexpress tracking,250,informational,,informational
unani tel,200,commercial,,"informational,commercial"
post prefix,700,informational,,informational
out for delivery meaning,200,informational,,informational
amazon warehouse calgary,300,informational,,informational
fedex my schedule,1700,navigational,,"informational,navigational"
canada post medicine hat,200,informational,,informational
does canada post work on weekends,700,informational,,informational
amazon flex hamilton,150,informational,,informational
shein hotline,250,informational,,informational
when does fedex stop delivering packages,200,informational,,informational
fedex delivered package to wrong address,250,informational,,informational
temu packaging,200,commercial,,"informational,commercial"
shein package tracking not updating,0,informational,,informational
usps odessa tx,200,informational,,informational
does canada post deliver on sundays,250,informational,,informational
ups stuck on label created for 7 days,20,informational,,informational
how long does shein take to deliver,1300,informational,,informational
shein tracking number,150,informational,,informational
where is temu located,3200,informational,,informational
easypost tracking number,700,informational,,informational
livreur aliexpress,150,informational,,informational
rastreio shein,150,informational,,informational
cainiao tracking,700,informational,,informational
temu com canada,10,commercial,,"informational,commercial,navigational"
track aliexpress,1100,informational,,informational
tiktok shop shipping time,200,informational,,informational
om india brampton,60,informational,,informational
codigo postal de new brunswick,150,informational,,informational
cainiao tracking,400,informational,,informational
647-,300,informational,,informational
processing at destination arrived at usps regional destination facility,150,informational,,informational
cainiao tracking,900,informational,,informational
202 area code time zone,250,informational,,informational
is 4px a real shipping company,20,informational,,informational
universal parcel tracking,400,informational,,informational
yesstyle customer service,150,informational,,informational
accurate door,200,informational,,informational
shein.tracking,10,informational,,informational
shein return address,150,transactional,,"informational,transactional"
reroute fedex package,150,transactional,,"informational,transactional"
rastreio aliexpress cainiao,40,informational,,informational
100 broadview ave,200,informational,,informational
temu location,600,informational,,informational
shein app download apk,30,transactional,,"commercial,transactional"
202 area code time zone,300,informational,,informational
shein delivery times,250,informational,,informational
tracking aliexpress,200,informational,,informational
how long do temu orders take,300,informational,,informational
amazon flex winnipeg,150,informational,,informational
express shipping shein,150,informational,,informational
shein delivery time,300,informational,,informational
warehouse shein,5100,informational,,informational
can i drop off fedex at canada post,0,informational,,informational
codigo postal de toronto,20,informational,,informational
tiktok package,250,commercial,,"informational,commercial"
suivi,300,informational,,informational
aliexpress support,200,informational,,informational
sorting hat technologies private limited,1000,informational,,informational
uniglobe travel center,200,informational,,informational
lastmile shein,0,informational,,informational
mountain warehouse saskatoon,1600,commercial,,"informational,commercial,navigational"
aliexpress tracking,500,informational,,informational
uniglobal realtime,70,informational,,informational
tracking number aliexpress,150,informational,,informational
js express shipping,500,informational,,informational
umi atlanta reviews,150,informational,,informational
temu québec,10,commercial,,"informational,commercial,navigational"
do ups deliver on weekends,200,informational,,informational
604 area code time zone,200,informational,,informational
ship bob,300,commercial,,"informational,commercial"
shein shipping speed,30,informational,,informational
suivi aliexpress colis,300,informational,,informational
last mile delivery,200,informational,,informational
shein delay,40,informational,,informational
amazon téléphone québec,200,informational,,informational
how do shein returns work,250,informational,,informational
area code 315,1100,informational,,informational
how long does etsy take to deliver,350,informational,,informational
aliexpress tracking,300,informational,,informational
suivi colis,150,informational,,informational
do shein do next day delivery,200,informational,,informational
eta meaning in chat,600,informational,,informational
ups truro,200,informational,,informational
my temu order,150,informational,,informational
when does ups stop delivering,250,informational,,informational
how long does it take for shein to deliver,1100,informational,,informational
who is responsible if package is delivered to wrong address,300,informational,,informational
dhl halifax,350,informational,,informational
aliexpress track,500,informational,,informational
what does arrived at hub mean usps,250,informational,,informational
area code 239 canada,150,informational,,informational
ups penticton,300,informational,,informational
how long does it take for temu to deliver,200,informational,,informational
eta meaning in shipping,2600,informational,,informational
suivi colis shein la poste,50,informational,,informational
temu return policy,2000,commercial,,"informational,commercial"
uni laval,400,informational,,informational
korea post tracking,600,informational,,informational
how to cancel aliexpress order,500,transactional,,"informational,transactional"
js express tracking,300,informational,,informational
cainiao shop,150,informational,,informational
clearance delay fedex,1600,informational,,informational
cainiao seguimiento,200,informational,,informational
how to return on shein,4600,informational,,informational
how much is shein express shipping,200,commercial,,"informational,commercial"
urgent delivery shein,100,commercial,,"informational,commercial"
estimated delivery meaning,300,informational,,informational
how to track shein order,250,informational,,informational
shein flowers,100,transactional,,"informational,commercial,transactional"
transporteur aliexpress,250,informational,,informational
entrega a lastmile,150,informational,,informational
516 area code canada,300,informational,,informational
360 area code time zone,200,informational,,informational
numero shein,200,informational,,informational
how long does it take for temu to ship,250,informational,,informational
storage units delivered to your house,100,transactional,,"informational,commercial,transactional"
global parcel tracking,2700,informational,,informational
289 phone number,200,informational,,informational
uno express,450,commercial,,"informational,commercial"
distribution de 8 mile,250,informational,,informational
rastreo amazon,450,informational,,informational
what to write on mail delivered to wrong address,150,informational,,informational
cainiao tracking,300,informational,,informational
livreur amazon,300,informational,,informational
unni meaning,200,informational,,informational
how late does ups deliver,450,informational,,informational
aliexpress download,90,informational,,informational
tracking package,250,informational,,informational
does temu do next day delivery,200,informational,,informational
umi myers,2600,informational,,informational
temu shipping time,2500,informational,,informational
rastreo ups,2600,navigational,,"informational,navigational"
aliexpress refund,250,informational,,informational
does mail get delivered on veterans day,60,informational,,informational
aliexpress tracking,3000,informational,,informational
відстежити посилку usps,250,navigational,,"informational,navigational"
pickup attempt was unsuccessful,400,informational,,informational
4690,350,informational,,informational
rastrear paquete de shein,100,informational,,informational
ups customs phone number,250,informational,,informational
shipbob chicago,200,informational,,informational
does ups deliver on christmas day,10,informational,,informational
delais livraison shein,250,informational,,informational
17track legit,800,informational,,informational
ups lost package,150,informational,,informational
global shipping tracking,800,informational,,informational
aliexpress tracking,2300,informational,,informational
does usps deliver on easter,40,informational,,informational
suivi colis,4100,informational,,informational
transportadora cainiao,900,informational,,informational
wanb express,40,informational,,informational
wanb express,900,informational,,informational
rastreo de paquetes usps,250,navigational,,"informational,navigational"
shein order tracking,400,informational,,informational
prefix uni meaning,100,informational,,informational
aliexpress legit,200,informational,,informational
229 area code time zone,250,informational,,informational
packing boxes saskatoon,200,transactional,,"commercial,transactional"
tracking united parcel service,250,informational,,informational
shein return policy,250,informational,,informational
aliexpress commande,200,navigational,,"informational,navigational"
delivery attempt was unsuccessful,150,informational,,informational
what to do when amazon delivers to wrong address,200,informational,,informational
cainiao localizador,200,informational,,informational
suivi western union,500,navigational,,"informational,navigational"
ecms tracking,300,informational,,informational
shein returns,600,informational,,informational
codigo postal queens,350,informational,,informational
ups tracking查询,150,navigational,,"informational,navigational"
usps hialeah,150,informational,,informational
+1(778) which country code,150,informational,,informational
what is shipbob,400,informational,,informational
aliexpress code,150,transactional,,"informational,commercial,transactional"
4178 postcode,300,informational,,informational
tracking aliexpress,900,informational,,informational
out for delivery,200,informational,,informational
entrepot international shein,150,informational,,informational
suivi western union,800,informational,,informational
eta track speed post,800,informational,,informational
is fedex open on good friday,10,informational,,informational
gofo express,5600,informational,,informational
canada post mailbox near me,200,informational,,informational
logo unu,150,informational,,informational
ali express tracking,700,informational,,informational
does temu steal your information,100,informational,,informational
delivery attempted meaning,600,informational,,informational
temu return policy,3400,informational,,informational
délai livraison shein,50,informational,,informational
last mile delivery singapore,150,informational,,informational
aliexpress shipping,600,informational,,informational
suivi 17track,150,navigational,,"informational,navigational"
canada post prince george,350,informational,,informational
victoria logistics carrier,450,informational,,informational
colis shein suivi,50,informational,,informational
what time does fedex usually deliver in my area,200,informational,,informational
fedex stolen package claim,100,transactional,,"informational,transactional,navigational"
ecommerce fulfillment toronto,70,commercial,,"informational,commercial"
shein sk,23000,commercial,,"informational,commercial"
aliexpress suivi commande,500,informational,,informational
does amazon deliver on holidays,150,informational,,informational
310 area code time zone,350,informational,,informational
mountain warehouse weymouth,150,informational,,informational
live usps tracking,6300,informational,,informational
aliexpress tracking,1700,informational,,informational
temu returns,250,informational,,informational
code regional 647,300,informational,,informational
does fedex run on sundays,1600,informational,,informational
ups package delayed no update,150,informational,,informational
unnie,300,informational,,informational
ups tracker canada,200,navigational,,"informational,navigational"
what time zone is ontario,1900,informational,,informational
does temu do returns,150,informational,,informational
ups package says delivered but not here,300,informational,,informational
how long does it take to get a package from china,300,informational,,informational
postal code kelowna,80,informational,,informational
shein track order,30,informational,,informational
does aliexpress ship to usa,700,informational,,informational
310 area code time zone,200,informational,,informational
aliexpress tracking,5600,informational,,informational
out for delivery meaning,450,informational,,informational
suivi colis aliexpress,700,informational,,informational
shein usps,30,informational,,informational
17track legit,200,informational,,informational
aliexpress delivery,200,informational,,informational
salt river postal code,250,informational,,informational
seguimiento shein,350,informational,,informational
my package was delivered to the wrong address,150,informational,,informational
localiser mon colis,150,informational,,informational
usps package arrived in my city then left,100,informational,,informational
shop tracking,700,informational,,informational
usps tracking stuck on pre shipment,10,informational,,informational
aliexpress return,200,informational,,informational
dhl fresno,200,informational,,informational
temu suivre ma commande,300,informational,,informational
229 area code,3100,informational,,informational
parcels app,300,informational,,informational
codigo postal north york,10,informational,,informational
uno express,700,commercial,,"informational,commercial"
shein return,200,informational,,informational
tracking number lookup,2300,navigational,,"informational,navigational"
cainiao suivi,13000,informational,,informational
aliexpress suivi colis,800,informational,,informational
estimated delivery meaning,150,informational,,informational
unj,80,informational,,informational
aftership package tracker,1200,informational,,informational
aliexpress english,150,navigational,,"informational,navigational"
where is shein headquarters,250,informational,,informational
whats the latest fedex will deliver,300,informational,,informational
usps live tracking map,150,informational,,informational
aliexpress legit,4500,commercial,,"informational,commercial"
tiktok handle meaning,150,informational,,informational
uuni,40,commercial,,"informational,commercial"
aliexpress open dispute,100,informational,,informational
aliexpress standard shipping tracking,100,informational,,informational
lm express,150,informational,,informational
suivi de colis aliexpress,350,informational,,informational
mountain warehouse dartmouth,300,informational,,informational
aliexpress tracking,1500,informational,,informational
easypost pricing,200,commercial,,"informational,commercial"
usps gps tracking,150,informational,,informational
fredericton postal code,450,informational,,informational
shein store montreal,150,commercial,,"informational,commercial"
shein rd,2500,transactional,,"informational,commercial,transactional"
what does out for delivery mean,600,informational,,informational
how long does shein express shipping take,450,informational,,informational
shoppers river district,300,informational,,informational
shein sito ufficiale,800,transactional,,"informational,commercial,transactional,navigational"
aliexpress standard shipping,200,informational,,informational
how accurate is amazon delivery time,200,informational,,informational
17track number,150,navigational,,"informational,navigational"
temu reviews 2024,90,commercial,,"informational,commercial"
ali express tracking,350,informational,,informational
package out for delivery,350,informational,,informational
ups moncton,500,informational,,informational
last mile delivery,350,informational,,informational
is there mail service on good friday,200,informational,,informational
ups what happens after final delivery attempt,10,informational,,informational
how long does shein delivery take,150,informational,,informational
temu seller,3800,commercial,,"informational,commercial"
international warehouse shein,150,informational,,informational
distribution de the holiday,200,informational,,informational
office depot hialeah,100,informational,,informational
shein address,10,informational,,informational
civic holiday meaning,500,informational,,informational
647 area code text message,250,informational,,informational
what to do if amazon delivers to wrong address,200,informational,,informational
does ups deliver on new years day,500,informational,,informational
is boxing day a stat holiday in saskatchewan,200,informational,,informational
avalon post office,350,informational,,informational
aliexpress official site,300,commercial,,"informational,commercial,navigational"
pod storage winnipeg,150,commercial,,"informational,commercial"
shein near me,4800,informational,,informational
533 area code,400,informational,,informational
livraison express shein combien de temps,100,informational,,informational
united states parcel service tracking,200,informational,,informational
global package tracking,300,informational,,informational
my schedule fedex,350,navigational,,"informational,navigational"
delivery driver jobs,100,informational,,informational
fedex careers edmonton,200,informational,,informational
mountain warehouse halifax,700,informational,,informational
buffalo clothing canada,200,transactional,,"informational,commercial,transactional"
fedex package says delivered but not here,200,informational,,informational
aliexpress australia login,700,navigational,,navigational
temps livraison shein,300,informational,,informational
shein distribution corporation,100,informational,,informational
shein report missing package,0,transactional,,"informational,transactional"
does ups deliver to door or mailbox,150,informational,,informational
516 area code time zone,200,informational,,informational
aliexpress standard shipping tracking,250,informational,,informational
uni.c,20,informational,,informational
4px tracking china,70,informational,,informational
ups saskatoon,1500,informational,,informational
aliexpress cancel order,300,transactional,,"informational,transactional"
cainiao tracking,150,informational,,informational
360 area code time zone now,150,informational,,informational
does temu deliver to india,800,informational,,informational
how long does aliexpress take to deliver,400,informational,,informational
cancel aliexpress order,200,transactional,,"informational,transactional"
tracking.number search,200,navigational,,"informational,navigational"
final mile delivery companies,300,informational,,informational
ubi shipping,250,informational,,informational
shein montréal,150,commercial,,"informational,commercial"
tracking aliexpress,2200,informational,,informational
what time does ups deliver until,200,informational,,informational
unni,700,informational,,informational
aliexpress tracking,1800,informational,,informational
how long do shein orders take,450,informational,,informational
what time does fedex stop delivering on saturday,200,informational,,informational
amazon flex edmonton,350,informational,,informational
shipping solution,450,commercial,,"informational,commercial"
usps ground tracking number,6500,informational,,informational
what does the prefix uni mean,300,informational,,informational
aps courier,200,informational,,informational
usps in transit arriving late,500,informational,,informational
suivi aliexpress,100,informational,,informational
package arrived at a carrier facility.,200,informational,,informational
what does arrived at facility mean ups,20,informational,,informational
shein customer service returns,90,informational,,informational
tracking package,800,informational,,informational
424 boots,250,transactional,,"informational,commercial,transactional"
tracking numbers,150,informational,,informational
289 phone lookup,700,informational,,informational
out for delivery means,250,informational,,informational
dhl scarborough,350,informational,,informational
does canada post send text messages,800,informational,,informational
suivi colis amazon en direct,600,informational,,informational
out for delivery meaning,150,informational,,informational
what is the latest time fedex delivers,350,informational,,informational
can ups leave package in mailbox,40,informational,,informational
universal package tracking,250,informational,,informational
mississauga zip code,250,informational,,informational
shein commande suivi,600,informational,,informational
apartment buzzer,150,commercial,,"informational,commercial"
juni meaning,150,informational,,informational
how long does a shein package take to arrive,150,informational,,informational
suivi cainiao,3700,informational,,informational
how to reroute a usps package,250,informational,,informational
atl meaning delivery,200,informational,,informational
how to cancel shein order,200,transactional,,"informational,transactional"
niu login,3600,navigational,,navigational
tracking colis,600,informational,,informational
yuni meaning,200,informational,,informational
rastreio usps,250,informational,,informational
cainiao tracking,200,informational,,informational
shein referral code,150,commercial,,"informational,commercial"
is boxing day a stat holiday in alberta,350,informational,,informational
temu logo,700,informational,,informational
is victoria day a stat holiday in new brunswick,200,informational,,informational
carriers transportadora whatsapp,100,informational,,informational
how fast is shein express shipping,200,informational,,informational
suivi livraison aliexpress,250,informational,,informational
cainiao tracking,250,informational,,informational
how does shein work,300,informational,,informational
temu india delivery,350,informational,,informational
post office saskatoon,350,informational,,informational
civic number montreal,150,informational,,informational
dhl brampton,450,informational,,informational
does ups require a signature,200,informational,,informational
shein vs temu,350,commercial,,"informational,commercial"
is albert legit,6400,informational,,informational
shipbob careers,450,informational,,informational
shein track,200,informational,,informational
fedex sent me someone else's package,20,informational,,informational
aliexpress shipping cost,150,commercial,,"informational,commercial"
does shein offer express shipping,80,commercial,,"informational,commercial"
how fast does shein deliver,200,informational,,informational
last mile delivery,200,informational,,informational
ups laval,500,informational,,informational
how long does temu take to ship,150,informational,,informational
delivery last mile,30,informational,,informational
how do i return shein items,200,informational,,informational
aliexpress standard shipping tracking,150,informational,,informational
how to cancel order in shein,200,transactional,,"informational,transactional"
is shein reliable,800,commercial,,"informational,commercial"
how to refuse a package usps,200,informational,,informational
fedex reroute package,250,informational,,informational
suivi colis amazon,500,informational,,informational
universal parcel tracker,250,informational,,informational
canada post easter monday hours,250,informational,,informational
mountain warehouse kelowna,350,informational,,informational
shipping traduction,700,informational,,informational
tracking colis international,250,informational,,informational
canada post tracking,200,informational,,informational
the city is missing in the shipping address,250,informational,,informational
shein fulfillment,700,informational,,informational
aliexpress website,150,navigational,,navigational
how to cancel order on aliexpress,200,transactional,,"informational,transactional"
does aliexpress ship to india,800,informational,,informational
missed fedex signature delivery,40,informational,,informational
okay parcel,100,informational,,informational
usps stuck in transit,90,informational,,informational
aliexpress selection standard,20,informational,,informational
does shein come early,60,informational,,informational
what time ups stop delivering,450,informational,,informational
postal code mississauga,200,informational,,informational
ummi meaning,200,informational,,informational
stat holidays manitoba 2025,200,informational,,informational
dhl richmond,150,informational,,informational
is aliexpress reliable,600,informational,,informational
heur de usa,200,informational,,informational
fedex north vancouver,300,navigational,,"informational,navigational"
umi east brunswick,2000,informational,,informational
cainiao seguimiento,200,informational,,informational
package stuck on usps awaiting item,0,informational,,informational
does shein do express shipping,150,commercial,,"informational,commercial"
colis,2300,informational,,informational
warehouse shein,70,informational,,informational
rastreo aliexpress,2500,informational,,informational
suivre mon colis,150,informational,,informational
canada post teacking,300,navigational,,"informational,navigational"
aliexpress contact number,150,informational,,informational
289 number,250,informational,,informational
amazon carteret nj,300,informational,,informational
aliexpress sign in,200,navigational,,navigational
post office winnipeg,250,informational,,informational
shein address,400,informational,,informational
cainiao aliexpress,80,informational,,informational
amazon scarborough,150,informational,,informational
package tracking map,250,informational,,informational
temu refund policy,250,informational,,informational
aliexpress official website,300,commercial,,"informational,commercial,navigational"
cainiao shipping service,1200,informational,,informational
china package tracking,1000,informational,,informational
aliexpress standard shipping,200,informational,,informational
ali express suivi,300,informational,,informational
track my oackage,250,informational,,informational
aps parcel tracking,600,informational,,informational
track package china,200,informational,,informational
suivre un colis,34000,informational,,informational
whos tracking number is this,250,informational,,informational
us xpress markham il,10,informational,,informational
js tracking,700,informational,,informational
track amazon order with tracking id,150,informational,,informational
international warehouse shein,250,informational,,informational
rastreo wester,450,informational,,informational
aliexpress tracking,300,informational,,informational
weather unn,700,informational,,informational
temu français,40,commercial,,"informational,commercial,navigational"
does canada have tiktok shop,350,informational,,informational
serive,600,informational,,informational
how to track a package,1700,informational,,informational
dhl mississauga,450,informational,,informational
aliexpress phone number,1300,informational,,informational
usps departed usps regional facility,10,informational,,informational
how long does shein shipping take,200,informational,,informational
how long does a shein order take,150,informational,,informational
postal code california,150,informational,,informational
fedex picture proof of delivery,200,informational,,informational
ups pickup status,350,informational,,informational
canada post reviews,250,informational,,informational
az driver,200,informational,,informational
aliexpress tracking,1200,informational,,informational
package tracker,400,informational,,informational
correo de amazon flex,200,informational,,informational
ali express tracking,500,informational,,informational
how long do temu orders take,150,informational,,informational
uniu,60,commercial,,"informational,commercial"
usps delivering to wrong address,40,informational,,informational
parcel meaning,200,informational,,informational
does canada express post deliver on weekends,10,informational,,informational
is yesstyle legit,600,commercial,,"informational,commercial"
shein express shipping,1100,commercial,,"informational,commercial"
suivre un colis,500,informational,,informational
604 de que compañía es,150,informational,,informational
does usps run on christmas eve,300,informational,,informational
does shein refund cancelled orders,20,informational,,informational
local sorting center,250,informational,,informational
universal postal union tracking,300,informational,,informational
aliexpress australia,200,commercial,,"informational,commercial"
suivre mes commandes shein,70,informational,,informational
ups saint john,200,informational,,informational
aliexpress standard,250,informational,,informational
temu seller center,500,commercial,,"informational,commercial,navigational"
luni river in india map,450,informational,,informational
dhl tucson,450,informational,,informational
is aliexpress legit,35000,informational,,informational
shipbob company,400,informational,,informational
bubble tea hiring,150,informational,,informational
shein parcel tracking,200,informational,,informational
temu shipping cost,300,informational,,informational
ups drop off edmonton,350,informational,,informational
az owner operator jobs,900,informational,,informational
ups kitchener,700,informational,,informational
289 phone number canada,200,informational,,informational
cainiao track,200,informational,,informational
temu meaning,1700,informational,,informational
how to cancel aliexpress order,250,transactional,,"informational,transactional"
where is the shein warehouse,200,informational,,informational
shein contact email,200,informational,,informational
temu seller central,450,commercial,,"informational,commercial,navigational"
delais de livraison shein,200,informational,,informational
315 area code time zone,200,informational,,informational
whats ship tracking,90,informational,,informational
aliexpress tracking,800,informational,,informational
647 phone numbers,400,informational,,informational
how fast is temu shipping,150,informational,,informational
the mailroom reviews,150,informational,,informational
time zones in tennessee,150,informational,,informational
3pl vancouver,70,commercial,,"informational,commercial"
faq chatbot,250,informational,,informational
riel houston closing,10,informational,,informational
seguimiento western,600,informational,,informational
warehouse shein,20,informational,,informational
ups reroute package,200,transactional,,"informational,transactional"
tiktok shipping,90,commercial,,"informational,commercial"
météo chicoutimi,250,informational,,informational
idc logistics,300,informational,,informational
temu delivery times,150,informational,,informational
shein usa en español,800,commercial,,"informational,commercial,navigational"
cainiao отслеживание,100,informational,,informational
mountain warehouse brampton,150,informational,,informational
239 area code,4300,informational,,informational
eta full form in chat,1000,informational,,informational
economy shipping tracking,250,informational,,informational
is 17track legit,150,informational,,informational
temu shipping time,150,informational,,informational
fedex change delivery date,150,transactional,,"informational,transactional"
canada post working days,150,informational,,informational
international warehouse shein,300,informational,,informational
area code 236 text message,150,informational,,informational
how long are usps tracking numbers,300,informational,,informational
aliexpress tracking,250,informational,,informational
postage scales,250,commercial,,"informational,commercial"
brooklyn 99 quebec,150,informational,,informational
global cainiao rastreio,50,informational,,informational
is shein bad,600,informational,,informational
batch delivery to carrier,200,informational,,informational
shein retour combien de temps,250,informational,,informational
télécharger temu,500,transactional,,"commercial,transactional"
last-mile delivery solutions,0,informational,,informational
western union rastreo,1300,informational,,informational
atlantic courier tracking number,150,informational,,informational
dhl sacramento,350,informational,,informational
po box meaning,700,informational,,informational
misrouted,200,informational,,informational
aliexpress api,200,informational,,informational
отследить посылку usps,150,informational,,informational
cainiao tracking,150,informational,,informational
mountain warehouse langley,400,informational,,informational
numero de seguimiento usps,150,informational,,informational
647 area code in usa,700,informational,,informational
17track app,200,informational,,informational
good friday quote,200,informational,,informational
fedex burnaby,450,navigational,,"informational,navigational"
aliexpress tracking number,400,informational,,informational
unti unti in english,1100,informational,,informational
aliexpress ca,350,commercial,,"informational,commercial"
langley routing number,300,informational,,informational
suivi colis international,250,informational,,informational
does fedex deliver on good friday,10,informational,,informational
iuni,200,informational,,informational
cbt near me,150,informational,,informational
dhl tulsa,250,informational,,informational
last mile delivery,450,informational,,informational
cainiao aliexpress,200,informational,,informational
amazon flex montreal,200,informational,,informational
where is aliexpress located,1200,informational,,informational
mountain warehouse ca,200,transactional,,"informational,commercial,transactional,navigational"
aliexpress app,4300,transactional,,"informational,commercial,transactional"
canada post travking,200,navigational,,"informational,navigational"
how long does amazon deliver till,200,informational,,informational
usps tracking aftership,50,informational,,informational
cainiao track,20,informational,,informational
ups richmond,700,informational,,informational
luni fort,200,informational,,informational
post office edmonton,450,informational,,informational
does delivery report requested mean i'm blocked,10,informational,,informational
17track customer service,10,informational,,informational
buffalo postal code,200,informational,,informational
aliexpress tracking,1800,informational,,informational
shein reference code,150,transactional,,"informational,commercial,transactional"
usps destination facility,300,informational,,informational
how much is shein shipping,300,commercial,,"informational,commercial"
what eta means,600,informational,,informational
tracking aliexpress,250,informational,,informational
aliexpress tracking,1800,informational,,informational
track ebay order with tracking number,200,informational,,informational
muni university,1300,informational,,informational
shein complaints,400,informational,,informational
new brunswick postal code,350,informational,,informational
unnie meaning,400,informational,,informational
rastrear ups,500,navigational,,"informational,navigational"
how to cancel a shein order,700,transactional,,"informational,transactional"
aliexpress order tracking,400,informational,,informational
aliexpress tracking,1100,informational,,informational
tracking colis,400,informational,,informational
post office brea,150,informational,,informational
fedex wrong address,250,informational,,informational
how late do ups drivers deliver,300,informational,,informational
tracking package,500,informational,,informational
tracking aliexpress,400,informational,,informational
colis suivi,150,informational,,informational
aliexpress business,500,commercial,,"informational,commercial"
516 area code time zone,250,informational,,informational
umini,90,informational,,informational
track the package,200,informational,,informational
aliexpress tracking,1400,informational,,informational
avalon brooklyn bay reviews,50,commercial,,"informational,commercial"
cainiao contact,500,informational,,informational
what time does fedex deliver till,200,informational,,informational
unias,90,informational,,informational
misdelivered,800,informational,,informational
last mile rastreo,100,informational,,informational
shenzhen postal code,150,informational,,informational
cainiao seguimiento,80,informational,,informational
how long does shein take to deliver to usa,1100,informational,,informational
2468,250,informational,,informational
temu ma dernière commande,4400,informational,,informational
how to do a return on shein,350,informational,,informational
where is shein international warehouse,150,informational,,informational
ups mississauga,800,informational,,informational
yyz meaning,200,informational,,informational
suivi aliexpress france,200,informational,,informational
shein boots,700,transactional,,"informational,commercial,transactional"
4px express tracking,450,informational,,informational
aliexpress tracking,600,informational,,informational
track.my package,200,informational,,informational
aliexpress tracking number,200,informational,,informational
suivi international,300,informational,,informational
fredericton express,200,informational,,informational
hamilton 3pl,90,informational,,informational
parcel is out for delivery,200,informational,,informational
temu delivery time,500,informational,,informational
fedex package missing,200,transactional,,"informational,transactional,navigational"
amazon service a la clientele,350,informational,,informational
subcontractor,800,informational,,informational
track global package,150,informational,,informational
what is unnie,150,informational,,informational
239 area code canada,300,informational,,informational
where is the international warehouse for shein,150,informational,,informational
cancel shein order,150,transactional,,"informational,transactional"
cpm trucking meaning,30,informational,,informational
is canada post open on boxing day,10,informational,,informational
sorting center,400,informational,,informational
aliexpress standard shipping,300,informational,,informational
i shipped my package to the wrong address,20,informational,,informational
suivie de colis,200,informational,,informational
stat holidays nl,500,informational,,informational
area code 647 location,150,informational,,informational
traking colis,200,informational,,informational
area code 647,13000,informational,,informational
tracking package,200,informational,,informational
cbr 310,200,commercial,,"informational,commercial"
shipbob inc,700,informational,,informational
civic holiday 2024,20000,informational,,informational
4px express usa,150,informational,,informational
last mile tracking,2100,informational,,informational
live package tracking map,450,informational,,informational
dhl cincinnati hub,200,informational,,informational
delivery driver jobs jacksonville fl,200,informational,,informational
does fedex work on labor day,200,informational,,informational
queens sk,250,commercial,,"informational,commercial,navigational"
aliexpress codes,1400,transactional,,"informational,commercial,transactional"
international warehouse shein location,150,informational,,informational
does usps deliver on thanksgiving,450,informational,,informational
rastrear mi paquete usps,250,navigational,,"informational,navigational"
method logistics seguimiento,500,informational,,informational
mountain warehouse surrey,200,informational,,informational
is mail delivered on christmas eve,900,informational,,informational
ups picked up my package but no tracking,20,informational,,informational
is amazon delivering on thanksgiving,100,informational,,informational
unnie meaning,40,informational,,informational
caniao rastreio,150,informational,,informational
chat cbt,20,informational,,informational
final mile services,150,informational,,informational
does fedex work on thanksgiving,10,informational,,informational
how long does it take for a shein order to arrive,250,informational,,informational
fedex overnight canada,150,informational,,informational
rastrear paquetes usps,200,navigational,,"informational,navigational"
last-mile delivery,300,informational,,informational
suivi colis,500,informational,,informational
424 shoes,200,transactional,,"informational,commercial,transactional"
where is 647 area code,800,informational,,informational
ups kamloops,700,informational,,informational
aliexpress tracking,150,informational,,informational
proof of delivery software,200,commercial,,"informational,commercial"
st tracking number,700,informational,,informational
usps tracking canada,1700,navigational,,"informational,navigational"
global parcel tracking,1600,informational,,informational
tracking package,400,informational,,informational
wrong address return to sender,200,informational,,informational
temu toll,2800,commercial,,"informational,commercial"
package tracker,300,informational,,informational
what does temu mean,1100,informational,,informational
shipbob pricing,300,commercial,,"informational,commercial"
chauffeur license colorado,10,informational,,informational
is shein app safe,200,commercial,,"informational,commercial"
ups customer care,300,informational,,informational
arrange fedex pickup,150,transactional,,"transactional,navigational"
uni,200,informational,,informational
warehouse shein,100,informational,,informational
rastreo western,350,informational,,informational
ups sudbury,400,informational,,informational
does ups deliver saturday,900,informational,,informational
does shein have express shipping,600,commercial,,"informational,commercial"
how long does shein take,200,informational,,informational
aliexpress track,500,informational,,informational
usps package arriving late,200,informational,,informational
where is shein located,450,informational,,informational
aliexpress ratings,200,informational,,informational
como metropolitan london,300,informational,,informational
315 area code time zone,200,informational,,informational
ali express tracking,200,informational,,informational
temu seller center,1000,navigational,,"informational,navigational"
is phoenix.ca legit,500,informational,,informational
paqueteria ups,250,informational,,informational
eta apartment,250,commercial,,"informational,commercial"
mountain warehouse london ontario,200,informational,,informational
atlantic courier tracking,150,navigational,,"informational,navigational"
suivre mon coli,150,informational,,informational
suivis coli,150,informational,,informational
yesstyle rastreo,20,navigational,,"informational,navigational"
mountain warehouse waterloo,100,informational,,informational
stat holidays alberta 2025,9000,informational,,informational
track package with order number,400,informational,,informational
last mile,250,informational,,informational
package tracking,2100,informational,,informational
tiktok tracking order,200,informational,,informational
tiktok support ticket,300,navigational,,"informational,navigational"
va time zone,800,informational,,informational
ns packing list,300,informational,,informational
eta meaning,450,informational,,informational
temu meaning,1200,informational,,informational
umi spokane,200,commercial,,"informational,commercial"
box trucks for sale in jamaica,30,transactional,,"informational,commercial,transactional"
unnie meaning,700,informational,,informational
doral meaning,100,informational,,informational
rastrear pedido amazon,300,informational,,informational
code uno,400,informational,,informational
package tracking,1100,informational,,informational
saint john postal code,200,informational,,informational
aliexpress mon compte mes commandes,1400,navigational,,"informational,navigational"
broadview gardens,150,informational,,informational
tracking my package,200,informational,,informational
what does delivered to parcel locker mean,150,informational,,informational
647 area code,600,informational,,informational
seattle postal code,200,informational,,informational
aftership track,350,navigational,,"informational,navigational"
temu seller,700,commercial,,"informational,commercial"
אתר temu,200,commercial,,"informational,commercial,navigational"
package tracking,700,informational,,informational
contacter amazon,250,informational,,informational
shein return label,500,transactional,,"informational,transactional"
uniu,80,commercial,,"informational,commercial"
shein how to return,200,informational,,informational
shipping company near me,300,informational,,informational
package tracking,2600,informational,,informational
amazon warehouse edmonton,250,informational,,informational
ups victoria,600,informational,,informational
temu delivery to india,150,transactional,,"informational,commercial,transactional"
查询快递单号,350,informational,,informational
suivi universel des colis and livraisons,150,informational,,informational
uni],40,informational,,informational
does fedex deliver sundays,350,informational,,informational
amazon flex vancouver,150,informational,,informational
does fedex work on sunday,450,informational,,informational
free express shipping shein,150,commercial,,"informational,commercial"
is fedex open on saturdays,250,informational,,informational
canada package tracking,200,informational,,informational
unim,40,informational,,informational
uji weather,400,informational,,informational
ups regina,1200,informational,,informational
code for checking glo number,300,informational,,informational
mn deer zones,10,informational,,informational
unini,60,informational,,informational
my shein orders,150,informational,,informational
mail shein service client,100,informational,,informational
how to cancel a shein order,250,transactional,,"informational,transactional"
tiktok codes,800,commercial,,"informational,commercial"
unnie meaning,1700,informational,,informational
604 phone number lookup,800,informational,,informational
fedex we missed you,200,informational,,informational
post office fontana,350,informational,,informational
does usps require signature,250,informational,,informational
leo global logistics public company limited,400,informational,,informational
aliexpress shipping tracking,1600,informational,,informational
does ups operate on sunday,200,informational,,informational
unnie,800,informational,,informational
shipbob reviews,500,commercial,,"informational,commercial"
global package tracking,500,informational,,informational
shipping quote,250,commercial,,"informational,commercial"
shipper cek resi,600,informational,,informational
how long does temu take to ship,60,informational,,informational
pura canada,200,transactional,,"informational,commercial,transactional"
meilleur site de suivi colis international,40,informational,,informational
ups windsor,1100,informational,,informational
o positiv reviews,250,commercial,,"informational,commercial"
shippers near me,600,informational,,informational
oni jeans,1000,commercial,,"informational,commercial"
new brunswick postal code,200,informational,,informational
area code 647 usa,400,informational,,informational
area code 647 canada,2200,informational,,informational
tracking aliexpress,500,informational,,informational
ups grande prairie,250,informational,,informational
where is shein international warehouse,150,informational,,informational
eta meaning in chat,400,informational,,informational
shein return process,90,informational,,informational
livreur,150,informational,,informational
dhl doral,200,informational,,informational
does temu steal your information,150,informational,,informational
expedite delivery meaning,800,informational,,informational
does fedex run on sunday,1700,informational,,informational
seguimiento aliexpress standard shipping,250,informational,,informational
amazon kitchener,250,informational,,informational
our place montreal,150,informational,,informational
suivi comis,700,informational,,informational
uni,3400,informational,,informational
ottawa university day 1 cpt,150,informational,,informational
usps not updating tracking,150,informational,,informational
ticket nunc,800,transactional,,"informational,commercial,transactional,navigational"
cai niao,100,informational,,informational
647 area code,700,informational,,informational
what does in transit to next facility mean,300,informational,,informational
nui beach,200,informational,,informational
310 area code canada,300,informational,,informational
campbell river postal code,150,informational,,informational
how long does aliexpress take to deliver to us,200,informational,,informational
id de rastreo amazon,200,informational,,informational
stat holidays saskatchewan,600,informational,,informational
uni.login,30,navigational,,navigational
aliexpress business,250,commercial,,"informational,commercial"
global envios,150,informational,,informational
package tracking,600,informational,,informational
does amazon deliver on christmas eve,200,informational,,informational
avalon care center spokane,200,informational,,informational
carrier gps meaning,10,informational,,informational
does ups run on memorial day,10,informational,,informational
shoppers como lake,250,informational,,informational
tracking package,400,informational,,informational
can fedex deliver to a mailbox,200,informational,,informational
1 236 area code,200,informational,,informational
suivi colis amazon gps,1300,informational,,informational
tx qc,200,informational,,informational
aliexpress tracking,350,informational,,informational
rastrear un paquete de usps,350,navigational,,"informational,navigational"
e coli vancouver,60,informational,,informational
how reliable is aliexpress,450,informational,,informational
localiser colis,300,informational,,informational
standard delivery tracking,1300,informational,,informational
aliexpress tracking,150,informational,,informational
aliexpress cancel order,200,transactional,,"informational,transactional"
como rastrear un paquete usps,200,informational,,informational
tracking status for united parcel service,0,informational,,informational
yanwen,4100,informational,,informational
temu delivery,150,informational,,informational
priority urgent care bakersfield ca,200,informational,,informational
if a package is delivered to wrong address,50,informational,,informational
what does nb mean in text,500,informational,,informational
how long is temu delivery,150,informational,,informational
return shein,200,informational,,informational
quelle heure à vancouver,250,informational,,informational
how long does temu take to deliver,600,informational,,informational
aliexpress portal,900,commercial,,"informational,commercial"
does ups work on thanksgiving,150,informational,,informational
delivery attempted,1300,informational,,informational
aliexpress tracking number,200,informational,,informational
temu delivery time,500,informational,,informational
aliexpress global,200,commercial,,"informational,commercial"
can we still order from shein,100,commercial,,"informational,commercial"
trouver un colis,150,informational,,informational
shein refund,250,informational,,informational
aliexpress tracking,350,informational,,informational
229 great portland street,800,informational,,informational
does fedex run on saturday,450,informational,,informational
area code 229,700,informational,,informational
what time does fedex deliver until,400,informational,,informational
shein return,1300,informational,,informational
aliexpress shipping time,600,informational,,informational
collins laval,250,informational,,informational
where is aliexpress located,100,informational,,informational
647,2400,informational,,informational
aliexpress site web,50,navigational,,"informational,navigational"
cainiao rastrear,20,informational,,informational
how to return a shein order,200,transactional,,"informational,transactional"
suivi colis,400,informational,,informational
647 area code canada,350,informational,,informational
mountain warehouse richmond,350,navigational,,"informational,navigational"
package stuck in customs,250,informational,,informational
remembrance day quote,0,informational,,informational
mountain warehouse montreal,250,informational,,informational
que veut dire colis en transit,200,informational,,informational
ups brampton,350,informational,,informational
postal code kingston,250,informational,,informational
does the mail run on easter monday,90,informational,,informational
unimini,20,informational,,informational
delivery tracker,150,informational,,informational
pooler post office,200,informational,,informational
do ups deliver on weekends,150,informational,,informational
is temu bad,200,informational,,informational
ups delays canada,150,informational,,informational
lastmile,250,informational,,informational
shein delai de livraison,300,informational,,informational
message undeliverable text,200,informational,,informational
proof of delivery app,200,commercial,,"informational,commercial"
stat holidays saskatchewan 2024,50,informational,,informational
ups vernon,150,informational,,informational
rastreamento shein,3800,informational,,informational
shoppers penticton,300,informational,,informational
shoppers dieppe,600,informational,,informational
how long does a shein order take to arrive,200,informational,,informational
tracking package,600,informational,,informational
last mile,250,informational,,informational
jamaica day brampton,200,informational,,informational
missing package fedex,300,transactional,,"informational,transactional,navigational"
fedex tracking sweden,200,navigational,,"informational,navigational"
js shipping tracking,200,informational,,informational
how do i return something to shein,300,informational,,informational
suivre comis,200,informational,,informational
suivi colis poste,200,informational,,informational
does shein deliver in india,200,commercial,,"informational,commercial"
post office rancho cucamonga,500,informational,,informational
global package tracking,200,informational,,informational
thanksgiving 2007,150,informational,,informational
canada post lethbridge,200,informational,,informational
usps billings mt,150,informational,,informational
what does gateway transit in mean,1000,informational,,informational
stat holidays manitoba 2024,100,informational,,informational
kelowna postal code,1100,informational,,informational
united states postal service tracking numbers,350,informational,,informational
usps chicago logistics center,90,informational,,informational
heure de vancouver,350,informational,,informational
aliexpress pay after delivery,250,informational,,informational
transportadora ups rastreio,200,informational,,informational
usps brooklyn ny distribution center,150,informational,,informational
e-commerce companies in canada,10,informational,,informational
canada pist tracking,250,informational,,informational
shein rastreio,1200,informational,,informational
usps distribution center nyc,40,informational,,informational
temu delivery time australia,150,informational,,informational
aliexpress is it legit,400,informational,,informational
where is temu located,500,informational,,informational
is ups tracking accurate,200,informational,,informational
almacen in english,1200,informational,,informational
unnie meaning,250,informational,,informational
aliexpress tracking,700,informational,,informational
freshdesk helpdesk,100,informational,,informational
ups drop off calgary,600,informational,,informational
poste canada baie-comeau,200,informational,,informational
con meaning prefix,500,informational,,informational
how long does usps deliver till,250,informational,,informational
package tracker,250,informational,,informational
area code 239,1200,informational,,informational
tracking package,300,informational,,informational
zip code london ontario,200,informational,,informational
shein express shipping,300,informational,,informational
suivi coliss,250,informational,,informational
tracking package,200,informational,,informational
schaumburg post office,400,informational,,informational
whats wrong with temu,150,informational,,informational
package tracking,150,informational,,informational
rastrear paquete de usps,500,navigational,,"informational,navigational"
after customs clearance how long does it take to deliver,250,informational,,informational
tracking number search google,800,informational,,informational
how late do fedex drivers deliver,40,informational,,informational
how long does shein express shipping take,150,informational,,informational
last mile,400,informational,,informational
shoppers canada post hours,200,informational,,informational
laredo boots review,450,commercial,,"informational,commercial"
647 area code time zone,250,informational,,informational
city pack tracking,600,informational,,informational
where is temu warehouse located,40,informational,,informational
can fedex deliver to a po box,1400,informational,,informational
sask stat holidays,250,informational,,informational
aliexpress app,200,transactional,,"informational,commercial,transactional"
cbt chat,500,informational,,informational
paquetería express rastreo,500,informational,,informational
ups support canada,200,informational,,informational
ups kingston,1000,informational,,informational
rastrear paquete cainiao,200,informational,,informational
heure de livraison la poste,150,informational,,informational
how to return shein,700,informational,,informational
unnie meaning,250,informational,,informational
avalon wayne nj,700,commercial,,"informational,commercial"
usps seguimiento,700,navigational,,"informational,navigational"
what does left at locker mean ups,10,informational,,informational
mountain warehouse mississauga,350,informational,,informational
temu warehouse in usa,300,informational,,informational
mb meaning in text,600,informational,,informational
aliexpress commande,350,navigational,,"informational,navigational"
uni prefix meaning,450,informational,,informational
768 meaning,450,informational,,informational
shein reviews canada,150,commercial,,"informational,commercial"
pod storage vancouver,200,commercial,,"informational,commercial"
global shipping tracking,1300,informational,,informational
where is aliexpress located,350,informational,,informational
shein return,150,informational,,informational
ns stat holidays,350,informational,,informational
post office schaumburg,150,informational,,informational
unol.uni,10,informational,,informational
unnie meaning,400,informational,,informational
nuni,50,informational,,informational
montreal postal code,150,informational,,informational
how long for shein delivery,40,informational,,informational
stat holidays saskatchewan 2025,40,informational,,informational
is shein legit,1200,commercial,,"informational,commercial"
how fast does temu ship,200,informational,,informational
202 area code canada,500,informational,,informational
burnaby postal code,400,informational,,informational
amazon windsor,200,commercial,,"informational,commercial"
tracking package,900,informational,,informational
ecom logistics tracking,200,informational,,informational
ix number,450,informational,,informational
internet niu,2500,commercial,,"informational,commercial"
storage unit kelowna,300,commercial,,"informational,commercial"
does ups deliver on weekends,200,informational,,informational
amazon warehouse yuma az,200,informational,,informational
es tracking number,200,informational,,informational
track my package,300,informational,,informational
what carrier does aliexpress use,150,informational,,informational
uni t,200,commercial,,"informational,commercial"
aliexpress portal,200,commercial,,"informational,commercial"
ui postal code,150,informational,,informational
rastreamento aliexpress selection standard,350,informational,,informational
calgary postal code,300,informational,,informational
rastreo de usps,350,navigational,,"informational,navigational"
ups st catharines,400,informational,,informational
post office regina,150,informational,,informational
unun,400,informational,,informational
what time do ups stop delivering,450,informational,,informational
tracking package number,600,informational,,informational
eta meaning in chat,300,informational,,informational
gatineau postal code,250,informational,,informational
shoppers truro,800,informational,,informational
aliexpress delivery time,250,informational,,informational
suivi colis poste international,2200,informational,,informational
chicago usps distribution center,200,informational,,informational
amazon flex okc,450,informational,,informational
vancouver bc postal code,200,informational,,informational
what does pre shipment mean,700,informational,,informational
my shein order,20,navigational,,"informational,navigational"
toledo postal code,200,informational,,informational
what does pre shipment mean usps,500,informational,,informational
poste canada chicoutimi,450,informational,,informational
315 area code california,100,informational,,informational
area code 424,900,informational,,informational
amazon package stolen,500,informational,,informational
suivi commande temu,250,informational,,informational
licencia de conducir en montreal,0,informational,,informational
international warehouse shein,150,informational,,informational
ups service client,600,informational,,informational
shein shipping time usa,20,informational,,informational
tracker de colis,150,informational,,informational
shein international warehouse,300,informational,,informational
aliexpress tracking,1000,informational,,informational
查快递,800,informational,,informational
shenzhen postal code,150,informational,,informational
mountain warehouse kitchener,250,informational,,informational
where is shein located,600,informational,,informational
n.b. meaning,700,informational,,informational
aliexpress tracking,150,informational,,informational
connecticut pura,200,informational,,informational
track aliexpress,250,informational,,informational
where does temu ship from,150,informational,,informational
why does my package say delivered but not here,500,informational,,informational
métro longueuil itinéraire,100,informational,,informational
traceur colis,200,informational,,informational
saskatoon zip code,150,informational,,informational
does fedex deliver to po boxes,2600,informational,,informational
civic address meaning,400,informational,,informational
livraison shein avis,150,commercial,,"informational,commercial"
universal postal union tracking,250,informational,,informational
suivis comis,200,informational,,informational
does mail get delivered on thanksgiving,10,informational,,informational
track aliexpress,80,informational,,informational
rastrear paquete aliexpress,250,informational,,informational
st courier tracking qr code,250,informational,,informational
jamaica new york usps,100,informational,,informational
rastreador aliexpress,300,informational,,informational
poste canada granby,600,informational,,informational
temu tracking,350,informational,,informational
delivery attempted usps,150,informational,,informational
amazon truck tracker,600,informational,,informational
can you still order from shein,40,commercial,,"informational,commercial"
647 area code,30,informational,,informational
eta track courier,150,informational,,informational
can you return to shein,250,informational,,informational
usps rastrear paquete,450,navigational,,"informational,navigational"
easter monday messages,200,informational,,informational
mia meaning in chat,1400,informational,,informational
shippie,150,informational,,informational
tracking package,1000,informational,,informational
aliexpress order status,40,informational,,informational
aliexpress legit?,150,informational,,informational
nashville timezone,450,informational,,informational
brea christmas lights,10,informational,,informational
dsp amazon meaning,200,informational,,informational
suivi international,600,informational,,informational
310 area code,3600,informational,,informational
unnie meaning,400,informational,,informational
pura customer service,500,informational,,informational
track aliexpress,400,informational,,informational
last mile courier,150,informational,,informational
eta trak,150,informational,,informational
aliexpress english,600,commercial,,"informational,commercial,navigational"
aliexpress track en trace,150,informational,,informational
usps tallahassee,450,informational,,informational
cbt cincinnati,250,informational,,informational
aliexpress logo,300,informational,,informational
irving fredericton,150,informational,,informational
fedex redirect package,300,informational,,informational
korea post tracking,250,informational,,informational
bbb express tracking,1500,informational,,informational
rastrear pedido amazon con id,200,informational,,informational
avalon business hub,30,informational,,informational
what is 17track,250,informational,,informational
phoenix postal code,200,informational,,informational
suivi de coli,150,informational,,informational
heure canada,600,informational,,informational
how long does it take for a shein order to come,200,informational,,informational
shein ma commande,200,informational,,informational
rastreio aliexpress,18000,informational,,informational
mail delivery on good friday,400,informational,,informational
4px express uk,400,informational,,informational
shein store toronto,150,commercial,,"informational,commercial"
how can i track my package,40,informational,,informational
aliexpress tracking,350,informational,,informational
aliexpress 追跡,7100,informational,,informational
localiser un colis,100,informational,,informational
temu reviews canada,10,commercial,,"informational,commercial"
international warehouse shein,10,informational,,informational
does fedex work on 4th of july,200,informational,,informational
where is temu located,300,informational,,informational
international shipping shein meaning,450,informational,,informational
what does delivered to local carrier mean,350,informational,,informational
last mile delivery solutions,1100,informational,,informational
package tracking,250,informational,,informational
can you return on shein,200,informational,,informational
hni meaning,150,informational,,informational
is temu reliable,150,commercial,,"informational,commercial"
gv meaning,300,informational,,informational
is temu safe to order from,150,commercial,,"informational,commercial"
last mile tracking,4900,informational,,informational
poste canada st jerome,350,informational,,informational
canion rastreio,150,informational,,informational
dhl victoria,150,informational,,informational
4px express japan,800,informational,,informational
custom stop fedex truck,150,informational,,informational
chicago distribution center usps,150,informational,,informational
what does unnie mean,150,informational,,informational
calgary postal code,450,informational,,informational
cross border xpress photos,250,informational,,informational
brampton postal code,600,informational,,informational
shein express delivery,80,commercial,,"informational,commercial"
aliexpress business,500,commercial,,"informational,commercial"
how accurate is usps tracking,450,informational,,informational
shein delivery times,900,informational,,informational
does usps deliver at night,600,informational,,informational
what's your eta,150,informational,,informational
cainiao seguimiento pedido,150,informational,,informational
union md laval,200,informational,,informational
temu complaints,400,informational,,informational
647 area code,1200,informational,,informational
umi myers,300,informational,,informational
315 area code,4400,informational,,informational
télécharger aliexpress,250,informational,,informational
unti-unti in english,250,informational,,informational
ab prefix,250,informational,,informational
tracking aliexpress,100,informational,,informational
tracking package,200,informational,,informational
nova scotia stat holidays,600,informational,,informational
parcel box,200,commercial,,"informational,commercial"
postal code是什么,200,informational,,informational
what time does ups stop delivering on saturday,200,informational,,informational
trabajo de delivery,150,informational,,informational
shoppers fredericton,800,informational,,informational
indiana chauffeur license,40,informational,,informational
why is my package still in transit,300,informational,,informational
shein delivery,200,informational,,informational
does usps work sundays,200,informational,,informational
how long does it take for shein to deliver,300,informational,,informational
halifax postal code,1300,informational,,informational
fedex schedule pickup canada,150,transactional,,"transactional,navigational"
ns holidays,350,commercial,,"informational,commercial"
oni seeds,200,transactional,,"informational,commercial,transactional"
sea can regina,250,transactional,,"informational,commercial,transactional"
fedex invalid tracking number,10,informational,,informational
fedex transit times by zip code,100,informational,,informational
aliexpress codes,350,transactional,,"informational,commercial,transactional"
suivi colis international,150,informational,,informational
where does temu ship from,800,informational,,informational
mountain warehouse lethbridge,250,informational,,informational
aliexpress tracking,150,informational,,informational
chinese package tracking,450,informational,,informational
amazon regina,300,informational,,informational
dhl ontario,350,informational,,informational
free moving boxes burnaby,200,informational,,informational
is ups open on new years day,150,informational,,informational
package tracker,600,informational,,informational
is aliexpress a reputable company,150,informational,,informational
temu tracking,300,informational,,informational
que es un webhook,250,informational,,informational
1800 flowers canada,150,transactional,,"commercial,transactional,navigational"
tracking package,150,informational,,informational
ups north bay,250,informational,,informational
mia meaning in chat,300,informational,,informational
shipbob news,350,informational,,informational
what shipping company does aliexpress use,150,informational,,informational
usps warehouse,350,informational,,informational
temu canada en français,20,transactional,,"informational,commercial,transactional,navigational"
aliexpress logo,600,informational,,informational
area code 202 canada,300,informational,,informational
will usps deliver on christmas eve,10,informational,,informational
is aliexpress legit,800,commercial,,"informational,commercial"
why is my package delayed,350,informational,,informational
shoppers west springs,200,informational,,informational
manitoba stat holidays 2024,40,informational,,informational
tracking package,900,informational,,informational
uno express,450,commercial,,"informational,commercial"
nanaimo postal code,450,informational,,informational
aliexpress shipping tracking,350,informational,,informational
order shipped meaning temu,30,informational,,informational
aliexpress tracking,450,informational,,informational
luni river map,1100,informational,,informational
saskatoon ex 2025,10,informational,,informational
shein store atlanta,10,commercial,,"informational,commercial"
package tracking,200,informational,,informational
canada post nanaimo,300,informational,,informational
how can i track my package,300,informational,,informational
ecu tracking,300,informational,,informational
shein delivery time,700,informational,,informational
does fedex deliver on saturday and sunday,300,informational,,informational
unitrans,1800,informational,,informational
what does usps tracking number start with,150,informational,,informational
prince george postal code,500,informational,,informational
aliexpress tracking number,400,informational,,informational
jamaica time zone,100,informational,,informational
what does delivered parcel locker mean,150,informational,,informational
does mail get delivered on memorial day,20,informational,,informational
brandon to calgary flights,200,transactional,,"informational,commercial,transactional"
niagara falls postal code,450,informational,,informational
shein mon compte mes commandes en cours,10,navigational,,"informational,navigational"
does the mail run on st patrick's day,10,informational,,informational
temu us warehouse,200,informational,,informational
umi myers,20,informational,,informational
surrey postal code,300,informational,,informational
tracking package,200,informational,,informational
mile delivery,700,informational,,informational
shipment arrived,300,informational,,informational
train drummondville,150,informational,,informational
uni,500,informational,,informational
usps fremont,200,informational,,informational
does mail run on good friday,4800,informational,,informational
temu seller center,2700,commercial,,"informational,commercial"
buzzer code,400,informational,,informational
how long does windsor take to deliver,150,informational,,informational
canada post kitchener,200,informational,,informational
prefix un meaning,30,informational,,informational
tracking temu,600,informational,,informational
seguimiento shein,300,informational,,informational
what time do amazon packages usually arrive,200,informational,,informational
rastreio ali express,150,informational,,informational
prefix con meaning,600,informational,,informational
stat holidays nova scotia,700,informational,,informational
fedex refund for late delivery,200,informational,,informational
aliexpress code,250,transactional,,"informational,commercial,transactional"
how long does it take temu to ship,150,informational,,informational
tracking package,1100,informational,,informational
suivi amazon colis,600,informational,,informational
fedex package delayed,150,informational,,informational
does usps operate on sunday,200,informational,,informational
after shipment tracking,150,informational,,informational
what is a sorting center,150,informational,,informational
owner operator jobs,2200,informational,,informational
easypost api,200,informational,,informational
quis stock,50,informational,,informational
usps rastreo de paquete,200,navigational,,"informational,navigational"
could not be delivered as addressed,20,informational,,informational
package tracking,600,informational,,informational
what do usps tracking numbers start with,200,informational,,informational
uiui,50,informational,,informational
shein code,350,transactional,,"informational,commercial,transactional"
what does it mean if my package is in transit,600,informational,,informational
nationwide sudbury,350,informational,,informational
is aliexpress better than temu,200,commercial,,"informational,commercial"
rastreio aliexpress,250,informational,,informational
poste canada drummondville,700,informational,,informational
usps failed delivery,150,informational,,informational
dhl portland,350,informational,,informational
ups refund for late delivery,350,informational,,informational
how late does canada post deliver,250,informational,,informational
phone number tracking app,200,informational,,informational
prefix +1,400,informational,,informational
647 area code,100,informational,,informational
how long does etsy take to deliver,150,informational,,informational
canada post truck,250,informational,,informational
tracking no,1700,informational,,informational
code postal montreal canada,450,informational,,informational
does ups deliver sundays,350,informational,,informational
delai de livraison temu,250,informational,,informational
yyz express,1300,informational,,informational
seguir meaning,600,informational,,informational
moncton postal code,800,informational,,informational
amazon yuma az,800,informational,,informational
how to track a package,1900,informational,,informational
can you return shein,250,informational,,informational
how long does a shein order take,250,informational,,informational
handed over to last mile,10,informational,,informational
does fedex take pictures of delivery,250,informational,,informational
suivi colis international,200,informational,,informational
labour day pictures,200,informational,,informational
heure à vancouver,450,informational,,informational
kamloops postal code,500,informational,,informational
where is aliexpress located,200,informational,,informational
courier independent contractor,250,informational,,informational
call it spring saskatoon,200,informational,,informational
who does aliexpress ship with,250,informational,,informational
new york postal code,200,informational,,informational
tennessee shipping,250,commercial,,"informational,commercial"
what shipping does aliexpress use,350,informational,,informational
"weather near burnaby, bc",50,informational,,informational
美国邮编查询,150,informational,,informational
310 area code time zone,900,informational,,informational
usps shipping routes map,150,informational,,informational
mb trac 800,1100,commercial,,"informational,commercial"
cbt ottawa,200,informational,,informational
ali express shipping,250,informational,,informational
family day nb,350,informational,,informational
does ups work on christmas eve,0,informational,,informational
is amazon delivering on christmas eve,50,informational,,informational
glasses vancouver,300,commercial,,"informational,commercial"
how long is aliexpress shipping,200,informational,,informational
tracking aliexpress,100,informational,,informational
rastreo aliexpress standard,150,informational,,informational
gardena home assistant,200,informational,,informational
uninni,30,commercial,,"informational,commercial"
shein shipping time,2500,informational,,informational
package tracking,600,informational,,informational
i've put the wrong parcel in inpost locker,200,informational,,informational
logo hni,450,informational,,informational
shipping tracker app,80,informational,,informational
360 area code canada,250,informational,,informational
suivre un colis,150,informational,,informational
victoria postal code,350,informational,,informational
canadian phone number format,200,informational,,informational
what time zone is bc,300,informational,,informational
shein parcel,200,informational,,informational
incorrect buzzer,2100,informational,,informational
eta track courier contact number,40,informational,,informational
austin quebec,90,informational,,informational
brampton postal code,1100,informational,,informational
amazon flex fresno,100,informational,,informational
canada post barrie,450,informational,,informational
rastrear paquete de amazon,500,informational,,informational
eta meaning in business,600,informational,,informational
parcel tracking number,200,informational,,informational
nb chat,200,commercial,,"informational,commercial"
ali express app,900,transactional,,"informational,commercial,transactional"
canada post prince albert,250,informational,,informational
eta track,2400,informational,,informational
postal code new york,300,informational,,informational
last mile sorting and distribution center near me,400,informational,,informational
4178,30,informational,,informational
uin number,200,informational,,informational
suivi de commande temu,200,informational,,informational
what tracking number is this,1000,informational,,informational
how to return to shein,700,informational,,informational
troy express,200,commercial,,"informational,commercial"
poste canada joliette,450,informational,,informational
rastrear paquete amazon,1400,informational,,informational
reddit bot,200,informational,,informational
where is temu located,1800,informational,,informational
fedex late delivery,150,informational,,informational
what time zone is el paso in,300,informational,,informational
envoyer colis au canada,100,informational,,informational
postal code surrey,350,informational,,informational
tracking package,350,informational,,informational
aliexpress commande,2600,navigational,,"informational,navigational"
manitoba postal code,300,informational,,informational
universal track and trace,250,informational,,informational
carrier package unit,150,commercial,,"informational,commercial"
424 area code,350,informational,,informational
arrive at the last mile sorting and distribution center,200,informational,,informational
how to return a package to sender,500,informational,,informational
heure canada,800,informational,,informational
647 area code,800,informational,,informational
global shipping tracking,250,informational,,informational
track package,350,informational,,informational
does ups run on columbus day,20,informational,,informational
usps good friday,300,informational,,informational
aliexpress is it safe,200,informational,,informational
does ups run on christmas eve,10,informational,,informational
temu orders tracking,150,informational,,informational
shein delivery time,300,informational,,informational
temu delivery,250,informational,,informational
4px express,350,informational,,informational
prompt care augusta ga,200,informational,,informational
new york postal code,800,informational,,informational
stat holidays in nova scotia,200,informational,,informational
boxing day stat holiday bc,200,informational,,informational
how long does a package stay in customs,250,informational,,informational
how long do shein orders take to arrive,250,informational,,informational
prince albert meaning,1400,informational,,informational
yyz to indianapolis,150,commercial,,"informational,commercial"
monday api,200,informational,,informational
unnie,600,informational,,informational
usps shein,20,informational,,informational
does fedex deliver on christmas day,80,informational,,informational
rancho cucamonga christmas lights,150,informational,,informational
package tracking,109000,informational,,informational
shipbob review,200,commercial,,"informational,commercial"
aliexpress tracking,1300,informational,,informational
livraison amazon transporteur,350,informational,,informational
how to track parcel from canada post,0,informational,,informational
canada post fort mcmurray,300,informational,,informational
unnie,90,informational,,informational
shoppers fort mcmurray,600,informational,,informational
gate warehouse,250,commercial,,"informational,commercial"
postal code lookup winnipeg,200,informational,,informational
un8,20,informational,,informational
unini,20,informational,,informational
canada post abbotsford,350,informational,,informational
track my package,300,informational,,informational
where is the temu warehouse,100,informational,,informational
aliexpress tracking,1300,informational,,informational
shein rastreamento,150,informational,,informational
parcel scales,250,transactional,,"informational,commercial,transactional"
424 status code,300,informational,,informational
return shein order,200,transactional,,"informational,transactional"
chat cbt,10,informational,,informational
ground shipping canada,150,informational,,informational
shipping instructions,200,informational,,informational
glob denver,150,informational,,informational
niu account login,150,navigational,,navigational
do ups deliver on saturdays,350,informational,,informational
nationwide self storage,300,commercial,,"informational,commercial"
glasses medicine hat,200,commercial,,"informational,commercial"
uni t,500,commercial,,"informational,commercial"
aliexpress owner,100,informational,,informational
monday api,200,informational,,informational
unini,20,informational,,informational
shein email address,450,informational,,informational
516 area code time zone,500,informational,,informational
carteret gardens,200,informational,,informational
is temu safe to buy from,250,commercial,,"informational,commercial"
who does aliexpress ship through,150,informational,,informational
відстежити посилку aliexpress,1400,informational,,informational
aliexpress tracking,350,informational,,informational
647 area code canada,9300,informational,,informational
is fedex delivering on christmas eve,10,informational,,informational
does out for delivery mean i get it today,300,informational,,informational
how long does aliexpress take to ship,2000,informational,,informational
post office abbotsford,200,informational,,informational
enter tracking number,350,informational,,informational
is usps delivering on christmas eve,20,informational,,informational
expedited parcel meaning,200,informational,,informational
why is my package stuck in transit,350,informational,,informational
track my package,250,informational,,informational
saskatoon correctional,150,informational,,informational
is canada post open on saturday,200,informational,,informational
is temu reliable,150,commercial,,"informational,commercial"
california postal code,800,informational,,informational
mississauga postal code,200,informational,,informational
is thanksgiving a stat holiday in nova scotia,10,informational,,informational
aliexpress code,350,transactional,,"informational,commercial,transactional"
heure du canada actuellement,900,informational,,informational
aliexpress tracking,1100,informational,,informational
shein delivery,200,informational,,informational
last mile,150,informational,,informational
usps sunday delivery,1100,informational,,informational
suivie colis,300,informational,,informational
how long does it take for aliexpress to ship,400,informational,,informational
rastrear paquete de aliexpress,200,informational,,informational
aliexpress service client,400,informational,,informational
tracker pack,200,informational,,informational
shein los angeles,100,informational,,informational
does usps deliver priority mail on sunday,300,informational,,informational
china shipping tracking,200,informational,,informational
livreur amazon combien de colis par jour,200,informational,,informational
new york postal code,300,informational,,informational
umi myers,600,informational,,informational
fort mcmurray postal code,350,informational,,informational
ups nanaimo,450,informational,,informational
tracking for package,30,informational,,informational
usps distribution center chicago photos,10,informational,,informational
rastrear un numero de telefono,300,informational,,informational
livraison amazon suivi,200,informational,,informational
abbotsford postcode,1200,informational,,informational
is victoria day a stat holiday in nova scotia,70,informational,,informational
comment contacter aliexpress,200,informational,,informational
unk meaning,1700,informational,,informational
shipment out for delivery,400,informational,,informational
st courier tracking,700,informational,,informational
track my package,150,informational,,informational
track shipment,1900,informational,,informational
avalon thousand oaks,200,commercial,,"informational,commercial"
package track,2000,informational,,informational
is temu a canadian company,150,informational,,informational
canada heure,250,informational,,informational
shipping services near me,200,commercial,,"informational,commercial"
postal code of toronto,200,informational,,informational
is dhl express legit,150,informational,,informational
suivi colis international,200,informational,,informational
lethbridge postal code,500,informational,,informational
does ups require signature,500,informational,,informational
rastreo aliexpress,200,informational,,informational
nui bay,600,informational,,informational
unnie,600,informational,,informational
does ups work on sunday,500,informational,,informational
yyz to sacramento,200,transactional,,"informational,commercial,transactional"
postal code new york,250,informational,,informational
rastreamento aliexpress,400,informational,,informational
tracking aliexpress,400,informational,,informational
post office barrie,150,informational,,informational
code postal miami,400,informational,,informational
track and trace suivi,200,informational,,informational
parcels 追跡,300,informational,,informational
dispatch or despatch,150,informational,,informational
carrier facility,200,informational,,informational
where is my shein order,100,informational,,informational
suivre un colis aliexpress,600,informational,,informational
how late does ups deliver on saturday,400,informational,,informational
code postal saint louis,700,informational,,informational
last mile delivery,80,informational,,informational
is amazon delivering on labor day,10,informational,,informational
where is ali express located,250,informational,,informational
code postal canada,350,informational,,informational
does mail run on the 4th of july,40,informational,,informational
is aliexpress a legit website,1100,informational,,informational
usps chicago il distribution center,250,informational,,informational
non stop delivery tracking,200,informational,,informational
lm meaning,1100,informational,,informational
does the usps deliver on christmas eve,0,informational,,informational
package tracking,600,informational,,informational
courier service toronto,600,commercial,,"informational,commercial"
what happened on easter monday,150,informational,,informational
usps delivery sunday,150,informational,,informational
paqueteria express rastreo,200,navigational,,"informational,navigational"
comment localiser un numéro de téléphone,1000,informational,,informational
how long does it take aliexpress to ship,250,informational,,informational
does.ups deliver on sunday,150,informational,,informational
shipment out for delivery,150,informational,,informational
track a package from china,350,informational,,informational
how long can customs hold my package,150,informational,,informational
ups st albert,100,informational,,informational
canada post moncton,250,informational,,informational
temu boston,350,informational,,informational
tracking package from china,300,informational,,informational
track a package,400,informational,,informational
does fedex work on columbus day,200,informational,,informational
destination out for delivery (out of delivery),200,informational,,informational
temu order tracking,200,informational,,informational
meaning of eta,600,informational,,informational
post office odessa tx,400,informational,,informational
korea post tracking,250,informational,,informational
is remembrance day a stat holiday in nova scotia,100,informational,,informational
is fedex open on christmas eve,70,informational,,informational
what do ups tracking numbers start with,300,informational,,informational
remembrance sunday quotes,80,informational,,informational
amazon markham,500,informational,,informational
albert app customer service phone number,250,informational,,informational
california postal code,350,informational,,informational
cours ubi,250,informational,,informational
how to use shein points,700,commercial,,"informational,commercial"
how long does it take shein to deliver,600,informational,,informational
postal warehouse,250,informational,,informational
shoppers dartmouth,350,informational,,informational
return to sender book,200,transactional,,"informational,commercial,transactional"
heur de new york,150,informational,,informational
is it safe to buy from shein,150,commercial,,"informational,commercial"
shenzhen zip code,200,informational,,informational
what does return to sender mean,500,informational,,informational
shein commande expédiée,250,informational,,informational
suivre un colis amazon en temps réel,200,informational,,informational
gate ave service,600,informational,,informational
how long does it take shein to ship,200,informational,,informational
aliexpress delivery,200,informational,,informational
is shein bad,200,informational,,informational
temu returns policy,250,informational,,informational
canada day quotes,100,informational,,informational
bc meaning in chat,100,informational,,informational
aliexpress reliable,150,informational,,informational
ali express codes,250,transactional,,"informational,commercial,transactional"
temu livraison,300,informational,,informational
272 area code,600,informational,,informational
delivery service near me,350,transactional,,"informational,commercial,transactional"
repérage de colis,50,informational,,informational
zip code brampton,300,informational,,informational
nb full form in chat,350,informational,,informational
how long does temu shipping take,200,informational,,informational
zip code mississauga,200,informational,,informational
puraltor tracking,200,informational,,informational
usps slow,150,informational,,informational
new york postal code,250,informational,,informational
mile logistic,200,informational,,informational
courier center track,350,informational,,informational
dhl louisville ky,150,informational,,informational
commande aliexpress france,350,transactional,,"commercial,transactional"
how do you return to shein,60,informational,,informational
track order number,300,informational,,informational
united states postal service springfield reviews,20,informational,,informational
temu commande en cours,150,informational,,informational
jamaica time zone,100,informational,,informational
proof of delivery,300,informational,,informational
cross river postal code,500,informational,,informational
clientele contact number,900,informational,,informational
відстежити посилку з aliexpress,1000,informational,,informational
whats eta mean,150,informational,,informational
civic number meaning,700,informational,,informational
courier service ottawa,200,commercial,,"informational,commercial"
uni-track,150,informational,,informational
area code 604 canada,1300,informational,,informational
where is the shein international warehouse,150,informational,,informational
aliexpress code,600,transactional,,"informational,commercial,transactional"
con prefix meaning,2200,informational,,informational
do ups deliver on sundays,700,informational,,informational
is zip code and postal code the same,200,informational,,informational
track my package,250,informational,,informational
track colis,450,informational,,informational
brampton post office,500,informational,,informational
track my package,250,informational,,informational
the parcel,200,informational,,informational
china post tracking number,900,informational,,informational
is easter monday a stat holiday in alberta,500,informational,,informational
package tracker,350,informational,,informational
mississauga zip code,150,informational,,informational
last mile,300,informational,,informational
delivered to local carrier,70,informational,,informational
what does aliexpress use to ship,150,informational,,informational
fast contact lens delivery canada,40,transactional,,"informational,commercial,transactional"
canada post kingston,200,informational,,informational
how long does aliexpress take to deliver,40,informational,,informational
does usps deliver on good friday,350,informational,,informational
temu complaints,300,informational,,informational
unnie,200,informational,,informational
la fontana doral,150,informational,,informational
how to return stuff on shein,200,informational,,informational
niu logo,300,informational,,informational
brampton zip code,200,informational,,informational
does ups run on thanksgiving,10,informational,,informational
will mail be delivered on good friday,200,informational,,informational
grande prairie postal code,700,informational,,informational
shein live chat,100,informational,,informational
un prefix meaning,1600,informational,,informational
uni,3500,informational,,informational
seller aliexpress,150,commercial,,"informational,commercial"
louis riel family,300,informational,,informational
647 area code usa,250,informational,,informational
what does customs clearance completed mean,150,informational,,informational
courier gig apps,250,commercial,,"informational,commercial"
umini,80,commercial,,"informational,commercial"
does the mail run on memorial day,0,informational,,informational
does usps deliver sundays,250,informational,,informational
does fedex run on new year's day,150,informational,,informational
quebec postal code,200,informational,,informational
does fedex deliver on christmas,500,informational,,informational
is fedex open on thanksgiving,150,informational,,informational
does usps deliver on memorial day,500,informational,,informational
niu meaning,350,informational,,informational
what area code is 647,1500,informational,,informational
dartmouth postal code,200,informational,,informational
great deals e-commerce corp,450,informational,,informational
columbia warehouse london,150,informational,,informational
604 area code canada,200,informational,,informational
60173 zip code,600,informational,,informational
360 area code time zone,350,informational,,informational
lastmile seguimiento,150,informational,,informational
aliexpress tracking,200,informational,,informational
brampton memorial gardens,300,informational,,informational
unis group,350,informational,,informational
canada post amazon,70,informational,,informational
aliexpress reviews,800,commercial,,"informational,commercial"
tracking package,250,informational,,informational
is christmas eve a stat holiday in ontario,70,informational,,informational
package tracker,250,informational,,informational
salt home hotline,300,informational,,informational
uji time,200,informational,,informational
surrey postal code,500,informational,,informational
does fedex work on christmas,10,informational,,informational
what does eta mean,200,informational,,informational
niu stock price,150,informational,,informational
tracking package,250,informational,,informational
why is my package stuck in customs,80,informational,,informational
area code 315,200,informational,,informational
oregon laval,400,informational,,informational
fort wayne time zone,150,informational,,informational
amazon warehouse montreal,100,informational,,informational
frais de port shein,150,commercial,,"informational,commercial"
cambridge postal code,300,informational,,informational
647 area code,800,informational,,informational
damaged package,350,informational,,informational
is usps closed on good friday,150,informational,,informational
does usps come on sunday,200,informational,,informational
unni meaning,200,informational,,informational
what happens if my amazon package is stolen,200,informational,,informational
eta meaning in shipping,350,informational,,informational
last-mile delivery,250,informational,,informational
remembrance day quotes,300,informational,,informational
suivi colis temps reel,200,informational,,informational
area code 236 canada,1700,informational,,informational
postal code new york,350,informational,,informational
what does eta means,250,informational,,informational
kitchener postal code,300,informational,,informational
package tracker,1600,informational,,informational
відстежити посилку,200,informational,,informational
what happened on easter sunday,50,informational,,informational
universal track,350,informational,,informational
temu vs aliexpress,250,commercial,,"informational,commercial"
comment retourner un colis shein,150,informational,,informational
unidata,50,informational,,informational
parcel 中文,350,informational,,informational
is temu canadian,10,informational,,informational
zip code surrey,150,informational,,informational
temu meaning in text,0,informational,,informational
chicago postal code,250,informational,,informational
does the mail run on thanksgiving,50,informational,,informational
waterloo postal code,500,informational,,informational
avalon sudbury,500,informational,,informational
out for delivery,800,informational,,informational
does ups work on memorial day,10,informational,,informational
heure canada,400,informational,,informational
prefix un meaning,900,informational,,informational
what does nb mean,1700,informational,,informational
temu vs aliexpress,200,commercial,,"informational,commercial"
(647) area code,300,informational,,informational
cainiao aliexpress,200,informational,,informational
uniu,40,commercial,,"informational,commercial"
nui app,100,informational,,informational
langley postal code,400,informational,,informational
shein customs,200,commercial,,"informational,commercial"
code to check my number on glo,250,informational,,informational
envio estandar aliexpress,600,informational,,informational
what is cainiao,100,informational,,informational
what does it mean when my package is in transit,450,informational,,informational
uni track,40,informational,,informational
canada post red deer,300,informational,,informational
will amazon refund a stolen package,900,informational,,informational
who created temu,200,informational,,informational
laredo meaning,40,informational,,informational
is aliexpress legit and safe,400,informational,,informational
winnipeg zip code,200,informational,,informational
does usps deliver on 4th of july,150,informational,,informational
numero suivi amazon,200,informational,,informational
rastreo de amazon,350,informational,,informational
ex lax,1200,commercial,,"informational,commercial"
red deer postal code,800,informational,,informational
postal code kitchener,200,informational,,informational
eta meaning time,450,informational,,informational
package tracking,200,informational,,informational
undeliverable,300,informational,,informational
california postal code,900,informational,,informational
livraison aliexpress france,200,informational,,informational
new york postal code,250,informational,,informational
is shein and temu the same,250,commercial,,"informational,commercial"
cbr meaning,400,informational,,informational
aliexpress delivery time,250,informational,,informational
dallas postal code,200,informational,,informational
shein shipping cost,100,commercial,,"informational,commercial"
shein code,450,transactional,,"informational,commercial,transactional"
how to track a package with a tracking number,400,informational,,informational
apartment mailboxes,90,informational,,informational
uniu,30,commercial,,"informational,commercial"
is fedex closed on columbus day,10,informational,,informational
why is usps so slow right now,200,informational,,informational
site aliexpress,600,navigational,,navigational
temu shipping,200,informational,,informational
does ups work sundays,200,informational,,informational
ups deliver on sunday,1200,informational,,informational
is ups open christmas eve,10,informational,,informational
uni,350,informational,,informational
colombia postal code,250,informational,,informational
colis express,400,commercial,,"informational,commercial"
st johns postal code,300,informational,,informational
do ups deliver on a sunday,150,informational,,informational
glasses penticton,200,commercial,,"informational,commercial"
what does out for delivery mean,400,informational,,informational
aliexpress відстежити,100,informational,,informational
tucker last name origin,200,informational,,informational
chinese shipping tracking,350,informational,,informational
shein livraison rapide,60,informational,,informational
heure canada,200,informational,,informational
aliexpress rastreo,400,informational,,informational
does the mail run on veterans day,0,informational,,informational
aliexpress code,200,transactional,,"informational,commercial,transactional"
what happens if your amazon package is stolen,150,informational,,informational
suivre un colis international,10,informational,,informational
cai niao,200,informational,,informational
does ups deliver on sat,300,informational,,informational
hialeah meaning,300,informational,,informational
temu.ckm,20,commercial,,"informational,commercial,navigational"
відстежити посилку,200,informational,,informational
gmail maximum attachment size,350,informational,,informational
code postal canada,200,informational,,informational
+1 prefix,400,informational,,informational
aliexpress logo,250,informational,,informational
last mile rastreamento,100,informational,,informational
zip code ottawa,250,informational,,informational
heure canada toronto,400,informational,,informational
lastmile tracking,200,informational,,informational
stat holidays nb,700,informational,,informational
zip code winnipeg,150,informational,,informational
return to sender meaning,500,informational,,informational
poste canada st jean sur richelieu,200,informational,,informational
toronto postal code,150,informational,,informational
richmond hill postal code,300,informational,,informational
how long does it take for shein to ship,200,informational,,informational
lafayette in time zone,250,informational,,informational
post office laredo tx,250,informational,,informational
fedex scheduled delivery pending,200,informational,,informational
queens business,200,informational,,informational
canada ubi,150,informational,,informational
aliexpress order tracking,50,informational,,informational
area code 236,8800,informational,,informational
kelowna area code,200,informational,,informational
vernon postal code,250,informational,,informational
tracking number中文,200,informational,,informational
aliexpress selection standard rastrear,200,informational,,informational
north york postal code,400,informational,,informational
new brunswick postal code,300,informational,,informational
carteret nj zip code,250,informational,,informational
is shein legit,150,commercial,,"informational,commercial"
service client aliexpress,1000,informational,,informational
pooler urgent care,200,informational,,informational
cbr 954,200,informational,,informational
canada toronto postal code,250,informational,,informational
4px express,200,informational,,informational
how to track package,250,informational,,informational
shein app reviews,100,commercial,,"informational,commercial"
shanghai postal code,200,informational,,informational
"positive new year's message""",10,informational,,informational
tracking package,1700,informational,,informational
rastreo aliexpress,60,informational,,informational
ubi canada,150,informational,,informational
shein return policy review,10,commercial,,"informational,commercial"
is the usps closed on columbus day,0,informational,,informational
nous avons reçu ou reçus,200,informational,,informational
shein code,50,transactional,,"informational,commercial,transactional"
who does shein ship through,200,informational,,informational
4690,250,informational,,informational
last mile routing,100,informational,,informational
good friday quotes,400,informational,,informational
usps carrier routes by zip code,200,informational,,informational
hni meaning,250,informational,,informational
how long does a shein order take,250,informational,,informational
usps ups package delivery contract end,50,informational,,informational
dhl el paso,400,informational,,informational
tracking package,500,informational,,informational
umi no hi,100,informational,,informational
easter sunday quotes,100,informational,,informational
suivie amazon,150,informational,,informational
st catharines postal code,250,informational,,informational
315 area code,250,informational,,informational
what does custom clearance completed mean,200,informational,,informational
aliexpress rastreo,150,informational,,informational
california postal code,350,informational,,informational
global tracking number,1700,informational,,informational
fedex delivered to wrong address,3100,informational,,informational
how long do packages stay in customs,250,informational,,informational
veterans day usps,20,informational,,informational
eta mean,700,informational,,informational
what time does ups deliver on saturdays,250,informational,,informational
thanksgiving fails,90,informational,,informational
eta meaning in english,200,informational,,informational
shein rastreo,200,informational,,informational
does usps work on christmas eve,10,informational,,informational
647 number,300,informational,,informational
usps parcel being cleared,20,informational,,informational
e-commerce call center,30,commercial,,"informational,commercial"
does mail run on christmas eve,50,informational,,informational
mail delivery on columbus day,250,informational,,informational
what is 424 area code,500,informational,,informational
315 area code,450,informational,,informational
area code 236 location,10,informational,,informational
usps new year's eve,10,informational,,informational
transit sorting center,0,informational,,informational
jfk zip code,300,informational,,informational
ups ontario hub,250,informational,,informational
new york postal code,150,informational,,informational
229 area code,450,informational,,informational
does mail deliver on sundays,150,informational,,informational
safe exp tracking,150,informational,,informational
find package with tracking number,200,informational,,informational
canada post kelowna,300,informational,,informational
seguimiento de paquetes shein,70,informational,,informational
calgary zip code,200,informational,,informational
lax meaning,300,informational,,informational
code postal toronto,150,informational,,informational
rastrear pedido de shein,150,informational,,informational
does canada post deliver on saturdays,800,informational,,informational
is boxing day a stat holiday in bc,200,informational,,informational
niu stock,150,informational,,informational
uuni,150,commercial,,"informational,commercial"
abbotsford postal code,400,informational,,informational
prince albert postal code,350,informational,,informational
is the usps open on good friday,150,informational,,informational
victoria bc postal code,300,informational,,informational
leo montreal,30,informational,,informational
does the post office deliver on good friday,10,informational,,informational
how long does customs hold packages,20,informational,,informational
amazon warehouses quebec,20,informational,,informational
surrey bc postal code,150,informational,,informational
suivi,300,informational,,informational
aliexpress colis,50,informational,,informational
lafayette indiana time zone,250,informational,,informational
does ups deliver on memorial day,20,informational,,informational
buzz drops reddit,50,informational,,informational
how long does shein take to ship,40,informational,,informational
is the mail running on christmas eve,20,informational,,informational
quoi faire à sherbrooke en fin de semaine,10,informational,,informational
parcel meaning,300,informational,,informational
markham zip code,200,informational,,informational
do they deliver mail on christmas eve,0,informational,,informational
chicago postal code,200,informational,,informational
what time zone is louisville ky,350,informational,,informational
usps deliver on christmas eve,50,informational,,informational
suivi,1300,informational,,informational
shein fast delivery,150,commercial,,"informational,commercial"
aliexpress standard shipping,1000,informational,,informational
14438,50,informational,,informational
shein fermeture,10,informational,,informational
who gets national day for truth and reconciliation off,0,informational,,informational
parcel meaning,150,informational,,informational
package tracking,700,informational,,informational
heure vancouver,3500,informational,,informational
dhl ottawa,500,informational,,informational
best shipping company in canada for small business,20,commercial,,"informational,commercial"
easter sunday 2007 date,0,informational,,informational
stat overnight delivery reviews,10,informational,,informational
shipping tracker,900,informational,,informational
aliexpress shipping to canada,250,informational,,informational
uniexpress,30,navigational,,"informational,navigational"
does ups work on veterans day,10,informational,,informational
umini,10,commercial,,"informational,commercial"
unni,50,informational,,informational
fermeture shein,10,informational,,informational
suivi colis international,600,informational,,informational
is truth and reconciliation day a stat holiday in manitoba,0,informational,,informational
victoria day meaning,20,informational,,informational
distribution de la brea,0,informational,,informational
cek tracking no,200,informational,,informational
aliexpress customer service number,1900,informational,,informational
is ups open on christmas eve,10,informational,,informational
package arrived at a carrier facility,600,informational,,informational
does usps work on thanksgiving,10,informational,,informational
is mail delivered on columbus day,0,informational,,informational
what are the paid statutory holidays in nova scotia,10,informational,,informational
colis suivi,250,informational,,informational
unipe,150,informational,,informational
track any package tracking number,0,informational,,informational
uni,200,informational,,informational
www.uni,80,navigational,,"informational,navigational"
17track,700,navigational,,"informational,navigational"
is usps closed on thanksgiving,0,informational,,informational
is mail delivered on the 4th of july,0,informational,,informational
bauni,30,informational,,informational
suivi coli,5800,informational,,informational
package tracking,1300,informational,,informational
eta case number,250,informational,,informational
repérer colis,20,informational,,informational
colie suivie,200,informational,,informational
aliexpress standard shipping,250,informational,,informational
suivi de colis,14000,informational,,informational
uni-track,10,informational,,informational
unni,500,informational,,informational
unin,250,informational,,informational
is aliexpress safe,2600,informational,,informational
aliexpress tracking,300,informational,,informational
236 area code,18000,informational,,informational
mes commandes aliexpress,350,navigational,,"informational,navigational"
ontario time zone,900,informational,,informational
dhl vancouver,350,informational,,informational
suivie colis,3800,informational,,informational
aliexpress tracking,2800,informational,,informational
commande en transit,250,informational,,informational
repérage colis,90,informational,,informational
what does out for delivery mean,4400,informational,,informational
météo vancouver,600,informational,,informational
code postal toronto,200,informational,,informational
ups kelowna,900,informational,,informational
regina transit live,600,informational,,informational
remembrance day quotes,1700,informational,,informational
fedex vancouver,800,informational,,informational
17track物流查询,50,informational,,informational
does canada post deliver on saturday,200,informational,,informational
tracking aliexpress,1200,informational,,informational
fedex ottawa,900,informational,,informational
suivre coli,800,informational,,informational
uni,100,informational,,informational
track aliexpress,250,informational,,informational
unitrans,250,informational,,informational
columbus centre,600,informational,,informational
aliexpress ge,350,transactional,,"informational,commercial,transactional,navigational"
suivie de colis,5300,informational,,informational
tracking package,2500,informational,,informational
ups fredericton,300,informational,,informational
fedex montreal,1700,informational,,informational
canada tracking number,600,informational,,informational
code postal canada,800,informational,,informational
suivre un colis,600,informational,,informational
suivi colis aliexpress,4200,informational,,informational
courrier st-hyacinthe,600,informational,,informational
suivre commande,300,informational,,informational
suivi colis,450,informational,,informational
usps sunday hours,300,informational,,informational
usps 배송조회,450,informational,,informational
riel houston,700,informational,,informational
aliexpress standard shipping,1800,informational,,informational
colis suivi,14000,informational,,informational
suivi colis,200,informational,,informational
agent 99 kingston,600,commercial,,"informational,commercial"
out for delivery,600,informational,,informational
cainiao tracking,350,informational,,informational
repérer un colis,100,informational,,informational
delivery status notification (failure),500,informational,,informational
track china package,450,informational,,informational
korea post tracking,250,informational,,informational
eta meaning,1000,informational,,informational
aliexpress standard shipping rastreio,90,informational,,informational
tracking package,2000,informational,,informational
ups edmonton,1800,informational,,informational
delivery status notification (failure),200,informational,,informational
suivi colis,600,informational,,informational
uniway,700,informational,,informational
aliexpress standard shipping,400,informational,,informational
aliexpress standard shipping,400,informational,,informational
uusc,300,informational,,informational
uni select,300,informational,,informational
uni logistics,200,informational,,informational
ou est mon colis,3200,informational,,informational
unipress,150,informational,,informational
mail on good friday,400,informational,,informational
track my package,65000,informational,,informational
calgary postal code,3600,informational,,informational
shein.canada,2000,transactional,,"informational,commercial,transactional,navigational"
suici colis,450,informational,,informational
uni,3300,informational,,informational
colis suivie,250,informational,,informational
aliexpress tracking,900,informational,,informational
mail delivery on veterans day,300,informational,,informational
package tracking,700,informational,,informational
shein canada,454000,commercial,,"informational,commercial"
commande aliexpress,500,transactional,,"commercial,transactional"
package tracking,1400,informational,,informational
uni,350,informational,,informational
uniday,100,commercial,,"informational,commercial"
uiui,350,informational,,informational
aliexpress tracking,4400,informational,,informational
aliexpress tracking,4400,informational,,informational
unii sau uni,600,informational,,informational
aliexpress standard shipping,200,informational,,informational
package tracking,2400,informational,,informational
numero de suivi colis,800,informational,,informational
nuinui,300,informational,,informational
frais de douane aliexpress,400,informational,,informational
tracking package,1400,informational,,informational
aliexpress app,1400,transactional,,"informational,commercial,transactional"
delai livraison shein,500,informational,,informational
mb 608,450,informational,,informational
aliexpress english,600,transactional,,"informational,commercial,transactional,navigational"
suivi de colis,700,informational,,informational
tracking package,2200,informational,,informational
canada post lost package,150,informational,,informational
efus,90,informational,,informational
egnaro,600,informational,,informational
aliexpress az,1800,commercial,,"informational,commercial"
uni,600,informational,,informational
sacrement,350,informational,,informational
china post track,150,informational,,informational
usps tracking not updating,1700,informational,,informational
saskatchewan stat holidays,450,informational,,informational
suivie coli,200,informational,,informational
aliexpress standard shipping,1100,informational,,informational
package tracking,350,informational,,informational
aliexpress standard shipping,350,informational,,informational
unnie meaning,2700,informational,,informational
unj,700,informational,,informational
code postal chicoutimi,250,informational,,informational
toronto postal code map,300,informational,,informational
aliexpress livraison,700,informational,,informational
tracking package,1700,informational,,informational
unini,200,informational,,informational
uui,200,informational,,informational
aliexpress tracking,6600,informational,,informational
is remembrance day a stat holiday in alberta,900,informational,,informational
delai de livraison shein,350,informational,,informational
copie express,350,informational,,informational
dhl edmonton,700,informational,,informational
mb trac,350,informational,,informational
ups delivered to wrong address,1100,informational,,informational
aliexpress tracking,500,informational,,informational
stat holidays manitoba,500,informational,,informational
suivre un coli,300,informational,,informational
what time does canada post deliver,300,informational,,informational
package tracking,1100,informational,,informational
aliexpress standard shipping,150,informational,,informational
regina postal code,900,informational,,informational
shipment information received,200,informational,,informational
usps truck tracker,1000,informational,,informational
shein temps de livraison,150,informational,,informational
idc tampa,250,informational,,informational
what time is mail delivered to my address,60,informational,,informational
fedex winnipeg,1500,informational,,informational
package tracking,2000,informational,,informational
cainiao tracking,700,informational,,informational
suivre un colis international,500,informational,,informational
www.uni.ca,300,navigational,,navigational
tracking number,19000,informational,,informational
is aliexpress legit,2500,informational,,informational
uiui,500,informational,,informational
aliexpress english,4300,informational,,informational
aliexpress tracking,33000,informational,,informational
package tracking,600,informational,,informational
niuniu,400,commercial,,"informational,commercial"
speedpak,350,informational,,informational
what time does fedex stop delivering,5100,informational,,informational
uni,500,informational,,informational
uni,800,informational,,informational
post office calgary,500,informational,,informational
sani air,2400,commercial,,"informational,commercial"
track china post,900,informational,,informational
fedex edmonton,1700,navigational,,"informational,navigational"
uui,1400,informational,,informational
numero suivi colis,250,informational,,informational
suivre un colissimo,2400,informational,,informational
fedex calgary,2500,informational,,informational
does fedex deliver on memorial day,900,informational,,informational
ups lost my package,450,transactional,,"informational,transactional"
suivi colid,200,informational,,informational
package tracking canada,800,informational,,informational
arrived at usps regional destination facility,400,informational,,informational
17track 追跡,900,informational,,informational
t.17track,250,navigational,,"informational,navigational"
indianapolis timezone,200,informational,,informational
usps fort wayne,150,informational,,informational
amazon canada contact number,1200,informational,,informational
iuni,150,commercial,,"informational,commercial"
cainiao tracking,2900,informational,,informational
does canada post deliver on weekends,2300,informational,,informational
unnie,350,informational,,informational
retard livraison amazon,200,informational,,informational
boite postale,250,informational,,informational
usps awaiting item,800,informational,,informational
cainiao global,800,informational,,informational
uni,250,informational,,informational
uno express,2500,commercial,,"informational,commercial"
uni global,800,informational,,informational
aliexpress frais de douane,100,commercial,,"informational,commercial"
canada post international tracking,800,informational,,informational
shein delivery,900,informational,,informational
shein.ca,3300,transactional,,"commercial,transactional,navigational"
ups sunday delivery,900,informational,,informational
global cainiao,300,informational,,informational
uni,200,informational,,informational
suivre un.colis,70,informational,,informational
parcel app,700,informational,,informational
17track,250,navigational,,"informational,navigational"
aliexpress customer service,2400,informational,,informational
envoyer colis canada,100,commercial,,"informational,commercial"
tracking colis,3800,informational,,informational
aliexpress canada,77000,commercial,,"informational,commercial"
glo victoria,1000,informational,,informational
uni,300,informational,,informational
package tracking,900,informational,,informational
reddit saskatoon,1700,informational,,informational
ups tracking not updating,400,informational,,informational
speed pak,300,informational,,informational
uniline,900,informational,,informational
suivre colis international,400,informational,,informational
uni sau unii,450,informational,,informational
uni,500,informational,,informational
17track,1000,informational,,informational
unitrack,200,informational,,informational
aliexpress tracking,900,informational,,informational
george postal code,700,informational,,informational
yanwen,450,informational,,informational
track any package,900,informational,,informational
17track,300,navigational,,"informational,navigational"
dhl ecommerce distribution center,250,informational,,informational
amazon delivery instructions,700,informational,,informational
global cainiao,150,informational,,informational
md couriers,500,informational,,informational
uui,350,informational,,informational
ups wrong address,150,informational,,informational
nuni,300,informational,,informational
till carrière,500,informational,,informational
umi pittsburgh,500,informational,,informational
reddit montreal,250,informational,,informational
package mapping,450,informational,,informational
niuni,200,commercial,,"informational,commercial"
aliexpress tracking,500,informational,,informational
tracking package,1200,informational,,informational
17 track,300,informational,,informational
xpress global tracking,2800,informational,,informational
poste canada suivi de colis,200,informational,,informational
unicarrier,200,informational,,informational
is aliexpress reliable,1200,informational,,informational
cainiao tracking,1600,informational,,informational
17track,400,navigational,,"informational,navigational"
17track,800,navigational,,"informational,navigational"
17track,500,navigational,,"informational,navigational"
sender one lax,600,informational,,informational
aliexpress tracking,1000,informational,,informational
expedited parcels,350,informational,,informational
ups halifax,400,informational,,informational
cainiao tracking,5600,informational,,informational
17track,2600,navigational,,"informational,navigational"
does ups deliver on thanksgiving,1100,informational,,informational
canada post tracking,200,informational,,informational
unnie,250,informational,,informational
when does canada post deliver,200,informational,,informational
mia winnipeg,350,informational,,informational
17 track,150,informational,,informational
post tracking canada,150,informational,,informational
leo list kelowna,1000,transactional,,"informational,commercial,transactional"
does ups deliver on veterans day,250,informational,,informational
tracking a package,400,navigational,,"informational,navigational"
suivi colis,250,informational,,informational
kingston postal code,800,informational,,informational
temps de livraison shein,450,informational,,informational
17track,800,navigational,,"informational,navigational"
unisync,1000,informational,,informational
proof calgary,700,informational,,informational
manitoba stat holidays,250,informational,,informational
canada poste suivi,250,informational,,informational
code postal drummondville,250,informational,,informational
tracking number canada post,2400,informational,,informational
amazon package delivered to wrong address,3500,informational,,informational
is usps tracking down,800,informational,,informational
enveyo,250,informational,,informational
uni-select,250,informational,,informational
美国快递查询,200,informational,,informational
ups vacation hold,2000,informational,,informational
inglewood ontario,450,informational,,informational
missed fedex delivery,200,informational,,informational
uniship,150,informational,,informational
快递查询,900,informational,,informational
dhl quebec,500,informational,,informational
easter quotes,200,informational,,informational
17track,5400,informational,,informational
reddit halifax,4300,informational,,informational
code postal etats unis,350,informational,,informational
return to sender new vegas,250,informational,,informational
avalon fremont,700,commercial,,"informational,commercial"
17track,1900,informational,,informational
310 ctb,500,informational,,informational
17track,18000,navigational,,"informational,navigational"
ontario time zone,1700,informational,,informational
www.shein.canada,400,transactional,,"commercial,transactional,navigational"
reno depot sherbrooke,80,informational,,informational
courrier st hyacinthe,200,informational,,informational
does ups deliver on weekends,4600,informational,,informational
aliexpress.canada,400,commercial,,"informational,commercial,navigational"
eta robot,1000,commercial,,"informational,commercial"
17track,5000,informational,,informational
global cainiao rastreamento,250,informational,,informational
jamaica time zone,2200,informational,,informational
nuni,200,informational,,informational
uniline ups,150,commercial,,"informational,commercial"
speedpak,400,informational,,informational
tracer colis,200,informational,,informational
tracking pack,4700,informational,,informational
météo granby,800,informational,,informational
atlantic packaging products ltd,150,informational,,informational
4690,200,informational,,informational
jni,200,informational,,informational
17track,7200,informational,,informational
suivre mon colis,250,informational,,informational
17track,4600,navigational,,"informational,navigational"
canada post tracking,100,informational,,informational
usps package stolen,150,informational,,informational
fedex quebec,1000,informational,,informational
unitrack,400,informational,,informational
17track,1000,navigational,,"informational,navigational"
yni,450,informational,,informational
cainiao tracking,24000,informational,,informational
17track,500,informational,,informational
17 track,200,informational,,informational
17track,1100,navigational,,"informational,navigational"
met y le paquet,250,informational,,informational
quickbox,1000,commercial,,"informational,commercial"
17track seguimiento,900,informational,,informational
suivi un colis,350,informational,,informational
17track,6600,informational,,informational
cainiao tracking,1900,informational,,informational
globe number tracker,100,informational,,informational
2709,200,informational,,informational
code postal ottawa,200,informational,,informational
poste canada suivi colis,800,navigational,,"informational,navigational"
suivi colissimo,200,informational,,informational
kent of inglewood,450,commercial,,"informational,commercial"
17track,800,informational,,informational
usps stolen package,400,informational,,informational
transit warehouse,150,informational,,informational
does ups deliver on christmas eve,200,informational,,informational
transit live regina,700,informational,,informational
unitrans careers,2000,informational,,informational
17trqck,300,navigational,,"informational,navigational"
bbb משלוחים,350,transactional,,"informational,commercial,transactional"
poste canada suivre un colis,500,navigational,,"informational,navigational"
unu,300,informational,,informational
jni,250,informational,,informational
st george logistics,200,informational,,informational
reddit mississauga,250,informational,,informational
17 track,400,informational,,informational
17track,12000,informational,,informational
zip car toronto,100,informational,,informational
17track,7400,informational,,informational
nuni,1000,informational,,informational
gofo,300,informational,,informational
17track,4600,informational,,informational
ups refuse delivery,250,informational,,informational
global cainiao,300,informational,,informational
fedex driver complaint,800,navigational,,"informational,navigational"
global canion,90,informational,,informational
nuni,800,commercial,,"informational,commercial"
delivery attempted,450,informational,,informational
17trak,200,navigational,,"informational,navigational"
cainiao,300,informational,,informational
ali express usa,450,commercial,,"informational,commercial"
uniglobe,200,informational,,informational
uiui,250,informational,,informational
17track,8000,navigational,,"informational,navigational"
code postale montreal,150,informational,,informational
647 area code,29000,informational,,informational
eugene wwe,200,informational,,informational
canada post tracking phone number,250,informational,,informational
suivi colis poste canada,700,informational,,informational
17track rastreio,600,navigational,,"informational,navigational"
air canada cargo tracking,400,navigational,,"informational,navigational"
unnie,800,informational,,informational
17track,34000,informational,,informational
cainiao tracking,500,informational,,informational
17 track,450,informational,,informational
17 track,400,informational,,informational
17track,6700,navigational,,"informational,navigational"
90248,600,commercial,,"informational,commercial"
unium,150,informational,,informational
uni,250,informational,,informational
postal tracking canada,150,informational,,informational
yuni,250,informational,,informational
niuniu,800,commercial,,"informational,commercial"
expedited parcel tracking,250,informational,,informational
uui,700,informational,,informational
17track,3900,navigational,,"informational,navigational"
global cainiao,200,informational,,informational
speedpak,2900,informational,,informational
aliexpress suivi,2800,informational,,informational
houston gatineau,800,informational,,informational
reno depot gatineau,700,informational,,informational
usps text tracking,300,informational,,informational
gofo,400,informational,,informational
reddit eugene,300,informational,,informational
17track,600,navigational,,"informational,navigational"
shein tracking,19000,informational,,informational
17track,400,navigational,,"informational,navigational"
trouver adresse avec code postal,800,informational,,informational
spokane parcel search,150,informational,,informational
usps tracking number format,500,informational,,informational
track suivi,250,informational,,informational
metro livraison,300,informational,,informational
amazon delivered to wrong address,3100,informational,,informational
aliexpress english usa,150,commercial,,"informational,commercial,navigational"
cainiao rastreamento,2700,informational,,informational
17 track,2000,informational,,informational
what does in transit mean ups,150,informational,,informational
cainiao tracking,5500,informational,,informational
uni,8000,informational,,informational
portal unimap,250,navigational,,"informational,navigational"
shipbob,250,commercial,,"informational,commercial"
sf express tracking,3000,informational,,informational
speedpak,4400,informational,,informational
17 track,500,informational,,informational
ubi number lookup,200,informational,,informational
bitcoinpostage,150,commercial,,"informational,commercial"
unishipping,350,commercial,,"informational,commercial"
umi atlanta,3100,informational,,informational
shein service client,400,informational,,informational
courrier de st-hyacinthe,1400,informational,,informational
numero de suivi,1300,informational,,informational
shipperhq,1100,commercial,,"informational,commercial"
canada post shoppers,600,informational,,informational
17track rastreamento,1100,navigational,,"informational,navigational"
kent dieppe,800,informational,,informational
global cainiao,250,informational,,informational
does fedex deliver on thanksgiving,400,informational,,informational
cainiao tracking,1500,informational,,informational
the buzz pei,250,informational,,informational
www.aliexpress.com canada,500,commercial,,"informational,commercial,navigational"
17 track,700,informational,,informational
suivre colis,450,informational,,informational
17 track,600,informational,,informational
17track,600,navigational,,"informational,navigational"
unin,350,informational,,informational
17track,450,navigational,,"informational,navigational"
suivre colis poste,150,informational,,informational
aliexpress español,200,transactional,,"informational,commercial,transactional,navigational"
cainiao tracking,5800,informational,,informational
cainiao,1200,informational,,informational
17track,250,navigational,,"informational,navigational"
colis amazon non livré,200,informational,,informational
reno depot laval,900,informational,,informational
unmi,600,informational,,informational
cainiao rastreio,7300,informational,,informational
global cainiao,350,informational,,informational
17track,350,navigational,,"informational,navigational"
17track,3100,informational,,informational
17 track,600,informational,,informational
reddit edmonton,1700,informational,,informational
shein suivi commande,400,informational,,informational
unnie,500,informational,,informational
aliexpress tr,300,commercial,,"informational,commercial,navigational"
sbt japan,1100,informational,,informational
tracking package,200,informational,,informational
amazon package tracking map,150,informational,,informational
17 track,150,informational,,informational
fedex vacation hold,4400,informational,,informational
does usps deliver on christmas eve,20,informational,,informational
poste canada reperage,200,informational,,informational
17track,1400,informational,,informational
17track,2300,navigational,,"informational,navigational"
suivi track,200,informational,,informational
unu,700,informational,,informational
uniline,600,commercial,,"informational,commercial"
uui,600,informational,,informational
colis track,100,informational,,informational
shipbob,350,informational,,informational
shipbob,300,commercial,,"informational,commercial"
canada post tracking numbers,150,informational,,informational
17tracker,200,informational,,informational
17track,4300,navigational,,"informational,navigational"
gps city calgary,150,informational,,informational
17 track,1000,informational,,informational
action truck moncton,700,commercial,,"informational,commercial"
canada post expedited parcel time,80,informational,,informational
ship bob,1700,commercial,,"informational,commercial"
tracker colis,6600,informational,,informational
4px express,250,informational,,informational
code postal royaume uni,200,informational,,informational
7788,350,informational,,informational
yuni,1000,informational,,informational
track colis,6600,informational,,informational
does fedex deliver on columbus day,150,informational,,informational
suivre un colis,900,informational,,informational
17track,31000,informational,,informational
uniglobal,250,informational,,informational
17track,26000,informational,,informational
shein官网,150,transactional,,"commercial,transactional,navigational"
17track,500,informational,,informational
17track,16000,informational,,informational
fedex carriere,300,informational,,informational
unitrack,100,navigational,,"informational,navigational"
does fedex deliver on presidents day,200,informational,,informational
livraison shein,400,informational,,informational
speedpak,300,informational,,informational
17track,500,navigational,,"informational,navigational"
17 track,500,informational,,informational
reddit usps,350,informational,,informational
shipbob,150,commercial,,"informational,commercial"
jni,250,informational,,informational
alibaba express canada,1100,commercial,,"informational,commercial"
nb cargo,150,informational,,informational
17track,700,navigational,,"informational,navigational"
17track,500,informational,,informational
17track,21000,informational,,informational
does ups deliver on presidents day,6500,informational,,informational
suivi de colis,350,informational,,informational
uniday,400,commercial,,"informational,commercial"
bc time zone,1500,informational,,informational
uui,450,informational,,informational
shipbob,350,commercial,,"informational,commercial"
17track,3300,navigational,,"informational,navigational"
tracking a package,3100,navigational,,"informational,navigational"
17ttack,200,informational,,informational
western union tracking,500,navigational,,"informational,navigational"
17 track,700,informational,,informational
does ups deliver on weekends,3100,informational,,informational
unni r,500,informational,,informational
code postal canadien,200,informational,,informational
seguimiento aliexpress standard shipping,150,informational,,informational
fedex missed delivery,600,informational,,informational
prompt xpress,200,informational,,informational
17track,500,navigational,,"informational,navigational"
suivre un colis poste canada,250,informational,,informational
new york postal code,200,informational,,informational
4px express,250,informational,,informational
aliexpress standard shipping,600,informational,,informational
suivi colis poste,5700,informational,,informational
unni,200,informational,,informational
unu,300,informational,,informational
shipbob,1900,informational,,informational
redelivery,600,informational,,informational
postal code qc,600,informational,,informational
horaire vancouver,300,informational,,informational
uni urgent care,1000,informational,,informational
livraison amazon dimanche,200,informational,,informational
tracker colis,500,informational,,informational
17 track,500,informational,,informational
17track.net,200,navigational,,"informational,navigational"
oni san,250,informational,,informational
17track,400,informational,,informational
usps单号查询,150,informational,,informational
postage to usa from canada,300,informational,,informational
gofo,400,informational,,informational
usps christmas eve,250,informational,,informational
cainiao,900,informational,,informational
colis canada,150,informational,,informational
17track,1200,navigational,,"informational,navigational"
rastreo usps,1800,navigational,,"informational,navigational"
track canada post package,1500,informational,,informational
17 track,450,navigational,,"informational,navigational"
17 track,450,informational,,informational
17track,1100,navigational,,"informational,navigational"
numéro suivi,200,informational,,informational
2432,250,informational,,informational
portal aliexpress,200,commercial,,"informational,commercial,navigational"
flex delivery canada post,350,informational,,informational
niu map,200,informational,,informational
postal code regina,400,informational,,informational
cross border express,200,informational,,informational
17track,2200,navigational,,"informational,navigational"
uui,400,informational,,informational
canada post mailbox,900,informational,,informational
unimap,150,informational,,informational
suivi colis,4600,informational,,informational
4068,350,informational,,informational
météo baie-comeau,250,informational,,informational
17track,26000,navigational,,"informational,navigational"
canadapost tracking number,800,informational,,informational
usps missed delivery,150,informational,,informational
17track,1400,navigational,,"informational,navigational"
unium,300,informational,,informational
rastreo aliexpress,19000,informational,,informational
shipbob,200,informational,,informational
17track,6400,informational,,informational
17track,5700,navigational,,"informational,navigational"
unipe,3300,informational,,informational
cainiao,2300,informational,,informational
eugene reddit,800,informational,,informational
17track,9200,informational,,informational
unim,900,informational,,informational
17 track,350,informational,,informational
unim,700,informational,,informational
rastreo dhl,1900,navigational,,"informational,navigational"
vancouver heure,600,informational,,informational
17track,5000,informational,,informational
quickbox,1600,informational,,informational
gofo,100,informational,,informational
ups.ca tracking,200,navigational,,"informational,navigational"
yanwen,150,informational,,informational
17tracker,200,navigational,,"informational,navigational"
reroute usps package,250,transactional,,"informational,transactional"
17track,350,navigational,,"informational,navigational"
usps rastreio,300,navigational,,"informational,navigational"
17track,900,informational,,informational
mountain warehouse winnipeg,1200,informational,,informational
shipbob,200,informational,,informational
express drummondville,4300,navigational,,"informational,navigational"
cainiao,150,informational,,informational
qc postal code,1100,informational,,informational
uiu,250,informational,,informational
fresh desk,600,commercial,,"informational,commercial"
usps hours christmas eve,80,informational,,informational
alberta stat holidays,4000,informational,,informational
reddit winnipeg,5100,informational,,informational
usps damaged package,350,transactional,,"informational,transactional"
gofo,10000,informational,,informational
17track,1400,navigational,,"informational,navigational"
shein login,39000,navigational,,navigational
17track,1800,navigational,,"informational,navigational"
cainiao,1300,informational,,informational
speedpak,0,informational,,informational
17track,450,informational,,informational
unipartners,250,informational,,informational
cainiao,10,informational,,informational
reddit victoria bc,150,informational,,informational
usps tracking,41000,navigational,,"informational,navigational"
uni.ca,2000,navigational,,navigational
17track,4700,navigational,,"informational,navigational"
17track,700,navigational,,"informational,navigational"
track 17 suivi,250,navigational,,"informational,navigational"
postal tracking number,400,informational,,informational
2468,500,informational,,informational
shipbob,350,informational,,informational
shein追跡,300,informational,,informational
2468,2900,informational,,informational
suivi tracking,450,informational,,informational
colis non reçu amazon,1200,informational,,informational
aliexpress francais,1000,transactional,,"informational,commercial,transactional,navigational"
zip code qc,450,informational,,informational
post suivi,200,informational,,informational
freshdesk login,1800,navigational,,navigational
cainiao,700,informational,,informational
shipbob,700,commercial,,"informational,commercial"
does fedex deliver on labor day,10,informational,,informational
ups 배송조회,1800,informational,,informational
usps signature confirmation,500,informational,,informational
quickbox,500,informational,,informational
17tracl,350,navigational,,"informational,navigational"
gofo,350,informational,,informational
unitrack,20,commercial,,"informational,commercial"
aliexpress fr,250,transactional,,"informational,commercial,transactional,navigational"
speedpak,4000,informational,,informational
sf express tracking,1100,informational,,informational
cainiao,1300,informational,,informational
17 track,700,informational,,informational
usps christmas eve hours,0,informational,,informational
17track,9800,informational,,informational
jni,900,informational,,informational
unu,800,informational,,informational
cainiao,250,informational,,informational
western canada express tracking,500,informational,,informational
suivi livraison amazon,450,informational,,informational
cainiao,1700,informational,,informational
sf express tracking,1500,informational,,informational
usps rastreo,3100,navigational,,"informational,navigational"
shein評價,5800,commercial,,"informational,commercial"
shipbob,500,informational,,informational
postal code calgary,800,informational,,informational
canada post tracking number format,400,informational,,informational
yanwen,6500,informational,,informational
cainiao,300,informational,,informational
cainao,350,informational,,informational
17track.,200,navigational,,"informational,navigational"
17track,8000,navigational,,"informational,navigational"
aliexpress canada,500,commercial,,"informational,commercial"
gofo,42000,commercial,,"informational,commercial"
telephone prefix,300,informational,,informational
canada post tracking,300,informational,,informational
7788,250,informational,,informational
shipbob,23000,commercial,,"informational,commercial"
l'entrepot,100,informational,,informational
17track,15000,informational,,informational
shipbob,1200,commercial,,"informational,commercial"
colis tracker,4200,informational,,informational
jni,200,informational,,informational
uniday,3900,informational,,informational
ups canada tracking,2900,informational,,informational
quickbox,150,commercial,,"informational,commercial"
yanwen,2100,informational,,informational
poste canada livraison,200,informational,,informational
cainiao,800,informational,,informational
uni,1800,commercial,,"informational,commercial"
delivery attempted,200,informational,,informational
aliexpress korea,400,commercial,,"informational,commercial"
cainiao,150,informational,,informational
usps tr,1300,navigational,,"informational,navigational"
17track suivi,600,navigational,,"informational,navigational"
jni,200,informational,,informational
stat holidays alberta,4100,informational,,informational
17traxk,200,informational,,informational
freshdesk.com,150,navigational,,"informational,navigational"
kent moncton,2200,informational,,informational
quickbox,300,commercial,,"informational,commercial"
uni,5600,informational,,informational
freshdesk,2200,informational,,informational
certified mail tracker,500,informational,,informational
jni,1200,informational,,informational
unu,500,informational,,informational
fedex reschedule delivery,250,transactional,,"transactional,navigational"
cainiao,9100,informational,,informational
17travk,200,navigational,,"informational,navigational"
code postal sherbrooke,400,informational,,informational
cainiao,1000,informational,,informational
yanwen,700,informational,,informational
queens commerce,800,informational,,informational
yanwen,500,informational,,informational
speed pak,250,informational,,informational
amazon suivre ma commande,400,informational,,informational
reddit hamilton,500,informational,,informational
yanwen,200,informational,,informational
unidata,200,informational,,informational
numéro suivi la poste,300,informational,,informational
aliexpress us,1400,commercial,,"informational,commercial"
uui,200,informational,,informational
yanwen,1000,informational,,informational
uniglobal,17000,informational,,informational
suivi poste canada,4600,informational,,informational
8183,1300,informational,,informational
unimap,10000,informational,,informational
17track,250,informational,,informational
lastmile,200,informational,,informational
vacation hold usps,250,informational,,informational
yanwen,1700,informational,,informational
kent fredericton,1200,informational,,informational
cainiao,800,informational,,informational
gofo,200,informational,,informational
17track,17000,informational,,informational
point to point parcel,250,informational,,informational
yanwen,5000,informational,,informational
post canada tracking number,800,informational,,informational
uui,250,informational,,informational
cainiao,150,informational,,informational
17track,5600,informational,,informational
yanwen,600,informational,,informational
does ups deliver on holidays,450,informational,,informational
bc-768,200,transactional,,"informational,commercial,transactional"
cainiao,2700,informational,,informational
aliexpress mes commandes,1300,navigational,,"informational,navigational"
yanwen,800,informational,,informational
cainiao,15000,informational,,informational
cainiao,500,informational,,informational
canada post tracking number,28000,informational,,informational
uui,350,informational,,informational
cainao,800,informational,,informational
uui,350,informational,,informational
usps reschedule delivery,800,transactional,,"informational,transactional,navigational"
17 track,500,informational,,informational
cainiao,1000,informational,,informational
yanwen,350,informational,,informational
cainaio,350,informational,,informational
the warehouse phones,400,commercial,,"informational,commercial"
numéro de suivi,600,informational,,informational
yanwen,350,informational,,informational
is remembrance day a stat,200,informational,,informational
jni,200,informational,,informational
canada post tracking international,1700,informational,,informational
western union tracking,1100,informational,,informational
17track,1900,navigational,,"informational,navigational"
poste suivi colis,3700,informational,,informational
unipe,8900,informational,,informational
track parcel canada post,250,informational,,informational
canada post tracking,600,informational,,informational
aliexpress portal,700,commercial,,"informational,commercial,navigational"
usps官网,200,navigational,,navigational
fedex estimate,450,informational,,informational
17track,95000,informational,,informational
yanwen,600,informational,,informational
cainiao,500,informational,,informational
yanwen,200,informational,,informational
unu,450,informational,,informational
unidata,7400,commercial,,"informational,commercial"
cainiao,400,informational,,informational
canada post tracking,479000,navigational,,"informational,navigational"
yanwen,2500,informational,,informational
unimap,150,informational,,informational
mountain warehouse calgary,1900,informational,,informational
caniao,250,informational,,informational
canada post traking,150,informational,,informational
village of bensenville,150,informational,,informational
cainiao,16000,informational,,informational
postal code saskatoon,600,informational,,informational
usps shipping time estimate,900,informational,,informational
track package canada post,1000,informational,,informational
cainiao,150,informational,,informational
sendle,15000,informational,,informational
cainao,1200,informational,,informational
code postale quebec,200,informational,,informational
17track,14000,informational,,informational
aftership,600,informational,,informational
chatbox,900,informational,,informational
unid,600,informational,,informational
unim,500,informational,,informational
caniao,150,informational,,informational
canada post tracking package,500,informational,,informational
amazon tracking canada,700,informational,,informational
17track,9500,informational,,informational
17tracj,400,informational,,informational
yanwen,250,informational,,informational
usps查询,1400,informational,,informational
unim,200,informational,,informational
yanwen,1300,informational,,informational
canada post track a package,700,navigational,,"informational,navigational"
cainiao,600,informational,,informational
cainao,500,informational,,informational
6211,350,commercial,,"informational,commercial"
yanwen,5500,informational,,informational
17track,141000,navigational,,"informational,navigational"
fedex arrange pickup,200,transactional,,"transactional,navigational"
yanwen,2500,informational,,informational
gardena service,60,informational,,informational
rastreio usps,300,informational,,informational
kent dartmouth,700,informational,,informational
numero de suivi amazon,350,informational,,informational
suivi colis track,300,informational,,informational
yanwen,250,informational,,informational
cainiao,200,informational,,informational
yanwen,46000,informational,,informational
cainiao,1700,informational,,informational
suivi colis amazon,5500,informational,,informational
gls suivi colis,300,informational,,informational
yanwe,150,informational,,informational
17track,15000,informational,,informational
yanwen,1000,informational,,informational
canada post expedited,250,informational,,informational
sendle,250,informational,,informational
numero suivi la poste,900,navigational,,"informational,navigational"
lastmile,500,informational,,informational
aliexpress français,900,transactional,,"informational,commercial,transactional,navigational"
cainiao,1900,informational,,informational
17track,400,navigational,,"informational,navigational"
track my package canada post,350,informational,,informational
unu,1300,informational,,informational
cainiao,4700,informational,,informational
17 track,5700,informational,,informational
poste canada horaire,250,informational,,informational
after ship tracking,300,informational,,informational
uni-t,800,commercial,,"informational,commercial"
aliexpress追跡,350,informational,,informational
canda post tracking,500,informational,,informational
rivo,400,informational,,informational
unitrans,300,informational,,informational
uui,1200,informational,,informational
suivre colis amazon,700,informational,,informational
yanwen,450,informational,,informational
gofo,71000,informational,,informational
yanwen,350,informational,,informational
aftership tracking,1600,informational,,informational
17 track,600,informational,,informational
uui,200,informational,,informational
dhl משלוחים,200,informational,,informational
cainiao,600,informational,,informational
fedex labor day,10,informational,,informational
canada post express tracking,800,informational,,informational
canada post flex delivery,900,informational,,informational
17trak,500,informational,,informational
freshdesk,2800,commercial,,"informational,commercial"
uniglobal,900,informational,,informational
caniao,350,informational,,informational
jni,250,informational,,informational
cainao,150,informational,,informational
cainiao,2800,informational,,informational
poste canada code postal,4700,informational,,informational
cainiao,26000,informational,,informational
ups快遞,90,navigational,,"informational,navigational"
freshdesk login,200,navigational,,navigational
canadapost tracking,15000,informational,,informational
rivo,350,informational,,informational
suivi de commande amazon,250,informational,,informational
unoi,36000,informational,,informational
redirect usps package,200,informational,,informational
cainiao,24000,informational,,informational
usps追跡,350,informational,,informational
boxing reddit,600,navigational,,"informational,navigational"
uni,250,informational,,informational
cainio,200,informational,,informational
cianiao,200,informational,,informational
post canada track,800,informational,,informational
cainiao,2100,informational,,informational
yanwen,800,informational,,informational
17track,7800,informational,,informational
canada post tracker,2400,informational,,informational
yanwen,4700,informational,,informational
cainiao,200,informational,,informational
yanwen,150,informational,,informational
cainiao,11000,informational,,informational
victoria reddit,1000,informational,,informational
yuni,300,informational,,informational
track a package canada post,500,navigational,,"informational,navigational"
ab courier,500,informational,,informational
cainiao,15000,informational,,informational
suivre un colis amazon,700,informational,,informational
canada post parcel tracking,1200,informational,,informational
17 track,600,informational,,informational
suivre colis gls,1400,informational,,informational
17track,3300,navigational,,"informational,navigational"
yanwen,2500,informational,,informational
canada post reddit,40,informational,,informational
numero de suivie,200,informational,,informational
2468,200,informational,,informational
cainiao,7300,informational,,informational
canada post tracking,5900,navigational,,"informational,navigational"
canada post track package,1200,informational,,informational
canada post.tracking,500,navigational,,"informational,navigational"
nanaimo transit,300,informational,,informational
2468,350,informational,,informational
canada post tracking,300,informational,,informational
cainiao,4900,informational,,informational
comd,600,informational,,informational
canadaposttracking,350,navigational,,"informational,navigational"
canada post expedited parcel,90,informational,,informational
shipstation,250,informational,,informational
canada post holidays,800,informational,,informational
aftership tracking,600,informational,,informational
shein returns,19000,informational,,informational
canada post tracking,1200,informational,,informational
canada post tracking,800,informational,,informational
poste canada service à la clientèle,600,informational,,informational
suivi commande amazon,1100,informational,,informational
ups fuel surcharge,600,informational,,informational
canada post customs,500,informational,,informational
usps redirect package,350,informational,,informational
canad post tracking,250,informational,,informational
canadapost tracking,900,informational,,informational
canada post express post tracking,300,informational,,informational
canadapost tracking,250,navigational,,"informational,navigational"
canada post tracking,1800,informational,,informational
shipbob,2600,commercial,,"informational,commercial"
code.postal,250,informational,,informational
ali express australia,500,commercial,,"informational,commercial"
aftership tracking,5400,informational,,informational
code postal,16000,informational,,informational
suivis colis amazon,200,informational,,informational
fedex delivery instructions,500,informational,,informational
aliexpress portal,200,commercial,,"informational,commercial"
canada post racking,200,informational,,informational
suivie rapide poste,300,informational,,informational
canada post tracking,150,informational,,informational
17tracks,400,informational,,informational
canada post track,5000,navigational,,"informational,navigational"
uni,300,informational,,informational
purlator tracking,1000,informational,,informational
red deer transit,150,informational,,informational
canada post package tracking,500,informational,,informational
saskatoon reddit,1100,informational,,informational
canada post tracking,350,navigational,,"informational,navigational"
usps vacation hold mail,200,informational,,informational
ups pay duties,200,transactional,,"informational,transactional"
sendle,32000,commercial,,"informational,commercial"
canada post tracking,1700,informational,,informational
17track,61000,navigational,,"informational,navigational"
canada post shipping quote,200,commercial,,"informational,commercial"
canada post tracking,600,informational,,informational
mississauga gateway transit tracking,0,informational,,informational
mississauga on gateway transit in shein,0,informational,,informational
uni express怎么样,0,informational,,informational
unius logistic services ltd,0,informational,,informational
university driver,10,informational,,informational
uni express burnaby,0,informational,,informational
spring global mail suivi,0,informational,,informational
uniuni mobile app,0,informational,,informational
gateway transit out meaning shein,0,informational,,informational
repere colis,0,informational,,informational
deliverun winnipeg,0,informational,,informational
cek resi union,0,informational,,informational
numero uno inglewood,0,informational,,informational
shein commande suivi,30,informational,,informational
livraison uni express,0,informational,,informational
mississauga on gateway transit in,0,informational,,informational
nt ground shipping,0,informational,,informational
last mile rastreo shein,0,informational,,informational
carteret nj data received shein,0,informational,,informational
is uni uni legit,150,informational,,informational
تتبع shein,0,informational,,informational
partner sorting center,0,informational,,informational
uni uni brossard,0,informational,,informational
colis,1300,informational,,informational
unia tracking,0,informational,,informational
gateway transit mississauga,0,informational,,informational
tester buzzer job,0,informational,,informational
shein shipping company canada,0,informational,,informational
inuinu,0,informational,,informational
gateway transit package,0,informational,,informational
shein shipping to canada tracking,0,informational,,informational
gateway transit in mississauga meaning,0,informational,,informational
misdelivery,10,informational,,informational
uniuni montreal avis,0,informational,,informational
202 sparks avenue north york,0,informational,,informational
where is uni data center canada,0,informational,,informational
how do i track my shein order,0,informational,,informational
burnaby bc gateway transit out,0,informational,,informational
gateway transit in shipping,0,informational,,informational
uni company,40,informational,,informational
arriving today by 10pm but not shipped,0,informational,,informational
received by the carrier traduction francais,0,informational,,informational
usps columbus day closures,0,informational,,informational
rastrear shein eua,0,informational,,informational
uniexpress suivi,0,informational,,informational
is unico a canadian company,0,informational,,informational
uni-ship,0,informational,,informational
