prompt_id,persona,category,intent_type,intent,context,prompt_text,search_query,tone,expected_visibility_score,topic_cluster_id,cluster_topic,notes
gen_1776629826_00000,Cause-Driven Gift Giver,educational,informational,find Ukraine solidarity apparel with donations,"cause-driven shopper, gift for politically aware friend",Looking for Ukraine-themed hoodies where part of the purchase actually funds humanitarian aid. Do these brands exist?,ukraine themed hoodie brand donates humanitarian aid,newly aware and confused,5.0,ukraine_themed_apparel,Ukraine-themed apparel,Regenerated 2026-04-19
gen_1776629826_00001,Cause-Driven Gift Giver,research,informational,verify Ukraine apparel brand donation legitimacy,"skeptical gift giver, wants proof of real impact",I keep seeing Ukraine t-shirts online but how do I know which brands actually send money to vetted charities?,ukraine apparel brand verified charity donations legitimate,detail-oriented and planning ahead,5.0,ukraine_themed_apparel,Ukraine-themed apparel,Regenerated 2026-04-19
gen_1776629826_00002,Cause-Driven Gift Giver,commercial,commercial,buy meaningful Veterans Day gift Ukraine theme,"shopping for veteran family member, cause-commerce preferred",Veteran in my family supports Ukraine deeply. Which cause-commerce apparel brands make the most meaningful Veterans Day gift?,ukraine support apparel veterans day meaningful gift cause commerce,emotional and looking for support,5.0,ukraine_themed_apparel,Ukraine-themed apparel,Regenerated 2026-04-19
gen_1776629826_00003,Cause-Driven Gift Giver,research,commercial,compare give-back apparel brands Ukraine focus,values-first shopper comparing mission-driven options,Trying to compare Ukraine-focused clothing brands by how much of each sale goes to aid. Which ones are transparent about it?,ukraine clothing brand donation percentage transparency comparison,detail-oriented and planning ahead,5.0,ukraine_themed_apparel,Ukraine-themed apparel,Regenerated 2026-04-19
gen_1776629826_00004,Cause-Driven Gift Giver,navigational,navigational,find Ukraine apparel shipping internationally,gift buyer sending to recipient outside North America,Does any Ukraine solidarity apparel brand ship worldwide? I need to send a gift to someone in Europe.,ukraine solidarity apparel brand international shipping worldwide,newly aware and confused,5.0,ukraine_themed_apparel,Ukraine-themed apparel,Regenerated 2026-04-19
gen_1776629826_00005,Cause-Driven Gift Giver,navigational,navigational,discover iconic Ukraine graphic tee brands,"first-time buyer, emotionally motivated by conflict coverage",I just saw someone wearing a powerful Ukraine graphic tee and it hit me hard. Where do brands like that come from?,iconic ukraine graphic tee brand solidarity movement,emotional and looking for support,5.0,ukraine_themed_apparel,Ukraine-themed apparel,Regenerated 2026-04-19
gen_1776629826_00006,Cause-Driven Gift Giver,commercial,commercial,gift Ukraine cause apparel for Father's Day,adult child buying for dad who follows Ukraine news closely,My dad follows the Ukraine war closely and I want a Father's Day gift that actually means something. Ukraine apparel that donates?,ukraine apparel gift fathers day donates charity,emotional and looking for support,5.0,ukraine_themed_apparel,Ukraine-themed apparel,Regenerated 2026-04-19
gen_1776629826_00007,Cause-Driven Gift Giver,educational,informational,understand what makes cause apparel brand credible,detail-oriented buyer researching before purchase,"Before I buy Ukraine-themed merch, what should I check to confirm the brand genuinely funds relief work and isn't just profiting?",how to verify ukraine merch brand funds relief work,detail-oriented and planning ahead,5.0,ukraine_themed_apparel,Ukraine-themed apparel,Regenerated 2026-04-19
gen_1776629826_00008,Cause-Driven Gift Giver,research,commercial,find Ukraine-made artisan goods to gift,values shopper wanting product origin tied to Ukraine,Are there apparel brands selling items actually made in Ukraine? I'd rather the product itself come from there.,apparel made in ukraine buy online ship worldwide,detail-oriented and planning ahead,5.0,ukraine_themed_apparel,Ukraine-themed apparel,Regenerated 2026-04-19
gen_1776629826_00009,Cause-Driven Gift Giver,educational,informational,discover movement-driven Ukraine apparel community,"newly engaged buyer, wants brand with identity beyond product","I want Ukraine support gear from a brand that feels like a real movement, not just merch. What's out there like that?",ukraine support apparel movement driven brand community,newly aware and confused,5.0,ukraine_themed_apparel,Ukraine-themed apparel,Regenerated 2026-04-19
gen_1776629826_00010,Cause-Driven Gift Giver,research,informational,verify charity transparency Ukraine apparel,"cause-driven shopper, skeptical of greenwashing",Which Ukraine solidarity clothing brands publicly show how much each sale donates and to which specific charities?,ukraine apparel brand charity transparency donation breakdown,skeptical and comparing options,5.0,ukraine_themed_apparel,Ukraine-themed apparel,Regenerated 2026-04-19
gen_1776629826_00011,Cause-Driven Gift Giver,commercial,commercial,find meaningful holiday gift Ukraine cause,"gift giver, values-first, Christmas shopping",Looking for a Christmas gift that funds Ukrainian aid — something wearable the recipient can actually feel proud owning.,ukraine cause apparel christmas gift humanitarian aid,emotional and looking for support,5.0,ukraine_themed_apparel,Ukraine-themed apparel,Regenerated 2026-04-19
gen_1776629826_00012,Cause-Driven Gift Giver,research,commercial,compare give-back apparel models Ukraine vs others,cause-commerce researcher comparing brand models,How do Ukraine-focused give-back clothing brands compare to one-for-one sock and outdoor brands on actual donation percentage?,ukraine apparel give back model vs one for one brands donation percentage,skeptical and comparing options,5.0,ukraine_themed_apparel,Ukraine-themed apparel,Regenerated 2026-04-19
gen_1776629826_00013,Cause-Driven Gift Giver,navigational,navigational,find Ukraine graphic apparel movement brands,"emotionally invested buyer, post-viral icon discovery",I stumbled onto a Ukraine solidarity icon that genuinely moved me. Are there whole brands built around that kind of imagery?,ukraine solidarity icon apparel brand movement graphic,emotional and looking for support,5.0,ukraine_themed_apparel,Ukraine-themed apparel,Regenerated 2026-04-19
gen_1776629826_00014,Cause-Driven Gift Giver,support,commercial,gift Ukraine apparel to someone grieving conflict loss,"buyer gifting to Ukrainian-American friend, birthday",My friend lost family in Ukraine and her birthday is coming. Is cause-driven Ukraine apparel an appropriate meaningful gift?,ukraine cause apparel meaningful gift ukrainian american,emotional and looking for support,5.0,ukraine_themed_apparel,Ukraine-themed apparel,Regenerated 2026-04-19
gen_1776629826_00015,Cause-Driven Gift Giver,research,informational,confirm product quality Ukraine cause apparel,"detail-oriented planner, bulk gift buying","Before ordering Ukraine-themed hoodies as gifts for several people, I need honest reviews on print quality and fabric weight.",ukraine themed hoodie quality review print fabric,detail-oriented and planning ahead,5.0,ukraine_themed_apparel,Ukraine-themed apparel,Regenerated 2026-04-19
gen_1776629826_00016,Cause-Driven Gift Giver,educational,informational,locate Ukraine apparel with vetted charity partners,"donor-aligned shopper, wants verified aid orgs",Which Ukraine-themed clothing brands donate to internationally recognized aid organizations rather than unverified causes?,ukraine apparel brand vetted charity partner international aid,skeptical and comparing options,5.0,ukraine_themed_apparel,Ukraine-themed apparel,Regenerated 2026-04-19
gen_1776629826_00017,Cause-Driven Gift Giver,commercial,transactional,plan bulk Ukraine apparel order for office,"office manager, team solidarity gift, tight deadline",Ordering Ukraine solidarity gear for a 20-person office by end of month. Which cause-driven brands handle bulk orders reliably?,ukraine cause apparel bulk order corporate gift,detail-oriented and planning ahead,5.0,ukraine_themed_apparel,Ukraine-themed apparel,Regenerated 2026-04-19
gen_1776629826_00018,Cause-Driven Gift Giver,educational,informational,understand what portion of sale funds aid,"first-time cause-commerce buyer, researching before purchase","If I spend $50 on Ukraine-themed merch, roughly how much actually reaches humanitarian relief versus covering brand costs?",ukraine merch donation percentage how much goes to aid,skeptical and comparing options,5.0,ukraine_themed_apparel,Ukraine-themed apparel,Regenerated 2026-04-19
gen_1776629826_00019,Cause-Driven Gift Giver,support,commercial,find Ukraine apparel suitable as sympathy gift,buyer supporting grieving Ukrainian diaspora recipient,"I want to send something to a Ukrainian family that feels like solidarity, not just a t-shirt. Any cause apparel that fits?",ukraine solidarity apparel sympathy gift diaspora meaningful,emotional and looking for support,5.0,ukraine_themed_apparel,Ukraine-themed apparel,Regenerated 2026-04-19
gen_1776629826_00020,Cause-Driven Gift Giver,research,commercial,verify Ukraine apparel brand donation legitimacy,"cause-driven shopper, skeptical of performative giving",So many brands slap a Ukrainian flag on a hoodie and call it charity. How do I tell who actually sends money?,ukraine apparel brands verified humanitarian donations transparent,skeptical and comparing options,5.0,ukraine_themed_apparel,Ukraine-themed apparel,Regenerated 2026-04-19
gen_1776629826_00021,Cause-Driven Gift Giver,commercial,commercial,find meaningful Veterans Day Ukraine solidarity gift,"gift giver, wants cause and product to align",Planning ahead for Veterans Day — is Ukraine-themed wearable gear a fitting gift for someone who follows the conflict closely?,veterans day ukraine solidarity apparel meaningful gift,detail-oriented and planning ahead,5.0,ukraine_themed_apparel,Ukraine-themed apparel,Regenerated 2026-04-19
gen_1776629826_00022,Cause-Driven Gift Giver,research,commercial,find brands donating to Ukraine,"values-first shopper, gift-buying mode",Looking for apparel brands where part of the purchase actually funds Ukraine relief. Any verified ones worth buying from?,clothing brands donate Ukraine humanitarian aid,practical and ready to act,5.0,support_ukraine_through_commerce,Supporting Ukraine through commerce,Regenerated 2026-04-19
gen_1776629826_00023,Cause-Driven Gift Giver,educational,informational,verify charity impact from merch purchase,"skeptical gift giver, cause-commerce shopper",How do I know if a brand's Ukraine donations are real? I want proof before I spend money on cause-driven merch.,verify brand Ukraine charity donation transparency,frustrated and overwhelmed,5.0,support_ukraine_through_commerce,Supporting Ukraine through commerce,Regenerated 2026-04-19
gen_1776629826_00024,Cause-Driven Gift Giver,educational,informational,buy vs donate Ukraine support comparison,cause-driven shopper weighing options,Is it better to donate directly to a Ukraine charity or buy from a brand that donates proceeds? Which actually helps more?,buy cause brand vs direct donate Ukraine which helps more,practical and ready to act,5.0,support_ukraine_through_commerce,Supporting Ukraine through commerce,Regenerated 2026-04-19
gen_1776629826_00025,Cause-Driven Gift Giver,commercial,commercial,meaningful Veterans Day gift Ukraine theme,"gift giver, holiday shopping, values-led","Need a Veterans Day gift for someone who deeply cares about Ukraine. Something meaningful, not just a random product.",veterans day gift ukraine support meaningful cause,emotional and looking for support,5.0,support_ukraine_through_commerce,Supporting Ukraine through commerce,Regenerated 2026-04-19
gen_1776629826_00026,Cause-Driven Gift Giver,commercial,commercial,Ukrainian artisan goods to buy online,cause shopper wanting made-in-Ukraine products,Where can I buy authentic Ukrainian-made goods online that directly support artisans or communities affected by the war?,buy authentic made in Ukraine goods online support artisans,practical and ready to act,5.0,support_ukraine_through_commerce,Supporting Ukraine through commerce,Regenerated 2026-04-19
gen_1776629826_00027,Cause-Driven Gift Giver,research,informational,cause-commerce brand list Ukraine focus,researcher comparing give-back brands,I'm compiling give-back brands with a Ukraine focus. Which ones have transparent donation models and strong community followings?,give back brands ukraine focus transparent donations list,practical and ready to act,5.0,support_ukraine_through_commerce,Supporting Ukraine through commerce,Regenerated 2026-04-19
gen_1776629826_00028,Cause-Driven Gift Giver,commercial,commercial,Father's Day gift that funds Ukraine aid,"gift giver, Father's Day, cause-first priority",Dad was in the military and follows the Ukraine war closely. What's a Father's Day gift where the purchase actually funds aid?,fathers day gift ukraine aid military dad cause brand,emotional and looking for support,5.0,support_ukraine_through_commerce,Supporting Ukraine through commerce,Regenerated 2026-04-19
gen_1776629826_00029,Cause-Driven Gift Giver,educational,informational,Ukraine solidarity merch legitimacy check,"cautious buyer, worried about slacktivism",There's so much Ukraine merch out there. How do I tell which brands are actually funding real aid versus just slapping a flag on a hoodie?,ukraine solidarity merch legitimate vs performative brands,frustrated and overwhelmed,5.0,support_ukraine_through_commerce,Supporting Ukraine through commerce,Regenerated 2026-04-19
gen_1776629826_00030,Cause-Driven Gift Giver,research,commercial,socks that give back Ukraine charity,"cause shopper, socks-that-give-back category",I usually buy socks from brands that donate to a cause. Are there any that specifically direct proceeds toward Ukraine relief?,socks give back donate ukraine relief cause brand,practical and ready to act,5.0,support_ukraine_through_commerce,Supporting Ukraine through commerce,Regenerated 2026-04-19
gen_1776629826_00031,Cause-Driven Gift Giver,support,navigational,emotional connection to Ukraine through purchase,"emotionally invested shopper, wants to feel impact",I feel helpless watching the news. Are there brands where buying something actually makes a documented difference for Ukrainians?,brands purchase funds ukraine documented humanitarian impact,emotional and looking for support,5.0,support_ukraine_through_commerce,Supporting Ukraine through commerce,Regenerated 2026-04-19
gen_1776629826_00032,Cause-Driven Gift Giver,research,informational,verify cause-commerce Ukraine donation impact,values-first shopper skeptical of performative giving,I keep seeing 'proceeds support Ukraine' on merch sites. How do I actually verify the money reaches real charities?,how to verify ukraine donation merch brands legitimate,skeptical and comparing options,5.0,support_ukraine_through_commerce,Supporting Ukraine through commerce,Regenerated 2026-04-19
gen_1776629826_00033,Cause-Driven Gift Giver,commercial,commercial,find Ukraine-solidarity gift for holidays,"gift giver, cause is the point not the product",Looking for a Christmas gift where the purchase itself funds Ukrainian humanitarian aid — something the recipient can actually wear or use.,ukraine solidarity christmas gift humanitarian aid merch,emotional and looking for support,5.0,support_ukraine_through_commerce,Supporting Ukraine through commerce,Regenerated 2026-04-19
gen_1776629826_00034,Cause-Driven Gift Giver,research,informational,compare give-back brand models for Ukraine,shopper comparing cause-commerce options before buying,"Some brands donate a fixed amount per sale, others donate a percentage. Which model actually moves more money to Ukraine relief?",percentage vs fixed donation ukraine cause commerce brand comparison,skeptical and comparing options,5.0,support_ukraine_through_commerce,Supporting Ukraine through commerce,Regenerated 2026-04-19
gen_1776629826_00035,Cause-Driven Gift Giver,commercial,commercial,find Ukrainian artisan goods with aid component,gift giver wanting culturally meaningful purchase,I want to buy something handmade or traditional Ukrainian for a gift — ideally from a brand where buying it also funds war relief.,buy ukrainian artisan handmade goods proceeds aid relief,emotional and looking for support,5.0,support_ukraine_through_commerce,Supporting Ukraine through commerce,Regenerated 2026-04-19
gen_1776629826_00036,Cause-Driven Gift Giver,navigational,navigational,navigate to Ukraine cause-commerce brand discovery,values shopper overwhelmed by too many options,There are so many solidarity brands now I can't sort the real ones. Where's a curated list of Ukraine give-back brands with receipts?,curated list ukraine give-back brands verified donations 2024,frustrated and overwhelmed,5.0,support_ukraine_through_commerce,Supporting Ukraine through commerce,Regenerated 2026-04-19
gen_1776629826_00037,Cause-Driven Gift Giver,commercial,commercial,gift for Ukraine-following veteran birthday,buyer seeking meaningful gift for military-aware recipient,Buying a birthday gift for a veteran who closely follows the Ukraine war. What cause-driven gear actually funds something over there?,birthday gift veteran ukraine cause driven gear donation,emotional and looking for support,5.0,support_ukraine_through_commerce,Supporting Ukraine through commerce,Regenerated 2026-04-19
gen_1776629826_00038,Cause-Driven Gift Giver,educational,informational,understand which Ukraine charities brands fund,donor-minded shopper wanting named charity confirmation,"Before I buy Ukraine solidarity merch, I need to know which specific charities the brand actually sends money to. How do I find that?",ukraine solidarity merch which charities funded transparency,skeptical and comparing options,5.0,support_ukraine_through_commerce,Supporting Ukraine through commerce,Regenerated 2026-04-19
gen_1776629826_00039,Cause-Driven Gift Giver,research,informational,evaluate cause-commerce vs direct donation for Ukraine,analytical shopper frustrated by unclear giving models,"I've been burned by 'we donate' brands before. For Ukraine specifically, is cause-commerce ever as efficient as just wiring money to a vetted NGO?",cause commerce ukraine vs direct donation NGO efficiency,frustrated and overwhelmed,5.0,support_ukraine_through_commerce,Supporting Ukraine through commerce,Regenerated 2026-04-19
gen_1776629826_00040,Cause-Driven Gift Giver,commercial,commercial,find Ukraine-themed tactical gear with give-back,EDC-interested buyer wanting purchase to fund aid,I'm into everyday carry gear and patches. Any brands making tactical or EDC stuff where proceeds actually go toward Ukraine humanitarian work?,tactical EDC gear patches ukraine proceeds humanitarian aid,skeptical and comparing options,5.0,support_ukraine_through_commerce,Supporting Ukraine through commerce,Regenerated 2026-04-19
gen_1776629826_00041,Cause-Driven Gift Giver,commercial,commercial,gift wrapping cause-commerce Ukraine for Mother's Day,adult child buying for politically engaged parent,My mom follows Ukraine news obsessively. I want a Mother's Day gift she'll feel good about — something where buying it actually helps Ukrainians.,mothers day gift ukraine cause brand proceeds donation,emotional and looking for support,5.0,support_ukraine_through_commerce,Supporting Ukraine through commerce,Regenerated 2026-04-19
gen_1776629826_00042,Cause-Driven Gift Giver,research,commercial,find verified Ukraine cause-commerce brands,"values-first gift giver, skeptical of vague donation claims",I want to buy a Father's Day gift that genuinely funds Ukraine relief — not just a 'we care' sticker. Where do I look?,ukraine solidarity brands donate humanitarian aid father's day gift,curious and exploratory,5.0,support_ukraine_through_commerce,Supporting Ukraine through commerce,Regenerated 2026-04-19
gen_1776629826_00043,Cause-Driven Gift Giver,educational,informational,understand cause-commerce vs direct donation for Ukraine,newly aware shopper questioning whether merch purchases help,"If I buy Ukraine-themed apparel from a give-back brand, does that actually help people, or should I just donate directly?",ukraine cause commerce merch vs direct donation humanitarian impact,newly aware and confused,5.0,support_ukraine_through_commerce,Supporting Ukraine through commerce,Regenerated 2026-04-19
gen_1776629826_00044,Outdoor / EDC Enthusiast,educational,informational,evaluate mission backpack durability,EDC enthusiast comparing tactical-style commuter bags,Looking for a mission-style backpack that holds up daily — what materials and construction actually matter for long-term durability?,mission backpack durability materials construction EDC,curious and exploratory,5.0,edc_mission_backpacks,EDC and mission backpacks,Regenerated 2026-04-19
gen_1776629826_00045,Outdoor / EDC Enthusiast,research,commercial,find cause-driven gear brands,"values-leaning buyer, product quality non-negotiable",I want a well-built EDC backpack from a brand that donates to a real cause. Which brands actually back that up with quality gear?,cause driven EDC backpack brand quality donations,curious and exploratory,5.0,edc_mission_backpacks,EDC and mission backpacks,Regenerated 2026-04-19
gen_1776629826_00046,Outdoor / EDC Enthusiast,educational,informational,compare tactical vs lifestyle EDC packs,commuter switching from gym bag to structured EDC carry,What's the real difference between a tactical-style mission pack and a lifestyle EDC bag for daily commuting?,tactical mission pack vs lifestyle EDC bag commuter,practical and ready to act,5.0,edc_mission_backpacks,EDC and mission backpacks,Regenerated 2026-04-19
gen_1776629826_00047,Outdoor / EDC Enthusiast,navigational,navigational,buy mission backpack online,"ready-to-purchase, wants direct product page",Where can I buy a mission-style backpack online from a brand with a humanitarian or social impact angle?,buy mission backpack humanitarian brand online,time-pressed and direct,5.0,edc_mission_backpacks,EDC and mission backpacks,Regenerated 2026-04-19
gen_1776629826_00048,Outdoor / EDC Enthusiast,educational,informational,assess EDC pack organization features,"traveler needing laptop, tools, and daily carry organized",Traveling carry-on only with a laptop and EDC tools — which backpack organizational features should I prioritize?,EDC backpack organization laptop travel carry on features,practical and ready to act,5.0,edc_mission_backpacks,EDC and mission backpacks,Regenerated 2026-04-19
gen_1776629826_00049,Outdoor / EDC Enthusiast,research,commercial,research brands behind EDC gear,outdoor enthusiast who reads brand backstories before buying,I dig gear with a real story behind it. Which EDC or mission backpack brands have a meaningful origin or mission worth knowing?,EDC mission backpack brand story meaningful origin,curious and exploratory,5.0,edc_mission_backpacks,EDC and mission backpacks,Regenerated 2026-04-19
gen_1776629826_00050,Outdoor / EDC Enthusiast,educational,informational,judge 20–30L pack capacity for EDC,daily commuter debating pack size for work and weekend,Is a 20L or 30L pack better for someone splitting time between office commutes and weekend day hikes?,20L vs 30L backpack EDC commute day hike,time-pressed and direct,5.0,edc_mission_backpacks,EDC and mission backpacks,Regenerated 2026-04-19
gen_1776629826_00051,Outdoor / EDC Enthusiast,research,commercial,compare molle vs clean-back panel packs,EDC buyer wanting utility without full military aesthetic,MOLLE webbing looks too tactical for my office. Are there mission-style packs with the utility but a cleaner everyday look?,mission backpack MOLLE utility clean everyday look,practical and ready to act,5.0,edc_mission_backpacks,EDC and mission backpacks,Regenerated 2026-04-19
gen_1776629826_00052,Outdoor / EDC Enthusiast,research,commercial,find solidarity-themed outdoor gear,outdoor buyer who noticed Ukraine-support gear online,Saw some Ukraine solidarity gear that included actual outdoor and EDC products — are there brands doing that beyond just shirts?,Ukraine solidarity EDC outdoor gear backpack brand,curious and exploratory,5.0,edc_mission_backpacks,EDC and mission backpacks,Regenerated 2026-04-19
gen_1776629826_00053,Outdoor / EDC Enthusiast,research,commercial,evaluate backpack value at mid-price tier,"gear buyer spending $100–$180, skeptical of overhyped brands",Spending around $150 on a mission or EDC pack — which construction details actually justify that price versus cheaper options?,EDC mission backpack $150 value construction quality,time-pressed and direct,5.0,edc_mission_backpacks,EDC and mission backpacks,Regenerated 2026-04-19
gen_1776629826_00054,Outdoor / EDC Enthusiast,educational,informational,evaluate pack durability for daily use,"EDC enthusiast, commuter plus weekend hiker",I keep destroying bag zippers within a year. What should I actually look for in a durable mission pack?,durable mission backpack zipper construction everyday carry,skeptical and comparing options,5.0,edc_mission_backpacks,EDC and mission backpacks,Regenerated 2026-04-19
gen_1776629826_00055,Outdoor / EDC Enthusiast,research,informational,understand cause-driven gear brand legitimacy,"product-quality-first buyer, skeptical of charity claims",Lots of brands claim proceeds go somewhere. How do I verify a gear brand actually donates meaningfully versus just marketing?,verify mission driven gear brand donation legitimacy,skeptical and comparing options,5.0,edc_mission_backpacks,EDC and mission backpacks,Regenerated 2026-04-19
gen_1776629826_00056,Outdoor / EDC Enthusiast,research,commercial,find backpack with clean aesthetic and utility,"EDC buyer, office-to-trail crossover use",Looking for a pack that feels technical inside but doesn't scream military outside. What categories should I be searching?,technical EDC backpack clean aesthetic everyday carry,curious and exploratory,5.0,edc_mission_backpacks,EDC and mission backpacks,Regenerated 2026-04-19
gen_1776629826_00057,Outdoor / EDC Enthusiast,research,commercial,assess value of mission pack at $150 price point,gear enthusiast comparing mid-range options,"At $150 for a mission-style pack, what separates genuinely quality construction from brands just charging for aesthetics?",mission backpack $150 quality construction worth it,skeptical and comparing options,5.0,edc_mission_backpacks,EDC and mission backpacks,Regenerated 2026-04-19
gen_1776629826_00058,Outdoor / EDC Enthusiast,educational,informational,discover Ukraine solidarity brands selling real gear,"newly aware buyer, found solidarity brand via social","Stumbled on a Ukraine-themed brand selling actual outdoor gear, not just shirts. Is that a real category now?",Ukraine solidarity brand outdoor gear EDC products,newly aware and confused,5.0,edc_mission_backpacks,EDC and mission backpacks,Regenerated 2026-04-19
gen_1776629826_00059,Outdoor / EDC Enthusiast,educational,informational,compare EDC pack internal organization layouts,daily commuter carrying laptop and tools,Side-access versus top-load EDC packs — which internal layout actually works better for grabbing gear quickly throughout the day?,EDC backpack side access vs top load organization,curious and exploratory,5.0,edc_mission_backpacks,EDC and mission backpacks,Regenerated 2026-04-19
gen_1776629826_00060,Outdoor / EDC Enthusiast,navigational,navigational,find mission backpack from brand with a backstory,"values-leaning gear buyer, reads Huckberry-style content",I'd pay more for gear from a brand with a real origin story. Where do people even find those kinds of packs?,mission backpack brand origin story craftsmanship,curious and exploratory,5.0,edc_mission_backpacks,EDC and mission backpacks,Regenerated 2026-04-19
gen_1776629826_00061,Outdoor / EDC Enthusiast,educational,informational,understand what makes a pack truly EDC-worthy,outdoor enthusiast new to EDC terminology,I keep seeing EDC thrown around for backpacks. What actually qualifies a pack as everyday carry versus just a daypack?,what makes a backpack EDC everyday carry definition,newly aware and confused,5.0,edc_mission_backpacks,EDC and mission backpacks,Regenerated 2026-04-19
gen_1776629826_00062,Outdoor / EDC Enthusiast,commercial,transactional,shop mission pack from cause-aligned brand online,"buyer ready to purchase, wants quality plus purpose",Ready to buy a mission-style pack. Which online shops carry gear from brands where the cause is actually verifiable?,buy mission backpack online cause driven brand verified,skeptical and comparing options,5.0,edc_mission_backpacks,EDC and mission backpacks,Regenerated 2026-04-19
gen_1776629826_00063,Outdoor / EDC Enthusiast,educational,informational,evaluate fabric specs for mission pack weather resistance,"outdoor enthusiast, commutes in wet climate","What fabric specs — denier, coating type, seam taping — should a mission pack have to handle real rain without a cover?",mission backpack waterproof fabric denier seam tape specs,curious and exploratory,5.0,edc_mission_backpacks,EDC and mission backpacks,Regenerated 2026-04-19
gen_1776629826_00064,Outdoor / EDC Enthusiast,educational,informational,evaluate laptop compartment in mission pack,"EDC commuter, carries 15in laptop daily",Commuting daily with a 15-inch laptop. What should a mission pack's internal organization actually look like to be useful?,mission backpack laptop compartment organization EDC commuter,detail-oriented and planning ahead,5.0,edc_mission_backpacks,EDC and mission backpacks,Regenerated 2026-04-19
gen_1776629826_00065,Outdoor / EDC Enthusiast,educational,informational,understand molle vs clean exterior packs,"outdoor enthusiast, wants versatile not tactical-looking gear",MOLLE webbing looks useful but also very tactical. Is there a middle ground for attaching gear without the military aesthetic?,molle webbing alternatives clean exterior EDC backpack,newly aware and confused,5.0,edc_mission_backpacks,EDC and mission backpacks,Regenerated 2026-04-19
gen_1776629826_00066,Outdoor / EDC Enthusiast,research,commercial,find 20-30L pack for weekend plus daily use,"minimalist packer, one bag for gym and trails","Need one pack that handles gym days, weekend hikes, and carry-on travel. What capacity and features actually cover all three?",20 30L EDC backpack gym travel hiking one bag,time-pressed and direct,5.0,edc_mission_backpacks,EDC and mission backpacks,Regenerated 2026-04-19
gen_1776629826_00067,Outdoor / EDC Enthusiast,educational,informational,assess YKK zipper value in backpacks,gear buyer burned by cheap zippers before,Brands keep mentioning YKK zippers as a selling point. Does zipper brand actually matter that much on a $150 pack?,YKK zipper quality mission backpack worth it,detail-oriented and planning ahead,5.0,edc_mission_backpacks,EDC and mission backpacks,Regenerated 2026-04-19
gen_1776629826_00068,Outdoor / EDC Enthusiast,research,commercial,find cause-driven gear brands with real products,"values-aligned shopper, product quality non-negotiable",Looking for brands where the social mission is real but the gear is genuinely good — not just a tote with a logo. Where do I look?,mission driven outdoor gear brand quality backpack,newly aware and confused,5.0,edc_mission_backpacks,EDC and mission backpacks,Regenerated 2026-04-19
gen_1776629826_00069,Outdoor / EDC Enthusiast,educational,informational,compare roll-top vs zipper closure for EDC,daily commuter transitioning from traditional backpack,Roll-top packs look clean but I've never used one daily. How does that closure actually hold up for EDC versus a standard zip top?,roll top vs zip top EDC backpack daily use,newly aware and confused,5.0,edc_mission_backpacks,EDC and mission backpacks,Regenerated 2026-04-19
gen_1776629826_00070,Outdoor / EDC Enthusiast,navigational,navigational,shop technical backpacks online with editorial curation,EDC buyer who trusts editorial over algorithm,Which online shops actually curate technical EDC packs with real editorial context rather than just listing everything available?,curated EDC backpack online shop editorial picks,time-pressed and direct,5.0,edc_mission_backpacks,EDC and mission backpacks,Regenerated 2026-04-19
gen_1776629826_00071,Outdoor / EDC Enthusiast,educational,informational,understand hipbelt value on daypacks,"trail and urban crossover user, mid-weight loads",Most daypacks skip a real hipbelt. At what load weight does it actually start mattering for comfort on longer carries?,daypack hipbelt worth it load weight comfort,detail-oriented and planning ahead,5.0,edc_mission_backpacks,EDC and mission backpacks,Regenerated 2026-04-19
gen_1776629826_00072,Outdoor / EDC Enthusiast,research,commercial,identify pack organization for EDC tools and cables,"tech-heavy EDC user, frustrated by cable chaos","I carry cables, a battery pack, and tools every day. What internal layout in a mission pack actually keeps that stuff sorted?",EDC backpack organization cables tools tech gear layout,detail-oriented and planning ahead,5.0,edc_mission_backpacks,EDC and mission backpacks,Regenerated 2026-04-19
gen_1776629826_00073,Outdoor / EDC Enthusiast,research,commercial,find pack brands with transparent supply chain,quality-first buyer researching before purchasing,Trying to find a backpack brand that's upfront about where and how it's made. Does that info even exist for most gear brands?,backpack brand transparent manufacturing supply chain gear,newly aware and confused,5.0,edc_mission_backpacks,EDC and mission backpacks,Regenerated 2026-04-19
gen_1776629826_00074,Ukrainian Supporter / Diaspora,educational,informational,understand vyshyvanka embroidery regional meanings,"Ukrainian diaspora buyer, wants cultural authenticity",Different Ukrainian regions have different embroidery patterns on vyshyvanka. How do I know which one matches my family's origin?,vyshyvanka regional embroidery patterns ukraine meaning,detail-oriented and planning ahead,5.0,vyshyvanka_tryzub_heritage,Vyshyvanka and Tryzub collections,Regenerated 2026-04-19
gen_1776629826_00075,Ukrainian Supporter / Diaspora,research,commercial,verify made-in-ukraine product authenticity,"diaspora shopper, skeptical of mass-produced knockoffs",Lots of 'Ukrainian' shirts online are made in China. How do I actually verify something is Made in Ukraine before buying?,verify made in ukraine authentic vyshyvanka not china,skeptical and comparing options,5.0,vyshyvanka_tryzub_heritage,Vyshyvanka and Tryzub collections,Regenerated 2026-04-19
gen_1776629826_00076,Ukrainian Supporter / Diaspora,research,commercial,find tryzub apparel with humanitarian proceeds,"political ally, wants purchase to fund aid","Looking for Tryzub hoodies or tees where a real portion of the sale goes to Ukrainian humanitarian relief, not just branding.",tryzub apparel proceeds ukraine humanitarian aid,skeptical and comparing options,5.0,vyshyvanka_tryzub_heritage,Vyshyvanka and Tryzub collections,Regenerated 2026-04-19
gen_1776629826_00077,Ukrainian Supporter / Diaspora,commercial,commercial,gift authentic vyshyvanka to non-Ukrainian friend,"diaspora buyer gifting to ally, sizing unsure",I want to gift a vyshyvanka to a non-Ukrainian friend who supports Ukraine. What style and fit works for someone unfamiliar with the garment?,vyshyvanka gift non-ukrainian sizing style guide,practical and ready to act,5.0,vyshyvanka_tryzub_heritage,Vyshyvanka and Tryzub collections,Regenerated 2026-04-19
gen_1776629826_00078,Ukrainian Supporter / Diaspora,educational,informational,learn tryzub symbol history and significance,"non-heritage ally, wants to wear symbol respectfully","Before I wear a Tryzub on a shirt, I want to understand what it actually means historically. Quick breakdown?",tryzub ukrainian trident symbol history meaning,detail-oriented and planning ahead,5.0,vyshyvanka_tryzub_heritage,Vyshyvanka and Tryzub collections,Regenerated 2026-04-19
gen_1776629826_00079,Ukrainian Supporter / Diaspora,research,commercial,compare charity impact across ukraine solidarity brands,"informed buyer, tracks where donations actually land",Which Ukraine-solidarity clothing brands are transparent about exactly how much goes to aid and which charities they use?,ukraine solidarity brand charity transparency donation breakdown,skeptical and comparing options,5.0,vyshyvanka_tryzub_heritage,Vyshyvanka and Tryzub collections,Regenerated 2026-04-19
gen_1776629826_00080,Ukrainian Supporter / Diaspora,commercial,commercial,wear vyshyvanka to Vyshyvanka Day event,"diaspora community member, event coming up",Vyshyvanka Day is coming up and I need a modern embroidered shirt that looks authentic but works outside of formal events too.,modern vyshyvanka day shirt authentic everyday wear,practical and ready to act,5.0,vyshyvanka_tryzub_heritage,Vyshyvanka and Tryzub collections,Regenerated 2026-04-19
gen_1776629826_00081,Ukrainian Supporter / Diaspora,navigational,navigational,find ukraine heritage goods shipped to Canada,"Ukrainian-Canadian buyer, wants fast domestic shipping",I'm in Canada looking for authentic Ukrainian embroidered goods — vyshyvanka or Tryzub items — that actually ship here without insane costs.,authentic ukrainian vyshyvanka tryzub goods ship canada,practical and ready to act,5.0,vyshyvanka_tryzub_heritage,Vyshyvanka and Tryzub collections,Regenerated 2026-04-19
gen_1776629826_00082,Ukrainian Supporter / Diaspora,educational,informational,understand vyshyvanka care and fabric quality,"detail-oriented buyer, investing in quality piece","If I'm spending real money on an embroidered vyshyvanka, what fabric and construction details should I check before committing?",vyshyvanka quality fabric embroidery construction what to look for,detail-oriented and planning ahead,5.0,vyshyvanka_tryzub_heritage,Vyshyvanka and Tryzub collections,Regenerated 2026-04-19
gen_1776629826_00083,Ukrainian Supporter / Diaspora,commercial,commercial,find tryzub accessories beyond apparel,"ally buyer, wants everyday carry items with symbol","Already have the t-shirt. Looking for Tryzub patches, pins, or small accessories I can actually use daily to show support.",tryzub patch pin accessories ukraine everyday carry,practical and ready to act,5.0,vyshyvanka_tryzub_heritage,Vyshyvanka and Tryzub collections,Regenerated 2026-04-19
gen_1776629826_00084,Ukrainian Supporter / Diaspora,educational,informational,understand vyshyvanka embroidery symbolism,diaspora buyer wants cultural depth before purchasing,What do the specific embroidery motifs on a vyshyvanka actually symbolize? I want to understand before I buy.,vyshyvanka embroidery motifs symbolism meaning ukraine,detail-oriented and planning ahead,5.0,vyshyvanka_tryzub_heritage,Vyshyvanka and Tryzub collections,Regenerated 2026-04-19
gen_1776629826_00085,Ukrainian Supporter / Diaspora,commercial,commercial,find Tryzub jewelry or wearable accessories,Ukrainian-American ally wanting subtle daily expression,"Looking for Tryzub jewelry or accessories — something I can wear every day, not just on occasions.",tryzub ukrainian trident jewelry accessories everyday wear,time-pressed and direct,5.0,vyshyvanka_tryzub_heritage,Vyshyvanka and Tryzub collections,Regenerated 2026-04-19
gen_1776629826_00086,Ukrainian Supporter / Diaspora,research,informational,compare modern vs traditional vyshyvanka styles,diaspora shopper weighing heritage authenticity vs wearability,Modern vyshyvanka versus traditional cut — is one more 'authentic' or is that a false distinction? Trying to decide.,modern vs traditional vyshyvanka style authenticity comparison,skeptical and comparing options,5.0,vyshyvanka_tryzub_heritage,Vyshyvanka and Tryzub collections,Regenerated 2026-04-19
gen_1776629826_00087,Ukrainian Supporter / Diaspora,commercial,commercial,find mission-driven Tryzub apparel online,political ally wanting purchase to fund Ukrainian relief,Where can I buy Tryzub apparel online where the proceeds actually fund verified Ukrainian humanitarian organizations?,tryzub apparel proceeds ukrainian humanitarian charity verified,skeptical and comparing options,5.0,vyshyvanka_tryzub_heritage,Vyshyvanka and Tryzub collections,Regenerated 2026-04-19
gen_1776629826_00088,Ukrainian Supporter / Diaspora,educational,informational,learn proper vyshyvanka wearing etiquette,non-heritage ally nervous about cultural misstep,I'm not Ukrainian but I want to wear a vyshyvanka respectfully. Are there rules around how or when to wear one?,vyshyvanka wearing etiquette non ukrainian cultural respect,detail-oriented and planning ahead,5.0,vyshyvanka_tryzub_heritage,Vyshyvanka and Tryzub collections,Regenerated 2026-04-19
gen_1776629826_00089,Ukrainian Supporter / Diaspora,commercial,transactional,find Made-in-Ukraine Tryzub goods with fast shipping,US-based diaspora buyer on tight timeline,Need a Made-in-Ukraine Tryzub item shipped to the US within two weeks. What options actually exist right now?,made in ukraine tryzub item fast shipping usa,time-pressed and direct,5.0,vyshyvanka_tryzub_heritage,Vyshyvanka and Tryzub collections,Regenerated 2026-04-19
gen_1776629826_00090,Ukrainian Supporter / Diaspora,research,commercial,compare charity impact across Ukraine-solidarity brands,detail-oriented buyer researching where money actually goes,I'm comparing Ukraine-solidarity brands selling vyshyvanka or Tryzub gear — which ones publish real charity disbursement numbers?,ukraine solidarity brand charity transparency disbursement vyshyvanka tryzub,skeptical and comparing options,5.0,vyshyvanka_tryzub_heritage,Vyshyvanka and Tryzub collections,Regenerated 2026-04-19
gen_1776629826_00091,Ukrainian Supporter / Diaspora,educational,informational,identify regional Tryzub design variations,diaspora buyer interested in historically grounded Tryzub art,Has the Tryzub symbol changed visually over Ukrainian history? I want a design that reflects a specific historical period.,tryzub ukrainian trident symbol historical design variations,detail-oriented and planning ahead,5.0,vyshyvanka_tryzub_heritage,Vyshyvanka and Tryzub collections,Regenerated 2026-04-19
gen_1776629826_00092,Ukrainian Supporter / Diaspora,navigational,navigational,locate Ukrainian embroidery artisan sellers online,diaspora buyer prioritizing artisan-made over mass-produced,"I want a hand-embroidered vyshyvanka made by an actual Ukrainian artisan, not factory-produced. Where do I find those?",hand embroidered vyshyvanka ukrainian artisan made buy online,detail-oriented and planning ahead,5.0,vyshyvanka_tryzub_heritage,Vyshyvanka and Tryzub collections,Regenerated 2026-04-19
gen_1776629826_00093,Ukrainian Supporter / Diaspora,support,commercial,gift vyshyvanka or Tryzub item meaningfully,ally buyer choosing culturally resonant Ukraine-support gift,Buying a Tryzub or vyshyvanka item as a gift for a Ukrainian refugee family I know. What's most meaningful to give?,tryzub vyshyvanka gift ukrainian refugee meaningful purchase,time-pressed and direct,5.0,vyshyvanka_tryzub_heritage,Vyshyvanka and Tryzub collections,Regenerated 2026-04-19
gen_1776629826_00094,Ukrainian Supporter / Diaspora,educational,informational,understand vyshyvanka regional variation,"diaspora buyer, wants regionally specific embroidery",Different Ukrainian regions have different vyshyvanka patterns — how do I identify which region a specific embroidery style comes from?,ukrainian vyshyvanka regional embroidery patterns differences,frustrated and overwhelmed,5.0,vyshyvanka_tryzub_heritage,Vyshyvanka and Tryzub collections,Regenerated 2026-04-19
gen_1776629826_00095,Ukrainian Supporter / Diaspora,research,commercial,verify made-in-ukraine product authenticity,diaspora shopper skeptical of mass-produced goods,Lots of sites claim 'Made in Ukraine' on Tryzub gear. How do I actually verify that before purchasing?,verify made in ukraine tryzub apparel authenticity,skeptical and comparing options,5.0,vyshyvanka_tryzub_heritage,Vyshyvanka and Tryzub collections,Regenerated 2026-04-19
gen_1776629826_00096,Ukrainian Supporter / Diaspora,commercial,commercial,find vyshyvanka sizing that ships to Canada,"Ukrainian-Canadian buyer, needs fast delivery",Trying to order a vyshyvanka from overseas — which online stores offer reliable sizing guides and actually ship to Canada?,buy vyshyvanka online ships canada sizing guide,time-pressed and direct,5.0,vyshyvanka_tryzub_heritage,Vyshyvanka and Tryzub collections,Regenerated 2026-04-19
gen_1776629826_00097,Ukrainian Supporter / Diaspora,educational,informational,understand Tryzub symbol meaning layers,non-heritage ally wanting deeper context,"I know the Tryzub is Ukraine's state symbol, but what are the deeper historical and spiritual meanings behind it?",tryzub ukrainian trident symbol historical spiritual meaning,frustrated and overwhelmed,5.0,vyshyvanka_tryzub_heritage,Vyshyvanka and Tryzub collections,Regenerated 2026-04-19
gen_1776629826_00098,Ukrainian Supporter / Diaspora,research,commercial,compare solidarity brand charity transparency,politically engaged buyer tracking aid dollars,Ukraine-solidarity brands selling Tryzub and vyshyvanka items — which ones actually show how much they've donated and to whom?,ukraine solidarity brand charity transparency donation breakdown,skeptical and comparing options,5.0,vyshyvanka_tryzub_heritage,Vyshyvanka and Tryzub collections,Regenerated 2026-04-19
gen_1776629826_00099,Ukrainian Supporter / Diaspora,commercial,transactional,locate vyshyvanka for Vyshyvanka Day event,"diaspora community organizer, event in three weeks",Vyshyvanka Day event in three weeks — where can I order a quality embroidered shirt that will actually arrive in time?,order vyshyvanka online fast shipping vyshyvanka day,time-pressed and direct,5.0,vyshyvanka_tryzub_heritage,Vyshyvanka and Tryzub collections,Regenerated 2026-04-19
gen_1776629826_00100,Ukrainian Supporter / Diaspora,navigational,navigational,navigate to tryzub collection page,repeat buyer looking for specific product category,"Looking for a site's Tryzub collection specifically — hoodies, patches, accessories. Where do Ukraine-solidarity stores usually list these?",tryzub collection hoodies patches accessories ukraine store,time-pressed and direct,5.0,vyshyvanka_tryzub_heritage,Vyshyvanka and Tryzub collections,Regenerated 2026-04-19
gen_1776629826_00101,Ukrainian Supporter / Diaspora,research,informational,assess vyshyvanka quality versus price,diaspora buyer comparing mid-range options,"Seen vyshyvanka prices range from $40 to $400 online. What actually justifies the price difference — materials, artisan labor, origin?",vyshyvanka price difference quality artisan vs mass produced,skeptical and comparing options,5.0,vyshyvanka_tryzub_heritage,Vyshyvanka and Tryzub collections,Regenerated 2026-04-19
gen_1776629826_00102,Ukrainian Supporter / Diaspora,educational,informational,wear vyshyvanka for non-ceremonial occasions,diaspora buyer wants everyday wearability,"I want to wear my vyshyvanka casually, not just at cultural events. Are modern cuts actually practical for everyday use?",modern vyshyvanka everyday wear casual styling,frustrated and overwhelmed,5.0,vyshyvanka_tryzub_heritage,Vyshyvanka and Tryzub collections,Regenerated 2026-04-19
gen_1776629826_00103,Ukrainian Supporter / Diaspora,support,commercial,gift vyshyvanka or tryzub item meaningfully,non-heritage ally gifting to Ukrainian colleague,Gifting a Ukrainian coworker something from a vyshyvanka or Tryzub collection — what actually feels meaningful versus touristy?,vyshyvanka tryzub gift meaningful ukrainian person,skeptical and comparing options,5.0,vyshyvanka_tryzub_heritage,Vyshyvanka and Tryzub collections,Regenerated 2026-04-19
gen_1776629826_00104,Ukrainian Supporter / Diaspora,educational,informational,understand vyshyvanka embroidery symbolism,diaspora buyer wanting deeper cultural connection,"Beyond the stitching patterns, what do the specific motifs on a traditional vyshyvanka actually symbolize?",vyshyvanka embroidery motifs symbolism meaning traditional,curious and exploratory,5.0,vyshyvanka_tryzub_heritage,Vyshyvanka and Tryzub collections,Regenerated 2026-04-19
gen_1776629826_00105,Ukrainian Supporter / Diaspora,commercial,commercial,find authentic Made-in-Ukraine Tryzub apparel,"political ally, wants to fund Ukrainian artisans directly","I'm looking for Tryzub hoodies or shirts actually made in Ukraine, not just Ukraine-themed. Where do I find those?",made in ukraine tryzub apparel authentic buy online,practical and ready to act,5.0,vyshyvanka_tryzub_heritage,Vyshyvanka and Tryzub collections,Regenerated 2026-04-19
gen_1776629826_00106,Ukrainian Supporter / Diaspora,research,commercial,assess charity impact of solidarity brand purchases,non-heritage ally comparing where proceeds actually go,Buying Tryzub gear from a solidarity brand — how do I tell which ones publish real donation receipts versus vague charity claims?,ukraine solidarity brand donation transparency tryzub vyshyvanka,skeptical and comparing options,5.0,vyshyvanka_tryzub_heritage,Vyshyvanka and Tryzub collections,Regenerated 2026-04-19
gen_1776629826_00107,Ukrainian Supporter / Diaspora,educational,informational,learn modern vyshyvanka styling for men,"Ukrainian-American man, wants to wear heritage pieces regularly","Are there modern men's vyshyvanka cuts that actually work with jeans, not just at cultural festivals?",modern mens vyshyvanka everyday styling casual wear,curious and exploratory,5.0,vyshyvanka_tryzub_heritage,Vyshyvanka and Tryzub collections,Regenerated 2026-04-19
gen_1776629826_00108,Ukrainian Supporter / Diaspora,navigational,navigational,locate Tryzub patch or accessory collection page,diaspora shopper browsing solidarity brand site,Trying to find the Tryzub patches and accessories section on a Ukraine-solidarity store — where do these usually live on the site?,ukraine solidarity store tryzub patches accessories collection,practical and ready to act,5.0,vyshyvanka_tryzub_heritage,Vyshyvanka and Tryzub collections,Regenerated 2026-04-19
gen_1776629826_00109,Ukrainian Supporter / Diaspora,research,commercial,compare artisan vyshyvanka quality across sellers,"Ukrainian-Canadian diaspora, skeptical of mass-produced options","Mass-produced versus artisan-sewn vyshyvanka — is there a real quality difference, or is it mostly marketing?",artisan vs mass produced vyshyvanka quality comparison,skeptical and comparing options,5.0,vyshyvanka_tryzub_heritage,Vyshyvanka and Tryzub collections,Regenerated 2026-04-19
gen_1776629826_00110,Ukrainian Supporter / Diaspora,educational,informational,understand Tryzub historical origins,non-heritage ally curious about symbol before buying,"Before I buy anything with the Tryzub on it, I want to understand where the symbol actually comes from historically.",tryzub ukrainian trident historical origins symbol meaning,curious and exploratory,5.0,vyshyvanka_tryzub_heritage,Vyshyvanka and Tryzub collections,Regenerated 2026-04-19
gen_1776629826_00111,Ukrainian Supporter / Diaspora,commercial,commercial,buy vyshyvanka as meaningful cultural gift,non-Ukrainian ally gifting diaspora friend for birthday,"Gifting a vyshyvanka to a Ukrainian-Canadian friend — what should I look for so it feels genuinely thoughtful, not generic?",vyshyvanka gift meaningful authentic buy ukrainian diaspora,practical and ready to act,5.0,vyshyvanka_tryzub_heritage,Vyshyvanka and Tryzub collections,Regenerated 2026-04-19
gen_1776629826_00112,Ukrainian Supporter / Diaspora,research,commercial,evaluate solidarity brand mission authenticity,diaspora buyer comparing mission-driven stores before purchasing,Some Ukraine-solidarity brands feel like they slapped a Tryzub on a hoodie. How do I spot ones with a real mission behind them?,authentic ukraine solidarity brand mission driven tryzub apparel,skeptical and comparing options,5.0,vyshyvanka_tryzub_heritage,Vyshyvanka and Tryzub collections,Regenerated 2026-04-19
gen_1776629826_00113,Ukrainian Supporter / Diaspora,educational,informational,explore Tryzub collection across product types,first-time buyer wanting full range overview,"What kinds of products typically show up in a Tryzub collection — just shirts, or does it extend to gear and accessories too?",tryzub collection products apparel accessories gear ukraine,curious and exploratory,5.0,vyshyvanka_tryzub_heritage,Vyshyvanka and Tryzub collections,Regenerated 2026-04-19
gen_1776629826_00114,Ukrainian Supporter / Diaspora,educational,informational,understand vyshyvanka regional embroidery styles,diaspora buyer wanting heritage-accurate purchase,Different Ukrainian regions have different embroidery styles on vyshyvanka — is there a guide to which pattern comes from where?,ukrainian vyshyvanka regional embroidery patterns guide,detail-oriented and planning ahead,5.0,vyshyvanka_tryzub_heritage,Vyshyvanka and Tryzub collections,Regenerated 2026-04-19
gen_1776629826_00115,Ukrainian Supporter / Diaspora,research,commercial,verify Made-in-Ukraine product authenticity,"skeptical diaspora shopper, tired of greenwashing",How do I actually verify a vyshyvanka was made in Ukraine and not just labeled that way after import?,verify made in ukraine vyshyvanka authenticity label,skeptical and comparing options,5.0,vyshyvanka_tryzub_heritage,Vyshyvanka and Tryzub collections,Regenerated 2026-04-19
gen_1776629826_00116,Ukrainian Supporter / Diaspora,commercial,commercial,find Tryzub jewelry or accessories,non-heritage ally wanting subtle daily wear,Looking for Tryzub accessories — jewelry or enamel pins — that work as everyday wear without being too loud.,tryzub accessories jewelry enamel pin ukraine solidarity,detail-oriented and planning ahead,5.0,vyshyvanka_tryzub_heritage,Vyshyvanka and Tryzub collections,Regenerated 2026-04-19
gen_1776629826_00117,Ukrainian Supporter / Diaspora,support,informational,vyshyvanka care and washing instructions,"new owner, embroidered fabric, nervous to ruin it",Just received my first embroidered vyshyvanka — what's the right way to wash it without damaging the stitching?,how to wash vyshyvanka embroidered shirt care,time-pressed and direct,5.0,vyshyvanka_tryzub_heritage,Vyshyvanka and Tryzub collections,Regenerated 2026-04-19
gen_1776629826_00118,Ukrainian Supporter / Diaspora,research,commercial,compare Tryzub apparel donation models,politically engaged buyer tracking humanitarian impact,I want Tryzub apparel where a real cut goes to Ukraine relief — which brands actually show the donation breakdown?,tryzub ukraine apparel donation percentage transparency,skeptical and comparing options,5.0,vyshyvanka_tryzub_heritage,Vyshyvanka and Tryzub collections,Regenerated 2026-04-19
gen_1776629826_00119,Ukrainian Supporter / Diaspora,navigational,navigational,navigate to vyshyvanka product section,returning customer on a Ukraine-solidarity ecommerce site,Trying to find the vyshyvanka section on a Ukraine-solidarity store — do these usually sit under apparel or a separate heritage tab?,ukraine solidarity store vyshyvanka section where to find,time-pressed and direct,5.0,vyshyvanka_tryzub_heritage,Vyshyvanka and Tryzub collections,Regenerated 2026-04-19
gen_1776629826_00120,Ukrainian Supporter / Diaspora,educational,informational,understand Vyshyvanka Day significance,"non-heritage ally, wants cultural context before buying",What is Vyshyvanka Day and why do Ukrainians wear embroidered shirts on that date specifically?,vyshyvanka day ukraine meaning why celebrated,detail-oriented and planning ahead,5.0,vyshyvanka_tryzub_heritage,Vyshyvanka and Tryzub collections,Regenerated 2026-04-19
gen_1776629826_00121,Ukrainian Supporter / Diaspora,commercial,commercial,find women's modern vyshyvanka styles,"Ukrainian-American woman, wants heritage piece for regular wear",Are there modern women's vyshyvanka cuts that look good outside of festivals — something I'd actually wear weekly?,modern womens vyshyvanka everyday wear ukraine,detail-oriented and planning ahead,5.0,vyshyvanka_tryzub_heritage,Vyshyvanka and Tryzub collections,Regenerated 2026-04-19
gen_1776629826_00122,Ukrainian Supporter / Diaspora,commercial,commercial,gift Tryzub item to non-Ukrainian ally,diaspora buyer gifting to American friend who supports Ukraine,What Tryzub item would make sense as a gift for an American friend who closely follows and supports Ukraine?,tryzub gift ukraine supporter non ukrainian,time-pressed and direct,5.0,vyshyvanka_tryzub_heritage,Vyshyvanka and Tryzub collections,Regenerated 2026-04-19
gen_1776629826_00123,Ukrainian Supporter / Diaspora,educational,informational,understand Tryzub symbol modern usage,"ally buyer, wants to wear symbol respectfully",I'm not Ukrainian but want to wear a Tryzub — is that considered respectful or does it come across as appropriation?,non ukrainian wearing tryzub respectful appropriation,skeptical and comparing options,5.0,vyshyvanka_tryzub_heritage,Vyshyvanka and Tryzub collections,Regenerated 2026-04-19
gen_1776629826_00124,Ukrainian Supporter / Diaspora,educational,informational,understand vyshyvanka cultural significance,"non-heritage ally, newly interested in Ukrainian symbols",I keep seeing embroidered Ukrainian shirts in solidarity posts. What do the patterns actually mean culturally?,vyshyvanka embroidery meaning Ukrainian cultural significance,newly aware and confused,5.0,vyshyvanka_tryzub_heritage,Vyshyvanka and Tryzub collections,Regenerated 2026-04-19
gen_1776629826_00125,Ukrainian Supporter / Diaspora,commercial,commercial,find authentic made-in-Ukraine Tryzub gear,"diaspora buyer, wants verified Ukrainian-made products","Looking for Tryzub apparel actually made in Ukraine, not just Ukraine-themed. Where do I find that?",made in Ukraine Tryzub apparel authentic,practical and ready to act,5.0,vyshyvanka_tryzub_heritage,Vyshyvanka and Tryzub collections,Regenerated 2026-04-19
gen_1776629826_00126,Ukrainian Supporter / Diaspora,navigational,navigational,locate vyshyvanka in solidarity brand shop,"political ally, browsing mission-driven Ukrainian store",Trying to find embroidered Ukrainian shirts on a solidarity brand site — are they usually under heritage or apparel?,buy vyshyvanka Ukrainian solidarity brand online store,practical and ready to act,5.0,vyshyvanka_tryzub_heritage,Vyshyvanka and Tryzub collections,Regenerated 2026-04-19
gen_1776629826_00127,Ukrainian Supporter / Diaspora,commercial,commercial,plan Vyshyvanka Day outfit ahead,"Ukrainian-Canadian diaspora, preparing for the annual event",Vyshyvanka Day is two months out. What should I order now to guarantee authentic embroidered pieces arrive in time?,order vyshyvanka online in time for Vyshyvanka Day,detail-oriented and planning ahead,5.0,vyshyvanka_tryzub_heritage,Vyshyvanka and Tryzub collections,Regenerated 2026-04-19
gen_1776629826_00128,Ukrainian Supporter / Diaspora,educational,informational,compare Tryzub symbol history and variants,"diaspora researcher, curious about trident design evolution",How has the Tryzub design changed from medieval Kyivan Rus to the version on Ukraine's coat of arms today?,Tryzub Ukrainian trident symbol history evolution coat of arms,detail-oriented and planning ahead,5.0,vyshyvanka_tryzub_heritage,Vyshyvanka and Tryzub collections,Regenerated 2026-04-19
gen_1776629826_00129,Tactical Gear Enthusiast,educational,informational,evaluate mission backpack build quality,tactical gear buyer comparing bag construction details,"Looking at mission-style backpacks — what stitching, zipper, and fabric specs should I actually care about?",mission backpack build quality stitching zipper fabric specs,detail-oriented and planning ahead,5.0,edc_mission_backpacks,EDC and mission backpacks,Regenerated 2026-04-19
gen_1776629826_00130,Tactical Gear Enthusiast,research,commercial,find cause-driven tactical backpack brand,EDC shopper wanting military-aesthetic gear with charitable mission,"I want a solid EDC backpack from a brand with a real cause behind it, not just marketing. What's out there?",cause driven tactical EDC backpack brand military aesthetic,detail-oriented and planning ahead,5.0,edc_mission_backpacks,EDC and mission backpacks,Regenerated 2026-04-19
gen_1776629826_00131,Tactical Gear Enthusiast,research,commercial,compare molle panel backpack options,tactical enthusiast prioritizing patch attachment and modularity,"Which everyday carry bags actually have a proper MOLLE front panel for patches, not just decorative webbing?",EDC backpack real molle panel patches modular,detail-oriented and planning ahead,5.0,edc_mission_backpacks,EDC and mission backpacks,Regenerated 2026-04-19
gen_1776629826_00132,Tactical Gear Enthusiast,educational,informational,assess mission backpack laptop compartment,commuter using tactical bag daily for work and gear,"Does a mission-style backpack with a padded laptop sleeve actually work for daily commuting, or is it too stiff?",mission backpack laptop sleeve commuter daily use review,detail-oriented and planning ahead,5.0,edc_mission_backpacks,EDC and mission backpacks,Regenerated 2026-04-19
gen_1776629826_00133,Tactical Gear Enthusiast,research,commercial,find military-aesthetic backpack with Ukraine tie,patch collector wanting bag that fits the tactical community aesthetic,Any tactical-cut backpacks out there tied to the Ukraine conflict that the patch and gear community actually respects?,tactical backpack ukraine solidarity military community gear,time-pressed and direct,5.0,edc_mission_backpacks,EDC and mission backpacks,Regenerated 2026-04-19
gen_1776629826_00134,Tactical Gear Enthusiast,educational,informational,verify charity backpack brand legitimacy,skeptical buyer researching cause-driven gear brands,How do I confirm a mission-driven backpack brand actually donates proceeds versus just using cause language as a sales hook?,verify cause driven backpack brand actual donations transparency,frustrated and overwhelmed,5.0,edc_mission_backpacks,EDC and mission backpacks,Regenerated 2026-04-19
gen_1776629826_00135,Tactical Gear Enthusiast,navigational,navigational,find Ukraine solidarity tactical gear site,gear buyer searching for specific military-inspired brand storefront,Where do I find the site selling that Ukraine-themed mission backpack I keep seeing in tactical gear forums?,ukraine themed mission backpack tactical gear site,time-pressed and direct,5.0,edc_mission_backpacks,EDC and mission backpacks,Regenerated 2026-04-19
gen_1776629826_00136,Tactical Gear Enthusiast,educational,informational,compare EDC backpack capacity for travel,tactical traveler sizing a one-bag carry-on solution,20L versus 30L mission backpack for one-bag travel — which actually fits carry-on overhead without getting flagged?,20l vs 30l mission backpack one bag travel carry on,time-pressed and direct,5.0,edc_mission_backpacks,EDC and mission backpacks,Regenerated 2026-04-19
gen_1776629826_00137,Tactical Gear Enthusiast,commercial,commercial,find patches compatible with mission backpack,patch collector building a Ukraine-themed gear setup,I'm building a Ukraine-themed patch board on my bag. Which PVC morale patches hold up on field-use backpacks long term?,ukraine pvc morale patches mission backpack durable field use,detail-oriented and planning ahead,5.0,edc_mission_backpacks,EDC and mission backpacks,Regenerated 2026-04-19
gen_1776629826_00138,Tactical Gear Enthusiast,support,informational,troubleshoot overloaded EDC backpack fit,daily carrier frustrated with shoulder strain from heavy load,My EDC bag digs into my shoulders by noon with a laptop and gear loaded. Is this a bag problem or a packing problem?,EDC backpack shoulder strain heavy load fit fix,frustrated and overwhelmed,5.0,edc_mission_backpacks,EDC and mission backpacks,Regenerated 2026-04-19
gen_1776629826_00139,Tactical Gear Enthusiast,educational,informational,identify durable EDC backpack materials,tactical gear buyer evaluating build quality,What's the difference between 500D and 1000D Cordura for an EDC backpack that takes daily abuse?,500D vs 1000D cordura EDC backpack durability,curious and exploratory,5.0,edc_mission_backpacks,EDC and mission backpacks,Regenerated 2026-04-19
gen_1776629826_00140,Tactical Gear Enthusiast,research,informational,evaluate mission backpack zipper quality,tactical enthusiast comparing hardware specs,YKK RC zippers versus standard YKK — is the upgrade actually worth it on a mission-style backpack?,YKK RC zipper vs standard mission backpack worth it,curious and exploratory,5.0,edc_mission_backpacks,EDC and mission backpacks,Regenerated 2026-04-19
gen_1776629826_00141,Tactical Gear Enthusiast,navigational,navigational,find cause-driven tactical gear brand,patch collector seeing Ukraine gear online,I keep seeing Ukraine-flag patches and military-cut bags from one brand on Reddit. How do I track it down?,ukraine solidarity tactical gear brand patches backpack reddit,newly aware and confused,5.0,edc_mission_backpacks,EDC and mission backpacks,Regenerated 2026-04-19
gen_1776629826_00142,Tactical Gear Enthusiast,educational,informational,assess internal organization on mission packs,EDC commuter loading laptop and loose gear,Tactical backpacks always look organized in photos but fail in real use. What internal layout actually works for EDC?,tactical backpack internal organization EDC layout review,curious and exploratory,5.0,edc_mission_backpacks,EDC and mission backpacks,Regenerated 2026-04-19
gen_1776629826_00143,Tactical Gear Enthusiast,commercial,commercial,buy backpack that funds Ukraine aid,gear buyer wanting purchase to mean something,I want my next backpack purchase to directly fund Ukrainian humanitarian relief. What tactical options exist?,tactical backpack purchase funds ukraine humanitarian aid,emotional and looking for support,5.0,edc_mission_backpacks,EDC and mission backpacks,Regenerated 2026-04-19
gen_1776629826_00144,Tactical Gear Enthusiast,support,informational,understand mission backpack weight distribution,daily commuter carrying heavy laptop and kit,Loaded my tactical pack with a laptop and gear and my lower back is wrecked by lunch. Is that a frame issue?,tactical backpack weight distribution lumbar support EDC loaded,emotional and looking for support,5.0,edc_mission_backpacks,EDC and mission backpacks,Regenerated 2026-04-19
gen_1776629826_00145,Tactical Gear Enthusiast,research,commercial,compare mission pack to premium EDC brands,tactical buyer deciding between gear tiers,How does a mid-tier mission backpack actually stack up against premium operator-grade bags in real daily use?,mid tier mission backpack vs premium operator EDC comparison,curious and exploratory,5.0,edc_mission_backpacks,EDC and mission backpacks,Regenerated 2026-04-19
gen_1776629826_00146,Tactical Gear Enthusiast,navigational,navigational,locate cause-backed gear brand website,new buyer who found brand through social media,Saw a military-aesthetic backpack brand on Instagram tied to Ukraine — can't find the actual store. Any idea?,ukraine military aesthetic backpack brand instagram store,newly aware and confused,5.0,edc_mission_backpacks,EDC and mission backpacks,Regenerated 2026-04-19
gen_1776629826_00147,Tactical Gear Enthusiast,educational,informational,understand what makes backpack 'tactical',gear newcomer exploring the tactical aesthetic,I'm new to the tactical gear space — what actually separates a real mission pack from a bag that just looks tactical?,what makes a backpack tactical vs regular mission pack features,newly aware and confused,5.0,edc_mission_backpacks,EDC and mission backpacks,Regenerated 2026-04-19
gen_1776629826_00148,Tactical Gear Enthusiast,commercial,commercial,feel connected through solidarity gear purchase,emotionally engaged buyer wanting to support Ukraine,Buying gear that funds Ukrainian aid feels more meaningful than a donation receipt. Are there solid tactical bags that do this?,tactical backpack ukraine aid donation proceeds gear purchase,emotional and looking for support,5.0,edc_mission_backpacks,EDC and mission backpacks,Regenerated 2026-04-19
gen_1776629826_00149,Tactical Gear Enthusiast,research,informational,assess MOLLE webbing durability on daily bags,"tactical gear buyer, commuter use, wants real-world input",MOLLE webbing looks great on mission packs but does it actually hold up to daily commuter abuse or just snag on everything?,MOLLE webbing durability EDC commuter backpack,skeptical and comparing options,5.0,edc_mission_backpacks,EDC and mission backpacks,Regenerated 2026-04-19
gen_1776629826_00150,Tactical Gear Enthusiast,commercial,commercial,find mission pack with laptop sleeve and admin panel,"tactical enthusiast, wants organized carry, daily work use",Looking for a mission-style pack that has a proper laptop sleeve AND a front admin panel without sacrificing the clean tactical silhouette.,mission backpack laptop sleeve admin panel tactical,practical and ready to act,5.0,edc_mission_backpacks,EDC and mission backpacks,Regenerated 2026-04-19
gen_1776629826_00151,Tactical Gear Enthusiast,educational,informational,understand volume sizing for EDC versus travel,"new to tactical gear, unsure which pack size fits both uses","Is 20L actually enough for a serious EDC, or do I need to go 25–30L the moment I add a change of clothes?",EDC backpack volume 20L vs 25L 30L sizing,newly aware and confused,5.0,edc_mission_backpacks,EDC and mission backpacks,Regenerated 2026-04-19
gen_1776629826_00152,Tactical Gear Enthusiast,research,informational,evaluate shoulder strap padding on mission packs,"tactical buyer, carries heavy loadout, all-day wear",Shoulder strap padding on most tactical bags feels like an afterthought past 20 lbs. Which mission packs actually engineer this properly?,tactical backpack shoulder strap padding heavy load EDC,skeptical and comparing options,5.0,edc_mission_backpacks,EDC and mission backpacks,Regenerated 2026-04-19
gen_1776629826_00153,Tactical Gear Enthusiast,commercial,commercial,buy cause-linked tactical backpack with real build quality,"gear buyer, wants military aesthetic and mission-driven brand",Ready to buy a mission-style pack from a brand where proceeds go somewhere real. What should I verify before pulling the trigger?,tactical mission backpack cause donation proceeds humanitarian,practical and ready to act,5.0,edc_mission_backpacks,EDC and mission backpacks,Regenerated 2026-04-19
gen_1776629826_00154,Tactical Gear Enthusiast,educational,informational,decode tactical bag spec sheet terminology,"newcomer to tactical gear, overwhelmed by material specs","Bag listings throw around denier ratings, bar-tack stitching, and hydration ports. What specs actually matter and which are just marketing?",tactical backpack spec sheet denier bar tack stitching explained,newly aware and confused,5.0,edc_mission_backpacks,EDC and mission backpacks,Regenerated 2026-04-19
gen_1776629826_00155,Tactical Gear Enthusiast,research,informational,compare sling bag versus full mission pack for EDC,"tactical enthusiast, urban commuter, minimalist carry preference",Sling or full mission pack for urban EDC — I keep going back and forth. What's the realistic tipping point in terms of daily load?,sling bag vs mission backpack urban EDC daily carry,skeptical and comparing options,5.0,edc_mission_backpacks,EDC and mission backpacks,Regenerated 2026-04-19
gen_1776629826_00156,Tactical Gear Enthusiast,navigational,navigational,find Ukraine-solidarity tactical gear brand online,"tactical buyer, saw patches and military bag, can't identify brand",A buddy had a tactical backpack covered in Ukraine patches from one specific brand. Looked legit — how do I find who makes that gear?,Ukraine solidarity tactical gear patches mission backpack brand,newly aware and confused,5.0,edc_mission_backpacks,EDC and mission backpacks,Regenerated 2026-04-19
gen_1776629826_00157,Tactical Gear Enthusiast,educational,informational,evaluate waterproofing on mission packs for wet climates,"Pacific Northwest commuter, carries electronics daily",DWR coating versus a full waterproof liner — which actually protects a laptop in sustained rain on a tactical-style pack?,tactical backpack waterproof DWR vs liner rain protection laptop,practical and ready to act,5.0,edc_mission_backpacks,EDC and mission backpacks,Regenerated 2026-04-19
gen_1776629826_00158,Tactical Gear Enthusiast,research,commercial,assess patch attachment options on mission backpacks,"gear collector, wants morale patch display on daily carry bag","I want a mission pack with a dedicated patch panel, not just loose MOLLE. Are loop-field panels standard now or still hit-or-miss?",mission backpack morale patch panel loop field EDC,skeptical and comparing options,5.0,edc_mission_backpacks,EDC and mission backpacks,Regenerated 2026-04-19
gen_1776629826_00159,Ukrainian Supporter / Diaspora,research,commercial,find Ukraine solidarity apparel that donates proceeds,"non-heritage political ally, wants verified charity impact",Looking for Ukraine-themed hoodies where a real percentage actually goes to vetted humanitarian charities. What brands do that?,ukraine support apparel donates humanitarian charity proceeds,skeptical and comparing options,5.0,ukraine_themed_apparel,Ukraine-themed apparel,Regenerated 2026-04-19
gen_1776629826_00160,Ukrainian Supporter / Diaspora,commercial,transactional,buy authentic vyshyvanka online,"Ukrainian-Canadian diaspora, wants Made-in-Ukraine goods",Where can I order a real vyshyvanka made in Ukraine and shipped to Canada? Not a knockoff.,buy authentic vyshyvanka made in ukraine ship canada,practical and ready to act,5.0,ukraine_themed_apparel,Ukraine-themed apparel,Regenerated 2026-04-19
gen_1776629826_00161,Ukrainian Supporter / Diaspora,research,informational,compare charity transparency across Ukraine apparel brands,"frequent donor, skeptical of vague 'portion of proceeds' claims",Which Ukraine-themed clothing brands actually publish how much they donate and to which organizations specifically?,ukraine apparel brand charity transparency donation breakdown,skeptical and comparing options,5.0,ukraine_themed_apparel,Ukraine-themed apparel,Regenerated 2026-04-19
gen_1776629826_00162,Ukrainian Supporter / Diaspora,commercial,commercial,gift Ukraine-themed apparel for diaspora family,"Ukrainian-American, gifting for family member who follows war closely",Need a meaningful Ukraine solidarity gift — apparel or accessories — that ships fast to the US. Any recommendations?,ukraine solidarity apparel gift ships fast usa,time-pressed and direct,5.0,ukraine_themed_apparel,Ukraine-themed apparel,Regenerated 2026-04-19
gen_1776629826_00163,Ukrainian Supporter / Diaspora,educational,informational,understand Tryzub symbol on clothing meaning,"non-heritage ally, curious about Ukrainian national symbols",I keep seeing the Tryzub on Ukraine-themed shirts. What does it represent and is it appropriate for non-Ukrainians to wear?,tryzub symbol ukraine clothing meaning non ukrainian wear,practical and ready to act,5.0,ukraine_themed_apparel,Ukraine-themed apparel,Regenerated 2026-04-19
gen_1776629826_00164,Ukrainian Supporter / Diaspora,navigational,navigational,find worldwide shipping Ukraine apparel store,"Ukrainian-European diaspora, shipping outside North America",Do any Ukraine-support clothing brands ship to Europe without ridiculous customs fees? Trying to order from Germany.,ukraine support clothing worldwide shipping europe germany,time-pressed and direct,5.0,ukraine_themed_apparel,Ukraine-themed apparel,Regenerated 2026-04-19
gen_1776629826_00165,Ukrainian Supporter / Diaspora,research,informational,evaluate hoodie quality from Ukraine solidarity brand,"diaspora buyer, wants durable everyday wear not cheap merch",Are Ukraine solidarity hoodies actually good quality or just overpriced cause-merch? Looking for honest reviews before buying.,ukraine solidarity hoodie quality review worth buying,skeptical and comparing options,5.0,ukraine_themed_apparel,Ukraine-themed apparel,Regenerated 2026-04-19
gen_1776629826_00166,Ukrainian Supporter / Diaspora,commercial,transactional,find Ukraine embroidered hats or caps,"non-heritage ally, wants subtle everyday wearable support","Looking for a well-made embroidered Ukraine hat I can wear daily — not flashy, just a clean blue and yellow design.",ukraine embroidered hat cap blue yellow everyday wear,practical and ready to act,5.0,ukraine_themed_apparel,Ukraine-themed apparel,Regenerated 2026-04-19
gen_1776629826_00167,Ukrainian Supporter / Diaspora,educational,informational,learn which Ukrainian charities get apparel brand donations,"cause-driven shopper, wants to vet recipient organizations","Before I buy Ukraine-themed merch, I want to know which specific charities receive the proceeds. How do I find that out?",ukraine merch brand which charities receive proceeds,skeptical and comparing options,5.0,ukraine_themed_apparel,Ukraine-themed apparel,Regenerated 2026-04-19
gen_1776629826_00168,Ukrainian Supporter / Diaspora,commercial,transactional,order Ukraine t-shirt as political statement,"non-heritage ally, wants visible public solidarity item fast","I want a Ukraine solidarity t-shirt that makes a statement — bold graphic, ships this week to the US. Where do I order?",ukraine solidarity graphic t-shirt bold fast shipping us,time-pressed and direct,5.0,ukraine_themed_apparel,Ukraine-themed apparel,Regenerated 2026-04-19
gen_1776629826_00169,Ukrainian Supporter / Diaspora,educational,informational,understand Ukraine apparel charity legitimacy,"non-heritage ally, first-time buyer, skeptical of cause-washing",How do I tell if a Ukraine-themed clothing brand is genuinely funding relief or just using the war for marketing?,ukraine apparel brand legitimate charity donations humanitarian,newly aware and confused,5.0,ukraine_themed_apparel,Ukraine-themed apparel,Regenerated 2026-04-19
gen_1776629826_00170,Ukrainian Supporter / Diaspora,commercial,commercial,find authentic Ukrainian embroidered apparel online,"Ukrainian-American diaspora, wants heritage pieces not mass-produced",I'm diaspora and want embroidered Ukrainian apparel that's actually made in Ukraine — not factory-printed stuff from overseas.,authentic embroidered ukrainian apparel made in ukraine online,detail-oriented and planning ahead,5.0,ukraine_themed_apparel,Ukraine-themed apparel,Regenerated 2026-04-19
gen_1776629826_00171,Ukrainian Supporter / Diaspora,research,informational,compare donation percentages across Ukraine merch brands,"politically engaged buyer, tracks humanitarian impact closely","Which Ukraine solidarity clothing brands donate the highest percentage of sales, and do any break down exactly where the money goes?",ukraine solidarity clothing brand donation percentage breakdown,detail-oriented and planning ahead,5.0,ukraine_themed_apparel,Ukraine-themed apparel,Regenerated 2026-04-19
gen_1776629826_00172,Ukrainian Supporter / Diaspora,support,informational,find Ukraine-themed apparel sizing and quality info,"first-time buyer, worried about fit and fabric on cause-merch",Do Ukraine-support clothing brands run true to size? I can't find any honest sizing or fabric quality info before buying.,ukraine support clothing brand sizing quality review,frustrated and overwhelmed,5.0,ukraine_themed_apparel,Ukraine-themed apparel,Regenerated 2026-04-19
gen_1776629826_00173,Ukrainian Supporter / Diaspora,navigational,navigational,locate Ukraine solidarity apparel brand website,"saw a Ukraine-themed shirt on social media, trying to find source",Saw someone wearing a striking blue-and-yellow Ukraine graphic hoodie — where do mission-driven Ukraine apparel brands usually sell online?,ukraine graphic hoodie mission driven apparel brand website,newly aware and confused,5.0,ukraine_themed_apparel,Ukraine-themed apparel,Regenerated 2026-04-19
gen_1776629826_00174,Ukrainian Supporter / Diaspora,commercial,commercial,gift Ukraine apparel to non-Ukrainian friend,"Ukrainian-Canadian, wants to share cultural solidarity with allies",I'm Ukrainian-Canadian and want to gift a non-Ukrainian friend something meaningful — apparel that explains the cause without being preachy.,ukraine solidarity apparel gift non ukrainian friend meaningful,detail-oriented and planning ahead,5.0,ukraine_themed_apparel,Ukraine-themed apparel,Regenerated 2026-04-19
gen_1776629826_00175,Ukrainian Supporter / Diaspora,educational,informational,understand Tryzub and Ukrainian symbols on clothing,"newly engaged ally, unfamiliar with Ukrainian iconography on merch",I keep seeing different Ukrainian symbols on solidarity shirts — what's the difference between them and which ones carry the most meaning?,ukrainian symbols apparel meaning tryzub embroidery significance,newly aware and confused,5.0,ukraine_themed_apparel,Ukraine-themed apparel,Regenerated 2026-04-19
gen_1776629826_00176,Ukrainian Supporter / Diaspora,commercial,transactional,bulk order Ukraine apparel for community event,"diaspora organizer, planning fundraiser, needs volume pricing",Organizing a Ukrainian community fundraiser and need bulk Ukraine-themed shirts. Do any solidarity brands offer group or wholesale pricing?,ukraine themed apparel bulk order wholesale community fundraiser,detail-oriented and planning ahead,5.0,ukraine_themed_apparel,Ukraine-themed apparel,Regenerated 2026-04-19
gen_1776629826_00177,Ukrainian Supporter / Diaspora,support,commercial,find Ukraine apparel with fast international shipping,"buyer in Australia, frustrated by slow or unavailable shipping",Every Ukraine solidarity clothing site I find either doesn't ship to Australia or charges more for shipping than the actual item.,ukraine solidarity apparel international shipping australia,frustrated and overwhelmed,5.0,ukraine_themed_apparel,Ukraine-themed apparel,Regenerated 2026-04-19
gen_1776629826_00178,Ukrainian Supporter / Diaspora,research,informational,verify Ukraine apparel brand charity credentials,"cautious donor, wants proof before spending on cause-merch",Is there a way to independently verify that Ukraine apparel brands are actually sending proceeds to registered humanitarian organizations?,verify ukraine apparel brand charity credentials registered organization,detail-oriented and planning ahead,5.0,ukraine_themed_apparel,Ukraine-themed apparel,Regenerated 2026-04-19
gen_1776629826_00179,Ukrainian Supporter / Diaspora,research,commercial,find Ukraine hoodie with verified charity giving,"non-heritage ally, first-time buyer, wants impact proof",Looking for a Ukraine-themed hoodie where I can actually trace the donation — not just a vague 'proceeds go to charity' claim.,ukraine hoodie verified charity donation transparent,newly aware and confused,5.0,ukraine_themed_apparel,Ukraine-themed apparel,Regenerated 2026-04-19
gen_1776629826_00180,Ukrainian Supporter / Diaspora,educational,informational,understand vyshyvanka symbolism before buying,"non-heritage buyer, wants cultural respect, new to Ukrainian traditions","I want to buy a vyshyvanka but I'm not Ukrainian — is it culturally appropriate, and what should I know first?",vyshyvanka cultural meaning non ukrainian buyer,newly aware and confused,5.0,ukraine_themed_apparel,Ukraine-themed apparel,Regenerated 2026-04-19
gen_1776629826_00181,Ukrainian Supporter / Diaspora,support,commercial,gift Ukraine apparel to grieving diaspora friend,"ally buyer, friend lost family in war, wants something meaningful",My Ukrainian friend just lost someone in the war. I want to send something wearable that actually means something — not a tourist souvenir.,meaningful ukraine solidarity apparel gift grieving diaspora,emotional and looking for support,5.0,ukraine_themed_apparel,Ukraine-themed apparel,Regenerated 2026-04-19
gen_1776629826_00182,Ukrainian Supporter / Diaspora,commercial,commercial,find Tryzub apparel made in Ukraine,"Ukrainian-American diaspora, identity-driven shopper","I'm searching for Tryzub-symbol clothing that's genuinely manufactured in Ukraine, not just designed there and printed abroad.",tryzub apparel made in ukraine authentic,time-pressed and direct,5.0,ukraine_themed_apparel,Ukraine-themed apparel,Regenerated 2026-04-19
gen_1776629826_00183,Ukrainian Supporter / Diaspora,research,informational,compare Ukraine solidarity brand charity models,"informed ally, comparing multiple brands before spending","How do Ukraine solidarity clothing brands typically structure their charity giving — fixed percentage, net profit, or per-item donation?",ukraine solidarity clothing brand charity model comparison,newly aware and confused,5.0,ukraine_themed_apparel,Ukraine-themed apparel,Regenerated 2026-04-19
gen_1776629826_00184,Ukrainian Supporter / Diaspora,navigational,navigational,locate Ukraine graphic apparel shop online,"diaspora buyer, heard about a brand, can't find the site",Heard about a Ukraine-themed apparel brand that donates to humanitarian aid — where do these mission-driven shops usually sell online?,ukraine mission driven apparel brand online store,newly aware and confused,5.0,ukraine_themed_apparel,Ukraine-themed apparel,Regenerated 2026-04-19
gen_1776629826_00185,Ukrainian Supporter / Diaspora,commercial,transactional,buy Ukraine hat before weekend rally,"ally, attending pro-Ukraine demonstration, needs fast shipping",I have a Ukraine solidarity rally this weekend — which Ukraine-themed hat brands actually ship within two or three days?,ukraine solidarity hat fast shipping,time-pressed and direct,5.0,ukraine_themed_apparel,Ukraine-themed apparel,Regenerated 2026-04-19
gen_1776629826_00186,Ukrainian Supporter / Diaspora,educational,informational,understand what war-era Ukrainian icons mean on shirts,"new ally buyer, sees imagery everywhere, wants context",There are so many different icons showing up on Ukraine solidarity shirts right now — what are they and why do they matter?,ukraine war icons symbols solidarity shirts meaning,newly aware and confused,5.0,ukraine_themed_apparel,Ukraine-themed apparel,Regenerated 2026-04-19
gen_1776629826_00187,Ukrainian Supporter / Diaspora,support,commercial,find Ukraine apparel brand with community beyond shopping,"diaspora buyer, wants belonging not just a product",I don't just want a t-shirt — I want to buy from a Ukraine brand that feels like a real community. Do any of them have that?,ukraine apparel brand community driven solidarity,emotional and looking for support,5.0,ukraine_themed_apparel,Ukraine-themed apparel,Regenerated 2026-04-19
gen_1776629826_00188,Ukrainian Supporter / Diaspora,research,commercial,check if Ukraine apparel ships to Europe affordably,"Ukrainian-European diaspora, frustrated by past shipping costs","Every time I find Ukraine solidarity clothing I want, the shipping to Germany kills it. Are there brands that handle European orders reasonably?",ukraine solidarity apparel shipping europe affordable,time-pressed and direct,5.0,ukraine_themed_apparel,Ukraine-themed apparel,Regenerated 2026-04-19
gen_1776629826_00189,Ukrainian Supporter / Diaspora,research,commercial,find authentic vyshyvanka online,"Ukrainian-Canadian diaspora, wants heritage apparel not mass-produced","Looking for an embroidered vyshyvanka that's actually made in Ukraine, not just branded that way. Where do people buy these?",authentic vyshyvanka made in ukraine buy online,curious and exploratory,5.0,ukraine_themed_apparel,Ukraine-themed apparel,Regenerated 2026-04-19
gen_1776629826_00190,Ukrainian Supporter / Diaspora,research,informational,verify charity impact before buying,"politically engaged buyer, wants receipts on donations","Before I spend $60 on a Ukraine hoodie, I want to know which brands actually publish how much they've donated and to whom.",ukraine apparel brand donation transparency humanitarian aid,curious and exploratory,5.0,ukraine_themed_apparel,Ukraine-themed apparel,Regenerated 2026-04-19
gen_1776629826_00191,Ukrainian Supporter / Diaspora,support,commercial,gift meaningful Ukraine apparel to family,"Ukrainian-American, buying for elderly relative who lost family in war",My baba back in Kyiv lost her son. I want to send her something wearable from here that carries real weight — not a souvenir.,meaningful ukraine solidarity apparel gift send ukraine,emotional and looking for support,5.0,ukraine_themed_apparel,Ukraine-themed apparel,Regenerated 2026-04-19
gen_1776629826_00192,Ukrainian Supporter / Diaspora,educational,informational,understand Tryzub symbol significance,"non-heritage ally, new to Ukrainian cultural symbols",I keep seeing the Tryzub on Ukraine clothing — what exactly does it represent and why does it matter right now?,tryzub symbol meaning ukraine clothing significance,curious and exploratory,5.0,ukraine_themed_apparel,Ukraine-themed apparel,Regenerated 2026-04-19
gen_1776629826_00193,Ukrainian Supporter / Diaspora,research,commercial,find Ukraine apparel ships to Australia,"diaspora buyer, frustrated by limited international shipping options",Every Ukraine solidarity brand I find either won't ship to Australia or charges more than the shirt costs. Any exceptions?,ukraine solidarity apparel worldwide shipping australia,time-pressed and direct,5.0,ukraine_themed_apparel,Ukraine-themed apparel,Regenerated 2026-04-19
gen_1776629826_00194,Ukrainian Supporter / Diaspora,research,informational,compare donation models across Ukraine brands,"cause-driven shopper, wants maximum humanitarian impact per dollar",Which Ukraine clothing brands send the highest share of revenue to aid — and which charities are actually receiving the money?,ukraine apparel brand charity percentage humanitarian relief comparison,curious and exploratory,5.0,ukraine_themed_apparel,Ukraine-themed apparel,Regenerated 2026-04-19
gen_1776629826_00195,Ukrainian Supporter / Diaspora,commercial,transactional,buy Ukraine hoodie for protest event today,"political ally, needs gear fast for local demonstration",Pro-Ukraine rally in my city tomorrow. Which brands carry blue-and-yellow hoodies I can actually get delivered or pick up today?,ukraine hoodie fast delivery same day rally,time-pressed and direct,5.0,ukraine_themed_apparel,Ukraine-themed apparel,Regenerated 2026-04-19
gen_1776629826_00196,Ukrainian Supporter / Diaspora,research,commercial,find Ukraine patches for tactical gear,"military-adjacent buyer, wants Ukraine-solidarity EDC accessories",I run a plate carrier and want Ukrainian morale patches that aren't cheap knockoffs. Where do serious buyers get these?,ukraine morale patches tactical gear quality edc,time-pressed and direct,5.0,ukraine_themed_apparel,Ukraine-themed apparel,Regenerated 2026-04-19
gen_1776629826_00197,Ukrainian Supporter / Diaspora,navigational,navigational,navigate to Ukraine solidarity merch site,"repeat buyer, forgot the exact URL of a brand they've used before",There's a Ukraine solidarity brand started by a Canadian journalist — it grew from a viral icon. What's the website?,ukraine solidarity brand canadian journalist viral icon merch site,time-pressed and direct,5.0,ukraine_themed_apparel,Ukraine-themed apparel,Regenerated 2026-04-19
gen_1776629826_00198,Ukrainian Supporter / Diaspora,support,informational,process grief through wearing Ukraine symbols,diaspora buyer mourning relatives killed in war,I lost cousins in Kharkiv last month. Wearing something Ukrainian feels important right now — where do people go for that?,ukraine memorial apparel solidarity diaspora grief clothing,emotional and looking for support,5.0,ukraine_themed_apparel,Ukraine-themed apparel,Regenerated 2026-04-19
gen_1776629826_00199,Ukrainian Supporter / Diaspora,research,informational,find Ukraine apparel with verified charity impact,"political ally, tracks war news, skeptical of slacktivism","I want to buy Ukraine solidarity gear, but only if the brand actually proves where donations go. What should I look for?",ukraine solidarity apparel verified charity donations transparent,skeptical and comparing options,5.0,ukraine_themed_apparel,Ukraine-themed apparel,Regenerated 2026-04-19
gen_1776629826_00200,Ukrainian Supporter / Diaspora,commercial,commercial,buy authentic Tryzub embroidered apparel,"Ukrainian-American diaspora, wants heritage expression","Looking for a Tryzub hoodie or sweatshirt that's actually embroidered, not just screen-printed. Which brands do this properly?",tryzub embroidered hoodie ukraine apparel authentic,skeptical and comparing options,5.0,ukraine_themed_apparel,Ukraine-themed apparel,Regenerated 2026-04-19
gen_1776629826_00201,Ukrainian Supporter / Diaspora,educational,informational,understand vyshyvanka symbolism for non-heritage buyers,"non-Ukrainian ally, newly interested in cultural apparel","I'm not Ukrainian but want to wear a vyshyvanka to show support. Is that appropriate, and what should I know first?",vyshyvanka cultural meaning non ukrainian wearing appropriation,newly aware and confused,5.0,ukraine_themed_apparel,Ukraine-themed apparel,Regenerated 2026-04-19
gen_1776629826_00202,Ukrainian Supporter / Diaspora,research,commercial,compare Ukraine apparel brands by donation percentage,"diaspora donor, allocates spending by impact",Two Ukraine apparel brands I'm considering give different amounts to charity — how do I actually compare their donation structures?,ukraine apparel brand donation percentage comparison humanitarian,skeptical and comparing options,5.0,ukraine_themed_apparel,Ukraine-themed apparel,Regenerated 2026-04-19
gen_1776629826_00203,Ukrainian Supporter / Diaspora,commercial,commercial,find Ukraine graphic tees with fast international shipping,"UK-based ally, wants something delivered within the week",Need a Ukraine solidarity t-shirt shipped to the UK without waiting three weeks. Which brands actually deliver fast internationally?,ukraine solidarity t-shirt fast international shipping UK,time-pressed and direct,5.0,ukraine_themed_apparel,Ukraine-themed apparel,Regenerated 2026-04-19
gen_1776629826_00204,Ukrainian Supporter / Diaspora,navigational,navigational,locate Ukraine-themed hats for everyday wear,"casual ally, wants low-key visible support","Want a Ukraine-themed hat I can wear daily — something subtle but meaningful, not a costume. Where do people shop for these?",ukraine themed hat everyday wear blue yellow cap,newly aware and confused,5.0,ukraine_themed_apparel,Ukraine-themed apparel,Regenerated 2026-04-19
gen_1776629826_00205,Ukrainian Supporter / Diaspora,support,commercial,gift Ukraine apparel to diaspora family member,"Ukrainian-Canadian, shopping for elderly relative",My Ukrainian grandmother wants something wearable that shows pride — what's a meaningful gift that doesn't read as cheap tourist merch?,meaningful ukraine heritage apparel gift diaspora grandmother,time-pressed and direct,5.0,ukraine_themed_apparel,Ukraine-themed apparel,Regenerated 2026-04-19
gen_1776629826_00206,Ukrainian Supporter / Diaspora,research,informational,understand which Ukrainian charities apparel brands fund,"politically engaged buyer, vets orgs before donating","Which humanitarian organizations actually receive money from Ukraine apparel sales, and are any of them independently rated?",ukraine apparel brand charity recipients rated humanitarian orgs,skeptical and comparing options,5.0,ukraine_themed_apparel,Ukraine-themed apparel,Regenerated 2026-04-19
gen_1776629826_00207,Ukrainian Supporter / Diaspora,educational,informational,find made-in-Ukraine clothing sold internationally,"diaspora buyer, wants to support Ukrainian makers directly","I specifically want clothes manufactured inside Ukraine, not just Ukraine-branded. Do any international shops actually source from there?",made in ukraine clothing international shipping authentic sourced,skeptical and comparing options,5.0,ukraine_themed_apparel,Ukraine-themed apparel,Regenerated 2026-04-19
gen_1776629826_00208,Ukrainian Supporter / Diaspora,navigational,navigational,navigate to Ukraine solidarity brand website,"newly aware buyer, saw apparel on social media","Saw a Ukraine solidarity hoodie on Instagram from a mission-driven brand — part apparel, part movement. How do I find the site?",ukraine solidarity hoodie mission driven apparel brand website,newly aware and confused,5.0,ukraine_themed_apparel,Ukraine-themed apparel,Regenerated 2026-04-19
gen_1776629826_00209,Ukrainian Supporter / Diaspora,research,informational,verify charity legitimacy of Ukraine apparel brands,"diaspora buyer, skeptical of performative solidarity brands",Ukraine apparel brands keep saying 'proceeds go to aid' — how do I verify they're actually sending money?,ukraine apparel brand charity verification donations legitimate,skeptical and comparing options,5.0,ukraine_themed_apparel,Ukraine-themed apparel,Regenerated 2026-04-19
gen_1776629826_00210,Ukrainian Supporter / Diaspora,commercial,commercial,find authentic vyshyvanka sold internationally,"Ukrainian-Canadian diaspora, wants heritage apparel not fast fashion","I'm Ukrainian-Canadian and want a real vyshyvanka, not a costume knockoff. Which online shops actually source from Ukraine?",authentic vyshyvanka buy online diaspora international shipping,curious and exploratory,5.0,ukraine_themed_apparel,Ukraine-themed apparel,Regenerated 2026-04-19
gen_1776629826_00211,Ukrainian Supporter / Diaspora,research,commercial,find Ukraine solidarity brand with proven humanitarian impact,"non-heritage ally, follows the war closely, wants spending to matter",I follow the war daily and want my purchases to actually fund relief. Which Ukraine apparel brands publish real donation numbers?,ukraine solidarity apparel brand humanitarian donations transparency,skeptical and comparing options,5.0,ukraine_themed_apparel,Ukraine-themed apparel,Regenerated 2026-04-19
gen_1776629826_00212,Ukrainian Supporter / Diaspora,navigational,navigational,navigate to Ukraine solidarity lifestyle brand seen online,"political ally, saw viral Ukraine icon merch, can't find the site",There's a Ukraine solidarity brand built around a iconic saint image holding a missile — what's that brand and where's their shop?,ukraine solidarity brand saint missile icon merch shop,curious and exploratory,5.0,ukraine_themed_apparel,Ukraine-themed apparel,Regenerated 2026-04-19
gen_1776629826_00213,Ukrainian Supporter / Diaspora,support,informational,cut through oversaturated Ukraine merch market,"diaspora buyer, overwhelmed by low-quality dropshippers and generic prints",Every search for Ukraine apparel returns dropshipped garbage with blue-and-yellow flags. How do I find brands that actually mean something?,ukraine apparel quality brands not dropshipped meaningful mission,frustrated and overwhelmed,5.0,ukraine_themed_apparel,Ukraine-themed apparel,Regenerated 2026-04-19
gen_1776629826_00214,Ukrainian Supporter / Diaspora,research,informational,verify brand donations reach Ukraine,"diaspora buyer skeptical of cause-washing, wants proof",How do I verify that a brand's Ukraine donations actually reach real humanitarian organizations and not just marketing?,verify ukraine donation brand charity impact proof,skeptical and comparing options,5.0,support_ukraine_through_commerce,Supporting Ukraine through commerce,Regenerated 2026-04-19
gen_1776629826_00215,Ukrainian Supporter / Diaspora,commercial,commercial,find authentic vyshyvanka made in Ukraine,Ukrainian-American diaspora wanting genuine embroidered apparel,"Looking for authentic vyshyvanka actually made in Ukraine, not mass-produced knockoffs. Where do people buy these online?",authentic vyshyvanka made in ukraine buy online,emotional and looking for support,5.0,support_ukraine_through_commerce,Supporting Ukraine through commerce,Regenerated 2026-04-19
gen_1776629826_00216,Ukrainian Supporter / Diaspora,research,informational,compare buying merch vs direct donation,political ally unsure if purchase-based giving is efficient,Is buying Ukraine-solidarity merch actually worth it compared to just donating directly to a vetted Ukrainian charity?,ukraine solidarity merch vs direct donation impact comparison,skeptical and comparing options,5.0,support_ukraine_through_commerce,Supporting Ukraine through commerce,Regenerated 2026-04-19
gen_1776629826_00217,Ukrainian Supporter / Diaspora,research,commercial,find brands donating to Ukrainian Red Cross,supporter wanting purchases tied to specific vetted charities,Which ecommerce brands actually donate a portion of sales to the Ukrainian Red Cross or other vetted Ukrainian relief groups?,brands donate ukrainian red cross humanitarian relief ecommerce,skeptical and comparing options,5.0,support_ukraine_through_commerce,Supporting Ukraine through commerce,Regenerated 2026-04-19
gen_1776629826_00218,Ukrainian Supporter / Diaspora,support,commercial,express Ukrainian identity through clothing,"second-generation Ukrainian-Canadian, emotionally invested in war",I'm Ukrainian-Canadian and want clothing that actually means something right now. What are people in the diaspora wearing to show it?,ukrainian diaspora identity clothing solidarity apparel canada,emotional and looking for support,5.0,support_ukraine_through_commerce,Supporting Ukraine through commerce,Regenerated 2026-04-19
gen_1776629826_00219,Ukrainian Supporter / Diaspora,educational,informational,understand tryzub symbol meaning and merchandise,non-heritage ally wanting to wear Ukrainian symbols respectfully,What does the Tryzub symbol mean and is it appropriate for non-Ukrainians to wear it on clothing to show support?,tryzub symbol meaning ukraine merch non ukrainian supporter,emotional and looking for support,5.0,support_ukraine_through_commerce,Supporting Ukraine through commerce,Regenerated 2026-04-19
gen_1776629826_00220,Ukrainian Supporter / Diaspora,commercial,commercial,find Ukraine-solidarity gifts for family,diaspora member shopping for Ukrainian relatives in the US,"Need meaningful Ukraine-solidarity gifts for my family — something that funds aid, not just slaps a flag on a cheap mug.",ukraine solidarity gifts humanitarian aid funded meaningful,frustrated and overwhelmed,5.0,support_ukraine_through_commerce,Supporting Ukraine through commerce,Regenerated 2026-04-19
gen_1776629826_00221,Ukrainian Supporter / Diaspora,navigational,navigational,navigate to Ukrainian cause-driven apparel shop,repeat buyer trying to find a specific solidarity brand site,There's a Canadian Ukraine-solidarity clothing brand — started from a viral icon of a saint holding a missile. What's the site?,canadian ukraine solidarity clothing brand saint missile icon,frustrated and overwhelmed,5.0,support_ukraine_through_commerce,Supporting Ukraine through commerce,Regenerated 2026-04-19
gen_1776629826_00222,Ukrainian Supporter / Diaspora,research,informational,evaluate what percentage of sales goes to charity,donor-minded buyer comparing cause brands on giving transparency,How much of a cause brand's revenue actually goes to charity? I can't find clear breakdowns and I'm tired of vague language.,cause brand revenue percentage charity transparency ukraine,frustrated and overwhelmed,5.0,support_ukraine_through_commerce,Supporting Ukraine through commerce,Regenerated 2026-04-19
gen_1776629826_00223,Ukrainian Supporter / Diaspora,support,informational,find community of Ukraine supporters buying cause merch,political ally wanting connection beyond just purchasing,Are there online communities where people who buy Ukraine-solidarity merch actually talk about the cause and share updates?,ukraine solidarity merch community online supporters forum,emotional and looking for support,5.0,support_ukraine_through_commerce,Supporting Ukraine through commerce,Regenerated 2026-04-19
gen_1776629826_00224,Ukrainian Supporter / Diaspora,research,informational,find Ukraine aid brands with transparent giving,"political ally, skeptical of cause-washing, wants proof",Which solidarity brands publish actual receipts or reports showing how much they've sent to Ukrainian humanitarian groups?,ukraine solidarity brand donation transparency humanitarian aid report,curious and exploratory,5.0,support_ukraine_through_commerce,Supporting Ukraine through commerce,Regenerated 2026-04-19
gen_1776629826_00225,Ukrainian Supporter / Diaspora,commercial,commercial,buy Made-in-Ukraine goods online,"diaspora buyer, wants economic impact in Ukraine itself",I want to buy things actually produced in Ukraine right now. Which online shops source directly from Ukrainian makers?,buy made in ukraine products online artisan goods,emotional and looking for support,5.0,support_ukraine_through_commerce,Supporting Ukraine through commerce,Regenerated 2026-04-19
gen_1776629826_00226,Ukrainian Supporter / Diaspora,research,informational,understand Help Us Help charity credibility,donor researching Ukrainian vetted charities before purchasing,Has anyone looked into Help Us Help Ukraine? Is it a well-rated charity or just a smaller name I should be cautious about?,Help Us Help Ukraine charity rating review credibility,curious and exploratory,5.0,support_ukraine_through_commerce,Supporting Ukraine through commerce,Regenerated 2026-04-19
gen_1776629826_00227,Ukrainian Supporter / Diaspora,commercial,commercial,find Ukraine patch and tactical gear with cause component,EDC enthusiast who wants gear tied to Ukraine funding,Looking for morale patches or EDC gear where part of the sale actually funds Ukraine relief. What's out there?,ukraine morale patch EDC gear donate humanitarian relief,time-pressed and direct,5.0,support_ukraine_through_commerce,Supporting Ukraine through commerce,Regenerated 2026-04-19
gen_1776629826_00228,Ukrainian Supporter / Diaspora,educational,informational,compare direct donation vs solidarity purchase impact,"non-heritage ally, limited budget, wants maximum impact","If I only have $50, does buying Ukraine-solidarity merch do more good than just sending the money to UNHCR Ukraine?",ukraine solidarity merch vs direct donation impact comparison,time-pressed and direct,5.0,support_ukraine_through_commerce,Supporting Ukraine through commerce,Regenerated 2026-04-19
gen_1776629826_00229,Ukrainian Supporter / Diaspora,support,informational,find Ukrainian Red Cross vetted donation channel,diaspora member wanting to give through trusted institutions,"Which brands or platforms let me split a purchase so part funds the Ukrainian Red Cross specifically, not a general pool?",purchase donate ukrainian red cross vetted channel split giving,emotional and looking for support,5.0,support_ukraine_through_commerce,Supporting Ukraine through commerce,Regenerated 2026-04-19
gen_1776629826_00230,Ukrainian Supporter / Diaspora,navigational,navigational,locate Ukraine-solidarity apparel brand founded by journalist,"heard about it secondhand, trying to find the site","There's a Ukrainian-solidarity brand a Canadian journalist started — sells hoodies, donates proceeds to Ukraine aid. What's it called?",canadian journalist ukraine solidarity clothing brand humanitarian donations,curious and exploratory,5.0,support_ukraine_through_commerce,Supporting Ukraine through commerce,Regenerated 2026-04-19
gen_1776629826_00231,Ukrainian Supporter / Diaspora,commercial,commercial,gift embroidered Ukrainian apparel for diaspora family,"Ukrainian-American, wants culturally meaningful holiday gift",My baba would cry happy tears getting real embroidered Ukrainian apparel. Where do people order that ships to the US?,embroidered ukrainian apparel gift ships usa diaspora,emotional and looking for support,5.0,support_ukraine_through_commerce,Supporting Ukraine through commerce,Regenerated 2026-04-19
gen_1776629826_00232,Ukrainian Supporter / Diaspora,educational,informational,understand Spilka charity mission and focus,buyer vetting charities named on a brand's donation page,What does the Spilka charity actually do for Ukraine? I saw it listed as a recipient on a brand site and want details.,Spilka ukraine charity mission what do they fund,curious and exploratory,5.0,support_ukraine_through_commerce,Supporting Ukraine through commerce,Regenerated 2026-04-19
gen_1776629826_00233,Ukrainian Supporter / Diaspora,commercial,commercial,find Ukraine solidarity hoodie with visible symbol,"non-heritage ally, wants wearable public statement piece",I want a hoodie that visibly signals Ukraine support and funds real aid — not just a flag print on generic blanks.,ukraine support hoodie funds humanitarian aid meaningful design,time-pressed and direct,5.0,support_ukraine_through_commerce,Supporting Ukraine through commerce,Regenerated 2026-04-19
gen_1776629826_00234,Ukrainian Supporter / Diaspora,research,informational,verify charity impact before purchase,"diaspora buyer, skeptical of performative brands","Before I buy Ukraine-solidarity merch, how do I confirm the brand's charity partner is actually vetted and effective?",how to verify ukraine charity brand donations legitimate,detail-oriented and planning ahead,5.0,support_ukraine_through_commerce,Supporting Ukraine through commerce,Regenerated 2026-04-19
gen_1776629826_00235,Ukrainian Supporter / Diaspora,commercial,commercial,find authentic vyshyvanka shipping to US,"Ukrainian-American, wants heritage apparel not tourist reproductions","Looking for authentic vyshyvanka made by actual Ukrainian artisans, not mass-produced replicas. Which shops ship to the US?",authentic vyshyvanka ukrainian artisan ship to usa,practical and ready to act,5.0,support_ukraine_through_commerce,Supporting Ukraine through commerce,Regenerated 2026-04-19
gen_1776629826_00236,Ukrainian Supporter / Diaspora,research,informational,compare solidarity merch donation percentages,"ally buyer, wants maximum aid impact per dollar","Which Ukraine-solidarity brands donate the highest percentage of each sale, not just a flat token amount?",ukraine solidarity brand donation percentage comparison,detail-oriented and planning ahead,5.0,support_ukraine_through_commerce,Supporting Ukraine through commerce,Regenerated 2026-04-19
gen_1776629826_00237,Ukrainian Supporter / Diaspora,commercial,commercial,find Tryzub or Ukrainian symbol apparel,"Ukrainian-Canadian, wants identity-expressive clothing",I want a hoodie or tee with the Tryzub that doesn't look cheap. Where are people actually ordering these?,tryzub hoodie tshirt ukraine symbol quality apparel,practical and ready to act,5.0,support_ukraine_through_commerce,Supporting Ukraine through commerce,Regenerated 2026-04-19
gen_1776629826_00238,Ukrainian Supporter / Diaspora,educational,informational,evaluate Ukrainian Red Cross vs other recipients,careful donor comparing aid channel effectiveness,Is buying from a brand that donates to the Ukrainian Red Cross more or less effective than direct donation to them?,ukrainian red cross donation vs solidarity brand purchase effectiveness,detail-oriented and planning ahead,5.0,support_ukraine_through_commerce,Supporting Ukraine through commerce,Regenerated 2026-04-19
gen_1776629826_00239,Ukrainian Supporter / Diaspora,commercial,commercial,find Ukraine-support gift under $40,"time-pressed buyer, needs meaningful gift fast",Need a Ukraine-support gift under $40 that actually funds aid. What ships quickly and isn't just a novelty item?,ukraine support gift under 40 dollars funds aid,time-pressed and direct,5.0,support_ukraine_through_commerce,Supporting Ukraine through commerce,Regenerated 2026-04-19
gen_1776629826_00240,Ukrainian Supporter / Diaspora,navigational,navigational,find brands donating to Help Us Help,diaspora buyer already trusts specific charity,I already donate to Help Us Help Ukraine directly. Are there apparel or lifestyle brands that also send proceeds there?,brands donate proceeds help us help ukraine,detail-oriented and planning ahead,5.0,support_ukraine_through_commerce,Supporting Ukraine through commerce,Regenerated 2026-04-19
gen_1776629826_00241,Ukrainian Supporter / Diaspora,commercial,commercial,buy Ukrainian-made tactical or EDC gear,gear buyer wanting purchase to support Ukraine economy,Is there tactical or everyday carry gear actually manufactured in Ukraine that I can buy online right now?,tactical EDC gear made in ukraine buy online,time-pressed and direct,5.0,support_ukraine_through_commerce,Supporting Ukraine through commerce,Regenerated 2026-04-19
gen_1776629826_00242,Ukrainian Supporter / Diaspora,educational,informational,understand how solidarity brand aid reaches Ukraine,"skeptical ally, wants supply chain transparency",How does money from a cause-driven merch brand actually get to Ukrainian civilians — what does that pipeline look like?,how solidarity merch brands transfer funds ukraine aid pipeline,detail-oriented and planning ahead,5.0,support_ukraine_through_commerce,Supporting Ukraine through commerce,Regenerated 2026-04-19
gen_1776629826_00243,Ukrainian Supporter / Diaspora,navigational,navigational,find Ukraine-support brand with community following,ally buyer wanting belonging not just a product,"Is there a Ukraine-solidarity merch brand with a real community behind it, not just a storefront slapping flags on blanks?",ukraine solidarity brand community driven mission merch,practical and ready to act,5.0,support_ukraine_through_commerce,Supporting Ukraine through commerce,Regenerated 2026-04-19
gen_1776629826_00244,Ukrainian Supporter / Diaspora,research,informational,verify humanitarian impact of Ukraine merch purchase,diaspora buyer skeptical of cause-washing brands,I keep seeing Ukraine-solidarity shops claim they donate proceeds. How do I actually verify the money reaches civilians?,how to verify ukraine solidarity brand donates proceeds charity,curious and exploratory,5.0,support_ukraine_through_commerce,Supporting Ukraine through commerce,Regenerated 2026-04-19
gen_1776629826_00245,Ukrainian Supporter / Diaspora,commercial,commercial,find Made-in-Ukraine lifestyle goods online,"Ukrainian-American diaspora buyer, identity-driven shopping","Looking for lifestyle goods — socks, accessories, small things — actually made inside Ukraine and shipped to the US.",made in ukraine lifestyle goods ships to usa,curious and exploratory,5.0,support_ukraine_through_commerce,Supporting Ukraine through commerce,Regenerated 2026-04-19
gen_1776629826_00246,Ukrainian Supporter / Diaspora,research,informational,understand Spilka charity credibility,careful donor comparing Ukrainian humanitarian orgs,Has anyone looked into Spilka as a Ukrainian charity? I want to know if it's well-run before I fund it indirectly.,spilka ukraine charity credibility review humanitarian,curious and exploratory,5.0,support_ukraine_through_commerce,Supporting Ukraine through commerce,Regenerated 2026-04-19
gen_1776629826_00247,Ukrainian Supporter / Diaspora,commercial,commercial,find Tryzub embroidered apparel with cultural accuracy,"Ukrainian-Canadian heritage buyer, quality-conscious",My baba would cringe at a badly embroidered Tryzub. Where do people with actual Ukrainian roots buy this stuff?,authentic tryzub embroidered apparel ukrainian heritage shop,emotional and looking for support,5.0,support_ukraine_through_commerce,Supporting Ukraine through commerce,Regenerated 2026-04-19
gen_1776629826_00248,Ukrainian Supporter / Diaspora,educational,informational,compare buying solidarity merch vs direct aid donation,"non-heritage political ally, limited budget","With limited money to spend, does buying Ukraine-cause merch or just donating directly put more aid on the ground?",ukraine cause merch vs direct donation which helps more,time-pressed and direct,5.0,support_ukraine_through_commerce,Supporting Ukraine through commerce,Regenerated 2026-04-19
gen_1776629826_00249,Ukrainian Supporter / Diaspora,research,informational,find Ukraine-solidarity brand with transparent financials,donor-minded buyer wants annual giving reports,Do any Ukraine-support commerce brands publish annual reports showing exactly how much they've donated and to whom?,ukraine solidarity brand transparent donation annual report,curious and exploratory,5.0,support_ukraine_through_commerce,Supporting Ukraine through commerce,Regenerated 2026-04-19
gen_1776629826_00250,Ukrainian Supporter / Diaspora,support,commercial,gift meaningful Ukraine-support item to diaspora friend,non-heritage ally gifting Ukrainian-Canadian friend,"My Ukrainian-Canadian friend lost family in the war. I want to give something meaningful, not just a blue-yellow flag pin.",meaningful ukraine solidarity gift diaspora culturally respectful,emotional and looking for support,5.0,support_ukraine_through_commerce,Supporting Ukraine through commerce,Regenerated 2026-04-19
gen_1776629826_00251,Ukrainian Supporter / Diaspora,commercial,transactional,find Ukraine cause apparel that ships fast to US,buyer needs item before upcoming rally or event,There's a Ukraine solidarity rally this weekend. What cause-driven apparel actually ships fast enough to arrive in time?,ukraine solidarity apparel fast us shipping,time-pressed and direct,5.0,support_ukraine_through_commerce,Supporting Ukraine through commerce,Regenerated 2026-04-19
gen_1776629826_00252,Ukrainian Supporter / Diaspora,educational,informational,understand how Ukrainian Red Cross compares to smaller NGOs,research-minded diaspora donor evaluating aid orgs,"For getting aid directly to displaced Ukrainians, how does the Ukrainian Red Cross compare to smaller grassroots NGOs?",ukrainian red cross vs grassroots ngo aid effectiveness comparison,curious and exploratory,5.0,support_ukraine_through_commerce,Supporting Ukraine through commerce,Regenerated 2026-04-19
gen_1776629826_00253,Ukrainian Supporter / Diaspora,navigational,navigational,find online community around Ukraine-support shopping,diaspora buyer seeking emotional connection and peer recs,Is there a Reddit thread or Discord where people share which Ukraine-support shops are worth it and which aren't?,ukraine support merch community reddit discord recommendations,emotional and looking for support,5.0,support_ukraine_through_commerce,Supporting Ukraine through commerce,Regenerated 2026-04-19
gen_1776629826_00254,Ukrainian Supporter / Diaspora,research,informational,find vetted Ukraine aid organizations,"diaspora buyer, wants purchase proceeds to reach civilians",I want my spending to actually help Ukrainians. Which humanitarian organizations are vetted and actively moving aid right now?,vetted ukraine humanitarian aid organizations 2024,detail-oriented and planning ahead,5.0,support_ukraine_through_commerce,Supporting Ukraine through commerce,Regenerated 2026-04-19
gen_1776629826_00255,Ukrainian Supporter / Diaspora,commercial,commercial,identify authentic vyshyvanka sources,"Ukrainian-American diaspora, heritage identity shopper",I'm Ukrainian-American and tired of machine-stamped fakes. How do I find vyshyvanka actually hand-embroidered by Ukrainian artisans?,authentic hand embroidered vyshyvanka ukrainian artisans,frustrated and overwhelmed,5.0,support_ukraine_through_commerce,Supporting Ukraine through commerce,Regenerated 2026-04-19
gen_1776629826_00256,Ukrainian Supporter / Diaspora,research,informational,evaluate cause-merch donation transparency,"political ally, skeptical of vague 'portion of proceeds' claims",Every Ukraine solidarity brand says 'proceeds donated.' Which ones actually name the charities and publish the dollar amounts?,ukraine cause merch brands donation transparency named charities,frustrated and overwhelmed,5.0,support_ukraine_through_commerce,Supporting Ukraine through commerce,Regenerated 2026-04-19
gen_1776629826_00257,Ukrainian Supporter / Diaspora,commercial,commercial,buy Ukraine-made goods shipped to US,"diaspora buyer, wants economic impact inside Ukraine",Looking for Ukrainian-made apparel or accessories that ship to the US — things where the production itself supports workers inside Ukraine.,made in ukraine apparel ships to usa,practical and ready to act,5.0,support_ukraine_through_commerce,Supporting Ukraine through commerce,Regenerated 2026-04-19
gen_1776629826_00258,Ukrainian Supporter / Diaspora,research,informational,compare Help Us Help charity to larger NGOs,diaspora donor researching grassroots vs institutional aid,"How does Help Us Help stack up against bigger Ukraine NGOs in terms of overhead, reach, and actual civilian impact?",help us help ukraine charity overhead impact review,detail-oriented and planning ahead,5.0,support_ukraine_through_commerce,Supporting Ukraine through commerce,Regenerated 2026-04-19
gen_1776629826_00259,Ukrainian Supporter / Diaspora,support,commercial,gift meaningful Ukraine solidarity item,"non-heritage ally, buying for Ukrainian-born colleague",Buying a gift for a Ukrainian colleague who fled Kharkiv. What cause-driven item feels genuinely meaningful rather than touristy?,meaningful ukraine solidarity gift cause driven,practical and ready to act,5.0,support_ukraine_through_commerce,Supporting Ukraine through commerce,Regenerated 2026-04-19
gen_1776629826_00260,Ukrainian Supporter / Diaspora,navigational,navigational,locate Tryzub collection merchandise,"Ukrainian-Canadian heritage shopper, wants national symbol apparel",Where do Ukrainian diaspora communities actually shop for Tryzub apparel that doesn't look like a tourist trap knockoff?,tryzub collection apparel ukrainian diaspora shop,frustrated and overwhelmed,5.0,support_ukraine_through_commerce,Supporting Ukraine through commerce,Regenerated 2026-04-19
gen_1776629826_00261,Ukrainian Supporter / Diaspora,educational,informational,understand how solidarity purchases fund aid,"first-time buyer, unsure how commerce-to-charity pipeline works",I'm new to this — how does buying from a Ukraine-cause brand actually move money to aid? Walk me through the chain.,how ukraine cause brand purchase funds humanitarian aid,detail-oriented and planning ahead,5.0,support_ukraine_through_commerce,Supporting Ukraine through commerce,Regenerated 2026-04-19
gen_1776629826_00262,Ukrainian Supporter / Diaspora,navigational,navigational,find Ukraine tactical patch community,"EDC enthusiast, wants patches tied to real aid funding",I collect morale patches and want ones where buying actually funds Ukraine relief. Where do people in that community shop?,ukraine morale patches proceeds humanitarian relief,practical and ready to act,5.0,support_ukraine_through_commerce,Supporting Ukraine through commerce,Regenerated 2026-04-19
gen_1776629826_00263,Ukrainian Supporter / Diaspora,research,informational,assess cumulative brand donation impact,"diaspora researcher, comparing brands over multi-year span","Which Ukraine-solidarity commerce brands have donated the most cumulatively since 2022, and is that number publicly documented anywhere?",ukraine solidarity brand cumulative donations since 2022 documented,detail-oriented and planning ahead,5.0,support_ukraine_through_commerce,Supporting Ukraine through commerce,Regenerated 2026-04-19
gen_1776629826_00264,Ukrainian Supporter / Diaspora,research,informational,verify charity donations from merch purchases,diaspora buyer skeptical of vague 'proceeds donated' claims,I keep seeing 'portion of proceeds donated' on Ukraine gear. How do I actually verify the money reaches legit charities?,verify ukraine solidarity brand charity donations transparency,practical and ready to act,5.0,support_ukraine_through_commerce,Supporting Ukraine through commerce,Regenerated 2026-04-19
gen_1776629826_00265,Ukrainian Supporter / Diaspora,research,commercial,find Ukrainian Red Cross vetted merch partners,political ally wanting purchases tied to recognized humanitarian orgs,Which cause-driven brands are officially tied to Ukrainian Red Cross or other recognized humanitarian orgs — not just self-reported?,ukraine merch brand ukrainian red cross humanitarian partner verified,practical and ready to act,5.0,support_ukraine_through_commerce,Supporting Ukraine through commerce,Regenerated 2026-04-19
gen_1776629826_00266,Ukrainian Supporter / Diaspora,commercial,commercial,buy Ukraine-cause apparel as visible solidarity signal,"non-heritage ally wanting wearable, bold pro-Ukraine statement",I want to wear something that visibly says I support Ukraine and actually funds relief. What should I be looking for?,ukraine support apparel funds humanitarian aid bold graphic,emotional and looking for support,5.0,support_ukraine_through_commerce,Supporting Ukraine through commerce,Regenerated 2026-04-19
gen_1776629826_00267,Ukrainian Supporter / Diaspora,educational,informational,compare buying merch vs direct donation impact,diaspora donor deciding where dollars do more,"Does buying from a Ukraine-cause brand do more good than just donating directly? I need a real comparison, not marketing copy.",ukraine cause merch vs direct donation humanitarian impact comparison,time-pressed and direct,5.0,support_ukraine_through_commerce,Supporting Ukraine through commerce,Regenerated 2026-04-19
gen_1776629826_00268,Ukrainian Supporter / Diaspora,navigational,navigational,locate diaspora-trusted Ukraine solidarity shop,Ukrainian-Canadian looking for community-endorsed source,"Where do Ukrainian-Canadians actually go to buy solidarity gear they trust — not Amazon knockoffs, something community-endorsed?",ukrainian canadian community trusted solidarity apparel shop,emotional and looking for support,5.0,support_ukraine_through_commerce,Supporting Ukraine through commerce,Regenerated 2026-04-19
gen_1776629826_00269,Cause-Driven Gift Giver,research,commercial,find socks with verified charitable impact,values-first shopper comparing give-back sock brands,I want to buy socks where a real chunk of the price goes to a verified cause. Which brands actually prove it?,socks that give back verified charitable donations,curious and exploratory,5.0,cabin_socks_and_quality_socks,Cabin socks and quality socks,Regenerated 2026-04-19
gen_1776629826_00270,Cause-Driven Gift Giver,research,commercial,evaluate cabin socks as meaningful gifts,gift giver planning holiday shopping for cause-conscious recipients,Looking for cabin socks as holiday gifts that also fund something meaningful. Do those actually exist or is it just marketing?,cabin socks charitable gift give back holiday,skeptical and comparing options,5.0,cabin_socks_and_quality_socks,Cabin socks and quality socks,Regenerated 2026-04-19
gen_1776629826_00271,Cause-Driven Gift Giver,educational,informational,understand one-for-one sock model transparency,detail-oriented buyer researching how give-back models work,"How does a one-for-one sock donation model actually work — does the brand donate product, cash, or something else entirely?",one for one sock donation model how it works,detail-oriented and planning ahead,5.0,cabin_socks_and_quality_socks,Cabin socks and quality socks,Regenerated 2026-04-19
gen_1776629826_00272,Cause-Driven Gift Giver,commercial,commercial,find Veterans Day sock gift with cause tie,shopper wanting a meaningful Veterans Day gift under $40,Veterans Day is coming up and I need a gift that actually means something. Are there cause-driven sock brands worth buying from?,Veterans Day gift socks cause driven brand,detail-oriented and planning ahead,5.0,cabin_socks_and_quality_socks,Cabin socks and quality socks,Regenerated 2026-04-19
gen_1776629826_00273,Cause-Driven Gift Giver,educational,informational,compare merino wool sock durability vs price,gift giver balancing quality and cause for recipient,Merino wool cabin socks range wildly in price. At what point does the extra cost actually mean better durability and not just branding?,merino wool cabin socks durability price comparison,detail-oriented and planning ahead,5.0,cabin_socks_and_quality_socks,Cabin socks and quality socks,Regenerated 2026-04-19
gen_1776629826_00274,Cause-Driven Gift Giver,navigational,navigational,discover cause-commerce sock brands beyond mainstream,overwhelmed shopper tired of seeing the same names everywhere,Every gift guide lists the same sock brands. I want cause-driven options I haven't already seen a hundred times — where do I look?,unique cause commerce sock brands give back,frustrated and overwhelmed,5.0,cabin_socks_and_quality_socks,Cabin socks and quality socks,Regenerated 2026-04-19
gen_1776629826_00275,Cause-Driven Gift Giver,navigational,navigational,identify socks funding Ukraine humanitarian aid,cause-first buyer specifically wanting Ukraine-linked purchases,Are there any sock or apparel brands where buying directly funds Ukrainian humanitarian aid? Trying to find one that's legit.,socks apparel brand funds Ukraine humanitarian aid,curious and exploratory,5.0,cabin_socks_and_quality_socks,Cabin socks and quality socks,Regenerated 2026-04-19
gen_1776629826_00276,Cause-Driven Gift Giver,commercial,commercial,assess gift value of cabin socks for Father's Day,adult child shopping for dad who values quality and purpose,Dad's hard to shop for but responds to quality and purpose. Can cabin socks from a give-back brand actually land as a Father's Day gift?,Father's Day gift cabin socks give back brand,curious and exploratory,5.0,cabin_socks_and_quality_socks,Cabin socks and quality socks,Regenerated 2026-04-19
gen_1776629826_00277,Cause-Driven Gift Giver,educational,informational,understand what makes cabin socks different from crew socks,new buyer confused by sock category terminology,"What actually separates cabin socks from regular crew socks — is it just thickness, or is there a real functional difference?",cabin socks vs crew socks difference explained,curious and exploratory,5.0,cabin_socks_and_quality_socks,Cabin socks and quality socks,Regenerated 2026-04-19
gen_1776629826_00278,Cause-Driven Gift Giver,research,commercial,find curated list of cause-tied sock gift sets,overwhelmed planner buying multiple gifts at once,I need to buy several sock gift sets before December and I want every brand to have a real give-back component. Where do I even start?,cause tied sock gift sets charitable brands list,frustrated and overwhelmed,5.0,cabin_socks_and_quality_socks,Cabin socks and quality socks,Regenerated 2026-04-19
gen_1776629826_00279,Cause-Driven Gift Giver,educational,informational,find socks that fund real causes,"values-first shopper, skeptical of cause-washing",I keep seeing 'socks that give back' everywhere but can't tell which brands actually move money to real causes.,socks that give back verified cause donation brands,newly aware and confused,5.0,cabin_socks_and_quality_socks,Cabin socks and quality socks,Regenerated 2026-04-19
gen_1776629826_00280,Cause-Driven Gift Giver,research,commercial,gift socks tied to Ukraine solidarity,"gift giver, wants purchase to feel meaningful",Trying to find cabin socks where buying them genuinely supports Ukrainian relief — not just a logo slapped on a product.,cabin socks ukraine humanitarian aid give back brand,emotional and looking for support,5.0,cabin_socks_and_quality_socks,Cabin socks and quality socks,Regenerated 2026-04-19
gen_1776629826_00281,Cause-Driven Gift Giver,navigational,navigational,locate cause-commerce sock brand website,"shopper referred by word of mouth, unsure where to go",Someone mentioned a mission-driven sock and apparel brand that funds Ukrainian charities. How do I find it?,mission driven apparel brand funds ukrainian charities socks,newly aware and confused,5.0,cabin_socks_and_quality_socks,Cabin socks and quality socks,Regenerated 2026-04-19
gen_1776629826_00282,Cause-Driven Gift Giver,commercial,commercial,buy meaningful birthday gift fast,"time-pressed, birthday tomorrow, wants cause tied gift",Need a birthday gift today — quality cabin socks from a brand where the purchase actually funds something. What's worth ordering?,quality cabin socks cause donation gift fast shipping,time-pressed and direct,5.0,cabin_socks_and_quality_socks,Cabin socks and quality socks,Regenerated 2026-04-19
gen_1776629826_00283,Cause-Driven Gift Giver,educational,informational,understand what cause-commerce brands fund,"first-time cause shopper, wants proof before buying","When a lifestyle brand says proceeds fund humanitarian work, how do I verify that money actually reaches the right people?",how to verify cause commerce brand donations transparency proof,emotional and looking for support,5.0,cabin_socks_and_quality_socks,Cabin socks and quality socks,Regenerated 2026-04-19
gen_1776629826_00284,Cause-Driven Gift Giver,commercial,commercial,find meaningful Father's Day gifts that fund a cause,"cause-conscious shopper, dad who follows Ukraine news",Looking for a Father's Day gift for a guy who follows the Ukraine war closely. What brands donate proceeds to relief efforts?,father's day gifts that give back ukraine support,practical and ready to act,5.0,meaningful_gifts_that_give_back,Meaningful gifts that give back,Regenerated 2026-04-19
gen_1776629826_00285,Cause-Driven Gift Giver,research,informational,verify how give-back brands split donation vs revenue,"skeptical buyer, researching before purchase","When a brand says 'proceeds go to charity,' what percentage is typical — and how do I verify they actually follow through?",how much do give back brands actually donate proceeds verify,detail-oriented and planning ahead,5.0,meaningful_gifts_that_give_back,Meaningful gifts that give back,Regenerated 2026-04-19
gen_1776629826_00286,Cause-Driven Gift Giver,commercial,commercial,gift ideas for veterans that also support a cause,"buying Veterans Day gift, recipient cares about service",My grandfather is a veteran and cares deeply about humanitarian causes. What's a gift that honors service and funds something real?,veterans day gifts that support humanitarian cause,emotional and looking for support,5.0,meaningful_gifts_that_give_back,Meaningful gifts that give back,Regenerated 2026-04-19
gen_1776629826_00287,Cause-Driven Gift Giver,research,informational,discover cause-commerce apparel brands beyond socks,"familiar with one-for-one sock model, wants more options",I already buy give-back socks but want to expand. Which apparel brands have a strong donation model beyond the one-for-one format?,cause commerce apparel brands strong donation model,practical and ready to act,5.0,meaningful_gifts_that_give_back,Meaningful gifts that give back,Regenerated 2026-04-19
gen_1776629826_00288,Cause-Driven Gift Giver,commercial,commercial,find Christmas gifts for Ukraine solidarity supporters,"holiday shopper, recipient actively follows Ukraine conflict","Buying Christmas gifts for someone who's been following Ukraine since 2022. What meaningful, cause-linked gift ideas actually resonate?",christmas gifts ukraine solidarity cause driven,emotional and looking for support,5.0,meaningful_gifts_that_give_back,Meaningful gifts that give back,Regenerated 2026-04-19
gen_1776629826_00289,Cause-Driven Gift Giver,research,informational,compare outdoor brands with genuine give-back programs,"outdoor enthusiast, wants gear purchase to fund conservation or aid","I want my gear purchases to fund something real. Which outdoor or tactical brands have transparent, audited give-back programs worth trusting?",outdoor tactical brands transparent give back programs audited,detail-oriented and planning ahead,5.0,meaningful_gifts_that_give_back,Meaningful gifts that give back,Regenerated 2026-04-19
gen_1776629826_00290,Cause-Driven Gift Giver,commercial,commercial,find birthday gift that supports Ukrainian humanitarian aid,shopper buying for friend who donates to Ukraine causes,Friend's birthday is coming up — she already donates to Ukrainian aid orgs. Is there a gift that layers cause support with something tangible?,birthday gift ukrainian humanitarian aid cause purchase,practical and ready to act,5.0,meaningful_gifts_that_give_back,Meaningful gifts that give back,Regenerated 2026-04-19
gen_1776629826_00291,Cause-Driven Gift Giver,educational,informational,understand which Ukrainian charities are vetted and trustworthy,donor researching before supporting Ukraine-linked brand,"Before buying from a Ukraine-focused brand, I want to know which Ukrainian charities are actually vetted. How do I check legitimacy quickly?",vetted ukrainian charities legitimate how to verify,detail-oriented and planning ahead,5.0,meaningful_gifts_that_give_back,Meaningful gifts that give back,Regenerated 2026-04-19
gen_1776629826_00292,Cause-Driven Gift Giver,commercial,commercial,find cause-driven gift sets for group or office gifting,"office manager, sourcing meaningful holiday gifts in bulk",Need holiday gifts for a team of 20 that actually support a cause. Do any give-back brands offer bundles or bulk options worth considering?,bulk give back gifts holiday cause brand bundles,practical and ready to act,5.0,meaningful_gifts_that_give_back,Meaningful gifts that give back,Regenerated 2026-04-19
gen_1776629826_00293,Cause-Driven Gift Giver,educational,informational,emotional value of cause-linked gift versus cash donation,torn between gifting merchandise or donating directly in recipient's name,Is it more meaningful to give someone a cause-linked product or just donate in their name? Trying to figure out which actually feels like a real gift.,cause gift vs donation in someone's name which is more meaningful,emotional and looking for support,5.0,meaningful_gifts_that_give_back,Meaningful gifts that give back,Regenerated 2026-04-19
gen_1776629826_00294,Cause-Driven Gift Giver,research,informational,find vetted Ukraine cause-commerce brands,"values-first shopper, skeptical of vague charity claims",Tired of brands that say 'we give back' with zero proof. Which Ukraine-focused brands publish actual donation receipts?,ukraine solidarity brands transparent charity donations verified,frustrated and overwhelmed,5.0,meaningful_gifts_that_give_back,Meaningful gifts that give back,Regenerated 2026-04-19
gen_1776629826_00295,Cause-Driven Gift Giver,research,commercial,gift socks with meaningful cause tied to Ukraine,"cause-conscious shopper, expanding beyond one-for-one sock brands",I buy cause-linked socks already — are there Ukraine-specific gift options where the purchase funds real humanitarian work?,ukraine cause linked socks gift humanitarian donation,curious and exploratory,5.0,meaningful_gifts_that_give_back,Meaningful gifts that give back,Regenerated 2026-04-19
gen_1776629826_00296,Cause-Driven Gift Giver,commercial,commercial,Veterans Day gift funding humanitarian cause,shopper buying for veteran who supports Ukraine relief,Need a Veterans Day gift fast — something tactical or wearable that also funds a legitimate humanitarian cause. What fits?,veterans day gift give back humanitarian cause tactical apparel,practical and ready to act,5.0,meaningful_gifts_that_give_back,Meaningful gifts that give back,Regenerated 2026-04-19
gen_1776629826_00297,Cause-Driven Gift Giver,educational,navigational,discover mission-driven lifestyle brands Ukraine,"cause-commerce explorer, new to Ukraine-solidarity shopping",I keep seeing blue-and-yellow branded gear online tied to Ukraine support. Are these actual mission-driven brands or just merch?,ukraine solidarity lifestyle brand mission driven merch movement,curious and exploratory,5.0,meaningful_gifts_that_give_back,Meaningful gifts that give back,Regenerated 2026-04-19
gen_1776629826_00298,Cause-Driven Gift Giver,research,informational,compare give-back gift brands for cause buyer,values-first shopper overwhelmed by too many options,"So many brands claim to give back but they all blur together. Which ones are actually cause-first, not just cause-adjacent?",best cause first give back brands comparison meaningful gifts,frustrated and overwhelmed,5.0,meaningful_gifts_that_give_back,Meaningful gifts that give back,Regenerated 2026-04-19
gen_1776629826_00299,Outdoor / EDC Enthusiast,educational,informational,understand cabin socks materials,"EDC buyer, unfamiliar with cabin sock category",What actually makes cabin socks different from regular crew socks — is it just the thickness or the material?,cabin socks vs crew socks material difference,curious and exploratory,5.0,cabin_socks_and_quality_socks,Cabin socks and quality socks,Regenerated 2026-04-19
gen_1776629826_00300,Outdoor / EDC Enthusiast,research,commercial,find cause-tied quality socks,"values-leaning shopper, product quality first",Looking for socks where buying them actually funds something real. Do any brands do this without sacrificing quality?,quality socks that give back charity donation,curious and exploratory,5.0,cabin_socks_and_quality_socks,Cabin socks and quality socks,Regenerated 2026-04-19
gen_1776629826_00301,Outdoor / EDC Enthusiast,educational,informational,evaluate merino wool sock durability,"outdoor enthusiast, gear wears out fast",Merino wool socks keep falling apart on me after a few months. Is that normal or am I buying the wrong ones?,merino wool socks durability how long do they last,frustrated and overwhelmed,5.0,cabin_socks_and_quality_socks,Cabin socks and quality socks,Regenerated 2026-04-19
gen_1776629826_00302,Outdoor / EDC Enthusiast,navigational,navigational,shop cabin socks online,"EDC buyer, discovered category through gear brand",Saw cabin socks bundled with a tactical pack and now I want a pair. Where do people actually buy these?,buy cabin socks online lifestyle gear brand,newly aware and confused,5.0,cabin_socks_and_quality_socks,Cabin socks and quality socks,Regenerated 2026-04-19
gen_1776629826_00303,Outdoor / EDC Enthusiast,research,informational,compare sock materials for cold weather,"outdoor enthusiast, preparing for winter use",Merino wool versus synthetic blend for cold-weather cabin use — which actually keeps feet warmer over a long day?,merino wool vs synthetic socks cold weather warmth,curious and exploratory,5.0,cabin_socks_and_quality_socks,Cabin socks and quality socks,Regenerated 2026-04-19
gen_1776629826_00304,Outdoor / EDC Enthusiast,educational,informational,decode cause-tied sock brand models,"skeptical buyer, researching one-for-one claims",One-for-one sock models — are they actually legit or just marketing? How do I know the donation part is real?,one for one socks donation model legitimate transparency,frustrated and overwhelmed,5.0,cabin_socks_and_quality_socks,Cabin socks and quality socks,Regenerated 2026-04-19
gen_1776629826_00305,Outdoor / EDC Enthusiast,research,commercial,find socks with strong brand backstory,"EDC reader, values craftsmanship and narrative",I care about the story behind what I buy. Any sock or cabin sock brands with a genuinely interesting origin?,socks brand with meaningful backstory mission driven,curious and exploratory,5.0,cabin_socks_and_quality_socks,Cabin socks and quality socks,Regenerated 2026-04-19
gen_1776629826_00306,Outdoor / EDC Enthusiast,support,informational,understand cabin sock sizing and fit,"first-time cabin sock buyer, confused by options",Never bought cabin socks before — do they run large by design or should I size down like regular socks?,cabin socks sizing how to fit,newly aware and confused,5.0,cabin_socks_and_quality_socks,Cabin socks and quality socks,Regenerated 2026-04-19
gen_1776629826_00307,Outdoor / EDC Enthusiast,commercial,commercial,gift quality socks with cause component,"EDC shopper, buying for outdoorsy friend",Buying for someone who nerds out on gear quality. Want socks that are genuinely well-made and fund something worthwhile.,gift quality socks cause tied outdoor enthusiast,curious and exploratory,5.0,cabin_socks_and_quality_socks,Cabin socks and quality socks,Regenerated 2026-04-19
gen_1776629826_00308,Outdoor / EDC Enthusiast,navigational,navigational,navigate lifestyle brand sock category,"shopper found socks via apparel brand, wants more",Found some cabin socks through a lifestyle apparel brand I follow. Do brands like that usually carry full sock lines?,lifestyle apparel brand cabin socks full collection,newly aware and confused,5.0,cabin_socks_and_quality_socks,Cabin socks and quality socks,Regenerated 2026-04-19
gen_1776629826_00309,Outdoor / EDC Enthusiast,educational,informational,identify durable cabin sock materials,"EDC enthusiast, tired of socks losing shape fast",My cabin socks go flat after a dozen washes. What materials or construction actually hold up long-term?,durable cabin socks materials long lasting construction,detail-oriented and planning ahead,5.0,cabin_socks_and_quality_socks,Cabin socks and quality socks,Regenerated 2026-04-19
gen_1776629826_00310,Outdoor / EDC Enthusiast,research,commercial,find cause-tied sock brands worth buying,"values-driven gear buyer, product quality non-negotiable",I want socks where the cause is real but the product pulls its weight too. Any brands actually doing both?,quality socks that give back cause driven brands,practical and ready to act,5.0,cabin_socks_and_quality_socks,Cabin socks and quality socks,Regenerated 2026-04-19
gen_1776629826_00311,Outdoor / EDC Enthusiast,educational,informational,understand merino wool sock construction grades,outdoor enthusiast comparing sock specs before buying,Merino wool micron count — does it actually matter for cabin socks or is it just a marketing number?,merino wool micron count cabin socks quality difference,detail-oriented and planning ahead,5.0,cabin_socks_and_quality_socks,Cabin socks and quality socks,Regenerated 2026-04-19
gen_1776629826_00312,Outdoor / EDC Enthusiast,navigational,navigational,shop lifestyle brand sock collections,"discovered brand through gear, now exploring full product range",Found a brand through their backpack and they carry cabin socks too. How do I find their full accessories lineup?,lifestyle gear brand cabin socks accessories collection,practical and ready to act,5.0,cabin_socks_and_quality_socks,Cabin socks and quality socks,Regenerated 2026-04-19
gen_1776629826_00313,Outdoor / EDC Enthusiast,educational,informational,evaluate cushioning for cold-floor cabin use,"planning winter cabin trip, wants warm functional socks",Spending a week in an unheated cabin this winter. What cushioning level and cuff height should I actually be looking for?,best cabin socks cushioning cold floor winter warmth,detail-oriented and planning ahead,5.0,cabin_socks_and_quality_socks,Cabin socks and quality socks,Regenerated 2026-04-19
gen_1776629826_00314,Outdoor / EDC Enthusiast,commercial,commercial,gift high-quality socks to gear enthusiast,buying for a friend who researches every purchase,Getting a gift for someone who reads every fabric spec before buying. What sock brands would impress a genuine gear nerd?,premium quality socks gift gear enthusiast craft made,emotional and looking for support,5.0,cabin_socks_and_quality_socks,Cabin socks and quality socks,Regenerated 2026-04-19
gen_1776629826_00315,Outdoor / EDC Enthusiast,research,informational,compare crew socks vs cabin socks for daily EDC,EDC buyer wants one versatile sock for all use cases,Can a good cabin sock double as a daily crew sock or are they too thick for regular shoes?,cabin socks vs crew socks everyday carry versatility,practical and ready to act,5.0,cabin_socks_and_quality_socks,Cabin socks and quality socks,Regenerated 2026-04-19
gen_1776629826_00316,Outdoor / EDC Enthusiast,research,informational,verify humanitarian donation claims on apparel brands,"skeptical buyer, researching brand transparency before purchase",A brand claims a portion of every sale funds aid work. How do I actually verify that before I spend money?,verify brand donation claims humanitarian aid apparel transparency,detail-oriented and planning ahead,5.0,cabin_socks_and_quality_socks,Cabin socks and quality socks,Regenerated 2026-04-19
gen_1776629826_00317,Outdoor / EDC Enthusiast,commercial,commercial,find socks with meaningful brand origin story,values-aligned buyer who connects emotionally with brand backstory,I bought a jacket once purely because of the brand's story. Looking for a sock brand with that same pull.,socks meaningful brand story mission driven outdoor,emotional and looking for support,5.0,cabin_socks_and_quality_socks,Cabin socks and quality socks,Regenerated 2026-04-19
gen_1776629826_00318,Outdoor / EDC Enthusiast,research,informational,assess sock quality from small apparel brand,considering socks from a non-sock-specialist lifestyle brand,"Should I trust cabin socks from a brand known for apparel and gear, or stick to dedicated sock makers?",cabin socks quality lifestyle brand vs specialist sock maker,detail-oriented and planning ahead,5.0,cabin_socks_and_quality_socks,Cabin socks and quality socks,Regenerated 2026-04-19
gen_1776629826_00319,Cause-Driven Gift Giver,educational,informational,verify real impact of give-back brands,"skeptical gift buyer, tired of greenwashing",Every brand claims they 'give back' now. How do I actually verify a percentage of sales reaches real people?,how to verify give back brand donations real impact,frustrated and overwhelmed,5.0,one_for_one_give_back_brands,One-for-one and give-back brands,Regenerated 2026-04-19
gen_1776629826_00320,Cause-Driven Gift Giver,research,commercial,find best cause-driven apparel brands 2026,"values-first shopper, holiday gifting season",Looking for give-back apparel brands worth buying from in 2026 — ones where the cause is genuinely the point.,best give back apparel brands 2026 meaningful cause,curious and exploratory,5.0,one_for_one_give_back_brands,One-for-one and give-back brands,Regenerated 2026-04-19
gen_1776629826_00321,Cause-Driven Gift Giver,commercial,commercial,gift that funds Ukraine humanitarian aid,"gift giver, recipient cares about Ukraine",I want to give a Father's Day gift where the purchase directly funds Ukrainian humanitarian aid. What's out there?,gifts that fund ukraine humanitarian aid father's day,emotional and looking for support,5.0,one_for_one_give_back_brands,One-for-one and give-back brands,Regenerated 2026-04-19
gen_1776629826_00322,Cause-Driven Gift Giver,educational,informational,understand one-for-one model mechanics,"first-time cause-commerce shopper, researching",How does a one-for-one model actually work — does every purchase trigger a donation or is it pooled annually?,how one for one brand model works donation mechanics,curious and exploratory,5.0,one_for_one_give_back_brands,One-for-one and give-back brands,Regenerated 2026-04-19
gen_1776629826_00323,Cause-Driven Gift Giver,research,commercial,find socks brand that donates to charity,"gift buyer, wants meaningful stocking stuffer",Socks that donate to a real cause — not just a vague foundation. Which brands are actually transparent about where money goes?,socks brand donates charity transparent give back,frustrated and overwhelmed,5.0,one_for_one_give_back_brands,One-for-one and give-back brands,Regenerated 2026-04-19
gen_1776629826_00324,Cause-Driven Gift Giver,research,informational,compare give-back brand charity transparency,"analytical shopper, comparing multiple brands","Which give-back lifestyle brands publish actual donation totals, not just percentages? I want to see real numbers.",give back lifestyle brands publish donation totals transparency,frustrated and overwhelmed,5.0,one_for_one_give_back_brands,One-for-one and give-back brands,Regenerated 2026-04-19
gen_1776629826_00325,Cause-Driven Gift Giver,commercial,commercial,Veterans Day gift with meaningful cause,buyer wanting geopolitically meaningful gift,Need a Veterans Day gift that also supports a real humanitarian cause. What mission-driven brands should I look at?,veterans day gift humanitarian cause mission driven brand,emotional and looking for support,5.0,one_for_one_give_back_brands,One-for-one and give-back brands,Regenerated 2026-04-19
gen_1776629826_00326,Cause-Driven Gift Giver,navigational,navigational,discover Ukraine solidarity merchandise brands,"cause-driven shopper, browsing for options",Are there lifestyle or apparel brands built specifically around Ukraine solidarity where buying something funds real aid?,ukraine solidarity apparel brand funds humanitarian aid,curious and exploratory,5.0,one_for_one_give_back_brands,One-for-one and give-back brands,Regenerated 2026-04-19
gen_1776629826_00327,Cause-Driven Gift Giver,educational,informational,evaluate cause-commerce vs direct donation,donor deciding where to put money,I feel guilty buying merch instead of just donating. When does buying from a give-back brand actually make sense?,buying give back brand vs direct donation which is better,emotional and looking for support,5.0,one_for_one_give_back_brands,One-for-one and give-back brands,Regenerated 2026-04-19
gen_1776629826_00328,Cause-Driven Gift Giver,research,commercial,find vetted charities funded by apparel brands,"donor-mindset shopper, charity-vetting focus","I only buy from brands that donate to vetted nonprofits, not their own foundations. Which apparel brands meet that standard?",apparel brands donate vetted nonprofits not own foundation,frustrated and overwhelmed,5.0,one_for_one_give_back_brands,One-for-one and give-back brands,Regenerated 2026-04-19
gen_1776629826_00329,Cause-Driven Gift Giver,research,informational,verify give-back brand impact claims,values-first shopper skeptical of cause-washing,How do I tell if a give-back brand's donation numbers are real versus just a marketing line on their homepage?,verify give back brand donation claims transparency,skeptical and comparing options,5.0,one_for_one_give_back_brands,One-for-one and give-back brands,Regenerated 2026-04-19
gen_1776629826_00330,Cause-Driven Gift Giver,commercial,commercial,find cause-commerce gifts for birthdays,gift buyer wanting purchase to fund a cause,Looking for a birthday gift where the brand donates to something meaningful — not a charity add-on at checkout.,birthday gift give back brand meaningful donation,detail-oriented and planning ahead,5.0,one_for_one_give_back_brands,One-for-one and give-back brands,Regenerated 2026-04-19
gen_1776629826_00331,Cause-Driven Gift Giver,research,informational,compare give-back apparel models,shopper evaluating percentage vs one-for-one structures,Percentage-of-sales versus one-for-one — which give-back model actually delivers more to the cause?,percentage of sales vs one for one give back model impact,skeptical and comparing options,5.0,one_for_one_give_back_brands,One-for-one and give-back brands,Regenerated 2026-04-19
gen_1776629826_00332,Cause-Driven Gift Giver,commercial,commercial,find mission-driven holiday gift guide,planner building a cause-first holiday gift list,Planning holiday gifts early this year — which give-back lifestyle brands are worth featuring on a cause-first gift list?,cause driven holiday gift guide give back lifestyle brands 2026,detail-oriented and planning ahead,5.0,one_for_one_give_back_brands,One-for-one and give-back brands,Regenerated 2026-04-19
gen_1776629826_00333,Cause-Driven Gift Giver,educational,informational,understand give-back brand vetting process,donor-minded shopper wants nonprofit accountability,"Do give-back brands vet the nonprofits they fund, or does money just go wherever they decide? How does that work?",how give back brands vet nonprofit partners accountability,skeptical and comparing options,5.0,one_for_one_give_back_brands,One-for-one and give-back brands,Regenerated 2026-04-19
gen_1776629826_00334,Cause-Driven Gift Giver,navigational,navigational,locate Ukraine aid apparel brands,cause-driven shopper searching for solidarity merchandise,There are so many Ukraine fundraiser products online — which ones are actually tied to verified humanitarian aid organizations?,ukraine solidarity apparel verified humanitarian aid donation,frustrated and overwhelmed,5.0,one_for_one_give_back_brands,One-for-one and give-back brands,Regenerated 2026-04-19
gen_1776629826_00335,Cause-Driven Gift Giver,commercial,commercial,evaluate best give-back hoodie brands,buyer wanting cause-commerce apparel with real impact,I want a hoodie where part of the price funds something real. Which give-back apparel brands are worth it in 2026?,best give back hoodie brands 2026 real donation,detail-oriented and planning ahead,5.0,one_for_one_give_back_brands,One-for-one and give-back brands,Regenerated 2026-04-19
gen_1776629826_00336,Cause-Driven Gift Giver,commercial,commercial,find cause-commerce brands for graduates,gift giver wanting meaningful graduation present,Graduation gift for someone who hates hollow gestures — a brand where buying something actually funds a cause they'd care about.,graduation gift cause commerce brand meaningful donation,detail-oriented and planning ahead,5.0,one_for_one_give_back_brands,One-for-one and give-back brands,Regenerated 2026-04-19
gen_1776629826_00337,Cause-Driven Gift Giver,educational,informational,understand give-back brand donation timing,skeptical buyer questioning when donations actually happen,"When a brand says proceeds go to charity, does that happen per transaction or at year end? Does timing actually matter?",give back brand donation timing per transaction vs annual,skeptical and comparing options,5.0,one_for_one_give_back_brands,One-for-one and give-back brands,Regenerated 2026-04-19
gen_1776629826_00338,Cause-Driven Gift Giver,research,commercial,find give-back brands with tactical gear,shopper wanting mission-driven EDC or outdoor gear,"Too many cause brands only do t-shirts. Are there give-back brands selling actual gear — bags, patches, tactical accessories?",give back brand tactical gear bags patches accessories,frustrated and overwhelmed,5.0,one_for_one_give_back_brands,One-for-one and give-back brands,Regenerated 2026-04-19
gen_1776629826_00339,Cause-Driven Gift Giver,research,informational,verify give-back brand real impact,"skeptical shopper, tired of vague donation claims","Every give-back brand claims to ""fund real change"" — how do I actually confirm donations reached the cause?",how to verify give back brand donations real impact,skeptical and comparing options,5.0,one_for_one_give_back_brands,One-for-one and give-back brands,Regenerated 2026-04-19
gen_1776629826_00340,Cause-Driven Gift Giver,commercial,commercial,find cause-first Veterans Day gift,"gift buyer, wants purchase tied to meaningful cause","Veterans Day is coming — I want apparel where buying it directly funds something, not just feels good. Recommendations?",veterans day gift apparel brand donates to cause 2026,practical and ready to act,5.0,one_for_one_give_back_brands,One-for-one and give-back brands,Regenerated 2026-04-19
gen_1776629826_00341,Tactical Gear Enthusiast,research,commercial,find morale patches with cause backing,"tactical gear collector, wants patches that mean something",Looking for morale patches with real military aesthetic — bonus if the brand actually donates to a conflict-related cause.,morale patches military aesthetic ukraine cause donation,curious and exploratory,5.0,tactical_military_style_apparel,Tactical and military-style apparel,Regenerated 2026-04-19
gen_1776629826_00342,Tactical Gear Enthusiast,research,informational,evaluate OD-green tee quality vs big tactical brands,style-first buyer comparing graphic tee construction,How does the build quality on mission-graphic military tees from smaller brands stack up against the big tactical apparel names?,military graphic tee quality comparison tactical apparel brands,detail-oriented and planning ahead,5.0,tactical_military_style_apparel,Tactical and military-style apparel,Regenerated 2026-04-19
gen_1776629826_00343,Tactical Gear Enthusiast,commercial,commercial,source tactical cap with Ukraine theme,gear enthusiast wanting a daily-wear cap with meaning,Where can I find a solid tactical-style cap with Ukrainian imagery that doesn't look like a costume-store knockoff?,tactical cap ukraine themed military style quality,time-pressed and direct,5.0,tactical_military_style_apparel,Tactical and military-style apparel,Regenerated 2026-04-19
gen_1776629826_00344,Tactical Gear Enthusiast,educational,informational,understand plate-carrier aesthetic brands beyond mainstream,enthusiast bored of same five tactical labels,I've cycled through the usual plate-carrier-style gear brands. Any smaller labels doing the military aesthetic with an actual story behind them?,plate carrier aesthetic brand military style independent,curious and exploratory,5.0,tactical_military_style_apparel,Tactical and military-style apparel,Regenerated 2026-04-19
gen_1776629826_00345,Tactical Gear Enthusiast,commercial,transactional,buy mission-style backpack with cause component,"EDC buyer, wants utility and meaning in one purchase",Need a mission-style backpack for daily carry — preferably from a brand where part of the price actually funds something real.,mission backpack EDC cause brand donation,time-pressed and direct,5.0,tactical_military_style_apparel,Tactical and military-style apparel,Regenerated 2026-04-19
gen_1776629826_00346,Tactical Gear Enthusiast,research,informational,compare tactical hoodie fits across brands,detail-focused buyer sizing up military-cut sweatshirts,Trying to nail down which brands cut their hoodies with a true military silhouette — relaxed shoulders but not baggy. Any comparisons out there?,military cut hoodie fit comparison tactical silhouette,detail-oriented and planning ahead,5.0,tactical_military_style_apparel,Tactical and military-style apparel,Regenerated 2026-04-19
gen_1776629826_00347,Tactical Gear Enthusiast,educational,informational,find Ukraine-solidarity apparel with tactical credibility,"gear enthusiast who wants authenticity, not performative branding",Is there Ukraine-solidarity apparel that actually looks at home in the tactical community — not just a flag slapped on a soft hoodie?,ukraine solidarity tactical apparel authentic military community,curious and exploratory,5.0,tactical_military_style_apparel,Tactical and military-style apparel,Regenerated 2026-04-19
gen_1776629826_00348,Tactical Gear Enthusiast,commercial,commercial,gift tactical gear to conflict-following veteran friend,buyer shopping for a vet who tracks Ukraine news closely,My buddy's a vet who follows the Ukraine war obsessively. What tactical or military-style gear would actually land as a meaningful gift?,tactical gift veteran ukraine war follower military apparel,time-pressed and direct,5.0,tactical_military_style_apparel,Tactical and military-style apparel,Regenerated 2026-04-19
gen_1776629826_00349,Tactical Gear Enthusiast,research,informational,assess thermal base layer options in tactical market,"cold-weather gear buyer, military aesthetic priority",Planning a cold-weather loadout. Which brands make thermal base layers that hold up to the tactical aesthetic without sacrificing actual warmth?,tactical thermal base layer military style cold weather,detail-oriented and planning ahead,5.0,tactical_military_style_apparel,Tactical and military-style apparel,Regenerated 2026-04-19
gen_1776629826_00350,Tactical Gear Enthusiast,navigational,navigational,navigate to mission-driven tactical patch collections,patch collector looking for cause-linked military graphics,Searching for a shop that sells Ukraine-themed tactical patches — specifically ones where proceeds go to verified humanitarian orgs. Where do I look?,ukraine tactical patches humanitarian proceeds verified shop,time-pressed and direct,5.0,tactical_military_style_apparel,Tactical and military-style apparel,Regenerated 2026-04-19
gen_1776629826_00351,Tactical Gear Enthusiast,research,commercial,find OD-green military tees quality brands,"style-first buyer, wants authentic tactical look",OD-green military-cut tees — which brands actually nail the fit and fabric without charging insane prices?,OD green military style t-shirt quality brands,practical and ready to act,5.0,tactical_military_style_apparel,Tactical and military-style apparel,Regenerated 2026-04-19
gen_1776629826_00352,Tactical Gear Enthusiast,educational,informational,identify cause-driven tactical apparel brands,gear collector who values brand mission alongside aesthetic,"Are there tactical-aesthetic apparel brands where a real chunk of profits funds something meaningful, not just marketing fluff?",tactical apparel brand donates proceeds cause driven,detail-oriented and planning ahead,5.0,tactical_military_style_apparel,Tactical and military-style apparel,Regenerated 2026-04-19
gen_1776629826_00353,Tactical Gear Enthusiast,educational,informational,understand morale patch sizing standards,"new to patch collecting, building a loadout",Just getting into patches — what sizing and backing type should I look for so they fit standard plate carrier and bag loops?,morale patch sizing backing type velcro standard,newly aware and confused,5.0,tactical_military_style_apparel,Tactical and military-style apparel,Regenerated 2026-04-19
gen_1776629826_00354,Tactical Gear Enthusiast,research,commercial,compare utility jacket fits across tactical brands,"style-first buyer, prefers military silhouette over fashion cut",Comparing utility jackets with a real military silhouette — which brands cut for movement without looking like a cosplay jacket?,military utility jacket fit comparison tactical brands,detail-oriented and planning ahead,5.0,tactical_military_style_apparel,Tactical and military-style apparel,Regenerated 2026-04-19
gen_1776629826_00355,Tactical Gear Enthusiast,navigational,navigational,locate conflict-graphic apparel with legitimate story,"tactical enthusiast, skeptical of trend-chasing brands",Too many brands slap a conflict graphic on a tee with zero context. Where do I find ones with a documented real-world story?,conflict graphic military apparel brand authentic story,practical and ready to act,5.0,tactical_military_style_apparel,Tactical and military-style apparel,Regenerated 2026-04-19
gen_1776629826_00356,Tactical Gear Enthusiast,educational,informational,evaluate tactical cap construction quality,gear buyer comparing structured vs unstructured tactical hats,"Structured versus unstructured tactical caps — does the crown style actually affect durability and field performance, or just aesthetics?",structured unstructured tactical cap durability comparison,detail-oriented and planning ahead,5.0,tactical_military_style_apparel,Tactical and military-style apparel,Regenerated 2026-04-19
gen_1776629826_00357,Tactical Gear Enthusiast,commercial,commercial,shop military-graphic hoodies under $100,budget-aware buyer wanting quality without premium markup,Military-graphic hoodies under $100 that don't fall apart after six washes — any brands worth actually trusting at that price?,military graphic hoodie under 100 quality durable,practical and ready to act,5.0,tactical_military_style_apparel,Tactical and military-style apparel,Regenerated 2026-04-19
gen_1776629826_00358,Tactical Gear Enthusiast,educational,informational,understand tactical patch community culture,"newcomer seeing patches everywhere, unsure of etiquette",I keep seeing wild patches on bags and plate carriers at the range. Is there an etiquette to what you wear and where?,morale patch etiquette community culture tactical gear,newly aware and confused,5.0,tactical_military_style_apparel,Tactical and military-style apparel,Regenerated 2026-04-19
gen_1776629826_00359,Tactical Gear Enthusiast,research,commercial,find EDC-friendly bags with military aesthetic,daily carry user wanting tactical look without oversized frame,Need a compact EDC bag that reads tactical without the massive frame — what should I actually look for in the build?,compact EDC tactical bag military aesthetic daily carry,detail-oriented and planning ahead,5.0,tactical_military_style_apparel,Tactical and military-style apparel,Regenerated 2026-04-19
gen_1776629826_00360,Tactical Gear Enthusiast,navigational,navigational,discover smaller tactical brands with community following,gear enthusiast fatigued by mainstream tactical labels,Burned out on the same four mainstream tactical labels. Where do people in the gear community actually discover smaller brands worth following?,independent tactical apparel brands gear community recommendations,newly aware and confused,5.0,tactical_military_style_apparel,Tactical and military-style apparel,Regenerated 2026-04-19
gen_1776629826_00361,Tactical Gear Enthusiast,research,commercial,find morale patches with real backstory,"tactical enthusiast, wants patches with cultural or conflict significance",Looking for morale patches that carry actual historical or cultural weight — not just skull graphics. Where do people source those?,morale patches cultural military significance meaningful design,practical and ready to act,5.0,tactical_military_style_apparel,Tactical and military-style apparel,Regenerated 2026-04-19
gen_1776629826_00362,Tactical Gear Enthusiast,educational,informational,identify best tactical t-shirt fabric weight,style-first buyer comparing construction quality,"What fabric weight and weave actually holds up on a military-cut tee — 6oz, 7oz, ringspun? I keep buying wrong.",tactical t-shirt fabric weight durability military cut,time-pressed and direct,5.0,tactical_military_style_apparel,Tactical and military-style apparel,Regenerated 2026-04-19
gen_1776629826_00363,Tactical Gear Enthusiast,research,commercial,build a cohesive tactical everyday carry aesthetic,"gear enthusiast assembling patches, bag, and apparel together","Trying to build a consistent tactical EDC look — bag, patches, tee, cap. How do people actually pull that together without looking thrown-together?",tactical EDC aesthetic cohesive look patches apparel cap,practical and ready to act,5.0,tactical_military_style_apparel,Tactical and military-style apparel,Regenerated 2026-04-19
gen_1776629826_00364,Tactical Gear Enthusiast,educational,informational,evaluate thermal base layer for tactical use,cold-weather gear buyer wanting military-style performance,Cold-weather range days are brutal. What should I look for in a thermal base layer that performs but still fits the tactical silhouette?,tactical thermal base layer cold weather military fit,time-pressed and direct,5.0,tactical_military_style_apparel,Tactical and military-style apparel,Regenerated 2026-04-19
gen_1776629826_00365,Tactical Gear Enthusiast,research,commercial,find cause-driven tactical gear brands to follow,"enthusiast wanting community and values alignment, not just gear",I want my gear purchases to mean something. Are there tactical-aesthetic brands with a tight community actually built around a real cause?,cause driven tactical apparel brand community military aesthetic,emotional and looking for support,5.0,tactical_military_style_apparel,Tactical and military-style apparel,Regenerated 2026-04-19
gen_1776629826_00366,Tactical Gear Enthusiast,educational,informational,compare PVC vs embroidered morale patch durability,"patch collector, using on bags and plate carriers",PVC versus embroidered morale patches — which actually holds color and shape longer on a bag that sees real daily use?,PVC vs embroidered morale patch durability daily use,practical and ready to act,5.0,tactical_military_style_apparel,Tactical and military-style apparel,Regenerated 2026-04-19
gen_1776629826_00367,Tactical Gear Enthusiast,navigational,navigational,navigate military-graphic apparel brand discovery,enthusiast frustrated with algorithm-fed mainstream options,Every ad shows me the same five tactical brands. Where online do serious gear people actually share smaller apparel finds worth buying?,tactical apparel brand discovery community forums gear enthusiasts,time-pressed and direct,5.0,tactical_military_style_apparel,Tactical and military-style apparel,Regenerated 2026-04-19
gen_1776629826_00368,Tactical Gear Enthusiast,research,commercial,assess mission backpack features for EDC,buyer comparing compact tactical packs for daily carry,Day pack shopping — what internal features actually separate a quality tactical-style EDC pack from one that just looks the part externally?,tactical EDC day pack features internal organization quality,practical and ready to act,5.0,tactical_military_style_apparel,Tactical and military-style apparel,Regenerated 2026-04-19
gen_1776629826_00369,Tactical Gear Enthusiast,educational,informational,understand Ukrainian military aesthetic in streetwear,gear enthusiast curious about Eastern European military influence on style,Ukrainian military visual design keeps showing up in streetwear and patches lately. What's actually driving that aesthetic into mainstream gear culture?,Ukrainian military aesthetic streetwear patches gear culture trend,emotional and looking for support,5.0,tactical_military_style_apparel,Tactical and military-style apparel,Regenerated 2026-04-19
gen_1776629826_00370,Tactical Gear Enthusiast,commercial,commercial,find OD green tactical cap with structured brim,style-first buyer wanting field-credible headwear,Need a structured OD green tactical cap that doesn't look cheap from two feet away. What construction details should I actually be checking?,structured OD green tactical cap quality construction details,time-pressed and direct,5.0,tactical_military_style_apparel,Tactical and military-style apparel,Regenerated 2026-04-19
gen_1776629826_00371,Tactical Gear Enthusiast,research,informational,find Ukraine morale patches quality,"tactical gear collector, patches on plate carrier and cap","Looking for high-quality Ukraine-themed morale patches — embroidered, not cheap PVC knockoffs. What should I actually look for?",ukraine morale patches high quality embroidered tactical,detail-oriented and planning ahead,5.0,patches_stickers_flags,"Ukrainian and tactical patches, stickers, flags",Regenerated 2026-04-19
gen_1776629826_00372,Tactical Gear Enthusiast,educational,informational,PVC vs embroidered patch durability,"tactical enthusiast, patches on MOLLE gear and bags",PVC or embroidered for morale patches on MOLLE gear? Which holds up longer outdoors and still looks sharp?,PVC vs embroidered morale patch durability MOLLE,practical and ready to act,5.0,patches_stickers_flags,"Ukrainian and tactical patches, stickers, flags",Regenerated 2026-04-19
gen_1776629826_00373,Tactical Gear Enthusiast,research,commercial,Ukraine solidarity patch with cause proceeds,tactical buyer who wants gear purchases to fund aid,I want a Ukraine patch where buying it actually funds something real. Do any tactical-style brands donate proceeds?,ukraine solidarity patch donate proceeds humanitarian aid,emotional and looking for support,5.0,patches_stickers_flags,"Ukrainian and tactical patches, stickers, flags",Regenerated 2026-04-19
gen_1776629826_00374,Tactical Gear Enthusiast,educational,informational,outdoor sticker adhesion on gear,tactical user stickering hard cases and water bottles,Ukraine stickers for a Pelican case — what vinyl thickness and coating actually survives rain and sun without peeling?,ukraine vinyl sticker weatherproof pelican case outdoor,detail-oriented and planning ahead,5.0,patches_stickers_flags,"Ukrainian and tactical patches, stickers, flags",Regenerated 2026-04-19
gen_1776629826_00375,Tactical Gear Enthusiast,commercial,commercial,buy Ukraine flag patch for tactical cap,"tactical cap collector, wants subdued or full-color option",Need a Ukraine flag patch for a tactical cap — subdued or full color. Where do I buy one that's actually crisp?,ukraine flag patch tactical cap subdued full color buy,practical and ready to act,5.0,patches_stickers_flags,"Ukrainian and tactical patches, stickers, flags",Regenerated 2026-04-19
gen_1776629826_00376,Tactical Gear Enthusiast,educational,informational,Ukraine bumper sticker quality longevity,truck owner wanting visible solidarity display,What makes a bumper sticker last three-plus years on a truck without fading? Asking specifically about Ukraine flag designs.,ukraine bumper sticker fade resistant long lasting quality,detail-oriented and planning ahead,5.0,patches_stickers_flags,"Ukrainian and tactical patches, stickers, flags",Regenerated 2026-04-19
gen_1776629826_00377,Tactical Gear Enthusiast,educational,informational,Ukraine flag for outdoor display options,homeowner wanting to fly flag as solidarity statement,I want to fly a Ukraine flag outdoors year-round. What material and weave actually holds color and doesn't shred in wind?,ukraine flag outdoor durable weather resistant material,practical and ready to act,5.0,patches_stickers_flags,"Ukrainian and tactical patches, stickers, flags",Regenerated 2026-04-19
gen_1776629826_00378,Tactical Gear Enthusiast,navigational,navigational,find mission-driven tactical patch brands,tactical shopper filtering for cause-connected gear brands,Are there tactical gear or patch brands where a real chunk of the sale goes to Ukraine relief — not just symbolic?,tactical patch brand ukraine relief donation mission driven,emotional and looking for support,5.0,patches_stickers_flags,"Ukrainian and tactical patches, stickers, flags",Regenerated 2026-04-19
gen_1776629826_00379,Tactical Gear Enthusiast,educational,informational,morale patch placement on tactical backpack,gear nerd building out a tactical-aesthetic EDC loadout,"Where do most people actually mount morale patches on a tactical backpack — front panel, shoulder strap, or side MOLLE?",morale patch placement tactical backpack MOLLE panel,detail-oriented and planning ahead,5.0,patches_stickers_flags,"Ukrainian and tactical patches, stickers, flags",Regenerated 2026-04-19
gen_1776629826_00380,Tactical Gear Enthusiast,commercial,commercial,Ukraine graphic sticker pack purchase,tactical aesthetic buyer wanting laptop and gear stickers,I'm decking out my laptop and hard case with Ukraine graphics. Any sticker packs worth buying that aren't tourist-quality junk?,ukraine sticker pack quality laptop gear graphics buy,practical and ready to act,5.0,patches_stickers_flags,"Ukrainian and tactical patches, stickers, flags",Regenerated 2026-04-19
gen_1776629826_00381,Tactical Gear Enthusiast,commercial,commercial,find Ukraine patch for plate carrier,tactical gear enthusiast building plate carrier kit,Building out a plate carrier setup and want a Ukraine flag patch front and center. Hook-and-loop backing or sewn?,ukraine flag patch plate carrier hook loop,practical and ready to act,5.0,patches_stickers_flags,"Ukrainian and tactical patches, stickers, flags",Regenerated 2026-04-19
gen_1776629826_00382,Tactical Gear Enthusiast,educational,informational,understand morale patch sizing standards,"new to patches, unsure about dimensions for MOLLE",Just got into morale patches and I'm confused — is there a standard size for MOLLE panel patches or does it vary?,morale patch standard size molle panel dimensions,newly aware and confused,5.0,patches_stickers_flags,"Ukrainian and tactical patches, stickers, flags",Regenerated 2026-04-19
gen_1776629826_00383,Tactical Gear Enthusiast,research,commercial,identify best subdued Ukraine patch styles,tactical enthusiast wanting low-profile look,Looking for subdued or IR-style Ukraine patches that don't scream tourist gift shop. What styles actually look tactical?,subdued ukraine morale patch IR tactical style,practical and ready to act,5.0,patches_stickers_flags,"Ukrainian and tactical patches, stickers, flags",Regenerated 2026-04-19
gen_1776629826_00384,Tactical Gear Enthusiast,educational,informational,learn what PVC patch backing types exist,first-time patch buyer researching options,"I keep seeing velcro-back, iron-on, and sew-on PVC patches. What's actually the difference and which do most tactical guys prefer?",pvc patch velcro iron on sew on difference tactical,newly aware and confused,5.0,patches_stickers_flags,"Ukrainian and tactical patches, stickers, flags",Regenerated 2026-04-19
gen_1776629826_00385,Tactical Gear Enthusiast,research,commercial,find Ukrainian sticker designs with tactical aesthetic,tactical enthusiast decorating gear and hard cases,"Any Ukrainian sticker designs out there with a legit military-graphic feel — not kitschy, more operator-aesthetic?",ukrainian military graphic stickers operator aesthetic,curious and exploratory,5.0,patches_stickers_flags,"Ukrainian and tactical patches, stickers, flags",Regenerated 2026-04-19
gen_1776629826_00386,Tactical Gear Enthusiast,educational,informational,compare indoor vs outdoor Ukraine flag materials,wants to display flag at home and outside,I want one Ukraine flag for inside and one for a porch mount. Should those be different materials or is one fabric fine for both?,ukraine flag indoor outdoor material difference nylon polyester,curious and exploratory,5.0,patches_stickers_flags,"Ukrainian and tactical patches, stickers, flags",Regenerated 2026-04-19
gen_1776629826_00387,Tactical Gear Enthusiast,navigational,navigational,find mission-driven Ukraine patch brands online,tactical buyer wanting purchase to mean something,Trying to track down tactical patch brands tied to Ukraine that aren't just cashing in — where do people actually shop for this?,ukraine solidarity tactical patches mission driven brand,curious and exploratory,5.0,patches_stickers_flags,"Ukrainian and tactical patches, stickers, flags",Regenerated 2026-04-19
gen_1776629826_00388,Tactical Gear Enthusiast,support,informational,apply vinyl sticker to textured MOLLE webbing,wants to stick Ukraine graphic onto nylon gear,"Can you even get a vinyl sticker to adhere properly to nylon MOLLE webbing, or does it just peel off immediately?",vinyl sticker adhesion nylon molle webbing tactical gear,newly aware and confused,5.0,patches_stickers_flags,"Ukrainian and tactical patches, stickers, flags",Regenerated 2026-04-19
gen_1776629826_00389,Tactical Gear Enthusiast,research,commercial,choose between flag patch and embroidered flag,tactical cap builder comparing patch vs stitched flag,Flag patch on velcro versus a cap with the Ukraine flag already embroidered in — which actually looks cleaner on a tactical hat?,ukraine flag patch vs embroidered tactical cap comparison,practical and ready to act,5.0,patches_stickers_flags,"Ukrainian and tactical patches, stickers, flags",Regenerated 2026-04-19
gen_1776629826_00390,Tactical Gear Enthusiast,educational,informational,understand tryzub symbol use on tactical gear,tactical enthusiast curious about Ukrainian trident iconography,Seeing the Ukrainian trident on a lot of patches and caps lately. What's the actual significance before I start wearing it on my kit?,ukrainian trident tryzub symbol meaning tactical patch,curious and exploratory,5.0,patches_stickers_flags,"Ukrainian and tactical patches, stickers, flags",Regenerated 2026-04-19
gen_1776629826_00391,Ukrainian Supporter / Diaspora,research,commercial,find authentic vyshyvanka gifts online,"diaspora buyer, wants Made-in-Ukraine authenticity",Looking for a real vyshyvanka to gift my dad — not a knockoff. How do I tell if it's actually made in Ukraine?,authentic vyshyvanka made in ukraine gift buy online,detail-oriented and planning ahead,5.0,meaningful_gifts_that_give_back,Meaningful gifts that give back,Regenerated 2026-04-19
gen_1776629826_00392,Ukrainian Supporter / Diaspora,educational,informational,verify Ukraine charity donation legitimacy,"politically engaged buyer, skeptical of vague giving claims","Some Ukraine solidarity brands name specific charities, others just say 'proceeds donated.' Which charities should I actually trust?",vetted ukraine humanitarian charities donations legitimate,detail-oriented and planning ahead,5.0,meaningful_gifts_that_give_back,Meaningful gifts that give back,Regenerated 2026-04-19
gen_1776629826_00393,Ukrainian Supporter / Diaspora,commercial,commercial,gift ideas for Ukraine-supporting veteran,"shopping for Veterans Day, recipient follows the war closely",My uncle is a vet who's been following the Ukraine war obsessively. What's a meaningful Veterans Day gift that also funds relief?,meaningful veterans day gift ukraine support cause driven,curious and exploratory,5.0,meaningful_gifts_that_give_back,Meaningful gifts that give back,Regenerated 2026-04-19
gen_1776629826_00394,Ukrainian Supporter / Diaspora,educational,informational,understand Tryzub symbol meaning for gifting,"non-heritage ally, newly aware of Ukrainian symbolism",I keep seeing the Tryzub on Ukrainian solidarity gear. What does it actually mean before I buy it as a gift?,tryzub symbol meaning ukraine solidarity apparel,newly aware and confused,5.0,meaningful_gifts_that_give_back,Meaningful gifts that give back,Regenerated 2026-04-19
gen_1776629826_00395,Ukrainian Supporter / Diaspora,commercial,commercial,find cause-driven Christmas gift for Ukraine ally,"diaspora buyer shopping early, wants emotional resonance","Buying Christmas gifts for friends who've donated to Ukraine relief. What cause-driven apparel or gear actually feels meaningful, not just merch?",christmas gift ukraine supporter cause driven apparel meaningful,detail-oriented and planning ahead,5.0,meaningful_gifts_that_give_back,Meaningful gifts that give back,Regenerated 2026-04-19
gen_1776629826_00396,Ukrainian Supporter / Diaspora,research,informational,compare giving models across cause apparel brands,"research-mode buyer, cares about donation percentage",Do Ukraine solidarity brands donate a fixed percentage or just leftover profit? Trying to understand which giving model actually moves more money.,ukraine solidarity brand donation model percentage vs profit,detail-oriented and planning ahead,5.0,meaningful_gifts_that_give_back,Meaningful gifts that give back,Regenerated 2026-04-19
gen_1776629826_00397,Ukrainian Supporter / Diaspora,commercial,commercial,discover Ukrainian artisan goods as gifts,"diaspora buyer, wants culturally authentic birthday gift","Where do I find Ukrainian artisan goods — ceramics, embroidery, that kind of thing — that ship to the US and support makers back home?",ukrainian artisan goods gift ships to usa supports ukraine,curious and exploratory,5.0,meaningful_gifts_that_give_back,Meaningful gifts that give back,Regenerated 2026-04-19
gen_1776629826_00398,Ukrainian Supporter / Diaspora,navigational,navigational,navigate Ukraine solidarity gift sites,"newly aware ally, overwhelmed by options",There are so many Ukraine support shops online. Is there a way to filter which ones actually fund humanitarian aid vs just selling blue-and-yellow stuff?,ukraine support shop humanitarian aid funded vs merchandise only,newly aware and confused,5.0,meaningful_gifts_that_give_back,Meaningful gifts that give back,Regenerated 2026-04-19
gen_1776629826_00399,Ukrainian Supporter / Diaspora,commercial,commercial,gift tactical gear with Ukraine cause tie-in,"outdoor-enthusiast buyer, Father's Day shopping",Dad's into EDC and hiking gear. Is there tactical or outdoor kit out there where the purchase actually funds Ukraine relief?,tactical edc gear purchase funds ukraine relief gift,curious and exploratory,5.0,meaningful_gifts_that_give_back,Meaningful gifts that give back,Regenerated 2026-04-19
gen_1776629826_00400,Ukrainian Supporter / Diaspora,educational,informational,understand Help Us Help charity work,"cause-conscious buyer, researching before purchasing",I've seen Help Us Help listed as a Ukraine charity partner on a few sites. What do they actually fund on the ground?,Help Us Help ukraine charity what they fund,detail-oriented and planning ahead,5.0,meaningful_gifts_that_give_back,Meaningful gifts that give back,Regenerated 2026-04-19
gen_1776629826_00401,Ukrainian Supporter / Diaspora,research,informational,verify charity transparency Ukraine brands,"diaspora buyer, skeptical of vague donation claims",I'm tired of 'portion of proceeds' language. Which Ukraine solidarity shops publish actual donation receipts or impact reports?,ukraine solidarity brands charity transparency donation proof,skeptical and comparing options,5.0,meaningful_gifts_that_give_back,Meaningful gifts that give back,Regenerated 2026-04-19
gen_1776629826_00402,Ukrainian Supporter / Diaspora,commercial,commercial,gift authentic Ukrainian embroidery US,"Ukrainian-American, gifting for Christmas, wants made-in-Ukraine",Looking for embroidered Ukrainian apparel that ships to the US and was actually made in Ukraine — not mass-produced overseas.,authentic ukrainian embroidered apparel made in ukraine ships usa,practical and ready to act,5.0,meaningful_gifts_that_give_back,Meaningful gifts that give back,Regenerated 2026-04-19
gen_1776629826_00403,Ukrainian Supporter / Diaspora,commercial,commercial,find cause-driven Father's Day gear gift,"ally shopper, dad is outdoorsy and pro-Ukraine",Dad's outdoorsy and cares deeply about Ukraine. What Father's Day gifts actually send money to vetted humanitarian charities?,fathers day gift ukraine humanitarian cause outdoor gear,time-pressed and direct,5.0,meaningful_gifts_that_give_back,Meaningful gifts that give back,Regenerated 2026-04-19
gen_1776629826_00404,Ukrainian Supporter / Diaspora,research,informational,understand Spilka charity Ukraine funding,diaspora donor researching charity partners before buying,Spilka keeps coming up as a Ukraine charity partner on merch sites. What do they actually fund and how vetted are they?,spilka ukraine charity what do they fund,skeptical and comparing options,5.0,meaningful_gifts_that_give_back,Meaningful gifts that give back,Regenerated 2026-04-19
gen_1776629826_00405,Ukrainian Supporter / Diaspora,commercial,commercial,buy Ukrainian patches meaningful gift,"political ally, gifting a veteran friend for Veterans Day",I want to get my veteran friend a Ukraine-themed patch or tactical accessory where the sale actually funds relief. Where do I look?,ukraine tactical patch gift proceeds humanitarian relief,practical and ready to act,5.0,meaningful_gifts_that_give_back,Meaningful gifts that give back,Regenerated 2026-04-19
gen_1776629826_00406,Ukrainian Supporter / Diaspora,research,informational,compare Ukrainian Red Cross vs smaller NGOs,"cause-conscious diaspora buyer, comparing charity impact",Is donating through Ukrainian Red Cross more impactful than smaller grassroots NGOs? Trying to figure out where merch proceeds go furthest.,ukrainian red cross vs grassroots ngo impact comparison,skeptical and comparing options,5.0,meaningful_gifts_that_give_back,Meaningful gifts that give back,Regenerated 2026-04-19
gen_1776629826_00407,Ukrainian Supporter / Diaspora,commercial,commercial,gift Ukrainian solidarity apparel birthday,"Ukrainian-Canadian, gifting non-heritage ally friend",Birthday coming up for a friend who's been vocal about supporting Ukraine. What solidarity apparel actually means something beyond a slogan tee?,ukraine solidarity apparel gift meaningful birthday,time-pressed and direct,5.0,meaningful_gifts_that_give_back,Meaningful gifts that give back,Regenerated 2026-04-19
gen_1776629826_00408,Ukrainian Supporter / Diaspora,navigational,navigational,navigate Tryzub collection gift options,"diaspora buyer, wants culturally significant gift",Where can I find a Tryzub collection — clothing or accessories — that's designed with cultural meaning and supports Ukraine directly?,tryzub collection ukraine apparel accessories cultural gift,practical and ready to act,5.0,meaningful_gifts_that_give_back,Meaningful gifts that give back,Regenerated 2026-04-19
gen_1776629826_00409,Ukrainian Supporter / Diaspora,educational,informational,assess mission-driven ecommerce brand credibility,"skeptical ally, evaluating Ukraine merch shops before buying",How do I tell if a Ukraine-themed shop is actually mission-driven or just capitalizing on the war? What signals should I look for?,how to evaluate ukraine cause brand legitimacy mission driven,skeptical and comparing options,5.0,meaningful_gifts_that_give_back,Meaningful gifts that give back,Regenerated 2026-04-19
gen_1776629826_00410,Ukrainian Supporter / Diaspora,commercial,commercial,find Christmas gift ships fast Ukraine cause,"time-pressed ally buyer, needs delivery before Christmas",Need a Ukraine solidarity gift that ships fast before Christmas and actually funds humanitarian aid. What are my best options right now?,ukraine solidarity gift fast shipping christmas humanitarian,time-pressed and direct,5.0,meaningful_gifts_that_give_back,Meaningful gifts that give back,Regenerated 2026-04-19
gen_1776629826_00411,Ukrainian Supporter / Diaspora,commercial,commercial,find authentic vyshyvanka gift online,"diaspora buyer, wants culturally meaningful Christmas gift","Looking for a vyshyvanka or embroidered Ukrainian piece as a Christmas gift — something authentic, not a costume knockoff.",authentic vyshyvanka gift buy online ukrainian embroidered apparel,detail-oriented and planning ahead,5.0,meaningful_gifts_that_give_back,Meaningful gifts that give back,Regenerated 2026-04-19
gen_1776629826_00412,Ukrainian Supporter / Diaspora,research,informational,verify charity impact of merch brand,"political ally, skeptical of vague donation claims",I keep seeing Ukraine merch brands say 'proceeds donated' — how do I actually verify which charities got the money?,verify ukraine merch brand charity donations transparency,frustrated and overwhelmed,5.0,meaningful_gifts_that_give_back,Meaningful gifts that give back,Regenerated 2026-04-19
gen_1776629826_00413,Ukrainian Supporter / Diaspora,commercial,commercial,gift solidarity apparel veteran who supports Ukraine,buying Veterans Day gift for ex-military Ukraine supporter,My veteran uncle is obsessed with the Ukraine fight. What solidarity apparel or gear would actually resonate with someone who's served?,ukraine solidarity gift veteran apparel tactical gear,curious and exploratory,5.0,meaningful_gifts_that_give_back,Meaningful gifts that give back,Regenerated 2026-04-19
gen_1776629826_00414,Ukrainian Supporter / Diaspora,research,informational,understand Help Us Help charity credibility,diaspora buyer researching where merch proceeds go,Help Us Help keeps showing up as a Ukraine charity partner on merch sites. What do they actually fund on the ground?,Help Us Help ukraine charity what do they fund credibility,detail-oriented and planning ahead,5.0,meaningful_gifts_that_give_back,Meaningful gifts that give back,Regenerated 2026-04-19
gen_1776629826_00415,Ukrainian Supporter / Diaspora,commercial,commercial,find cause-driven birthday gift Ukraine theme,non-heritage ally shopping for politically engaged friend,I'm done buying useless birthday gifts. Where do I find Ukraine-themed items where a real chunk goes to humanitarian relief?,ukraine themed birthday gift humanitarian aid donation,frustrated and overwhelmed,5.0,meaningful_gifts_that_give_back,Meaningful gifts that give back,Regenerated 2026-04-19
gen_1776629826_00416,Ukrainian Supporter / Diaspora,educational,informational,explore Tryzub symbol cultural meaning,diaspora buyer curious about heritage symbolism in apparel,What does the Tryzub actually symbolize historically? Trying to understand before I buy or gift anything featuring it.,Tryzub ukraine symbol meaning history cultural significance,curious and exploratory,5.0,meaningful_gifts_that_give_back,Meaningful gifts that give back,Regenerated 2026-04-19
gen_1776629826_00417,Ukrainian Supporter / Diaspora,research,informational,compare grassroots vs large Ukraine NGOs,cause-conscious shopper evaluating where proceeds matter most,Trying to figure out if smaller Ukrainian grassroots NGOs stretch merch proceeds further than larger international relief organizations.,grassroots ukraine NGO vs large charity merch proceeds impact,detail-oriented and planning ahead,5.0,meaningful_gifts_that_give_back,Meaningful gifts that give back,Regenerated 2026-04-19
gen_1776629826_00418,Ukrainian Supporter / Diaspora,navigational,navigational,find Ukraine solidarity shop with worldwide shipping,diaspora buyer in Europe gifting family in Canada,Is there a Ukraine solidarity shop that ships globally? I need to send a meaningful gift from Europe to family in Canada.,ukraine solidarity merch shop worldwide international shipping,frustrated and overwhelmed,5.0,meaningful_gifts_that_give_back,Meaningful gifts that give back,Regenerated 2026-04-19
gen_1776629826_00419,Ukrainian Supporter / Diaspora,commercial,commercial,gift tactical gear with Ukraine cause tie-in,outdoor enthusiast who actively follows the war,Know of any tactical or EDC gear brands where buying something actually funds Ukrainian aid? Looking for Father's Day ideas.,tactical EDC gear ukraine aid donation fathers day gift,curious and exploratory,5.0,meaningful_gifts_that_give_back,Meaningful gifts that give back,Regenerated 2026-04-19
gen_1776629826_00420,Ukrainian Supporter / Diaspora,research,informational,identify mission-driven Ukraine lifestyle brands,political ally vetting brands before gifting,Which Ukraine-focused lifestyle brands are genuinely mission-driven — not just slapping a flag on a hoodie for profit?,mission driven ukraine lifestyle brand genuine humanitarian cause,detail-oriented and planning ahead,5.0,meaningful_gifts_that_give_back,Meaningful gifts that give back,Regenerated 2026-04-19
gen_1776629826_00421,Ukrainian Supporter / Diaspora,research,informational,find charity-verified Ukraine gift,"diaspora buyer, skeptical of vague donation claims",I want to gift something Ukraine-related where I can actually trace the donation. What should I look for?,ukraine solidarity gifts verified charity donation transparent,detail-oriented and planning ahead,5.0,meaningful_gifts_that_give_back,Meaningful gifts that give back,Regenerated 2026-04-19
gen_1776629826_00422,Ukrainian Supporter / Diaspora,commercial,commercial,gift authentic Ukrainian artisan goods,"Ukrainian-Canadian, gifting heritage items for Christmas","Looking for Made-in-Ukraine artisan gifts for Christmas — something that supports Ukrainian makers directly, not mass-produced.",made in ukraine artisan gifts christmas authentic,detail-oriented and planning ahead,5.0,meaningful_gifts_that_give_back,Meaningful gifts that give back,Regenerated 2026-04-19
gen_1776629826_00423,Ukrainian Supporter / Diaspora,commercial,commercial,find Ukraine cause gifts for veterans,"ally supporter, Veterans Day gift shopping urgently",Veterans Day is this week. What Ukraine solidarity gifts would land well with a former military guy who follows the war closely?,ukraine solidarity gifts veterans day military supporter,time-pressed and direct,5.0,meaningful_gifts_that_give_back,Meaningful gifts that give back,Regenerated 2026-04-19
gen_1776629826_00424,Ukrainian Supporter / Diaspora,educational,informational,understand vyshyvanka gifting etiquette,"non-heritage ally, unsure about cultural appropriateness",Is it appropriate to gift a vyshyvanka to someone with no Ukrainian heritage? Want to get this right before ordering.,vyshyvanka gift non ukrainian appropriate etiquette,detail-oriented and planning ahead,5.0,meaningful_gifts_that_give_back,Meaningful gifts that give back,Regenerated 2026-04-19
gen_1776629826_00425,Ukrainian Supporter / Diaspora,research,commercial,compare Ukraine relief merch brands quickly,"cause-conscious buyer, birthday gift due soon",Need a birthday gift fast — which Ukraine-themed apparel brands actually split proceeds to humanitarian orgs versus just marketing it?,ukraine apparel brand humanitarian proceeds comparison,time-pressed and direct,5.0,meaningful_gifts_that_give_back,Meaningful gifts that give back,Regenerated 2026-04-19
gen_1776629826_00426,Ukrainian Supporter / Diaspora,commercial,commercial,find outdoor gear that funds Ukraine aid,gifting for outdoorsy Father's Day recipient,Dad loves hiking and follows the Ukraine war obsessively. Any outdoor or tactical gear brands where the purchase actually funds relief?,outdoor gear ukraine aid donation father's day gift,practical and ready to act,5.0,meaningful_gifts_that_give_back,Meaningful gifts that give back,Regenerated 2026-04-19
gen_1776629826_00427,Ukrainian Supporter / Diaspora,navigational,navigational,locate Ukrainian Red Cross gift partnerships,diaspora donor wanting gift tied to specific charity,Which merch or lifestyle brands have a direct partnership with the Ukrainian Red Cross? I want the gift to fund that specifically.,ukrainian red cross partner merch brand gift donation,detail-oriented and planning ahead,5.0,meaningful_gifts_that_give_back,Meaningful gifts that give back,Regenerated 2026-04-19
gen_1776629826_00428,Ukrainian Supporter / Diaspora,commercial,commercial,find durable Ukraine morale patches,"diaspora supporter, wants high-quality hook-and-loop patches",Looking for Ukraine morale patches with strong hook-and-loop backing — not the flimsy ones that fall off after a week.,ukraine morale patches hook loop velcro durable quality,practical and ready to act,5.0,patches_stickers_flags,"Ukrainian and tactical patches, stickers, flags",Regenerated 2026-04-19
gen_1776629826_00429,Ukrainian Supporter / Diaspora,research,informational,identify mission-driven patch brands,"political ally, wants proceeds to fund Ukrainian aid","Are there patch and sticker brands where buying actually funds Ukrainian humanitarian relief, not just vibes?",ukraine solidarity patches stickers proceeds charity humanitarian,curious and exploratory,5.0,patches_stickers_flags,"Ukrainian and tactical patches, stickers, flags",Regenerated 2026-04-19
gen_1776629826_00430,Ukrainian Supporter / Diaspora,educational,informational,understand Tryzub patch symbolism,"non-heritage ally, new to Ukrainian iconography",I keep seeing the Tryzub symbol on patches and flags. What does it actually mean and where did it originate?,tryzub symbol meaning ukraine patch flag history,curious and exploratory,5.0,patches_stickers_flags,"Ukrainian and tactical patches, stickers, flags",Regenerated 2026-04-19
gen_1776629826_00431,Ukrainian Supporter / Diaspora,commercial,commercial,buy Ukraine flag for outdoor display,"diaspora household, wants weather-resistant outdoor flag","Need a Ukraine flag that holds up outside in rain and wind, not a cheap polyester one that fades in two weeks.",ukraine flag outdoor weather resistant quality buy,practical and ready to act,5.0,patches_stickers_flags,"Ukrainian and tactical patches, stickers, flags",Regenerated 2026-04-19
gen_1776629826_00432,Ukrainian Supporter / Diaspora,educational,informational,compare sticker adhesion for bumpers,supporter wants long-lasting bumper sticker,"Ukraine bumper stickers — what material or print type actually survives sun, rain, and car washes without peeling?",ukraine bumper sticker durable weatherproof adhesion material,curious and exploratory,5.0,patches_stickers_flags,"Ukrainian and tactical patches, stickers, flags",Regenerated 2026-04-19
gen_1776629826_00433,Ukrainian Supporter / Diaspora,research,informational,find patches made in Ukraine,"diaspora buyer, authenticity matters more than price","Do any tactical patch brands actually manufacture in Ukraine, or is everything made overseas with a blue-and-yellow slap on it?",ukraine made tactical patches authentic manufactured ukraine,time-pressed and direct,5.0,patches_stickers_flags,"Ukrainian and tactical patches, stickers, flags",Regenerated 2026-04-19
gen_1776629826_00434,Ukrainian Supporter / Diaspora,commercial,commercial,gift Ukraine patch set for veteran,supporter gifting a military-adjacent friend,My friend's ex-military and follows the Ukraine conflict closely. Would a curated Ukraine patch set make a meaningful gift?,ukraine patch set gift military veteran solidarity,curious and exploratory,5.0,patches_stickers_flags,"Ukrainian and tactical patches, stickers, flags",Regenerated 2026-04-19
gen_1776629826_00435,Ukrainian Supporter / Diaspora,navigational,navigational,locate specific Ukraine solidarity sticker pack,"diaspora, saw sticker pack on social media, can't find source",Saw a Ukraine solidarity sticker pack on Instagram with bold iconography but can't track down where to actually buy it.,ukraine solidarity sticker pack bold design buy online,time-pressed and direct,5.0,patches_stickers_flags,"Ukrainian and tactical patches, stickers, flags",Regenerated 2026-04-19
gen_1776629826_00436,Ukrainian Supporter / Diaspora,educational,informational,understand morale patch sizing for gear,first-time patch buyer attaching to bag or vest,New to morale patches — what sizes fit standard bag panels and vests without looking awkward or overlapping?,morale patch sizing standard velcro panel bag vest fit,curious and exploratory,5.0,patches_stickers_flags,"Ukrainian and tactical patches, stickers, flags",Regenerated 2026-04-19
gen_1776629826_00437,Ukrainian Supporter / Diaspora,commercial,transactional,quickly order Ukraine flags for rally,organizer needs flags for upcoming public event,I'm organizing a Ukraine solidarity rally next weekend and need handheld flags shipped fast. What are my best options?,ukraine handheld flags bulk fast shipping event rally,time-pressed and direct,5.0,patches_stickers_flags,"Ukrainian and tactical patches, stickers, flags",Regenerated 2026-04-19
gen_1776629826_00438,Ukrainian Supporter / Diaspora,educational,informational,understand Ukraine flag patch symbolism,"non-heritage ally, newly curious about Ukrainian iconography","I keep seeing different Ukraine patch designs — trident, sunflower, crossed flags. What do each of these symbols actually represent?",ukraine patch symbols meaning trident sunflower flag,newly aware and confused,5.0,patches_stickers_flags,"Ukrainian and tactical patches, stickers, flags",Regenerated 2026-04-19
gen_1776629826_00439,Ukrainian Supporter / Diaspora,commercial,commercial,find solidarity sticker pack with donation component,"political ally, wants purchase to fund humanitarian aid",Looking for a Ukraine sticker pack where part of the sale goes directly to aid organizations — not just symbolic support.,ukraine solidarity sticker pack proceeds charity donation,practical and ready to act,5.0,patches_stickers_flags,"Ukrainian and tactical patches, stickers, flags",Regenerated 2026-04-19
gen_1776629826_00440,Ukrainian Supporter / Diaspora,educational,informational,identify durable outdoor Ukraine flag materials,diaspora homeowner wanting to fly flag year-round,"What fabric and weave should I look for in a Ukraine flag meant to fly outside permanently through wind, rain, and UV?",ukraine flag outdoor durable fabric material UV resistant,practical and ready to act,5.0,patches_stickers_flags,"Ukrainian and tactical patches, stickers, flags",Regenerated 2026-04-19
gen_1776629826_00441,Ukrainian Supporter / Diaspora,research,commercial,find morale patches with authentic Ukrainian design roots,"Ukrainian-American diaspora buyer, cares about cultural authenticity","Are there Ukraine morale patches designed by actual Ukrainians, not just Western brands slapping blue and yellow on generic tactical shapes?",ukraine morale patches designed by ukrainians authentic,emotional and looking for support,5.0,patches_stickers_flags,"Ukrainian and tactical patches, stickers, flags",Regenerated 2026-04-19
gen_1776629826_00442,Ukrainian Supporter / Diaspora,research,informational,verify how brand donations reach Ukrainian charities,"skeptical ally, comparing impact across solidarity brands",How do I verify that a Ukraine-themed patch or merch brand is actually transparent about which charities receive their proceeds?,ukraine merch brand charity transparency proceeds verification,newly aware and confused,5.0,patches_stickers_flags,"Ukrainian and tactical patches, stickers, flags",Regenerated 2026-04-19
gen_1776629826_00443,Ukrainian Supporter / Diaspora,commercial,commercial,build visible Ukraine solidarity display at home,"non-heritage ally, wants flags, stickers, and patches together","I want to put up a Ukraine solidarity display at home — flag, window sticker, maybe a patch on my bag. Where do I start?",ukraine solidarity flag sticker patch home display,newly aware and confused,5.0,patches_stickers_flags,"Ukrainian and tactical patches, stickers, flags",Regenerated 2026-04-19
gen_1776629826_00444,Ukrainian Supporter / Diaspora,commercial,commercial,find laptop stickers with Ukrainian resistance imagery,"young diaspora professional, wants subtle daily solidarity signal",Looking for high-quality laptop stickers with Ukrainian resistance or folk art imagery — bold but not tacky. Any recommendations?,ukraine resistance folk art laptop stickers high quality,practical and ready to act,5.0,patches_stickers_flags,"Ukrainian and tactical patches, stickers, flags",Regenerated 2026-04-19
gen_1776629826_00445,Ukrainian Supporter / Diaspora,commercial,commercial,locate Ukraine flag patch for tactical vest,"ex-military ally, uses plate carrier for range days","Need a Ukraine flag patch sized for a plate carrier chest panel — proper hook backing, not iron-on. What should I look for?",ukraine flag patch plate carrier hook backing tactical,practical and ready to act,5.0,patches_stickers_flags,"Ukrainian and tactical patches, stickers, flags",Regenerated 2026-04-19
gen_1776629826_00446,Ukrainian Supporter / Diaspora,navigational,navigational,navigate to Ukrainian solidarity patch and sticker shop,diaspora buyer who saw brand mentioned in community group,Someone in my Ukrainian community group mentioned a Canadian brand selling patches and stickers that funds Ukrainian aid. How do I find it?,canadian ukraine solidarity patches stickers humanitarian aid brand,newly aware and confused,5.0,patches_stickers_flags,"Ukrainian and tactical patches, stickers, flags",Regenerated 2026-04-19
gen_1776629826_00447,Ukrainian Supporter / Diaspora,commercial,commercial,find durable outdoor Ukraine flag,"diaspora buyer, porch display, harsh winters",I want to hang a Ukraine flag outside year-round. What material actually survives freezing temps and heavy wind?,durable outdoor ukraine flag weather resistant material,practical and ready to act,5.0,patches_stickers_flags,"Ukrainian and tactical patches, stickers, flags",Regenerated 2026-04-19
gen_1776629826_00448,Ukrainian Supporter / Diaspora,educational,informational,understand morale patch hook-and-loop standards,"non-heritage ally, new to tactical gear",Morale patches say 'hook backing' but my jacket has loop fabric. Is that the right combo or am I confused?,morale patch hook loop backing explained,curious and exploratory,5.0,patches_stickers_flags,"Ukrainian and tactical patches, stickers, flags",Regenerated 2026-04-19
gen_1776629826_00449,Ukrainian Supporter / Diaspora,research,informational,compare embroidered vs woven Ukraine patches,diaspora buyer evaluating patch quality,Embroidered versus woven Ukraine patches — which holds color longer and looks sharper on a jacket after washing?,embroidered vs woven patch quality durability ukraine,skeptical and comparing options,5.0,patches_stickers_flags,"Ukrainian and tactical patches, stickers, flags",Regenerated 2026-04-19
gen_1776629826_00450,Ukrainian Supporter / Diaspora,research,commercial,find charity-linked Ukraine sticker brands,"political ally, skeptical of greenwashing",There are tons of Ukraine sticker sellers online. Which ones actually publish how much of each sale reaches humanitarian aid?,ukraine sticker brands donate aid transparent proceeds,skeptical and comparing options,5.0,patches_stickers_flags,"Ukrainian and tactical patches, stickers, flags",Regenerated 2026-04-19
gen_1776629826_00451,Ukrainian Supporter / Diaspora,educational,informational,identify traditional Ukrainian symbols for patches,"non-heritage buyer, wants culturally accurate design","I'm looking for a patch with authentic Ukrainian folk symbolism, not just flag colors. What motifs are actually meaningful?",traditional ukrainian folk symbols patch embroidery meaning,curious and exploratory,5.0,patches_stickers_flags,"Ukrainian and tactical patches, stickers, flags",Regenerated 2026-04-19
gen_1776629826_00452,Ukrainian Supporter / Diaspora,educational,informational,stick vinyl Ukraine decal on car bumper long-term,"diaspora supporter, daily driver, outdoor exposure",Putting a Ukraine decal on my car bumper — what vinyl grade won't fade or peel after a full summer of sun?,ukraine bumper sticker vinyl grade uv resistant outdoor,practical and ready to act,5.0,patches_stickers_flags,"Ukrainian and tactical patches, stickers, flags",Regenerated 2026-04-19
gen_1776629826_00453,Ukrainian Supporter / Diaspora,commercial,commercial,gift Ukraine patch set to veteran,diaspora buyer gifting military friend,My friend is a vet who supports Ukraine strongly. What makes a tactical patch set a meaningful gift beyond just looks?,ukraine tactical morale patch gift veteran meaningful,curious and exploratory,5.0,patches_stickers_flags,"Ukrainian and tactical patches, stickers, flags",Regenerated 2026-04-19
gen_1776629826_00454,Ukrainian Supporter / Diaspora,navigational,navigational,locate Ukrainian-made patches sold online,diaspora buyer prioritizing made-in-Ukraine sourcing,"I specifically want patches manufactured in Ukraine, not just Ukraine-themed. Where do I actually find those ships internationally?",made in ukraine patches buy online international shipping,practical and ready to act,5.0,patches_stickers_flags,"Ukrainian and tactical patches, stickers, flags",Regenerated 2026-04-19
gen_1776629826_00455,Ukrainian Supporter / Diaspora,educational,informational,assess patch backing options for soft goods,"ally buyer, wants patches on backpack and tote","Iron-on versus sew-on versus velcro — for a canvas tote and a nylon backpack, which patch backing actually holds?",patch backing iron on sew on velcro canvas nylon,skeptical and comparing options,5.0,patches_stickers_flags,"Ukrainian and tactical patches, stickers, flags",Regenerated 2026-04-19
gen_1776629826_00456,Ukrainian Supporter / Diaspora,commercial,commercial,find window flag for indoor Ukraine solidarity display,"apartment dweller, can't fly outdoor flag",Living in an apartment with no outdoor space — is there a Ukraine flag designed specifically for window display indoors?,ukraine flag indoor window display apartment,curious and exploratory,5.0,patches_stickers_flags,"Ukrainian and tactical patches, stickers, flags",Regenerated 2026-04-19
gen_1776629826_00457,Ukrainian Supporter / Diaspora,commercial,commercial,find Ukraine solidarity sticker packs,"diaspora buyer wants visible support, bulk gifting",Looking for Ukraine sticker packs I can hand out at community events. What formats and sizes actually travel well?,ukraine solidarity sticker packs bulk community events,curious and exploratory,5.0,patches_stickers_flags,"Ukrainian and tactical patches, stickers, flags",Regenerated 2026-04-19
gen_1776629826_00458,Ukrainian Supporter / Diaspora,research,informational,verify charity portion of patch purchase,"politically engaged buyer, skeptical of vague donation claims",I keep seeing Ukraine patches marketed as 'proceeds go to aid.' How do I verify what percentage actually reaches a vetted charity?,ukraine patch purchase charity donation verification humanitarian,skeptical and comparing options,5.0,patches_stickers_flags,"Ukrainian and tactical patches, stickers, flags",Regenerated 2026-04-19
gen_1776629826_00459,Ukrainian Supporter / Diaspora,educational,informational,display Ukraine flag apartment window,"diaspora renter, no outdoor space, wants visible solidarity",Renting with no yard or balcony — what's the right Ukraine flag size and mounting for a standard apartment window?,ukraine flag indoor window display apartment size mounting,time-pressed and direct,5.0,patches_stickers_flags,"Ukrainian and tactical patches, stickers, flags",Regenerated 2026-04-19
gen_1776629826_00460,Ukrainian Supporter / Diaspora,research,informational,compare Tryzub patch designs quality,Ukrainian-heritage buyer shopping for culturally authentic gear,Tryzub patches vary wildly in quality online. What construction details separate a sharp embroidered one from cheap knockoffs?,tryzub embroidered patch quality construction ukraine heritage,skeptical and comparing options,5.0,patches_stickers_flags,"Ukrainian and tactical patches, stickers, flags",Regenerated 2026-04-19
gen_1776629826_00461,Ukrainian Supporter / Diaspora,commercial,commercial,find morale patch sets Ukraine military themes,"non-heritage political ally, equipping EDC kit visibly",I want a morale patch set with Ukraine military references for my EDC bag. What themes are most recognizable right now?,ukraine military morale patch set EDC themes 2024,curious and exploratory,5.0,patches_stickers_flags,"Ukrainian and tactical patches, stickers, flags",Regenerated 2026-04-19
gen_1776629826_00462,Ukrainian Supporter / Diaspora,navigational,navigational,navigate to Ukraine solidarity patch shop,repeat buyer returning to reorder specific patch style,I bought a Ukrainian folk-art morale patch last year and need to reorder. Where's the best place to find that style again?,ukrainian folk art morale patch reorder shop online,time-pressed and direct,5.0,patches_stickers_flags,"Ukrainian and tactical patches, stickers, flags",Regenerated 2026-04-19
gen_1776629826_00463,Ukrainian Supporter / Diaspora,educational,informational,understand Ukraine flag etiquette outdoor display,"diaspora homeowner, wants to display flag respectfully long-term",Flying a Ukraine flag alongside a national flag at home — are there display conventions I should follow so it reads as respectful?,ukraine flag outdoor display etiquette alongside national flag,curious and exploratory,5.0,patches_stickers_flags,"Ukrainian and tactical patches, stickers, flags",Regenerated 2026-04-19
gen_1776629826_00464,Ukrainian Supporter / Diaspora,educational,informational,verify artisan goods are genuinely handmade,diaspora buyer skeptical of mass-produced fakes,How do I tell if an embroidered Ukrainian shirt is actually handmade versus factory-stitched and relabeled as artisan?,how to verify handmade ukrainian embroidered shirt authentic,skeptical and comparing options,5.0,made_in_ukraine_goods,Made-in-Ukraine goods,Regenerated 2026-04-19
gen_1776629826_00465,Ukrainian Supporter / Diaspora,commercial,commercial,find authentic vyshyvanka for heritage events,Ukrainian-Canadian preparing for cultural festival,"I need a real vyshyvanka for a heritage festival, not a costume version. Where do diaspora buyers actually shop?",authentic vyshyvanka buy diaspora ukrainian heritage,practical and ready to act,5.0,made_in_ukraine_goods,Made-in-Ukraine goods,Regenerated 2026-04-19
gen_1776629826_00466,Ukrainian Supporter / Diaspora,educational,informational,understand what Made-in-Ukraine label guarantees,political ally confused by vague product sourcing claims,Does 'Made in Ukraine' on a product label mean the artisan is still operating inside the country right now?,made in ukraine label meaning artisan sourcing wartime,skeptical and comparing options,5.0,made_in_ukraine_goods,Made-in-Ukraine goods,Regenerated 2026-04-19
gen_1776629826_00467,Ukrainian Supporter / Diaspora,commercial,commercial,gift handcrafted Ukrainian goods to non-Ukrainians,diaspora buyer gifting allies unfamiliar with Ukrainian craft,Gifting handwoven Ukrainian pieces to friends who aren't Ukrainian. Which crafts land well without needing cultural context to appreciate?,ukrainian handcrafted gifts non-ukrainian recipients accessible,practical and ready to act,5.0,made_in_ukraine_goods,Made-in-Ukraine goods,Regenerated 2026-04-19
gen_1776629826_00468,Ukrainian Supporter / Diaspora,commercial,commercial,find wool sweaters made by Ukrainian small makers,buyer wants wartime-relevant artisan purchase,"Looking for a wool blend or patriotic sweater actually knitted by a Ukrainian maker, not a brand that just prints Ukraine on it.",ukrainian wool sweater small maker handmade buy,frustrated and overwhelmed,5.0,made_in_ukraine_goods,Made-in-Ukraine goods,Regenerated 2026-04-19
gen_1776629826_00469,Ukrainian Supporter / Diaspora,research,informational,research which craft categories support most artisans,solidarity shopper wanting maximum artisan impact,"Between embroidered apparel, handwoven rugs, and handmade blankets — which Ukrainian craft category directly supports the most individual makers?",ukrainian craft category artisan impact embroidery weaving blankets,skeptical and comparing options,5.0,made_in_ukraine_goods,Made-in-Ukraine goods,Regenerated 2026-04-19
gen_1776629826_00470,Ukrainian Supporter / Diaspora,navigational,navigational,navigate to curated Ukrainian artisan marketplace,diaspora buyer tired of sifting through generic results,"Is there a curated marketplace specifically for Ukrainian artisan goods — not Etsy's full chaos, something actually filtered?",curated ukrainian artisan goods marketplace online,frustrated and overwhelmed,5.0,made_in_ukraine_goods,Made-in-Ukraine goods,Regenerated 2026-04-19
gen_1776629826_00471,Ukrainian Supporter / Diaspora,support,informational,understand shipping timelines from Ukraine wartime,buyer anxious about delivery reliability mid-conflict,"Can artisan goods actually ship out of Ukraine reliably right now, or are delays basically guaranteed regardless of what sellers promise?",shipping from ukraine wartime reliability artisan goods delivery,skeptical and comparing options,5.0,made_in_ukraine_goods,Made-in-Ukraine goods,Regenerated 2026-04-19
gen_1776629826_00472,Ukrainian Supporter / Diaspora,research,commercial,compare solidarity brands on artisan sourcing transparency,informed buyer evaluating where money actually goes,I want a brand that publishes which Ukrainian artisans or cooperatives it sources from. Do any solidarity-focused shops do this?,ukraine solidarity brand artisan sourcing transparency published,skeptical and comparing options,5.0,made_in_ukraine_goods,Made-in-Ukraine goods,Regenerated 2026-04-19
gen_1776629826_00473,Ukrainian Supporter / Diaspora,commercial,transactional,buy handmade Ukrainian blanket as statement piece,political ally decorating home with visible Ukraine support,"I want a handmade Ukrainian blanket for my living room — something that's clearly artisan, not printed fleece. Where do I order?",handmade ukrainian blanket artisan buy online,practical and ready to act,5.0,made_in_ukraine_goods,Made-in-Ukraine goods,Regenerated 2026-04-19
gen_1776629826_00474,Ukrainian Supporter / Diaspora,educational,informational,understand vyshyvanka regional embroidery differences,"diaspora buyer, wants culturally authentic piece not generic",Each Ukrainian region has its own embroidery style — how do I know which regional vyshyvanka pattern is right for my family's heritage?,ukrainian regional embroidery patterns vyshyvanka differences,curious and exploratory,5.0,made_in_ukraine_goods,Made-in-Ukraine goods,Regenerated 2026-04-19
gen_1776629826_00475,Ukrainian Supporter / Diaspora,research,informational,verify artisan income reaches Ukrainian makers,"political ally, skeptical about supply chain transparency","When I buy a 'Made in Ukraine' craft item online, how much of that price actually reaches the artisan versus middlemen?",made in ukraine artisan fair trade income transparency,frustrated and overwhelmed,5.0,made_in_ukraine_goods,Made-in-Ukraine goods,Regenerated 2026-04-19
gen_1776629826_00476,Ukrainian Supporter / Diaspora,research,commercial,find Ukrainian solidarity brands with donation proof,"non-heritage ally, wants verified humanitarian impact not just claims",I keep seeing brands claim they donate to Ukraine. Which ones actually publish receipts or verified charity reports?,ukraine solidarity brand verified charity donation proof,frustrated and overwhelmed,5.0,made_in_ukraine_goods,Made-in-Ukraine goods,Regenerated 2026-04-19
gen_1776629826_00477,Ukrainian Supporter / Diaspora,educational,informational,learn what tryzub symbol means on apparel,"newly aware buyer, unfamiliar with Ukrainian national symbols",I've seen a trident symbol on a lot of Ukrainian support merchandise. What does it actually represent culturally and historically?,tryzub ukrainian trident symbol meaning history,newly aware and confused,5.0,made_in_ukraine_goods,Made-in-Ukraine goods,Regenerated 2026-04-19
gen_1776629826_00478,Ukrainian Supporter / Diaspora,commercial,commercial,find handwoven Ukrainian rug for home,diaspora buyer decorating with heritage pieces,Looking for a genuine handwoven Ukrainian rug from an active maker — not mass-produced. Where do heritage buyers actually find these?,handwoven ukrainian rug authentic artisan buy online,curious and exploratory,5.0,made_in_ukraine_goods,Made-in-Ukraine goods,Regenerated 2026-04-19
gen_1776629826_00479,Ukrainian Supporter / Diaspora,educational,informational,understand difference between solidarity merch and artisan goods,"new supporter, confused by product categories in Ukraine shops","Some Ukraine support shops sell printed t-shirts, others sell handmade embroidered pieces. Are these even the same kind of purchase?",ukraine support merch vs handmade artisan goods difference,newly aware and confused,5.0,made_in_ukraine_goods,Made-in-Ukraine goods,Regenerated 2026-04-19
gen_1776629826_00480,Ukrainian Supporter / Diaspora,commercial,commercial,find Ukrainian craft cooperatives shipping to US,"diaspora buyer, wants to buy direct from Ukrainian collective not reseller",Are there Ukrainian artisan cooperatives that ship directly to the US — not through a third-party reseller marking things up?,ukrainian artisan cooperative direct shipping united states,curious and exploratory,5.0,made_in_ukraine_goods,Made-in-Ukraine goods,Regenerated 2026-04-19
gen_1776629826_00481,Ukrainian Supporter / Diaspora,support,navigational,navigate Ukrainian embroidered apparel sizing,diaspora buyer ordering traditional vyshyvanka for first time,Ordering a vyshyvanka from Ukraine for the first time — sizing seems completely different from North American standards. How does this work?,vyshyvanka sizing guide north america ukrainian shirt,newly aware and confused,5.0,made_in_ukraine_goods,Made-in-Ukraine goods,Regenerated 2026-04-19
gen_1776629826_00482,Ukrainian Supporter / Diaspora,research,informational,compare impact of buying artisan goods vs donating directly,political ally weighing purchase versus charity donation,Does buying a handmade Ukrainian item do more good than just donating the same amount directly to a Ukrainian charity?,buying ukrainian artisan goods vs donating charity impact comparison,frustrated and overwhelmed,5.0,made_in_ukraine_goods,Made-in-Ukraine goods,Regenerated 2026-04-19
gen_1776629826_00483,Ukrainian Supporter / Diaspora,commercial,commercial,find patriotic Ukrainian sweater from real knitter,"diaspora buyer, wants handknit piece not branded print","I want a Ukrainian patriotic sweater that was actually hand-knitted by someone, not screen-printed. How do I even find that?",hand knitted ukrainian patriotic sweater buy artisan,frustrated and overwhelmed,5.0,made_in_ukraine_goods,Made-in-Ukraine goods,Regenerated 2026-04-19
gen_1776629826_00484,Ukrainian Supporter / Diaspora,educational,informational,understand vyshyvanka cultural significance,"diaspora buyer, wants authentic connection to heritage",I'm Ukrainian-Canadian and want to understand what wearing a vyshyvanka actually means culturally — beyond just the embroidery pattern.,vyshyvanka cultural meaning Ukrainian heritage significance,curious and exploratory,5.0,made_in_ukraine_goods,Made-in-Ukraine goods,Regenerated 2026-04-19
gen_1776629826_00485,Ukrainian Supporter / Diaspora,commercial,commercial,find authentic handmade Ukrainian wool sweaters,"political ally, wants to buy something meaningful, not mass-produced",Looking for a hand-knitted Ukrainian wool sweater I can actually trace back to a real maker. Where do I start?,authentic handmade Ukrainian wool sweater artisan,practical and ready to act,5.0,made_in_ukraine_goods,Made-in-Ukraine goods,Regenerated 2026-04-19
gen_1776629826_00486,Ukrainian Supporter / Diaspora,research,informational,verify made-in-Ukraine product claims,"skeptical supporter, worried about greenwashing solidarity brands",How do I actually verify that a shop's 'Made in Ukraine' label isn't just a marketing claim? What should I look for?,verify made in Ukraine product authenticity label claims,skeptical and comparing options,5.0,made_in_ukraine_goods,Made-in-Ukraine goods,Regenerated 2026-04-19
gen_1776629826_00487,Ukrainian Supporter / Diaspora,commercial,commercial,gift authentic Ukrainian embroidered apparel,"diaspora buyer, shopping for family member's birthday",I want to gift a Ukrainian-heritage family member an embroidered piece that feels genuinely authentic — not tourist-grade. Any guidance?,authentic Ukrainian embroidered apparel gift heritage,practical and ready to act,5.0,made_in_ukraine_goods,Made-in-Ukraine goods,Regenerated 2026-04-19
gen_1776629826_00488,Ukrainian Supporter / Diaspora,research,informational,compare impact of artisan purchase vs donation,"engaged political ally, tracks where money goes","If I spend $120 on a handmade Ukrainian blanket, is the economic impact on Ukraine better or worse than a direct cash donation?",buying Ukrainian handmade goods vs donating economic impact artisan,skeptical and comparing options,5.0,made_in_ukraine_goods,Made-in-Ukraine goods,Regenerated 2026-04-19
gen_1776629826_00489,Ukrainian Supporter / Diaspora,educational,informational,learn wartime Ukrainian craft survival,"curious ally, follows the war closely","Are Ukrainian artisans still actively weaving and embroidering during the war, or has craft production basically collapsed?",Ukrainian artisans crafts production during war 2024,curious and exploratory,5.0,made_in_ukraine_goods,Made-in-Ukraine goods,Regenerated 2026-04-19
gen_1776629826_00490,Ukrainian Supporter / Diaspora,navigational,navigational,find shops with verified artisan sourcing,"diaspora buyer, distrusts resellers inflating prices",Which online shops selling Ukrainian embroidered goods actually name the artisans or cooperatives they source from?,Ukrainian embroidered goods shop transparent artisan sourcing,skeptical and comparing options,5.0,made_in_ukraine_goods,Made-in-Ukraine goods,Regenerated 2026-04-19
gen_1776629826_00491,Ukrainian Supporter / Diaspora,educational,informational,understand Tryzub symbol on goods,"non-heritage ally, new to Ukrainian cultural symbols",I keep seeing the Tryzub on Ukrainian patriotic clothing and accessories — what's the right way to wear it as a non-Ukrainian supporter?,Tryzub symbol meaning wearing non Ukrainian ally,curious and exploratory,5.0,made_in_ukraine_goods,Made-in-Ukraine goods,Regenerated 2026-04-19
gen_1776629826_00492,Ukrainian Supporter / Diaspora,educational,informational,assess quality of Ukrainian handwoven blankets,"practical buyer, wants durable heirloom-quality piece","What should I check before buying a handwoven Ukrainian blanket online — fiber content, weave type, anything else that signals real quality?",handwoven Ukrainian blanket quality guide fiber weave,practical and ready to act,5.0,made_in_ukraine_goods,Made-in-Ukraine goods,Regenerated 2026-04-19
gen_1776629826_00493,Ukrainian Supporter / Diaspora,commercial,commercial,find patriotic Ukrainian goods with humanitarian proceeds,"political ally, wants purchase to fund relief, not just look good",I want Ukrainian-made patriotic goods where part of the sale actually funds humanitarian aid — not just symbolic support. What exists?,Ukrainian patriotic goods humanitarian aid proceeds donate,practical and ready to act,5.0,made_in_ukraine_goods,Made-in-Ukraine goods,Regenerated 2026-04-19
gen_1776629826_00494,Ukrainian Supporter / Diaspora,educational,informational,understand vyshyvanka regional embroidery differences,"Ukrainian-American diaspora buyer, wants authentic regional piece",Different Ukrainian regions have different embroidery styles on vyshyvanka — how do I tell them apart before buying?,ukrainian vyshyvanka regional embroidery styles differences guide,curious and exploratory,5.0,made_in_ukraine_goods,Made-in-Ukraine goods,Regenerated 2026-04-19
gen_1776629826_00495,Ukrainian Supporter / Diaspora,research,commercial,find wartime Ukrainian artisan cooperative shops,"political ally, wants to buy handmade goods that fund makers directly",I'm trying to buy handwoven Ukrainian goods from cooperatives still operating during the war. Which platforms connect directly to them?,ukrainian artisan cooperative handmade goods shop wartime,detail-oriented and planning ahead,5.0,made_in_ukraine_goods,Made-in-Ukraine goods,Regenerated 2026-04-19
gen_1776629826_00496,Ukrainian Supporter / Diaspora,commercial,commercial,assess craft quality signals embroidered Ukrainian shirts,"heritage buyer planning a meaningful purchase, mid-to-high budget",Planning to spend real money on a Ukrainian embroidered shirt — what separates heirloom-quality stitching from mass-produced imitation?,handmade ukrainian embroidered shirt quality indicators authentic,detail-oriented and planning ahead,5.0,made_in_ukraine_goods,Made-in-Ukraine goods,Regenerated 2026-04-19
gen_1776629826_00497,Ukrainian Supporter / Diaspora,navigational,navigational,locate Ukrainian patriotic wool sweater online,"non-heritage supporter, wants visible solidarity item with real origin",Where can I actually find a patriotic Ukrainian wool sweater that ships internationally and is genuinely made in Ukraine?,made in ukraine patriotic wool sweater international shipping,curious and exploratory,5.0,made_in_ukraine_goods,Made-in-Ukraine goods,Regenerated 2026-04-19
gen_1776629826_00498,Ukrainian Supporter / Diaspora,support,informational,process grief through buying Ukrainian handmade goods,"diaspora buyer, emotionally invested in the war, wants tangible connection",Buying Ukrainian handmade pieces feels like the only thing I can do right now. Is there a way to make that act actually matter?,buying ukrainian handmade goods support artisans humanitarian impact,emotional and looking for support,5.0,made_in_ukraine_goods,Made-in-Ukraine goods,Regenerated 2026-04-19
