keyword,search_volume,intent_type,competitor_brands
sayido,4800,commercial,
say i do,5900,commercial,
sayido login,900,navigational,
say i do login,700,navigational,
say i do website,1000,navigational,
say i do wedding website,500,navigational,
sayi.do login,200,navigational,
wedding website,2500,navigational,
sayi,150,commercial,
sayi.do,100,commercial,
save the date artinya,1700,commercial,
say.ido,100,commercial,
how to plan a wedding on a budget,1800,informational,
wedding rsvp website,700,navigational,
wedding registry,2100,commercial,
say ido,250,commercial,
rsvp website,1300,navigational,
wedding invitations online,600,commercial,
sayido find a couple,80,commercial,
www.sayido,70,commercial,
online wedding invitations,600,commercial,
i do wedding website,200,navigational,
say i do log in,90,commercial,
wedding invites,1000,commercial,
sayido website,150,navigational,
save the date templates,1400,commercial,
i do,350,commercial,
wedding website south africa,100,navigational,
how to download an excel file on mac,450,informational,
digital save the date,2500,commercial,
wedding rsvp online,200,commercial,
wedding website australia,600,navigational,
ai love story generator,100,commercial,
save the date invites,600,commercial,
save the date examples,2900,commercial,
digital wedding invitations,400,commercial,
wedding guest list,150,commercial,
sayi do login,30,navigational,
how to download excel file on mac,400,informational,
wedding planning checklist,21000,commercial,
wedding websites canada,700,navigational,
sayi do,80,commercial,
electronic save the date free,70,commercial,
best wedding registry canada,70,commercial,
electronic wedding invitations,150,commercial,
with joy find a couple,700,commercial,
destination wedding website wording examples,70,navigational,
digital wedding invitation,300,commercial,
https //sayi.do login,30,navigational,
save the dates,800,commercial,
natasha nice dp,250,commercial,
romance story generator,100,commercial,
say i.do,70,commercial,
gift registry,1000,commercial,
wedding website examples,450,navigational,
wedding planning,1800,commercial,
wedding registry canada,500,commercial,
wedding registry australia,100,commercial,
save the date online free,200,commercial,
rsvp wedding website,200,navigational,
ido wedding website,50,navigational,
wedding website faq,300,navigational,
wedding website templates,250,navigational,
wedding rsvp website australia,50,navigational,
wedding invitation,1600,commercial,
wedding website with qr code,50,navigational,
free save the dates,150,commercial,
save the date dress code modern,1400,commercial,
wedding invite,800,commercial,
email wedding invitations,100,commercial,
say i di,50,commercial,
save the date wedding invitations,250,commercial,
wedding qr code,400,commercial,
say i,70,commercial,
wedding gift registry,400,commercial,
free digital save the date,150,commercial,
wedding websites australia,150,navigational,
wedding websites south africa,150,navigational,
online wedding invites,150,commercial,
q and a for wedding website,250,navigational,
with joy wedding website,800,navigational,
wedding,6900,commercial,
wedding invitations,4800,commercial,
rsvp for wedding online,150,commercial,
wedding websites,200,navigational,
digital wedding invitations australia,100,commercial,
wedding invites online,150,commercial,
rsvp tracker,400,commercial,
digital save the date free,90,commercial,
isayido,10,commercial,
wedding invitations with rsvp,100,commercial,
online wedding invitations australia,90,commercial,
save date artinya,200,commercial,
destination wedding website wording,40,navigational,
sayido wedding website,40,navigational,
digital wedding invitations free,100,commercial,
wedding websites uk,700,navigational,
virtual wedding invitations,150,commercial,
digital wedding invitations with rsvp,40,commercial,
sayido rsvp,40,commercial,
destination wedding website template,100,navigational,
wedding guest list template,150,commercial,
wedding rsvp,700,commercial,
save the dates wedding,1900,commercial,
i do wedding,30,commercial,
online wedding invitations with rsvp free,100,commercial,
i do website,60,navigational,
wedding website nz,80,navigational,
wedding invitation website,200,navigational,
online save the date free,150,commercial,
say i do weddings,30,commercial,
destination wedding website,150,navigational,
save the date online,300,commercial,
q&a for wedding website,350,navigational,
nên gửi thiệp cưới trước bao lâu,30,commercial,
free save the date ecards,100,commercial,
what is a rsvp,350,informational,
online wedding invitation,150,commercial,
what to put on wedding website,150,navigational,
wedding e invite,150,commercial,
wedding invite website,100,navigational,
wedding registry uk,250,commercial,
say id,30,commercial,
wedding website maker,300,navigational,
online rsvp,350,commercial,
destination wedding website examples,90,navigational,
free wedding website australia,90,navigational,
wedding rsvp websites,30,navigational,
say i fo,30,commercial,
bsb 633123,1000,commercial,
website for wedding,150,navigational,
rsvp login australia,400,navigational,
wedding invitation online,70,commercial,
electronic save the dates free,100,commercial,
free online wedding invitations,350,commercial,
wedding invitation card,400,commercial,
best way for guests to share wedding photos,70,commercial,
best wedding websites australia,70,navigational,
say i so,30,commercial,
free save the date templates,90,commercial,
share wedding photos with guests,100,commercial,
free save the date cards,150,commercial,
joy wedding website,350,navigational,
how to share wedding photos with guests,100,informational,
ido wedding,30,commercial,
love story maker,30,commercial,
best wedding websites,200,navigational,
wedding rsvp qr code,100,commercial,
wedding website qr code,150,navigational,
wedding gift website,100,navigational,
save the date quotes,2500,commercial,
wedding website welcome message,300,navigational,
wedding rsvp deadline,350,commercial,
digital wedding invites,150,commercial,
digital wedding invite,100,commercial,
how to save excel file on mac,100,informational,
website wedding,150,navigational,
say id o,20,commercial,
say i do events,50,commercial,
create a wedding website,250,navigational,
wedding sites,150,commercial,
when to send out wedding invites,250,informational,
free wedding website,150,navigational,
share wedding photos,100,commercial,
create wedding invitations,150,commercial,
i say login,150,navigational,
wedding website canada,150,navigational,
e wedding invitations,100,commercial,
save the date website,100,navigational,
save the date wording examples,200,commercial,
wedding website uk,350,navigational,
faq for wedding website,600,navigational,
sayi.do rsvp,10,commercial,
rsvp link free,600,commercial,
wedding website with rsvp,50,navigational,
wedding invitations digital,70,commercial,
say i do coupon code,10,transactional,
rsvp link,90,commercial,
how to create a wedding website,250,navigational,
wedding website for rsvp,200,navigational,
xtraordinary photos & video,100,commercial,
wedding save the date,200,commercial,
australian wedding websites,60,navigational,
common q&a for wedding website,150,navigational,
creare save the date online gratis,150,commercial,
arti save the date,500,commercial,
cimran shah,60,commercial,
when do you send out wedding invitations,2900,informational,
wedding save the dates,100,commercial,
save the date wedding invites,80,commercial,
best wedding website australia,50,navigational,
wedding reception website,40,navigational,
free online wedding invitations with rsvp,40,commercial,
2705,80,commercial,
wedding website faq examples,200,navigational,
how far out to send wedding invitations,200,informational,
rsvp website for wedding,100,navigational,
qr code for wedding website,150,navigational,
common faqs for wedding website,200,navigational,
best wedding websites canada,150,navigational,
when should wedding invitations be sent out,1800,informational,
shared photo album for wedding,150,commercial,
wedding website rsvp,50,navigational,
rsvp site,400,commercial,
how long before wedding to send invites,100,informational,
create online wedding invitation,150,commercial,
photo sharing for wedding,80,commercial,
save the date another word,100,commercial,
website for weddings,100,navigational,
when should guests rsvp by for a wedding,450,informational,
wedding planning websites,150,navigational,
order of the day wedding,500,transactional,
e invites,200,commercial,
save the dates digital,100,commercial,
apa arti save the date,70,commercial,
wedding website travel page examples,100,navigational,
wedding website faqs,400,navigational,
free wedding websites with rsvp,100,navigational,
say.i do,20,commercial,
digital save the date australia,20,commercial,
wedding rsvp website with qr code,70,navigational,
night girls in lahore,90,commercial,
virtual save the dates free,90,commercial,
you say,500,commercial,
how to write our story for wedding website,150,navigational,
bridal shower registry canada,60,informational,
online rsvp wedding,100,commercial,
wedding website story,150,navigational,
wedding q and a,100,commercial,
online save the date cards,100,commercial,
wedding websites ireland,100,navigational,
wedding reminders,40,commercial,
wedding check list,350,commercial,
e invite for wedding,700,commercial,
common wedding faqs,150,commercial,
digital wedding invitation card,1300,commercial,
paperless wedding invitations,400,commercial,
free digital save the dates,150,commercial,
bridal registry canada,80,commercial,
ido website,10,navigational,
online wedding website,150,navigational,
free online save the date,150,commercial,
save the date,300,commercial,
gift registry wedding,100,commercial,
wedding website finder,600,navigational,
save the date free,100,commercial,
wedding faqs,70,commercial,
when to send wedding invitations,700,informational,
wedding registry website,40,navigational,
australian wedding website,40,navigational,
call girl ph no,40,commercial,
uk wedding registry,100,commercial,
save the date vs invitation,1000,commercial,
free digital wedding invitations,50,commercial,
create wedding website,100,navigational,
best wedding registry uk,100,commercial,
wedding vendors,200,commercial,
what to include on wedding website,150,navigational,
best wedding website,100,navigational,
save the date message examples,100,commercial,
wedding photo sharing,100,commercial,
love story generator,70,commercial,
lahore sexy girls,40,commercial,
build wedding website,300,navigational,
save the date digunakan untuk,60,commercial,
saying i do,40,commercial,
free wedding websites,80,navigational,
save the date template free,70,commercial,
canada wedding registry,70,commercial,
hannah hayek,200,commercial,
wedding dress code wording,200,commercial,
online wedding invitations free,50,commercial,
i do say,30,commercial,
wedding registry wording,50,commercial,
common faq for wedding website,100,navigational,
wedding website free,150,navigational,
wedding reminder,40,commercial,
wedding websites nz,40,navigational,
emailing wedding invitations,200,commercial,
i say i do,20,commercial,
example save the dates,100,commercial,
gift list wedding,200,commercial,
short love story generator,10,commercial,
say i do wedding,10,commercial,
say i do rsvp,10,commercial,
digital wedding card,60,commercial,
save the date invitations free,200,commercial,
wedding invitations online free,50,commercial,
wedding planning website,1000,navigational,
save the date online invitations free,70,commercial,
couple dp,8900,commercial,
online wedding card,200,commercial,
wedding faq examples,150,commercial,
sharing wedding photos with guests,50,commercial,
save the date invitation free,150,commercial,
when should you send wedding invitations,700,informational,
e invites wedding,60,commercial,
wedding planning sites,1900,commercial,
romantic scenario generator,100,commercial,
what is an rsvp,90,informational,
frequently asked questions for wedding website,90,navigational,
wedding invite online,70,commercial,
online save the dates,350,commercial,
email wedding invitations free,40,commercial,
jessica e alessandro,10,commercial,
wedding reminder message,150,commercial,
unique save the date wording,60,commercial,
free wedding invitation,70,commercial,
perfect moment photography and video,70,commercial,
rsvp qr code,800,commercial,
welcome message for wedding website,150,navigational,
wedding registry wording on website,100,navigational,
free save the date,40,commercial,
save the date creator,150,commercial,
save the date meaning in hindi,300,commercial,
wedding website wording examples,200,navigational,
free wedding invitations,50,commercial,
gift registry australia,250,commercial,
wedding e invitation,40,commercial,
whatsapp wedding invitation,50,informational,
free wedding planning checklist,200,commercial,
uk wedding website,150,navigational,
save the date free templates,90,commercial,
wedding sites like zola,150,commercial,
save the date digital,100,commercial,
how to have wedding guests upload photos,100,informational,
wedding evites,50,commercial,
canadian wedding registry,80,commercial,
spring wedding,80,commercial,
wedding invite app,30,commercial,
rsvp wedding online,10,commercial,
rsvp online,150,commercial,
rsvp qr code wedding,50,commercial,
wedding websites free,60,navigational,
free digital save the date invitations,40,commercial,
wedding websites examples,450,navigational,
save the date templates free,600,commercial,
say i do reviews,20,informational,
q & a for wedding website,90,navigational,
yes i do,80,commercial,
is a wedding website necessary,50,navigational,
hochzeitswebsite,50,navigational,
save the date message,50,commercial,
emma cameron wedding,50,commercial,
paperless wedding invitations australia,20,commercial,
best wedding registry australia,20,commercial,
just say i do,20,commercial,
ai romance story generator,150,commercial,
with love wedding website,70,navigational,
wedding gift registry australia,60,commercial,
online wedding rsvp,60,commercial,
save the date language,150,commercial,
wedding website creator,50,navigational,
wedding invitation app,50,commercial,
best way to share wedding photos with guests,50,commercial,
wedding website q&a examples,100,navigational,
what to include on a wedding website,100,navigational,
online wedding,100,commercial,
a thousand miles photography,60,commercial,
gift registry canada,150,commercial,
reminder message for wedding,70,commercial,
online wedding planner,80,commercial,
wedding site,60,commercial,
find a couple wedding website,70,navigational,
q and a questions for wedding website,90,navigational,
bridal registry,100,commercial,
digital save,350,commercial,
wedding webiste,40,commercial,
mời cưới trước bao lâu,60,commercial,
wedding rsvp app,100,commercial,
wedding website find a couple,400,navigational,
how we met story generator,30,informational,
wedding gift websites,70,navigational,
onlinersvp,60,commercial,
daisy hill photography,60,commercial,
free online wedding invitation,100,commercial,
say do,20,commercial,
website for wedding rsvp,30,navigational,
prezola login,300,navigational,
wedding guest photo sharing,100,commercial,
crystal clear photography,150,commercial,
email save the date,200,commercial,
wedding e invites,30,commercial,
wedding website builder,30,navigational,
virtual wedding invitation,30,commercial,
please save the date,50,commercial,
free rsvp link,300,commercial,
wedding photo upload,150,commercial,
how far in advance should i send wedding invitations,100,informational,
design wedding websites,30,navigational,
wedding digital invitation,200,commercial,
digital invitations,450,commercial,
photo sharing wedding,50,commercial,
how far in advance do you send save the dates,400,informational,
wedding rsvp website free,100,navigational,
say wedding,60,commercial,
common wedding website faqs,100,navigational,
cassars limousines,50,commercial,
wedding dress codes,500,commercial,
wedding invitation digital,30,commercial,
wedding dress code options,450,commercial,
e wedding cards,200,commercial,
free electronic save the date,30,commercial,
q&a wedding website,60,navigational,
wedding invitation email,80,commercial,
amazing limousines,60,commercial,
when should invitations be sent out,60,informational,
visit our wedding website wording,100,navigational,
common q and a for wedding website,100,navigational,
wedding checklist,90,commercial,
wedding q&a,100,commercial,
online wedding invitations with rsvp,30,commercial,
wedding websites with qr code,30,navigational,
wedding website design,30,navigational,
wedding website australia free,30,navigational,
best wedding rsvp website,60,navigational,
wedding invite websites,40,navigational,
wedding invitations online australia,60,commercial,
wedding website welcome message examples,100,navigational,
save the date template,60,commercial,
questions for wedding website,90,navigational,
online wedding registry,60,commercial,
nên mời cưới trước bao lâu,60,commercial,
how far out to send save the dates,200,informational,
seating plan wedding,1000,commercial,
gift registry uk,90,commercial,
canadian wedding registries,20,commercial,
rsvp wedding invites,150,commercial,
when do you send wedding invitations,900,informational,
when should people rsvp by for a wedding,450,informational,
save the date verbiage,100,commercial,
canadian wedding websites,150,navigational,
wedding cards online,300,commercial,
wedding website on save the date,50,navigational,
wedding registry wording examples,60,commercial,
wedding documents,70,commercial,
wedding save the date examples,150,commercial,
common questions for wedding website,70,navigational,
q&a questions for wedding website,60,navigational,
free wedding website with qr code,40,navigational,
free wedding rsvp website,40,navigational,
cash wedding registry,50,commercial,
rsvp free,250,commercial,
sharing wedding photos,60,commercial,
online wedding cards,150,commercial,
guest list wedding template,90,commercial,
faq wedding website,150,navigational,
what is a wedding registry,250,informational,
find a couple,250,commercial,
joy wedding websites,150,navigational,
electronic save the date,40,commercial,
marry me josh,30,commercial,
wedding gift registry uk,100,commercial,
best wedding gift list,90,commercial,
best wedding registry,70,commercial,
lisa john,250,commercial,
online wedding invitation free,50,commercial,
save the date website free,40,navigational,
wedding websites with rsvp,100,navigational,
e wedding invites,30,commercial,
prue peters photography,30,commercial,
wedding registries canada,30,commercial,
how to say i do,30,informational,
how far out do you send wedding invitations,300,informational,
save the date via whatsapp gratis,200,informational,
said i do,10,commercial,
wedding photos qr code,150,commercial,
love story examples for wedding website,70,navigational,
our story template for wedding website,70,navigational,
do you put wedding website on save the dates,50,navigational,
how to download excel sheet on mac,100,informational,
free wedding website uk,100,navigational,
shared album for wedding,70,commercial,
save the date examples wedding,60,commercial,
wedding dress code,30,commercial,
free virtual save the dates,30,commercial,
questions to put on wedding website,80,navigational,
save the date wording ideas,50,commercial,
online wedding invite,20,commercial,
wedding online invitation,40,commercial,
free rsvp website,80,navigational,
save the date cards free,80,commercial,
qr code wedding,200,commercial,
make wedding websites,30,navigational,
create a save the date,90,commercial,
how far in advance to send wedding invitations,60,informational,
make your own wedding website,100,navigational,
wedding websites australia free,20,navigational,
upload wedding photos from guests,100,commercial,
free wedding invites,30,commercial,
wedding registry ontario,30,commercial,
wedding invitation websites,40,navigational,
romantic story generator,20,commercial,
how to download an excel file,40,informational,
danielle harley,600,commercial,
wedding websites for rsvp,20,navigational,
electronic wedding invitations free,20,commercial,
uk wedding websites,100,navigational,
questions to include on wedding website,40,navigational,
long table wedding seating plan,20,commercial,
wedding gift registry canada,30,commercial,
free email save the dates,30,commercial,
wedding list guest,60,commercial,
wedding reminders for guests,40,commercial,
say i do wedding website review,10,navigational,
make a wedding website,100,navigational,
easy registry,450,commercial,
how far in advance should wedding invitations be sent,200,informational,
with joy website,60,navigational,
rsvp tracking,200,commercial,
rsvp questions,30,commercial,
create wedding websites,30,navigational,
wedding online invitations,30,commercial,
virtual wedding website,20,navigational,
why have a wedding website,20,navigational,
wedding shared photo album,70,commercial,
contoh save the date,30,commercial,
madeleinejhosua,90,commercial,
when do wedding invites go out,60,informational,
cash registry wedding uk,60,commercial,
wedding registries,40,commercial,
rsvp date for wedding,400,commercial,
invites,600,commercial,
welcome wedding website examples,50,navigational,
wedding website invitation,20,navigational,
save the date adalah,90,commercial,
digital save the dates,200,commercial,
virtual wedding invitation maker,30,commercial,
custom wedding invitations online,50,commercial,
examples of save the dates,70,commercial,
wedding rsvp site,70,commercial,
share your photos with us wedding,70,commercial,
wedding app,60,commercial,
romance generator,60,commercial,
wedding online rsvp,100,commercial,
rsvp wedding websites,80,navigational,
marry me zoe,40,commercial,
wedding photo share,40,commercial,
wedding planner website,100,navigational,
star limo services,30,commercial,
withlove wedding website,30,navigational,
バイナリーオプション 口座開設ボーナス,70,commercial,
digital save the date wedding,30,commercial,
save the date maker,200,commercial,
free online save the dates,70,commercial,
yes i do wedding,10,commercial,
i do weddings,10,commercial,
online save the dates free,10,commercial,
how far out should you send wedding invitations,100,informational,
images by kevin,50,commercial,
save the date free template,250,commercial,
create wedding invitation online,70,commercial,
best wedding website uk,100,navigational,
wedding website q and a,80,navigational,
what faqs to put on wedding website,70,navigational,
wedding cash registry,40,commercial,
when should people rsvp for a wedding,200,informational,
faq on wedding website,70,navigational,
online wedding rsvp website,70,navigational,
good faqs for wedding website,40,navigational,
wedding online website,200,navigational,
free gift registry australia,20,commercial,
when should wedding invites be sent,20,informational,
e-invitation wedding,40,commercial,
wedding website love story examples,80,navigational,
plot generator romance,80,commercial,
wedding qr code rsvp,30,commercial,
wedding attire options,2100,commercial,
questions to add to wedding website,30,navigational,
wedding card online,200,commercial,
matt finch celebrant,40,commercial,
make your own wedding invites online free,80,commercial,
online rsvp free,350,commercial,
registry note on wedding website,60,navigational,
examples of love story for wedding website,60,navigational,
how far in advance do you send wedding invitations,60,informational,
faqs to include on wedding website,60,navigational,
free wedding photo sharing app,200,commercial,
wedding website wording,100,navigational,
wedding cash registry uk,50,commercial,
rsvp yes,20,commercial,
remind wedding,20,commercial,
wedding planning australia,20,commercial,
wedding planning canada,20,commercial,
wedding guest list maker,100,commercial,
weading,50,commercial,
small wedding table layout,50,commercial,
guest list wedding,90,commercial,
random love story generator,10,commercial,
wedding photo sharing website,90,navigational,
wedding picture sharing,50,commercial,
save the date content,50,commercial,
wedding planning websites canada,20,navigational,
wedding inviations,20,commercial,
digital rsvp,20,commercial,
questions to answer on wedding website,40,navigational,
say i do website reviews,10,navigational,
modern songs for signing the register,80,commercial,
questions to ask your wedding florist,60,commercial,
qr code for wedding,70,commercial,
wedding registry note,50,commercial,
digital save the dates free,50,commercial,
best canadian wedding registry,10,commercial,
is withjoy free,70,commercial,
digital wishing well,70,commercial,
registry message,30,commercial,
wedding invitation mail,150,commercial,
georgia fletcher celebrant,40,commercial,
what q and a to put on wedding website,40,navigational,
wedding faq sample answers,150,commercial,
canada wedding website,20,navigational,
married by todd,20,commercial,
best free online wedding invitations with rsvp,60,commercial,
save the date sayings,60,commercial,
say i do islington,90,commercial,
electronic wedding invitations with rsvp,70,commercial,
how far in advance to send wedding invites,100,informational,
wedding website ireland,40,navigational,
carla davern,40,commercial,
wedding guest list planner,30,commercial,
rectangle wedding table layout plan,300,commercial,
qr code for wedding rsvp,80,commercial,
wedding registry websites,70,navigational,
our story for wedding website,40,navigational,
jeremy hodson celebrant,20,commercial,
find couple,20,commercial,
say i do bridal,150,commercial,
what questions to put on wedding website,30,navigational,
save the date wording,30,commercial,
faqs to put on wedding website,40,navigational,
cheap wedding venue ideas,50,commercial,
wedding reminder message for guests,10,commercial,
wedding invite email,10,commercial,
perfect moment photography,30,commercial,
wedding planner online,50,commercial,
wedding link,50,commercial,
e-invites,150,commercial,
when should rsvp deadline be for wedding,100,informational,
wedding docs,20,commercial,
faqs for wedding website,600,navigational,
free wedding website with rsvp,30,navigational,
electronic wedding invitations australia,10,commercial,
wedding invited,200,commercial,
wedding rsvp website uk,50,navigational,
wedding lists uk,50,commercial,
when are rsvps due for a wedding,150,informational,
wedding q&a examples,40,commercial,
rsvp for wedding,30,commercial,
wedding guest list tracker,30,commercial,
cash registry canada,30,commercial,
rsvp wedding,30,commercial,
when to send wedding invites,150,informational,
girls for night near me,20,navigational,
q+a for wedding website,40,navigational,
make wedding invitations,40,commercial,
quinta lago dos cisnes wedding cost,40,commercial,
rsvp online free,300,commercial,
online save the date,100,commercial,
our story examples for wedding website,100,navigational,
wedding invitations website,20,navigational,
common wedding website q&a,20,navigational,
we say i do,10,commercial,
examples of our story for wedding website,50,navigational,
wedding registry wording for money,50,commercial,
photo sharing for weddings,30,commercial,
wedding e invitations,100,commercial,
when do you send out wedding invitations with rsvp,600,informational,
wedding website for couples,200,navigational,
do as i say,10,commercial,
wedding invitation on line,450,commercial,
best wedding website canada,30,navigational,
wedding website q&a,450,navigational,
questions and answers for wedding website,50,navigational,
how to have guests share wedding photos,50,informational,
artinya save the date,50,commercial,
when should my rsvp deadline be,50,informational,
wedding invitation online free,200,commercial,
create your own wedding invitations free,100,commercial,
free save the date email,20,commercial,
create your own wedding website,30,navigational,
long table seating chart,60,commercial,
wedding websites rsvp,90,navigational,
when should rsvp for wedding be due,100,informational,
google photos for wedding guests,80,commercial,
wedding registry ideas,250,commercial,
canadian wedding website,30,navigational,
wedding website free uk,50,navigational,
online save the date invitations free,30,commercial,
email save the dates free,10,commercial,
qr code rsvp wedding,40,commercial,
wedding gift list online,150,commercial,
invitations online,500,commercial,
free save the date invitations,60,commercial,
registry canada,70,commercial,
save the date invitations,100,commercial,
wedding ideas cheap,50,commercial,
wedding rsvp questions,30,commercial,
photo sharing for wedding guests,30,commercial,
uk gift registry,30,commercial,
wedding website generator,30,navigational,
electronic wedding invites,20,commercial,
digital wedding cards,20,commercial,
wedding seating plan long tables,40,commercial,
rebecca wade photography,20,commercial,
online wedding planner australia,20,commercial,
custom wedding website,20,navigational,
with joy pricing,20,commercial,
dress codes for wedding,100,commercial,
i-say login,20,navigational,
wedding planning site,450,commercial,
q and a wedding website,50,navigational,
wedding invites with rsvp,50,commercial,
call service girls,50,commercial,
smile darling photography,10,commercial,
videographer content creator,20,commercial,
best free wedding websites australia,20,navigational,
invitation wedding,200,commercial,
couple website,70,navigational,
digital invites,350,commercial,
when to send wedding invitations for out of town guests,30,informational,
seed and salt photography,30,commercial,
how long before a wedding should you send invitations,90,informational,
things to do wedding website,50,navigational,
when should you get rsvps back for a wedding,40,informational,
save the date messages,40,commercial,
wedding registry message examples,30,commercial,
rexvil photography,40,commercial,
what to include in a wedding website,20,navigational,
wishing well registry,20,commercial,
julie rattenbury,20,commercial,
how to send digital save the dates,70,informational,
wedding invite website uk,70,navigational,
registry for wedding,60,commercial,
free wedding websites uk,200,navigational,
wedding web,20,commercial,
wedding websites find a couple,1000,navigational,
free wedding invites online,40,commercial,
digital wedding,60,commercial,
cash registry wedding,20,commercial,
online wishing well,100,commercial,
registry websites,30,navigational,
free save the date online,30,commercial,
lavan photography,30,commercial,
free digital save the date templates,40,commercial,
rsvp wedding invitation,50,commercial,
free rsvp,50,commercial,
how to plan a wedding,50,informational,
modern wedding invite wording,150,commercial,
common wedding q&a,40,commercial,
wedding registry gift message,40,commercial,
save the dates online free,20,commercial,
trish woodford photography,20,commercial,
free email save the date,20,commercial,
wedding registry card wording,20,commercial,
free save the date invites,30,commercial,
wedding dresscodes,70,commercial,
wording for gift registry and wishing well,30,commercial,
best way to share wedding photos,50,commercial,
wedding website about us examples,150,navigational,
indian wedding website,10,navigational,
common wedding questions from guests,40,commercial,
registry list,70,commercial,
wedding website q and a examples,50,navigational,
honeymoon fund website uk,200,navigational,
save the date email free,20,commercial,
gift registry wording,20,commercial,
wedding invite website australia,20,navigational,
e invite wedding,20,commercial,
free save the date website,20,navigational,
save the date wedding,300,commercial,
wedding stationery list,150,commercial,
can i edit my website after publishing,20,navigational,
kat cherry photography,30,commercial,
save the date online gratis,250,commercial,
wedding invitation rsvp,20,commercial,
digital wedding invitations uk,20,commercial,
save the dates online,40,commercial,
best free wedding websites,40,navigational,
save the date via whatsapp,60,informational,
under the nut tree,150,commercial,
when do you send out wedding invites,50,informational,
rsvp date,50,commercial,
revel drive,30,commercial,
rsvp websites,30,navigational,
amber williams photography,30,commercial,
formal save the date wording,30,commercial,
free wedding save the dates,30,commercial,
wording for save the date,30,commercial,
fame park studios,30,commercial,
wedding registry sites,50,commercial,
wedding photo app,80,commercial,
wedding hashtags,100,commercial,
what wedding stationery do i need,100,informational,
wedding invitations email,10,commercial,
jave lee photography,10,commercial,
how soon should wedding invitations be sent out,80,informational,
yesi,20,commercial,
when do people send out wedding invitations,100,informational,
rsvp by date,50,commercial,
when do you need rsvps back for a wedding,30,informational,
save the date phrases,30,commercial,
email save the date free,20,commercial,
how long before a wedding should you send invites,40,informational,
how to download an excel spreadsheet on mac,40,informational,
wedding website story examples,100,navigational,
online rsvp for wedding,40,commercial,
wedding website intro examples,70,navigational,
build a wedding website,350,navigational,
wedding page,100,commercial,
questions to ask on wedding rsvp,70,commercial,
digital rsvp wedding,10,commercial,
electronic wedding invitation,10,commercial,
wording for gift registry,10,commercial,
examples of how we met stories for wedding website,50,navigational,
dress code for wedding,450,commercial,
free wedding websites canada,40,navigational,
faq for weddings,30,commercial,
rsvp manager,60,commercial,
wedding invite with qr code,150,commercial,
create rsvp link free,100,commercial,
cash fund wedding registry wording,50,commercial,
e save the dates free,20,commercial,
wedding q and a questions,20,commercial,
content videographer,20,commercial,
story generator romance,20,commercial,
save the daye,250,commercial,
what to include on your wedding website,20,navigational,
wording for wedding registry,20,commercial,
online wedding websites,40,navigational,
online wedding invitation card,1000,commercial,
free wedding invitations online,100,commercial,
how far in advance are wedding invitations sent,90,informational,
long table seating plan,50,commercial,
registry wording,20,commercial,
create qr code for wedding rsvp,100,commercial,
custom wedding invitations online free,200,commercial,
design wedding website,10,navigational,
faqs to add to wedding website,30,navigational,
canada registries,60,commercial,
when should wedding guests rsvp by,150,informational,
john lewis wedding list for guests,150,commercial,
best wedding websites uk,350,navigational,
save the date examples for wedding,100,commercial,
save the date invitation examples,20,commercial,
qr code wedding website,30,navigational,
when should rsvp be due for wedding,150,informational,
when should i send wedding invites,150,informational,
unique link,30,commercial,
edit wedding invitations,30,commercial,
free save the date template,30,commercial,
online wedding registry canada,10,commercial,
welcome message for wedding registry,40,commercial,
qr code wedding invitation,50,commercial,
send save the dates online,50,commercial,
do you need a wedding website,50,navigational,
what to include in wedding website,20,navigational,
registry website,20,navigational,
wedding website invitations,20,navigational,
rsvp by date for wedding,70,commercial,
wedding email invitation,10,commercial,
when should wedding rsvp deadline be,40,informational,
wedding story generator,0,commercial,
online wedding rsvp australia,0,commercial,
dress code for couples,60,commercial,
create save the date,40,commercial,
make wedding card online,20,commercial,
australian wedding registry,20,commercial,
invites wedding,20,commercial,
how to share wedding photos,20,informational,
are save the dates necessary,200,commercial,
creating a wedding website,40,navigational,
couples website,40,navigational,
wedding invites with qr code,70,commercial,
online invitations,1300,commercial,
how we met wedding website examples,50,navigational,
save the date message for wedding,50,commercial,
what to put in your story on wedding website,20,navigational,
riley and grey wedding website,80,navigational,
how to make a qr code for wedding website,40,navigational,
anke photography,20,commercial,
mark kenny celebrant,20,commercial,
digital invitation for wedding,250,commercial,
the bay wedding registry,300,commercial,
zoe sabados,10,commercial,
wedding rsvp date,40,commercial,
e invite for wedding free,150,commercial,
free electronic save the dates,30,commercial,
virtual wedding card,100,commercial,
faq to put on wedding website,30,navigational,
free wedding website canada,30,navigational,
wedding tools,70,commercial,
wedding website for destination wedding,70,navigational,
wedding registry online,40,commercial,
couple scenario generator,40,commercial,
i do planning,10,commercial,
where to register for wedding canada,10,commercial,
common wedding guest questions,20,commercial,
save the date with wedding website,70,navigational,
wedding websites uk free,60,navigational,
how to get wedding photos from guests,50,informational,
call out girls near me,20,navigational,
free wedding invitation website,30,navigational,
what q&a to put on wedding website,20,navigational,
field of vision photography,20,commercial,
wedding.invites,10,commercial,
cash wedding registry uk,40,commercial,
free wedding rsvp,40,commercial,
save the date wedding website,100,navigational,
best honeymoon fund website uk,80,navigational,
how far in advance should you send wedding invitations,300,informational,
wedding guest list online,50,commercial,
wedding card design online,30,commercial,
free online save the date invitations,30,commercial,
save the date text message examples,100,commercial,
what to say on a save the date,30,informational,
how to send electronic save the dates,50,informational,
online wedding invitation website,10,navigational,
q + a for wedding website,30,navigational,
wedding transportation,50,commercial,
tayla jayne photography,50,commercial,
save the date ecards free,30,commercial,
when to send out wedding invitations,40,informational,
wedding.,50,commercial,
digital wedding invite australia,10,commercial,
electronic wedding invitation australia,10,commercial,
wedding rsvp qr code free,100,commercial,
destination wedding websites,50,navigational,
how to write an our story for wedding website,30,navigational,
wedding invitation registry wording,20,commercial,
online wedding invitation templates,20,commercial,
q&as for wedding website,30,navigational,
upload wedding photos,40,commercial,
free online invitations with rsvp,250,commercial,
when to send rsvp for wedding,80,informational,
e invites for wedding,150,commercial,
when to mail wedding invitations,700,informational,
wedding qr code for photos,150,commercial,
wedding checklist free,150,commercial,
virtual save the dates,700,commercial,
save the date link,30,commercial,
julie muir,30,commercial,
ordia hotel,30,commercial,
engagement website templates,30,navigational,
make your own wedding invitations online free,30,commercial,
rsvp questions for wedding,150,commercial,
bridal shower registry,100,informational,
digital invitation wedding,90,commercial,
gift message for wedding registry,50,commercial,
virtual wedding invite,50,commercial,
international format phone number,350,commercial,
id wedding,10,commercial,
virtual wedding invitation wording,10,commercial,
personal wedding website,10,navigational,
chrysler limos sydney,100,commercial,
wedding photo sharing app,100,commercial,
free honeymoon fund website uk,100,navigational,
save the date example,40,commercial,
wedding to do list free,70,commercial,
gift registry david jones,90,commercial,
how far in advance to send out wedding invitations,90,informational,
wedding list uk,50,commercial,
save the dates examples,150,commercial,
frequently asked questions wedding website,40,navigational,
wedding save the date wording,30,commercial,
what to put on your wedding website,20,navigational,
easy wedding website,20,navigational,
cheap wedding ideas,20,commercial,
honeymoon registry uk,30,commercial,
questions to put on your wedding website,20,navigational,
wedding faq,20,commercial,
online wedding rsvp sites,40,commercial,
app for wedding invitation,40,commercial,
electronic save the date cards,40,commercial,
wedding gift list uk,80,commercial,
how long before wedding should guests rsvp,70,informational,
wedding rsvp sites,100,commercial,
zola vs withjoy,150,commercial,
romance novel generator,50,commercial,
when do you send out invitations,10,informational,
free rsvp wedding website,10,navigational,
say login,20,navigational,
honeymoon registry australia,20,commercial,
save the date invitation to follow,30,commercial,
how early do you send wedding invitations,150,informational,
when should i send out wedding invitations,40,informational,
how to get qr code for wedding website,40,navigational,
things to include on wedding website,20,navigational,
qr codes for weddings,90,commercial,
faqs on wedding website,40,navigational,
wedding faqs for website,40,navigational,
digital wedding invite examples,20,commercial,
questions to ask wedding florist,150,commercial,
wedding story ideas,150,commercial,
what to put in q&a section of wedding website,30,navigational,
when should rsvps be due,60,informational,
wedding e-invite,20,commercial,
paper evite,20,commercial,
wedding invites digital,20,commercial,
best digital wedding invitations,20,commercial,
custom wedding invitation templates,30,commercial,
wedding registry welcome message,30,commercial,
common wedding q and a,20,commercial,
wedding websites like the knot,70,navigational,
wedding guest list organizer,40,commercial,
faq for wedding,20,commercial,
e-invite for wedding,50,commercial,
danielle armstrong wedding,50,commercial,
faqs wedding website,30,navigational,
sample save the date,300,commercial,
timeless creations,40,commercial,
nick erby,20,commercial,
jacqua celebrant,10,commercial,
best gift registry australia,30,commercial,
wedding rsvp tracker,30,commercial,
bilingual wedding website,30,navigational,
e wedding invitation,50,commercial,
how soon to send wedding invitations,200,informational,
wedding q and a ideas,30,commercial,
what is a gift registry,30,informational,
wedding invitations rsvp,30,commercial,
wedding online sites,80,commercial,
best free wedding website,10,navigational,
alan hughes photography,30,commercial,
electronic invitations,150,commercial,
6-8 marine parade byron bay nsw 2481,150,commercial,
withjoy vs zola,150,commercial,
allie corey wedding,10,commercial,
save the date meaning,20,commercial,
set up a wedding website,20,navigational,
wedding gift registry message,20,commercial,
wording for registry on wedding website,20,navigational,
simple wedding invites,20,commercial,
online invite,150,commercial,
wedding invitation qr code,30,commercial,
email invitations,250,commercial,
digital invitations wedding,200,commercial,
what goes on a wedding website,20,navigational,
do you have to have a wedding website,20,navigational,
qr code wedding rsvp,40,commercial,
free personal wedding websites,100,navigational,
online wedding gift list,60,commercial,
wedding invite rsvp,60,commercial,
wedding registry message,30,commercial,
wedding website tips,30,navigational,
i do in wedding,50,commercial,
save the date words,30,commercial,
phone number format,30,commercial,
wedding registry note to guests,50,commercial,
when should rsvps be due for wedding,250,informational,
faq questions for wedding website,30,navigational,
wedding builder websites,200,navigational,
wedding list,800,commercial,
wedding questions for website,40,navigational,
www say,10,commercial,
electronic save the dates,200,commercial,
how long before wedding should you send invites,30,informational,
wedding website our story,30,navigational,
wedding love story example,30,commercial,
when to send destination wedding invitations,80,informational,
free wedding invite website,10,navigational,
virtual wedding invites,10,commercial,
wedding e-invitation,10,commercial,
when do wedding invitations go out,300,informational,
virtual invitation,450,commercial,
wedding q&a for website,30,navigational,
wedding website designer,20,navigational,
bruiloft website,40,navigational,
my wishing well,40,commercial,
free wedding checklist,50,commercial,
when are rsvp due for wedding,30,informational,
e invitation for wedding,200,commercial,
save the date wedding wording,20,commercial,
how long in advance do you send wedding invitations,20,informational,
electronic wedding invitations uk,20,commercial,
videographer wedding,20,commercial,
heart and colour photography,20,commercial,
save the date digital template,20,commercial,
e wedding card,150,commercial,
digital invitation,100,commercial,
rsvp due date for wedding,30,commercial,
our story examples,30,commercial,
chris jack photography,30,commercial,
rsvp app,150,commercial,
the knot alternatives,50,commercial,
online wedding planning,10,commercial,
how to write your love story for wedding website,20,navigational,
when should you send out wedding invitations,200,informational,
wedding invite qr code,10,commercial,
top 10 wedding websites,10,navigational,
azure photography,10,commercial,
can you do a paperless wedding,10,commercial,
john lewis wedding gift registry,40,commercial,
"save the date templates, free download",200,commercial,
email invites,200,commercial,
online invitation for wedding,200,commercial,
wedding invitations for free,150,commercial,
wedding planner websites,40,navigational,
e invitation wedding,30,commercial,
wedding planning online,20,commercial,
amore limousines,20,commercial,
wedding guest planner,20,commercial,
emma tomlinson celebrant,20,commercial,
message for wedding registry,20,commercial,
wedding love story template,20,commercial,
q & a wedding website,20,navigational,
wedding websites for couples,150,navigational,
photo sharing app for wedding,150,commercial,
digital wedding invitations nz,20,commercial,
wedding ideas on a budget,20,commercial,
wedding qr codes,100,commercial,
invitation website with rsvp,200,navigational,
how far in advance wedding invites,70,informational,
ben newnam photography,50,commercial,
wedding website for free,250,navigational,
wedding invitations free,10,commercial,
wedding rsvps,20,commercial,
love story ideas generator,20,commercial,
i say,150,commercial,
create wedding invitations online,100,commercial,
what to put on wedding website faq,20,navigational,
バイナリーオプション 評判,30,commercial,
how far in advance to send save the dates,30,informational,
wedding invitations canada online,30,commercial,
free online rsvp,50,commercial,
wedding upload photos guests,40,commercial,
digital wedding invitation examples,40,commercial,
we said i do,40,commercial,
modern wedding ceremony ideas,40,commercial,
free online gift registry australia,40,commercial,
love story for wedding website,20,navigational,
pete the celebrant,20,commercial,
joined by jeff,20,commercial,
popular wedding websites,200,navigational,
our story ideas for wedding websites,150,navigational,
best uk wedding websites,40,navigational,
the knot edit website,150,navigational,
when should wedding invites be sent out,70,informational,
when to send out rsvp for wedding,40,informational,
our story section of wedding website,20,navigational,
marry us gary,20,commercial,
wedding website registry wording,20,navigational,
what faqs to include on wedding website,10,navigational,
wedding platform,100,commercial,
when should rsvp be due,40,informational,
best free wedding websites uk,150,navigational,
questions to ask your florist,40,commercial,
weddinf,30,commercial,
wedding seating plan,60,commercial,
e-invite,100,commercial,
when should you rsvp for a wedding,150,informational,
wedding website builder uk,20,navigational,
wedding website things to do examples,80,navigational,
paperless wedding invites,10,commercial,
how to download excel spreadsheet on mac,40,informational,
save the date text examples,20,commercial,
what to put on q&a wedding website,20,navigational,
julie muir celebrant,20,commercial,
easy registry reviews,20,informational,
admire limousines,20,commercial,
frank servello,10,commercial,
when are wedding rsvps due,70,informational,
anna and kevin wedding,10,commercial,
romance plot generator,10,commercial,
wedding website questions and answers,80,navigational,
qr code for weddings,70,commercial,
registry wording for wedding,10,commercial,
wedding website q & a,20,navigational,
e-invite wedding,10,commercial,
save the date invitation wording,20,commercial,
create free wedding website,20,navigational,
wedding websites our story,20,navigational,
when do you send save the dates,20,informational,
invitation for wedding,150,commercial,
wedding invitations by email,30,commercial,
online invites,100,commercial,
save the dates with wedding website,30,navigational,
wedding websites for free,150,navigational,
what to put on q and a wedding website,20,navigational,
when should you get rsvp back for wedding,10,informational,
gift registry message,20,commercial,
marriage reminder message,20,commercial,
prue peters,20,commercial,
how early do you send out wedding invitations,20,informational,
do i need a wedding website,50,navigational,
wedding invitation invites,100,commercial,
top table seating plan,350,commercial,
best free wedding websites canada,30,navigational,
wedding gift lists,90,commercial,
free rsvp online,60,commercial,
qr code rsvp,40,commercial,
romance prompt generator,200,commercial,
how far out should wedding invitations be sent,30,informational,
how soon should you send out wedding invitations,150,informational,
traditional wedding seating plan,60,commercial,
wedding cash registry canada,10,commercial,
canadian wedding,70,commercial,
invitations wedding,200,commercial,
sample save the date wording,20,commercial,
wedding sites canada,20,commercial,
free online save the date templates,20,commercial,
q and a on wedding website,20,navigational,
what is save the date,20,informational,
free wedding evites,20,commercial,
free online wedding rsvp,20,commercial,
keep the date free,30,commercial,
q and as for wedding website,30,navigational,
save the date postcards free,30,commercial,
wedding guest photo upload free,200,commercial,
when to mail out wedding invitations,100,informational,
save the date other words,150,commercial,
our story wedding example,30,commercial,
save the date different words,90,commercial,
how far in advance should people rsvp for a wedding,80,informational,
virtual wedding invitations with rsvp,60,commercial,
wedding invitations with qr code,60,commercial,
save the date card examples,70,commercial,
best wedding website builder,800,navigational,
share wedding photos online,10,commercial,
robyn wagner,10,commercial,
when to rsvp for wedding,10,informational,
registry wedding,90,commercial,
what is a wishing well gift,10,informational,
frequently asked wedding questions,40,commercial,
how far before wedding to send invitations,40,informational,
good q and a for wedding website,20,navigational,
our story wedding website,150,navigational,
wedding rsvp with qr code,70,commercial,
ashleigh jack,20,commercial,
how to create a qr code for wedding rsvp,600,informational,
when are wedding invitations sent,200,informational,
wedding electronic invitations,90,commercial,
questions to ask guests on wedding rsvp,30,commercial,
reminder for wedding invitation,30,commercial,
good q&a for wedding website,30,navigational,
q and a to put on wedding website,20,navigational,
sitting plan or seating plan,70,commercial,
how soon should you rsvp for a wedding,30,informational,
withjoy pricing,60,commercial,
canadian gift registry,20,commercial,
wed by kez,20,commercial,
wedding invites qr code,10,commercial,
wedding reminder email,10,commercial,
wedding invites and rsvp,10,commercial,
wedding guest website,10,navigational,
wedding registry stores,10,navigational,
zola wedding websites,20,navigational,
when do i send out wedding invitations,150,informational,
rsvp websites for weddings,20,navigational,
free online rsvp with meal choice,20,commercial,
rsvp website wedding,70,navigational,
rsvp wedding qr code,70,commercial,
best wedding gift registry australia,0,commercial,
registry language,10,commercial,
wedding tick list,150,commercial,
best way to share wedding photos with family,20,commercial,
online wedding rsvp template,40,commercial,
wedding pages,70,commercial,
save the date wording for wedding,20,commercial,
best way to collect wedding photos from guests,40,commercial,
how far in advance send wedding invitations,60,informational,
question and answers for wedding website,20,navigational,
free save the dates evites,20,commercial,
email wedding invites,20,commercial,
rsvp deadline for wedding,30,commercial,
izo pty ltd,30,commercial,
free wedding planner checklist,100,commercial,
online wedding sites,30,commercial,
personalised wedding websites,20,navigational,
wedding frequently asked questions,20,commercial,
wedding registry welcome message example,20,commercial,
tie the knot wedding website,10,navigational,
wedding registry greeting,10,commercial,
when should wedding rsvps be due,10,informational,
what should a wedding website include,10,navigational,
wedding invations,10,commercial,
what to put on a wedding website,10,navigational,
wild feathers creative,10,commercial,
romantic scenarios generator,10,commercial,
wedding e-invitations,50,commercial,
how long before a wedding should you send out invitations,30,informational,
how far in advance should wedding invitations be sent out,30,informational,
wwwsay,30,commercial,
example save the date,30,commercial,
welcome message on wedding website,30,navigational,
example of save the date,30,commercial,
wedding our story examples,40,commercial,
wedding rsvp by date,10,commercial,
wedding program paperless,10,commercial,
questions to ask florist for wedding,150,commercial,
when to send save the dates for a wedding,200,informational,
save the date formal invitation to follow,70,commercial,
rsvp deadline wedding,20,commercial,
save the date online maker,20,commercial,
wedding invitation card online,20,commercial,
rsvp wedding site,30,commercial,
electronic rsvp,80,commercial,
how long to send wedding invitations,20,informational,
free wedding e invites,20,commercial,
content creator videographer,20,commercial,
wedding sites online,80,commercial,
what should the rsvp deadline be for a wedding,30,informational,
dressy casual wedding dress code,50,commercial,
when should rsvps be due for a wedding,30,informational,
david jones gift registry list,30,commercial,
how to answer dress code on wedding website,30,navigational,
online free wedding invitation,60,commercial,
wedding planning web site,200,commercial,
simple rsvp website,200,navigational,
wedding faq questions,20,commercial,
welcome messages for wedding websites,20,navigational,
create your wedding website,40,navigational,
reminder for wedding,10,commercial,
appy couple website,10,navigational,
wedding invite email template,30,commercial,
design online wedding card,150,commercial,
wedding photo qr code,350,commercial,
couple photos dp,300,commercial,
what to include on a save the date,80,informational,
casual wedding dress code,20,commercial,
save the date digital free,20,commercial,
wedding website to rsvp,20,navigational,
wedding story examples,100,commercial,
save the date copy,30,commercial,
when should the rsvp date be for a wedding,20,informational,
rsvp dates for wedding,20,commercial,
q&a on wedding website,30,navigational,
website for rsvp wedding,30,navigational,
wedding vendor,30,commercial,
wedding registry notes,20,commercial,
weddinh,20,commercial,
save the date announcement wording,20,commercial,
wedding e-invites,20,commercial,
romance scenario generator,20,commercial,
online invitation wedding,20,commercial,
dress code wedding,20,commercial,
when do wedding invitations get sent out,60,informational,
when should you send wedding invites,80,informational,
unique save the date quotes,100,commercial,
when should you have guests rsvp by for a wedding,30,informational,
how long before wedding do you send invitations,30,informational,
what to include in q&a on wedding website,10,navigational,
when do you need wedding rsvps by,30,informational,
how to make a qr code for wedding rsvp,80,informational,
save the date wedding examples,100,commercial,
thirumana alaipithal,200,commercial,
cash registry wedding wording,10,commercial,
when do you mail wedding invitations,100,informational,
when should rsvp date be for wedding,40,informational,
wedding welcome message examples,50,commercial,
common q & a for wedding website,20,navigational,
wedding planning list,200,commercial,
whatsapp online wedding invitation,10,informational,
honeymoon fund uk,60,commercial,
best time to send wedding invitations,30,commercial,
wedding wishlist,60,commercial,
best online wedding invitations with rsvp,20,commercial,
is with joy free,20,commercial,
wedding invitation cards online,20,commercial,
wedding photos sharing,20,commercial,
photo sharing website for wedding guests,40,navigational,
how early should i send out wedding invitations,50,informational,
wedding website faq answers,30,navigational,
what to say on save the date cards,20,informational,
ontario wedding registry,10,commercial,
rsvp online for wedding,60,commercial,
save the dates email,30,commercial,
when should guest rsvp by for a wedding,30,informational,
best online wedding invitations,30,commercial,
wedding page websites,30,navigational,
joy wedding site,30,commercial,
weddinf websites,50,navigational,
rsvp bridal,90,commercial,
wedding webs,40,commercial,
when is a good time to send out wedding invitations,30,informational,
invitation website,50,navigational,
romance story ideas generator,50,commercial,
before they say i do invitations,20,commercial,
online wishing well australia,20,commercial,
zola website cost,20,navigational,
dress code wording,70,commercial,
tina buri celebrant,10,commercial,
save the date invites free,10,commercial,
shane vincent celebrant,10,commercial,
digital invite for wedding,90,commercial,
saido,40,commercial,
budget wedding ideas,20,commercial,
save the date card,400,commercial,
online wedding checklist,60,commercial,
wedding invites online uk,10,commercial,
wedding invitations online canada,20,commercial,
fun save the date wording,20,commercial,
inexpensive wedding ideas,20,commercial,
what to put in q and a on wedding website,20,navigational,
when should i send my wedding invitations,60,informational,
what is a wedding website used for,30,navigational,
wedding planner book big w,30,commercial,
create wedding card online,30,commercial,
wedding website our story examples,350,navigational,
save the date more details to follow,20,commercial,
when should you mail out wedding invitations,100,informational,
custom wedding websites,80,navigational,
save the date text,20,commercial,
wedding website with rsvp function,20,navigational,
the surfing celebrant,10,commercial,
where to register for wedding,10,commercial,
love story plot generator,10,commercial,
wedding faqs and answers,10,commercial,
top trending wedding websites,150,navigational,
celebrant lady love,10,commercial,
australian gift registry,10,commercial,
registry message ideas,10,commercial,
how to make your wedding unique and unforgettable,30,informational,
our story wedding examples,30,commercial,
digital invite,80,commercial,
fun questions to ask on wedding rsvp,30,commercial,
q & a questions for wedding website,10,navigational,
how soon before wedding to send invites,150,informational,
how far in advance should you send out wedding invitations,100,informational,
quinta lago dos cisnes wedding,30,commercial,
website to rsvp for wedding,20,navigational,
what to write on wedding registry page,10,informational,
our love story examples,30,commercial,
reminder message for marriage,10,commercial,
how to get wedding guests to share photos,10,informational,
say so login,10,navigational,
questions to ask on rsvp,20,commercial,
make wedding website,20,navigational,
about us wedding website examples,60,navigational,
what q&a for wedding website,20,navigational,
message for wedding registry gift,20,commercial,
create a wedding website uk,20,navigational,
when are you supposed to send out wedding invitations,80,informational,
when should wedding rsvp be due,30,informational,
questions to ask for wedding rsvp,20,commercial,
how to write your story on wedding website,10,navigational,
q&a to put on wedding website,20,navigational,
common rsvp questions,20,commercial,
wedding dress attire wording,40,commercial,
wedding website usa,30,navigational,
how soon should you send wedding invites,40,informational,
religious celebrant,10,commercial,
virtual invites,150,commercial,
wedding invitation free online,30,commercial,
how to word wedding dress code,50,informational,
when should guest rsvp for wedding,50,informational,
how long in advance to send wedding invitations,50,informational,
free online wedding planner,250,commercial,
how early do wedding invitations go out,60,informational,
wedding reception ideas on a budget,10,commercial,
q&a to include on wedding website,10,navigational,
romance plots generator,10,commercial,
wedding website app,10,navigational,
save the date invite,200,commercial,
email wedding invitation,20,commercial,
wedding guest questions,20,commercial,
how long before wedding should rsvps be due,50,informational,
wedding q & a,20,commercial,
how to get a qr code for wedding website,20,navigational,
save the date sample text,20,commercial,
rsvp online wedding,30,commercial,
wedding websites with rsvp feature,20,navigational,
wedding website with online rsvp,20,navigational,
wedding q and a examples,20,commercial,
wedding e invites free,20,commercial,
wedding registry john lewis,20,commercial,
wedding websites wording,20,navigational,
wedding virtual invitation,30,commercial,
wedding services website,30,navigational,
do you send wedding invitations to the bridal party,30,commercial,
how soon before a wedding should guests rsvp,30,informational,
when to make a wedding website,20,navigational,
how to create a amazon registry,30,informational,
joy vs minted wedding website,60,navigational,
withjoy vs the knot,50,commercial,
digital wedding invitation templates,200,commercial,
rsvp free website,250,navigational,
steve mummery,10,commercial,
message for gift registry,10,commercial,
save the date electronic,10,commercial,
love story prompt generator,10,commercial,
how to save money on wedding invitations,90,informational,
do you put wedding website on invitation,40,navigational,
joy find a couple,50,commercial,
free rsvp app,200,commercial,
free wedding invitations with rsvp,30,commercial,
sophie o'keefe,30,commercial,
321 jumping creek road warrandyte,30,commercial,
destination wedding wording no pressure,20,commercial,
destination wedding when to send invites,20,informational,
e wedding invitations free,20,commercial,
wedding website questions,60,navigational,
dream wedding theme,10,commercial,
save the date captions,2100,commercial,
our story on wedding website,20,navigational,
sefton room st george's hall,60,commercial,
create a qr code for wedding rsvp,40,commercial,
questions for wedding rsvp,20,commercial,
wedding wishing well online,10,commercial,
wedding registry message to family and friends,10,commercial,
weddibg,10,commercial,
build your own wedding website,10,navigational,
save the date e cards,10,commercial,
when to send save the dates,20,informational,
custom love review,250,informational,
cash wedding registry canada,30,commercial,
how many people should i invite to my wedding,250,informational,
faq wedding,30,commercial,
when should people rsvp by,150,informational,
wedding website example,50,navigational,
wedding invitations electronic,40,commercial,
wedding.planning,20,commercial,
wedding.invitations,20,commercial,
my wedding website,10,navigational,
destination wedding website welcome message,10,navigational,
tic tac tours,20,commercial,
we do wedding invitations,50,commercial,
qr code photos wedding,60,commercial,
when to send wedding invitations out,60,informational,
wedding picture upload from guests,40,commercial,
save the date notice,20,commercial,
when do you send wedding invites,20,informational,
free online wedding invites,20,commercial,
registry welcome message,40,commercial,
send wedding invitations online,0,commercial,
the bay canada registry,0,commercial,
wedding faq page,20,commercial,
our love story wedding website examples,70,navigational,
wedding website rsvp questions,10,navigational,
invitation online,150,commercial,
questions to ask wedding guests on rsvp,20,commercial,
free wedding coordinator checklist,40,commercial,
wedding website with digital invitations,20,navigational,
international phone number format,700,commercial,
wedding free website,60,navigational,
how long before a wedding should you rsvp,10,informational,
registry notes,10,commercial,
damon hughes celebrant,10,commercial,
when to request wedding rsvp,10,informational,
electronic wedding card,10,commercial,
sayid,350,commercial,
wedding websites england,10,navigational,
save the date rsvp,10,commercial,
message for wedding gift registry,10,commercial,
wedding website greeting,20,navigational,
when to request rsvp for wedding,80,informational,
rsvp login,100,navigational,
registry the bay,0,commercial,
creeaza save the date,30,commercial,
wedding faqs for guests,10,commercial,
couple wedding website,20,navigational,
what to write in our story on wedding website,10,navigational,
how long before a wedding do you send out invitations,40,informational,
common wedding questions,40,commercial,
wedding registry list,80,commercial,
save the date message ideas,10,commercial,
wedding seating chart long tables,10,commercial,
amanda and josh,20,commercial,
videographer canberra,100,commercial,
weddings by danielle emily,10,commercial,
random romance plot generator,10,commercial,
romance story generator fill in the blanks,10,commercial,
add website link,10,navigational,
wedding invite registry wording,10,commercial,
weding,150,commercial,
please save the date message,20,commercial,
is it ok to send wedding invitations by email,20,commercial,
wedding invitation by email,20,commercial,
how far in advance do wedding invites go out,80,informational,
electronic wedding invite,30,commercial,
how early should you rsvp for a wedding,20,informational,
wedding save the dates examples,10,commercial,
digital wedding save the dates,80,commercial,
dress code for weddings,800,commercial,
wedding stationery checklist,10,commercial,
how soon should i send wedding invitations,20,informational,
our wedding website,80,navigational,
when to get rsvps back for wedding,30,informational,
the knot website cost,30,navigational,
romance trope generator,100,commercial,
lauren and andrew wedding,30,commercial,
when should wedding invitations be sent,200,informational,
wedding couple websites,100,navigational,
when to send out wedding invitations for destination wedding,40,informational,
set up wedding website,20,navigational,
hold the date,200,commercial,
the wedding website,50,navigational,
digital wedding invites with rsvp,30,commercial,
how far in advance do wedding invitations go out,30,informational,
usa wedding,40,commercial,
other ways to say save the date,30,commercial,
wedding table layout,30,commercial,
wedding website in spanish,20,navigational,
what to add to wedding website,10,navigational,
registry welcome message wedding,10,commercial,
georges hall escorts,10,commercial,
note for wedding registry,10,commercial,
free save the dates online,10,commercial,
wedding website information,20,navigational,
studio 477,20,commercial,
cash registry,20,commercial,
simple wedding invite,20,commercial,
the knot competitors,60,commercial,
how to word registry information on wedding invitation,40,informational,
wedding homepage,100,commercial,
what is wedding registry,30,informational,
modern wedding ceremony songs,90,commercial,
q&a section of wedding website,10,navigational,
faq wedding questions,10,commercial,
story for wedding website,10,navigational,
when should you send out wedding invites,30,informational,
when should guests rsvp by,80,informational,
rom com plot generator,10,commercial,
what is a save the date,10,informational,
wedding online,10,commercial,
renee wilkins celebrant,10,commercial,
cash registry wording,10,commercial,
create wedding rsvp website,10,navigational,
wedding papers,40,commercial,
welcome message wedding website,20,navigational,
online invitations with rsvp,90,commercial,
dress code options for wedding,90,commercial,
wedding day timeline 12pm ceremony,50,commercial,
email wedding invite,20,commercial,
canberra celebrants,40,commercial,
wedding invitation designs,70,commercial,
wedding invites online free,20,commercial,
wedding invitations free online,20,commercial,
wedding evite,30,commercial,
rsvp on wedding website,20,navigational,
when should your rsvp deadline be for wedding,70,informational,
new black studios,10,commercial,
wedding document,30,commercial,
wedding to do list,150,commercial,
top table wedding seating plan,60,commercial,
wedding dress code casual,60,commercial,
qr code to rsvp for wedding,60,commercial,
nikkah invitation,20,commercial,
digital wedding invitations canada,20,commercial,
how to send virtual save the dates,20,informational,
how far before wedding should rsvp date be,40,informational,
online invitation,150,commercial,
when should the rsvp deadline be for a wedding,150,informational,
when do you mail out wedding invitations,90,informational,
personalized wedding website,50,navigational,
how early should i send wedding invitations,50,informational,
monzo sort code 04-00-03,200,commercial,
registry description,10,commercial,
cheap wedding,10,commercial,
wedding registry toronto,10,commercial,
electronic wedding invitation etiquette,10,commercial,
summer wedding,10,commercial,
wedding invites how far in advance,10,informational,
websites like the knot,70,navigational,
my wedding online,20,commercial,
when do you send rsvp for wedding,20,informational,
qr code on wedding invitation,60,commercial,
when do rsvps need to be returned for wedding,60,informational,
best wedding registry websites,10,navigational,
best wedding registries,10,commercial,
wedding email invites,10,commercial,
wedding evite free,150,commercial,
when to send invitations for wedding,150,informational,
our story wedding website examples,250,navigational,
when should you send save the dates,600,informational,
what questions to ask on wedding rsvp,20,informational,
how to collect wedding photos from guests,40,informational,
wedding dress codes wording,40,commercial,
when do you send out save the dates,150,informational,
what's a gift registry,20,informational,
jack chauvel,20,commercial,
what is a wedding website,150,navigational,
wedding website template,150,navigational,
e-invites wedding,40,commercial,
virtual wedding invitations free,50,commercial,
wedding dresscode,50,commercial,
love cute couple dp,1900,commercial,
honeymoon fund registry canada,40,commercial,
save the date invitation templates,200,commercial,
free wedding invitation online,20,commercial,
when should my rsvp date be,10,informational,
wedding invitation online rsvp,10,commercial,
question and answer for wedding website,10,navigational,
online wedding guest list,10,commercial,
wedding story template,10,commercial,
how much does the knot website cost,10,navigational,
qr code wedding photos,150,commercial,
e save the dates,30,commercial,
wedding website reviews,500,navigational,
invites online,250,commercial,
wedding registry message to couple,30,commercial,
when are you supposed to send wedding invitations,30,informational,
wedding site joy,30,commercial,
rebecca ryan wedding,40,commercial,
create wedding website uk,10,navigational,
what rsvp date for wedding invite,10,informational,
what to write on registry page,10,informational,
writing our story for wedding website,10,navigational,
david jones bridal registry,150,commercial,
do login,10,navigational,
find wedding website,400,navigational,
save the date note,20,commercial,
ella otranto,20,commercial,
wedding websites best,10,navigational,
digital wedding invitation etiquette,10,commercial,
wedding invitation apps,20,commercial,
how do i find a couple's wedding website,70,navigational,
wedding register,10,commercial,
how to make a wedding website,1200,navigational,
when should a wedding rsvp be due,30,informational,
online rsvps,30,commercial,
save the date digital template free,10,commercial,
wedding page wording,10,commercial,
how far in advance to send invitations for wedding,20,informational,
what is gift registry,10,informational,
what to ask on wedding rsvp,10,informational,
wedding plan website,30,navigational,
how far in advance should you send save the dates,150,informational,
joyful wedding website,50,navigational,
e save the date,20,commercial,
online free wedding invitations,20,commercial,
digital wedding invitation free,30,commercial,
our wedding story examples,20,commercial,
how far in advance do you send out wedding invites,30,informational,
what is rsvp,1000,informational,
best qr code for wedding pictures,250,commercial,
rsvp time for wedding,30,commercial,
wedding invitation with qr code,30,commercial,
e invite,90,commercial,
wedding.websites,70,navigational,
best q&a for wedding website,10,navigational,
types of wedding dress codes,350,commercial,
save the date via email,50,commercial,
electronic invites,100,commercial,
what is a wedding vendor,10,informational,
when should rsvp date be,10,informational,
save the dates templates free,10,commercial,
canadian wedding gift,10,commercial,
wedding love story examples,10,commercial,
q&a examples for wedding website,10,navigational,
monetary gift wording,10,commercial,
van middleton photography,10,commercial,
how early should rsvp date be for wedding,40,informational,
qr code for rsvp,250,commercial,
online wedding invites with rsvp,60,commercial,
online gift registry australia,10,commercial,
when do people send wedding invitations,50,informational,
paperless wedding evite,30,commercial,
questions for rsvp wedding,20,commercial,
when to have rsvp due for wedding,30,informational,
seat plan wedding,30,commercial,
online digital wedding invitation,30,commercial,
sites like the knot,30,commercial,
mời đám cưới trước bao lâu,30,commercial,
formal wedding dress code,900,commercial,
how to write a wedding story,10,informational,
what should i put on my wedding registry,250,informational,
top wedding websites,10,navigational,
david jones gift registry search,60,commercial,
wedding donation website,60,navigational,
when do send out wedding invitations,20,informational,
wedding attire dress codes,200,commercial,
pakistani girls big boobs,100,commercial,
q&a to add to wedding website,10,navigational,
wishing well wedding registry,10,commercial,
website for wedding invitations,10,navigational,
affordable wedding ideas,20,commercial,
best rsvp website,250,navigational,
rsvp website free,40,navigational,
how to put dress code on wedding website,50,navigational,
rsvp online invitation,30,commercial,
wedding seat plan,40,commercial,
seating chart for long tables,40,commercial,
when should i sent out wedding invitations,40,informational,
online photo album for wedding guests,40,commercial,
simple wedding planning checklist,40,commercial,
cheap weddings,10,commercial,
virtual invitations,150,commercial,
photo upload for wedding,90,commercial,
wedding invitation with website rsvp,70,navigational,
when to send invites for wedding,90,informational,
online wedding invitation examples,20,commercial,
lopsided wedding guest list,60,commercial,
rsvp site for wedding,30,commercial,
wedding website save the date,20,navigational,
riley grey wedding website,20,navigational,
days like these events,20,commercial,
free e wedding invitations,20,commercial,
online invitations wedding,150,commercial,
how long before the wedding do you send out invitations,30,informational,
when should wedding invitations be mailed out,40,informational,
the knot vs with joy,30,commercial,
wedding website schedule example,70,navigational,
popular q and a for wedding website,10,navigational,
rsvp due date,10,commercial,
how far out should you send save the dates,100,informational,
wishing well online,40,commercial,
when do you need to rsvp for a wedding,20,informational,
save the date invitation,500,commercial,
common faqs on wedding website,10,navigational,
weddimg,10,commercial,
how to save on wedding invitations,70,informational,
how early should wedding invitations be sent out,70,informational,
amazing limos,10,commercial,
wedding invitiation,10,commercial,
how long before a wedding to send invitations,10,informational,
wedding invite online free,10,commercial,
qr code wedding invitations,150,commercial,
guest list excel template,150,commercial,
websites for weddings,70,navigational,
wedding info website,30,navigational,
wedding photo dropbox,30,commercial,
zola competitors,30,commercial,
free wedding planner,80,commercial,
free rsvp tracker,250,commercial,
wedding web site wording,10,commercial,
wedding website ideas,40,navigational,
examples of save the date cards,100,commercial,
how far in advance do i send wedding invitations,40,informational,
rsvp online gratis,40,commercial,
do i need a wedding planner,10,commercial,
find couple wedding website,20,navigational,
hello ro photography,10,commercial,
melissa lauren dp,10,commercial,
wedding registry announcement,10,commercial,
wedding invitation electronic,20,commercial,
questions to ask wedding caterer,250,commercial,
q&a wedding website examples,10,navigational,
how far in advance send out wedding invitations,20,informational,
wedding website introduction,10,navigational,
how to say formal attire for wedding,30,informational,
when to mail wedding invites,30,informational,
wedding invitations app,20,commercial,
eastington park rooms,60,commercial,
love interest generator,60,commercial,
when should i send out my wedding invitations,50,informational,
when to send wedding invitations destination,30,informational,
the bay registry,10,commercial,
weddings website,60,navigational,
when do you send wedding invitations out,150,informational,
wedding website faq page,10,navigational,
wedding email,30,commercial,
reminder message for wedding invitation,40,commercial,
wishing well website,20,navigational,
wedding webistes,80,commercial,
traditional save the date,200,commercial,
save the date notes,10,commercial,
wedding photo upload for guests,100,commercial,
create a free wedding website,20,navigational,
when do i send wedding invites,50,informational,
how long before bridal shower to send invitations,50,informational,
how soon before wedding should guests rsvp,30,informational,
what should rsvp date be for wedding,20,informational,
bsb 083251,20,commercial,
full wedding checklist,30,commercial,
wedding invatation,30,commercial,
how long before a wedding should invitations be sent,20,informational,
how long before an event should you send out invitations,20,informational,
how soon in advance to send wedding invitations,30,informational,
modern wedding invitation wording,20,commercial,
how we met stories for wedding website,10,navigational,
paperless wedding invite examples,10,commercial,
modern wedding website,60,navigational,
e invitation,200,commercial,
rsvp mariage,20,commercial,
what to say on registry page,10,informational,
romantic plot generator,10,commercial,
average wedding party size,10,commercial,
message for registry,10,commercial,
wedding planning checklist free,100,commercial,
with joy vs the knot,40,commercial,
wedding websites free with rsvp,30,navigational,
online wedding invitations canada,80,commercial,
login rsvp,60,navigational,
custom love reviews,200,informational,
wedding hashtag,1000,commercial,
electronic invitations wedding,30,commercial,
save the day or save the date,20,commercial,
wedding table arrangement,30,commercial,
romance novel plot generator,20,commercial,
wedding registry gifts,30,commercial,
your invites,20,commercial,
when to send out destination wedding invitations,20,informational,
evites wedding,20,commercial,
e-wedding invitations,20,commercial,
when should i send out save the dates,200,informational,
wedding wensites,70,commercial,
wedding photo sharing app qr code,90,commercial,
registry note to guests,0,commercial,
one page wedding website,0,navigational,
if you say i do,0,commercial,
registry message examples,0,commercial,
affordable wedding,10,commercial,
wedding seating plan top table,40,commercial,
wedding digital invitations,90,commercial,
what should a save the date say,10,informational,
wedding planing,20,commercial,
google photos qr code wedding,100,commercial,
how early are wedding invitations sent out,30,informational,
the best wedding websites,100,navigational,
when should people rsvp to a wedding by,20,informational,
joy vs zola,50,commercial,
long tables wedding layout,20,commercial,
when do guests rsvp for wedding,10,informational,
myguestlist login,10,navigational,
wedding registry description,10,commercial,
camp arowhon wedding,10,commercial,
amanda josh,10,commercial,
digital card for wedding,700,commercial,
how soon do wedding invites go out,40,informational,
save the date wedding template,1000,commercial,
when to send wedding invite,60,informational,
how far in advance should wedding invitations go out,20,informational,
safe the date,30,commercial,
free electronic wedding invitations,30,commercial,
how far out to send wedding invites,30,informational,
save the date invitation message,40,commercial,
when should you request rsvp for wedding,40,informational,
wedding online invites,0,commercial,
registry invitation wording,0,commercial,
smithers photography,0,commercial,
wedding website sample,150,navigational,
how soon to send wedding invites,40,informational,
how soon should wedding invites go out,20,informational,
wedding our story,10,commercial,
christian wedding websites,10,navigational,
when should you send out save the dates,900,informational,
wedding photo share app,70,commercial,
online wedding invite examples,10,commercial,
rsvp wedding invitation online,10,commercial,
how to share wedding photos for free,10,informational,
how soon before the wedding should invitations be sent out,10,informational,
can you edit a website after you publish it,30,navigational,
rsvp sites for wedding,20,commercial,
how far out do you send wedding invites,20,informational,
wedding invitations virtual,30,commercial,
registry note,30,commercial,
dietary restrictions wedding rsvp,30,commercial,
order of events wedding,250,transactional,
best wedding websites for destination weddings,100,navigational,
free wedding registry,10,commercial,
qr code for rsvp wedding,100,commercial,
how we met story template,10,informational,
cheap but classy wedding reception ideas,10,commercial,
impressions photography,30,commercial,
e wedding invite,20,commercial,
do i have to send save the dates,20,commercial,
come as you are wedding attire,20,commercial,
when do you rsvp for a wedding,30,informational,
how soon do you need rsvp for wedding,20,informational,
appy couple wedding websites,10,navigational,
how early do you mail wedding invitations,10,informational,
what is a registry wedding,10,informational,
evites for wedding,20,commercial,
save the date invite message,20,commercial,
wedding websites joy,20,navigational,
free digital wedding invitation,80,commercial,
when do you send wedding invites out,60,informational,
do you put your wedding website on save the dates,50,navigational,
interactive wedding invitations,50,commercial,
wedding websites for guests,30,navigational,
how long to send out wedding invites,30,informational,
paperless wedding invitations free,30,commercial,
wedding digital invitation card,250,commercial,
how early should you send wedding invitations,100,informational,
co do hue south,600,commercial,
free website wedding,100,navigational,
weding websites,30,navigational,
when to.send wedding invites,30,informational,
when do you send invites for wedding,80,informational,
when do i send my wedding invitations,20,informational,
how far ahead should wedding invitations be sent,20,informational,
wedding e invite free,10,commercial,
when send out wedding invites,20,informational,
when do save the dates go out,700,informational,
website to upload wedding photos,40,navigational,
dp couple,1400,commercial,
302620122,100,commercial,
table plan,100,commercial,
make wedding invitations online,50,commercial,
example wedding website,70,navigational,
getting married wedding website,30,navigational,
how to create qr code for wedding rsvp,30,informational,
free email wedding invitations,20,commercial,
theknot.com find a couple,20,commercial,
how long before wedding send invitations,20,informational,
wedding website examples our story,20,navigational,
wedding dp,20,commercial,
how to get guest photos at wedding,40,informational,
wedding planner checklist,10,commercial,
wedding invitation list,40,commercial,
wedding invitations with qr code rsvp,100,commercial,
how to invite a guest for an event,10,informational,
when to send wedding invitation,40,informational,
how to say dress code for wedding,40,informational,
how to send wedding invitations online,30,informational,
vickianne west,10,commercial,
make your own save the date cards,200,commercial,
another way to say save the date,60,commercial,
wedding website comparison,150,navigational,
wedding incites,20,commercial,
how early to send wedding invitations,90,informational,
peacock estate tyabb,30,commercial,
what does save the date mean,150,informational,
ido ido,20,commercial,
formal save the date,70,commercial,
wedding stories for website,0,navigational,
best way to share wedding photos with clients,10,commercial,
invitation online wedding,0,commercial,
websites for wedding,150,navigational,
wedding webpages,20,commercial,
couples wedding website,20,navigational,
online rsvp wedding invitation,10,commercial,
theknot.com wedding website,150,navigational,
website for wedding planning,60,navigational,
wed uploader,50,commercial,
examples of save the date,20,commercial,
what to include on save the date,10,informational,
luke firth,10,commercial,
online e invitation for wedding,10,commercial,
digital wedding invite canada,10,commercial,
how long do you send out wedding invitations,10,informational,
romance book plot generator,10,commercial,
save the date rsvp wording,20,commercial,
how long before wedding to send invitations,200,informational,
checklist wedding,60,commercial,
cash wedding registry wording,0,commercial,
jack cam,30,commercial,
when should i send out wedding invites,90,informational,
wedding welcome message,40,commercial,
do you rsvp to a save the date,40,commercial,
when should i send wedding invitations,50,informational,
free qr code for wedding rsvp,60,commercial,
guests upload wedding photos,60,commercial,
wedding email template,10,commercial,
wedding invitation reminder,10,commercial,
how long before wedding to send save the dates,100,informational,
how to write your story for wedding website,0,navigational,
rsvp form questions,20,commercial,
how to create a wedding qr code,70,informational,
when should you send wedding invites out,40,informational,
when should you send invitations for a wedding,60,informational,
wedding invitations when to send,60,informational,
how far in advance should wedding rsvp date be,20,informational,
when should someone rsvp for a wedding,20,informational,
wedding questions and answers,20,commercial,
modern day wedding songs,20,commercial,
how do i stop emails going to junk,100,informational,
dress code wording for wedding,40,commercial,
how to send digital wedding invitations,70,informational,
wedding reminder email template,0,commercial,
say i do to me,0,commercial,
rsvp dating site login,40,navigational,
with joy wedding website reviews,20,navigational,
save the date cards,700,commercial,
random love story,10,commercial,
our love story template,10,commercial,
wedding email invitations,10,commercial,
wedding invitation online website,10,navigational,
wishing well gift,30,commercial,
how to include wedding website on save the date,10,navigational,
i do invitations,30,commercial,
download excel to mac,40,commercial,
qr code wedding invite,10,commercial,
how far in advance should you mail wedding invitations,10,informational,
how soon do you send out wedding invitations,10,informational,
how far in advance to send bridal shower invites,200,informational,
wedding website message,10,navigational,
hannah barlow photography,10,commercial,
wedding registry cash fund wording,10,commercial,
amazon gift registry,20,commercial,
when should invitations be sent out for a wedding,50,informational,
mantra heritage port douglas,50,commercial,
wedding invitation email template,20,commercial,
wedding planner canada,20,commercial,
your wedding website,20,navigational,
spicy story generator,500,commercial,
online rsvp invitations,50,commercial,
how to create amazon registry,100,informational,
virtual wedding cards,30,commercial,
rsvp question,10,commercial,
email invitations with rsvp,10,commercial,
online wedding invitation free websites,10,navigational,
how soon before a wedding do you send out invitations,20,informational,
how far in advance do you mail wedding invitations,20,informational,
wedding q&a for couple,20,commercial,
when do you usually send out wedding invitations,20,informational,
engagement party planning,40,commercial,
wedding invites with rsvp online,60,commercial,
trending wedding websites,150,navigational,
wedding guest photo upload,30,commercial,
virtual wishing well,30,commercial,
ನನ್ನ ಮದುವೆ ಯಾವಾಗ,10,commercial,
what to ask for on wedding registry,150,informational,
wedding we site,40,commercial,
couple websites,50,navigational,
wedding save the date templates,2300,commercial,
wedding website platforms,60,navigational,
237 spit road mosman,10,commercial,
find a couple's wedding website on weddingwire,100,navigational,
when should i send save the dates,250,informational,
when should an rsvp date be for a wedding,20,informational,
online save the date wedding,20,commercial,
honeymoon registry canada,20,commercial,
when to send wedding rsvp,20,informational,
qr rsvp wedding,20,commercial,
traditional wedding top table layout,30,commercial,
katie and chris wedding,30,commercial,
questions to ask florist,60,commercial,
how do i find a couple's wedding website?,20,navigational,
modern songs about getting married,40,commercial,
excel guest list template,80,commercial,
free online invitations with rsvp canada,30,commercial,
rsvp invitations,30,commercial,
wedding planning app,1200,commercial,
e-wedding invitation,10,commercial,
wedding participation,50,commercial,
best wedding venue websites,10,navigational,
save the date wedding message,10,commercial,
when should you request rsvps for wedding,10,informational,
wedding invitations should be sent out when,10,informational,
when to.send wedding invitations,10,informational,
wedding website designs,40,navigational,
when to send out invitations,70,informational,
digital wedding invitation ideas,20,commercial,
how far in advance do you send out wedding invitations,250,informational,
rsvp list,30,commercial,
when to send a wedding invitation,30,informational,
free wedding site,20,commercial,
example our story wedding website,0,navigational,
zola vs joy,30,commercial,
mantra on the inlet port douglas,300,commercial,
virtual wedding invitation message,0,commercial,
wedding website couple search,50,navigational,
when should your wedding rsvp date be,10,informational,
free wedding invite,10,commercial,
when do invites go out for weddings,20,informational,
how long before a wedding do you send invitations,10,informational,
paul young celebrant,20,commercial,
wedding invitations how far in advance,20,informational,
online gift registry,10,commercial,
registry for bridal shower,10,informational,
prezola honeymoon fund,100,commercial,
wedding attire dress code,60,commercial,
marry me nicky,0,commercial,
black avenue productions,0,commercial,
/invite/i=,0,commercial,
wedding we sites,40,commercial,
wedding photo sharing apps,30,commercial,
digital wedding planner,350,commercial,
top wedding planning websites,50,navigational,
qr code wedding invites,40,commercial,
when do you need rsvp for wedding,20,informational,
how to stop emails going to junk,1000,informational,
rsvp platform,30,commercial,
make invitations online australia,150,commercial,
website wedding invitation,40,navigational,
wedding ivites,20,commercial,
save the date invitation quotes,20,commercial,
best wedding websites uk free,20,navigational,
when to send wedding invites out,150,informational,
minted wedding website find a couple,30,navigational,
wedding gift site,30,commercial,
wedding website for guests,10,navigational,
wedding webite,30,commercial,
clare mcbride,0,commercial,
amy watson celebrant,0,commercial,
creative ways to say save the date,0,commercial,
save the date samples,450,commercial,
wedding planner checklist free,90,commercial,
rsvp.com.au login,150,navigational,
wedding electronic invitation,20,commercial,
when is the rsvp deadline for a wedding,20,informational,
wedding website with password,30,navigational,
digital invitations for wedding,40,commercial,
how far before a wedding should invitations be sent,20,informational,
how far in advance should i send wedding invites,10,informational,
sam wyper photography,10,commercial,
wedding portals,30,commercial,
when should people rsvp for wedding,10,informational,
digital invitations with rsvp,10,commercial,
when do i send wedding invitations,10,informational,
apps for wedding invitation,10,commercial,
collecting wedding photos from guests free,30,commercial,
save the date email,500,commercial,
when do invitations go out for wedding,50,informational,
wedding website greetings,10,navigational,
online invites with rsvp,20,commercial,
how to word formal attire on wedding website,30,navigational,
how many weeks before a party do you send invitations,30,informational,
modern wedding songs,150,commercial,
nicole and jake,40,commercial,
do i need to send save the dates,10,commercial,
modern songs to walk down the aisle to,100,commercial,
free wedding evite,10,commercial,
when should a wedding invitation be sent out,20,informational,
rsvp response,30,commercial,
do bridal shower invites go out before wedding invites,30,informational,
when should wedding invites go out,250,informational,
when to rsvp by,20,informational,
when do send wedding invitations,20,informational,
i.di,10,commercial,
invite website,20,navigational,
formal attire wedding dress code,100,commercial,
how early to send wedding invites,450,informational,
wedding wevsites,50,commercial,
invitations for wedding,50,commercial,
wedding dress code guide,200,informational,
wedding website best,100,navigational,
when to send out wedding invitations and rsvp,30,informational,
wedding websires,30,commercial,
when do u send out wedding invites,30,informational,
bay bridal registry,0,commercial,
how soon do you send wedding invitations,60,informational,
rsvp wedding questions,20,commercial,
usa weddings,30,commercial,
how far ahead of wedding to send invitations,20,informational,
virtual invitations wedding,10,commercial,
wedding photos upload,10,commercial,
when should the wedding invitations be sent out,10,informational,
invitations wedding online,100,commercial,
save the date invites online,20,commercial,
rsvp deadline,20,commercial,
how early to send save the dates,30,informational,
rsvp invitation online,20,commercial,
dp for couple,1200,commercial,
when do you send out rsvp for wedding,20,informational,
e-invitation,30,commercial,
rsvp wedding deadline,30,commercial,
how soon should invitations be sent out,20,informational,
how soon after getting engaged should you start planning,20,informational,
funny wedding website welcome message,20,navigational,
how long before your wedding should you send out invitations,20,informational,
wedding websites for destination weddings,20,navigational,
best destination wedding websites,20,navigational,
when do you send out invites for wedding,20,informational,
invite websites,200,navigational,
how to make qr code for wedding rsvp,40,informational,
when should you send out invitations for a wedding,40,informational,
eastington park room prices,40,transactional,
wedding wedsites,20,commercial,
qr code for wedding photos,300,commercial,
wedding invitations via email,10,commercial,
free wedding planning website,30,navigational,
things to do section of wedding website,10,navigational,
how early should save the dates go out,80,informational,
wedding webpage,80,commercial,
the knot vs zola vs joy,50,commercial,
bridal dp,100,commercial,
best email wedding invitations,10,commercial,
rsvp website bruiloft,10,navigational,
appy couple wedding website,10,navigational,
when should you mail wedding invitations,100,informational,
wedding e,40,commercial,
how far in advance should i send save the dates,60,informational,
wedding seating plans,50,commercial,
top wedding websites reviews,20,navigational,
how to plan a wedding australia,20,informational,
when should i send wedding invites out,20,informational,
when should we send out wedding invitations,30,informational,
newly engaged couple,20,commercial,
wedding planning list free,90,commercial,
black cab central,10,commercial,
when do u send out wedding invitations,40,informational,
e-invitations,20,commercial,
wedding invotes,20,commercial,
house fund wedding registry wording,40,commercial,
invite online,90,commercial,
the knot wedding website canada,20,navigational,
e invitations wedding,20,commercial,
wedding welcome message for guests,10,commercial,
when should invites go out for wedding,30,informational,
wedding attire codes,30,commercial,
wedding website builders,150,navigational,
weddinf website,50,navigational,
when send wedding invitations,40,informational,
virtual invite,20,commercial,
wedding web site,90,commercial,
save the date dress code,60,commercial,
melissa and michael wedding,10,commercial,
wedding reminder text message sample,10,commercial,
our love story wedding examples,10,commercial,
canadian registries,10,commercial,
emails going to junk,90,commercial,
waymark productions,0,commercial,
engagement party,250,commercial,
save the date information,40,commercial,
e invitation wedding card,60,commercial,
best wedding website for destination wedding,60,navigational,
wedding invutes,20,commercial,
when do.you send wedding invites,20,informational,
when do you normally send out wedding invitations,20,informational,
wedding to do check list,40,commercial,
how far in advance should you send bridal shower invitations,60,informational,
wedding invitation rsvp qr code,30,commercial,
wedding table plan,30,commercial,
cocktail attire couple,40,commercial,
paperless wedding invite,20,commercial,
able classic wedding cars,0,commercial,
online düğün,0,commercial,
rsvp date on wedding invitations,0,commercial,
how far in advance do you send bridal shower invitations,70,informational,
paperless invitations wedding,30,commercial,
wedding ceremony description for website,10,navigational,
sophie elise net worth,50,commercial,
website invitation wedding,20,navigational,
bridal shower gift registry,10,informational,
our story template,10,commercial,
email wedding invitation template,10,commercial,
how to word dress code for wedding,10,informational,
how soon to send out wedding invites,10,informational,
wedding to do lists,10,commercial,
say you do,1900,commercial,
when is rsvp deadline for wedding,30,informational,
wedding evite with rsvp,50,commercial,
paperless wedding invitation,30,commercial,
wedding invite digital,70,commercial,
wedding reception dress code,70,commercial,
perfectly planned by amy,30,commercial,
rsvp events,50,commercial,
save the dates wording,10,commercial,
prompt generator romance,10,commercial,
cute save the date sayings,10,commercial,
wedding websites comparison,70,navigational,
wedding website qr code rsvp,10,navigational,
wedding websites reviews,30,navigational,
j andrews bridal,350,commercial,
עיצוב save the date חינם,300,commercial,
when wedding invitations should be sent,20,informational,
invitation website free,80,navigational,
how to create a wedding budget,800,informational,
cover image size,30,commercial,
wedding guests upload photos,20,commercial,
michael briggs photography,40,commercial,
popular wedding sites,40,commercial,
cover photo size,30,commercial,
how early to send out wedding invitations,200,informational,
best wedding photo sharing app,100,commercial,
wedding invitation reminder message,30,commercial,
wedding attire wording,300,commercial,
wedding website intro,10,navigational,
gift registry the bay,0,commercial,
is chris bee married,150,commercial,
when should guest rsvp by,10,informational,
example wedding invitation,10,commercial,
save the date with website,20,navigational,
when to rsvp by for wedding,30,informational,
wedding web sites,40,commercial,
questions to ask a florist,30,commercial,
joy vs the knot,30,commercial,
how many weeks before wedding to send invitations,30,informational,
which wedding website is the best,80,navigational,
wedding websits,40,commercial,
website thumbnail,10,navigational,
when should your rsvp deadline be,10,informational,
how to word attire on wedding website,10,navigational,
wedding websit,60,commercial,
how to send save the dates via email,10,informational,
wedding websitea,30,navigational,
how to find a couple's wedding website,30,navigational,
charlotte penman,80,commercial,
when should i request rsvp for wedding,20,informational,
free wedding planner guide,20,informational,
when should wedding invitations go out,200,informational,
said design,60,commercial,
free wedding sites,150,commercial,
when do you send out save the dates for weddings,90,informational,
when should you rsvp by for a wedding,20,informational,
invitation rsvp,30,commercial,
when do you send out your wedding invitations,20,informational,
how early should you send out wedding invites,20,informational,
063791 bsb,30,commercial,
clonabreany lodge b&b,20,commercial,
when do you send invitations for a wedding,40,informational,
how early should you send out bridal shower invitations,30,informational,
04-00-03 sort code,450,commercial,
online rsvp wedding free,0,commercial,
qr code for wedding invitations,80,commercial,
wedding sites uk,30,commercial,
when do i send save the dates,60,informational,
free wedding checklist australia,10,commercial,
best wedding site,200,commercial,
how late can you rsvp to a wedding,10,informational,
how to answer wedding faqs,10,informational,
yes we do wedding events,10,commercial,
wishing well wedding,10,commercial,
wedding sites for couples,90,commercial,
when do.you send out wedding invitations,10,informational,
e invites australia,40,commercial,
our story on wedding website examples,40,navigational,
do'a sa'i,70,commercial,
save the date wedding invitation,700,commercial,
how early do you send out bridal shower invitations,50,informational,
when do you mail save the dates,50,informational,
online invitations with rsvp free,30,commercial,
free e invite for wedding,20,commercial,
website for wedding guests to upload photos,60,navigational,
wedding planning resources,10,commercial,
online invitation with rsvp,60,commercial,
what do you ask for on a wedding registry,20,informational,
rsvp date for destination wedding,20,commercial,
online save the date with rsvp,40,commercial,
how long before the wedding should guests rsvp,40,informational,
snohomish bee company,150,commercial,
cocktail attire description for wedding website,50,navigational,
paperless wedding invitations canada,20,commercial,
seating chart long tables,10,commercial,
normal rsvp time for wedding invitations,10,commercial,
we can doo,10,commercial,
love story template,10,commercial,
when do i send out wedding invites,20,informational,
rsvp communications limited,80,commercial,
how to write your wedding story,0,informational,
free customizable save the date templates,0,commercial,
the ido,0,commercial,
virtual save the date,20,commercial,
dress code levels for wedding,30,commercial,
wedding to do checklist,30,commercial,
when should wedding invitations be mailed,40,informational,
wording for wedding website,0,navigational,
wedding dress codes explained,800,commercial,
wedding dress code levels,50,commercial,
love to say login,40,navigational,
when should you send wedding invitations out,40,informational,
how much is zola wedding website,40,navigational,
how far ahead do you send out wedding invitations,20,informational,
wedding website password,40,navigational,
how early to send out bridal shower invites,60,informational,
when should guests rsvp for wedding,10,informational,
write me a love story,0,commercial,
olivia cameron bridal,150,commercial,
when to send out invites for wedding,60,informational,
rsvp app free,250,commercial,
night girl price,0,transactional,
the bay registry wedding,0,commercial,
e invitation card for wedding,400,commercial,
top wedding website,90,navigational,
when should guests rsvp by for a destination wedding,100,informational,
how long after save the dates do you send invites,20,informational,
when do people send out wedding invites,20,informational,
georgia fletcher,20,commercial,
how far in advance for save the dates,70,informational,
wedd;e,90,commercial,
wedding wevsite,50,commercial,
how far in advance should rsvp date be for wedding,50,informational,
online wedding invitation etiquette,10,commercial,
how far in advance do you send wedding invites,40,informational,
wedding invitiations,40,commercial,
digital wedding card online,10,commercial,
when should you ask for rsvps back,10,informational,
when do you send out invitations for a wedding,70,informational,
wedding electronic invite,10,commercial,
electronic wedding invitations canada,10,commercial,
message for save the date,10,commercial,
how to stop an email going to junk,100,informational,
how long to rsvp before wedding,30,informational,
my wedding registry,30,commercial,
online digital wedding invitations,20,commercial,
unique wedding ceremony ideas,250,commercial,
casual wedding invitation wording,30,commercial,
best wedding planning apps australia,30,commercial,
free digital invitations,200,commercial,
romance writing prompts generator,40,commercial,
when do you need to send out wedding invitations,30,informational,
planning an engagement party,10,commercial,
wedding reminder template,10,commercial,
what is dressy casual for a wedding,150,informational,
bridal registry david jones,20,commercial,
when should you ask for wedding rsvps back,20,informational,
table seating,30,commercial,
e wedding invitation free,30,commercial,
paperless wedding,20,commercial,
do you send rsvp with save the date,20,commercial,
detailed wedding checklist,20,commercial,
rsvp online invitation free,40,commercial,
theknot com wedding website,80,navigational,
how soon should rsvp for wedding,30,informational,
romantic prompt generator,30,commercial,
wedding websotes,20,commercial,
wedding registry the bay,0,commercial,
hudson bay bridal registry,0,commercial,
wedding wensite,60,commercial,
e invitation for marriage,100,commercial,
wedding websitr,40,commercial,
rsvp maker,350,commercial,
smart couple dp,10,commercial,
how far in advance to send wedding save the dates,50,informational,
couples wedding websites,40,navigational,
wedding accommodation wording examples,30,commercial,
list of wedding stationery,10,commercial,
best wedding website for rsvp,80,navigational,
send online wedding invitations,10,commercial,
save the date announcements,200,commercial,
easy weddings login,80,navigational,
when should you rsvp to a wedding,20,informational,
save the date formal,20,commercial,
wedding invite online rsvp,20,commercial,
when do you send out invitations for wedding,20,informational,
wedding imvites,20,commercial,
when to send your wedding invitations,20,informational,
how far ahead should you send wedding invitations,20,informational,
with joy vs zola,80,commercial,
how early to rsvp for wedding,30,informational,
create email invitations online,30,commercial,
q&a wedding questions,0,commercial,
when to make rsvp deadline for wedding,50,informational,
natasha nice wedding,50,commercial,
say website,10,navigational,
when should people rsvp for a wedding by,10,informational,
wedding digital,10,commercial,
when should i send wedding invitations out,10,informational,
kylie mcintosh,10,commercial,
wedding faq answers,10,commercial,
andrew and jessica wedding website,10,navigational,
how to create a wedding rsvp qr code,10,informational,
dungog trading post,10,commercial,
free wedding website builder,350,navigational,
wedding website where guests can upload photos,40,navigational,
when should i have guests rsvp by for wedding,40,informational,
wedding order of the day,400,transactional,
how long before wedding do you send save the dates,20,informational,
how early can you send wedding invitations,20,informational,
wedding.checklist,20,commercial,
how early to send out wedding invites,20,informational,
advice for newly engaged couples,10,commercial,
wedding planning tools,0,commercial,
when to require rsvp for wedding,20,informational,
dressy casual dress code wedding,20,commercial,
how many weeks before wedding to rsvp,20,informational,
search wedding website,20,navigational,
how far in advance wedding invitations,40,informational,
how to describe cocktail attire on wedding website,40,navigational,
when should i send my save the dates,40,informational,
save the date cards examples,30,commercial,
wedding electronic invites,20,commercial,
web wedding invitation,20,commercial,
marriage invitation email,20,commercial,
when should people rsvp by for wedding,10,informational,
dietary requirements on wedding invite,10,commercial,
when should formal wedding invitations be sent,20,informational,
save the date text message,10,commercial,
wedding website q and a questions,0,navigational,
what to put on q&a on wedding website,0,navigational,
personal wedding websites,0,navigational,
ido login,10,navigational,
do you have to send out save the dates,20,commercial,
rsvp tracking free,90,commercial,
making a wedding website,350,navigational,
wedding invitation card digital,100,commercial,
free website for wedding rsvp,20,navigational,
save the date quote,50,commercial,
when do wedding invites get sent out,40,informational,
qr code generator for wedding rsvp,40,commercial,
wedding invites free,20,commercial,
wedding hastags,10,commercial,
reminder message for marriage invitation,10,commercial,
peter edwards photography,0,commercial,
party rsvp website,350,navigational,
current wedding songs,60,commercial,
tidbit questions for wedding website,10,navigational,
gift registries,10,commercial,
save the date etiquette,20,commercial,
save the date electronic invite,30,commercial,
when are wedding invitations sent out,30,informational,
welcome message for wedding guests,30,commercial,
when to.send out wedding invites,30,informational,
wedding websire,30,commercial,
marriage digital invitation,50,commercial,
best websites for wedding invitations,100,navigational,
how far in advance to send out bridal shower invites,40,informational,
rsvp deadline for destination wedding,40,commercial,
dress codes for weddings,20,commercial,
how to answer dietary requirements,20,informational,
marriage videographer,20,commercial,
how early send save the dates,20,informational,
qr code to share wedding photos,150,commercial,
when should i mail my wedding invitations,10,informational,
damon hughes,10,commercial,
when to rsvp,10,informational,
the knot vs joy,10,commercial,
when do we send out wedding invitations,10,informational,
wording for wedding registry on invitation,0,commercial,
website for rsvp,100,navigational,
how to do digital wedding invitations,20,informational,
find a couples wedding website,30,navigational,
how far in advance should you rsvp for a wedding,40,informational,
good wedding websites,40,navigational,
modern wedding websites,40,navigational,
save date,30,commercial,
how far out should guests rsvp to wedding,10,informational,
i do i do parklea,10,commercial,
when should you rsvp by,10,informational,
ключ арма 3,10,commercial,
minted.us find a couple,10,commercial,
create your own,300,commercial,
free wedding qr code,50,commercial,
wording wedding website,10,navigational,
qr code for wedding pictures free,20,commercial,
wedding guest attire options,150,commercial,
save to date,20,commercial,
best rsvp wedding website,20,navigational,
can i bring a date wedding faq,20,commercial,
how soon should you send out wedding invites,10,informational,
electronic invitation,20,commercial,
we say so reviews,20,informational,
how soon should i send out wedding invitations,40,informational,
isay login,0,navigational,
how soon should guests rsvp to a wedding,30,informational,
funny wedding website our story examples,50,navigational,
free email invitations,30,commercial,
is zola or the knot better,200,commercial,
password protected wedding website,40,navigational,
cara save excel di macbook,60,commercial,
online invitation card for wedding,200,commercial,
electronic invitations with rsvp,10,commercial,
how to do save the dates,40,informational,
digital invitations free,40,commercial,
how far in advance for wedding invites,30,informational,
cara save as excel di macbook,30,commercial,
how to organize wedding guest list,30,informational,
wedding website pages,30,navigational,
wedding photo app for guests,300,commercial,
wedding plan the series,200,commercial,
weddingwebsite,50,navigational,
rsvp button,10,commercial,
electronic wedding cards,10,commercial,
dress code wedding website,10,navigational,
wedding couple dp,30,commercial,
wedding planning to do list,100,commercial,
how to do a save the date,20,informational,
travel section of wedding website,20,navigational,
when should wedding invites be mailed,20,informational,
small wedding seating plan,20,commercial,
how early for save the dates,20,informational,
how to make a wedding registry,20,informational,
victoria june dp,250,commercial,
email going to junk,30,commercial,
find couples wedding website,20,navigational,
destination wedding registry wording,0,commercial,
e invites free,150,commercial,
paperless post wedding invitations,300,commercial,
how long before wedding rsvp,10,informational,
guest list for wedding,10,commercial,
tietheknot.com rsvp,10,commercial,
romance novel ideas generator,10,commercial,
when do wedding invitations need to be sent out,10,informational,
wedding invites when to send,40,informational,
when do people send save the dates,70,informational,
wedding top table seating plan,200,commercial,
honeymoon wedding registry,30,commercial,
send invitations online,20,commercial,
tietheknot wedding website,20,navigational,
bsb 670-864,150,commercial,
how soon to send out save the dates,80,informational,
st siandra parking,0,commercial,
our story wedding template,0,commercial,
charis white celebrant,10,commercial,
how long before wedding invitations,10,informational,
couple wedding websites,20,navigational,
how far in advance should bridal shower invitations be sent,60,informational,
zankyou wedding website,20,navigational,
wedding invatations,100,commercial,
virtual rsvp,100,commercial,
qr code for wedding guests to upload photos,100,commercial,
wedding list planner,40,commercial,
cam jack,50,commercial,
wedding card digital,50,commercial,
wedding in canada,10,commercial,
high school romance plot generator,10,commercial,
mac xlsx,20,commercial,
proper time to send wedding invitations,10,commercial,
save the date for wedding,200,commercial,
qr code to rsvp,90,commercial,
guest list,350,commercial,
when to have wedding rsvps returned,0,informational,
registry note ideas,0,commercial,
rsvp dietary requirements,0,commercial,
joy wedding website reviews,30,navigational,
top table tradition,30,commercial,
i fo,50,commercial,
when are you supposed to send out save the dates,50,informational,
how far in advance should i send out wedding invitations,40,informational,
dietary requirements wedding invite,20,commercial,
when is the best time to send wedding invitations,20,informational,
how early do you send wedding invites,20,informational,
how far in advance should guests rsvp for a wedding,60,informational,
how to ask for dietary requirements on a wedding invite,10,informational,
арма 3 ключ,10,commercial,
dress code wording for wedding website,10,navigational,
wedding invitations with qr code for rsvp,90,commercial,
create a save the date online free,0,commercial,
how far in advance do save the dates go out,50,informational,
rsvp questions wedding,10,commercial,
paperless post wedding website,40,navigational,
how early do save the dates go out,70,informational,
weddingwebsites,20,navigational,
when do you send out wedding invitations?,10,informational,
wedding description examples,20,commercial,
rsvp qr code free,20,commercial,
physical invitation,20,commercial,
how long to plan a wedding after engagement,100,informational,
wedding picture website,40,navigational,
how far out from wedding to send invites,40,informational,
rsvp,100,commercial,
planning wedding,70,commercial,
app for wedding guests to upload photos,90,commercial,
couple on tour hochzeit,90,commercial,
weddign website,30,navigational,
where to put wedding website on invitation,10,navigational,
jessica ryan dp,70,commercial,
when do u send out save the dates,40,informational,
top wedding registries,10,commercial,
sample rsvp invitation,10,commercial,
how to address dress code for wedding,10,informational,
wedding wesbite,30,commercial,
how long before a party should you send invitations,30,informational,
wedding invitation qr code rsvp,30,commercial,
example wedding registry,30,commercial,
online invitations australia,60,commercial,
how to put wedding website on invitation,20,navigational,
different wedding websites,40,navigational,
email save the dates,150,commercial,
do save the dates have rsvp,70,commercial,
how much time to rsvp for wedding,30,informational,
how to make a wedding qr code,30,informational,
wedding website titles,30,navigational,
nick labrosse,20,commercial,
email for wedding invitation,10,commercial,
wedding photos website,40,navigational,
e invitations for wedding,10,commercial,
when do u send wedding invites,10,informational,
how many weeks before a wedding should you rsvp,10,informational,
rsvp tracker free,150,commercial,
when do you send out wedding invitations for destination,50,informational,
rsvp dating australia,200,commercial,
wedding website password ideas,80,navigational,
digital wedding rsvp,40,commercial,
save the date invitations online,80,commercial,
our story wedding,20,commercial,
how early should you send wedding invites,20,informational,
when to send out save the dates,150,informational,
personalised wedding planner book,200,commercial,
evite wedding invitations free,50,commercial,
how far in advance to send save the date,30,informational,
wedding webaite,20,commercial,
how far in advance to rsvp for wedding,100,informational,
create qr code for wedding invitations,30,commercial,
paperless save the date,80,commercial,
what is a good rsvp deadline for wedding,40,informational,
wedding invitation website free,10,navigational,
rsvp site free,150,commercial,
when to send wedding invitations without save the dates,30,informational,
free online invites with rsvp,30,commercial,
seat plan or seating plan,30,commercial,
when to send invites,30,informational,
when do you send save the dates for wedding,80,informational,
how to describe wedding attire,80,informational,
hotels near cain manor,20,commercial,
when do you send a wedding invitation,20,informational,
when to get rsvp for wedding,10,informational,
cover dimensions,10,commercial,
wedding websites example,40,navigational,
rsvp reviews,40,informational,
table seating arrangement,100,commercial,
photo qr code wedding,60,commercial,
free e invites with rsvp,50,commercial,
easiest wedding website,30,navigational,
when do you send the wedding invitations,20,informational,
how far in advance should you request rsvp for wedding,30,informational,
event rsvp,20,commercial,
when do you send out bridal shower invitations,20,informational,
qr codes for wedding rsvp,20,commercial,
honeymoon registry,20,commercial,
the day we said i do,20,commercial,
wedding website find couple,10,navigational,
destination wedding save the date wording,30,commercial,
how to make qr code for wedding,30,informational,
how early do you send out save the dates,150,informational,
free e invites,100,commercial,
electronic invites with rsvp,10,commercial,
sophie grace pty ltd,10,commercial,
best wedding websites for rsvp,40,navigational,
when to set rsvp deadline for wedding,40,informational,
lee khuzwayo real name,70,commercial,
wedding invitation rsvp online,50,commercial,
compare wedding websites,50,navigational,
to do list for a wedding,20,commercial,
track rsvps,20,commercial,
wedding tool,20,commercial,
when should you ask for rsvp for wedding,20,informational,
zola wedding website cost,70,navigational,
what to ask for on a wedding registry,70,informational,
top rated wedding websites,100,navigational,
what should the rsvp date be for a wedding,10,informational,
virtual wedding invitation free,0,commercial,
minted vs joy,60,commercial,
minted vs zola,60,commercial,
how soon should you send out bridal shower invitations,20,informational,
create digital wedding invitation,90,commercial,
our wedding link,50,commercial,
wedding invitations qr code,50,commercial,
how we met wedding website,0,navigational,
how long should you give wedding guests to rsvp,20,informational,
wedding website announcement,10,navigational,
when to send out save the dates for wedding,100,informational,
wedding story example,0,commercial,
our story wedding website template,0,navigational,
best free online invitations with rsvp,100,commercial,
qr code for wedding pictures,70,commercial,
how early do you send out wedding invites,30,informational,
how to ask about dietary restrictions wedding invite,30,informational,
rsvp invite,20,commercial,
how long should you give guests to rsvp to wedding,20,informational,
wedding website headers,20,navigational,
wedding services australia,40,commercial,
cheap wedding celebrant adelaide,20,commercial,
wedding picture sharing app,50,commercial,
bl prompt generator,10,commercial,
rsvp date for wedding invitations etiquette,10,commercial,
digital save the dates wedding,100,commercial,
what to write in registry note,0,informational,
honoring those not present wedding,0,commercial,
rsvp sign in,40,commercial,
hbc gift registry,0,commercial,
how long to give guests to rsvp for wedding,60,informational,
wedding webites,30,commercial,
how long should you rsvp before wedding,20,informational,
immogen,20,commercial,
how soon should you send wedding invitations,20,informational,
personalised wedding planner,450,commercial,
how soon to rsvp for wedding,30,informational,
rsvp dating site reviews,30,informational,
how to download excel to mac,30,informational,
david jones wedding registry,100,commercial,
bilingual wedding invitations,90,commercial,
cover size,50,commercial,
when should you have rsvp for wedding,40,informational,
websites made with love,80,navigational,
joy wedding website examples,80,navigational,
online wedding invitation websites,20,navigational,
when should you send your wedding invitations,20,informational,
love trope generator,20,commercial,
design wedding invitations online,20,commercial,
how early can you send out wedding invitations,10,informational,
no rsvp no entry,10,commercial,
free save the date templates wedding,0,commercial,
how to make wedding website,20,navigational,
koora love,30,commercial,
what are wedding dress codes,30,informational,
eastington park hotel,30,commercial,
with joy wedding website examples,80,navigational,
say it do it,10,commercial,
when i say i do,10,informational,
best time to send out wedding invitations,20,commercial,
how early should you send out wedding invitations,200,informational,
gift registry website,40,navigational,
matt finch,40,commercial,
wedding registry examples,10,commercial,
when does wedding invites go out,10,informational,
andrew and lauren wedding,10,commercial,
do what you say,10,informational,
wedding planning app australia,10,commercial,
free rsvp tracking,100,commercial,
wedding details checklist,20,commercial,
how soon before the wedding should guests rsvp,10,informational,
wedding questions for guests,10,commercial,
i do i do,150,commercial,
qr codes for wedding invitations,20,commercial,
what to do at an engagement party,20,informational,
wedding websites knot,20,navigational,
wedding invitations rsvp online,30,commercial,
wedding information website,20,navigational,
digital invitations australia,20,commercial,
summergrove estate chapel,20,commercial,
how big should a wedding party be,10,informational,
website for guests to upload wedding photos,30,navigational,
how long to give guests to rsvp,30,informational,
when do you say i do in a wedding,60,informational,
paperless invites,40,commercial,
when to have guests rsvp for wedding,30,informational,
withjoy custom domain,30,commercial,
qr code generator wedding,30,commercial,
minted vs the knot wedding website,80,navigational,
wedding code,80,commercial,
wedding planner app australia,10,commercial,
how to send save the dates,100,informational,
example of wedding website,60,navigational,
wedding url ideas,60,commercial,
wedding app to share photos,10,commercial,
can you ask for rsvp on save the date,10,commercial,
wedding invite qr code rsvp,10,commercial,
when to send save the date,10,informational,
how far in advance to send wedding shower invites,20,informational,
how to stop mail going to junk,100,informational,
save your date,30,commercial,
wedding invites website,30,navigational,
canberra videographer,30,commercial,
mrs t weddings,30,commercial,
wedding funds,30,commercial,
wedding registry invitation,20,commercial,
unboring wedding,60,commercial,
rsvp on save the date,30,commercial,
different forms,30,commercial,
wedding website lookup,200,navigational,
rsvp list online,90,commercial,
wedding photo website,90,navigational,
fun rsvp questions,10,commercial,
when to ask for rsvp for wedding,80,informational,
wedding website wording on invitation,40,navigational,
how long before wedding to rsvp,20,informational,
wedding invite dietary requirements,10,commercial,
the trust 405 flinders lane,10,commercial,
wedding invitation with rsvp online,10,commercial,
when do you send formal wedding invitations,10,informational,
how early send out wedding invitations,10,informational,
bibo ballarat,10,commercial,
wedding websited,20,navigational,
how to download excel in macbook,40,informational,
braga portugal wedding venue,40,commercial,
bea ward,40,commercial,
reminder invitation for wedding,0,commercial,
how far in advance should you send wedding invites,20,informational,
tool for wedding,20,commercial,
questions to ask a wedding florist,30,commercial,
wedding guest transportation,20,commercial,
when rsvp for wedding are due,10,informational,
online-rsvp,10,commercial,
did olivia say anything about your website,10,navigational,
rsvp before or by,0,commercial,
wedding card invitation online,30,commercial,
qr code generator for wedding invitations,60,commercial,
how much time to give guests to rsvp for wedding,20,informational,
save the date wedding invitation message,20,commercial,
wedding guest upload photos,20,commercial,
wedding email rsvp,40,commercial,
free email invitations with rsvp,20,commercial,
wedding to do,20,commercial,
can you change your wedding date,10,commercial,
how early should you send save the dates,100,informational,
how to make digital wedding invitations,70,informational,
qr code matrimonio,250,commercial,
romance tropes generator,50,commercial,
how to plan an engagement party,20,informational,
patrick sy,350,commercial,
alex and brittany wedding,10,commercial,
how to word attire for wedding,10,informational,
when should invites be sent out,20,informational,
hummer sa,250,commercial,
e invitations,250,commercial,
example of our story on wedding website,0,navigational,
wedding invitation for friends online,0,commercial,
free wedding rsvp sites,0,commercial,
simple wedding website,150,navigational,
free wedding planning sites,50,commercial,
is rsvp free,30,commercial,
wedding invitations with online rsvp,60,commercial,
digital marriage invitation,90,commercial,
how soon do you mail wedding invitations,10,informational,
bridal couple dp,0,commercial,
qr codes for wedding photos,150,commercial,
save the date details to follow,10,commercial,
qr wedding rsvp,10,commercial,
when do people send wedding invites,10,informational,
sample wedding website,40,navigational,
wedding plan checklist,30,commercial,
website invitation,150,navigational,
e invites australia free,10,commercial,
wedding list checklist,40,commercial,
how long to rsvp for wedding,50,informational,
how early should guests rsvp for a wedding,30,informational,
qr code wedding invitation rsvp,30,commercial,
how to do wedding invitations,80,informational,
how early should you send out save the dates,60,informational,
zola vs the knot vs minted,50,commercial,
how far ahead do you send wedding invitations,40,informational,
kombi weddings,10,commercial,
rsvp cut off date for wedding,10,commercial,
wedding card invitation,100,commercial,
do i say i do,10,commercial,
how soon before wedding to send invitations,10,informational,
jo booth,10,commercial,
e invitations with rsvp,150,commercial,
wedding gift list john lewis,10,commercial,
before you say i do,20,commercial,
wedding webstie,30,commercial,
online wedding invitation sites,20,commercial,
wedding websties,30,commercial,
how early wedding invitations,10,informational,
when should you set rsvp date for wedding,20,informational,
when do you send save the dates and wedding invitations,20,informational,
save the date whatsapp message,40,informational,
dan jones bridal,40,commercial,
what to ask for wedding registry,150,informational,
wedding list company,150,commercial,
2 day wedding,80,commercial,
rsvp dating,40,commercial,
create rsvp,200,commercial,
how to share wedding registry,30,informational,
rsvp service free,100,commercial,
save the date or safe the date,100,commercial,
how far in advance do you send a save the date,30,informational,
what does lee khuzwayo do for a living,60,informational,
invitation wedding website,10,navigational,
rsvp free online,100,commercial,
don't forget to rsvp images,50,commercial,
our wedding,40,commercial,
formal dress code wedding,30,commercial,
wedding questions,30,commercial,
collecting wedding photos from guests,100,commercial,
how early should you send bridal shower invitations,20,informational,
please save the date in your calendar,0,commercial,
wedding details,600,commercial,
say,50,commercial,
deadline to rsvp for wedding,10,commercial,
when to send out invitations for wedding,200,informational,
best wedding planning websites,300,navigational,
are save the dates really necessary,30,commercial,
before they say i do,20,commercial,
how soon do you send wedding invitations out,20,informational,
how far in advance to mail wedding invitations,20,informational,
what to ask wedding florist,20,informational,
how far in advance should you rsvp,20,informational,
wedding invitation with online rsvp,20,commercial,
what stationery do you need for a wedding,20,informational,
best website for wedding,40,navigational,
670-864 bsb,100,commercial,
how to word dress code on wedding website,100,navigational,
paperless invitations,150,commercial,
how to describe dress code for wedding,30,informational,
whats a save the date,30,informational,
instead of save the date,30,commercial,
wedding website inspiration,90,navigational,
when should you send wedding save the dates,30,informational,
is zola wedding website free,50,navigational,
wedding rsvp online free,90,commercial,
what to say to a newly engaged couple,60,informational,
mr hugeload,250,commercial,
wedding i do,60,commercial,
how long should you give someone to rsvp,10,informational,
wedding registry calgary,10,commercial,
wishing well saying,10,commercial,
how soon do you send out save the dates,100,informational,
wedding table seating,40,commercial,
wedding invitations with rsvp online,200,commercial,
how soon should you send out save the dates,60,informational,
best wedding websites free,30,navigational,
wedding details website,20,navigational,
when to ask guests to rsvp for wedding,20,informational,
how early is too early to send wedding invites,30,informational,
typical wedding party size,30,commercial,
wedding invitations with qr codes,30,commercial,
welcome message for marriage,30,commercial,
weding website,40,navigational,
i do's wedding,20,commercial,
hannah designs easy,20,commercial,
kyneton wedding venues,20,commercial,
amazing wedding websites,20,navigational,
how to rsvp to an event,20,informational,
wedding website passwords,30,navigational,
what to include on save the dates,70,informational,
how far ahead should you rsvp for a wedding,10,informational,
wedding organization websites,20,navigational,
david jones gift registery,10,commercial,
signing the register songs,10,commercial,
do .com,10,commercial,
saturday vs sunday wedding,10,commercial,
find wedding registry,10,commercial,
what to put on save the dates,150,informational,
wedding invitation with rsvp,150,commercial,
invite list,20,commercial,
sophie house hereford,50,commercial,
rsvp.com.au reviews,20,informational,
how to do a wedding seating plan,20,informational,
registry greeting examples,70,commercial,
digital rsvp for wedding,150,commercial,
wedding planner personalised,90,commercial,
what is the best wedding website,150,navigational,
wedding rsvp due date,0,commercial,
who is dora dating,0,commercial,
wedding attire descriptions,100,commercial,
wedding help websites,10,navigational,
mantra inlet port douglas,40,commercial,
can you put rsvp on save the date,20,commercial,
shannon and ryan wedding website,10,navigational,
how to send invites,30,informational,
make wedding invitations online free,40,commercial,
wishing well australia,40,commercial,
sandalford winery accommodation,30,commercial,
when should people rsvp to a wedding,0,informational,
wedding invitation wedding invitation,0,commercial,
save the date dress code ideas,70,commercial,
free online invitations australia,10,commercial,
how to make an amazon registry,150,informational,
when to set rsvp date for wedding,90,informational,
when should u send out wedding invitations,20,informational,
alexandra court hotel,150,commercial,
wedding gift registries,10,commercial,
how soon do you send invitations for a wedding,10,informational,
no wedding registry money only wording,10,commercial,
romantic prompts generator,10,commercial,
marriage couple dp,10,commercial,
romance story plot generator,10,commercial,
sitting plan,150,commercial,
jason labrosse,30,commercial,
wedding sites for rsvp,10,commercial,
cash fund registry wording,10,commercial,
when to mail invitations for wedding,10,informational,
online wedding save the dates,50,commercial,
site mariage,50,commercial,
wedding invite sites,60,commercial,
how early to send out save the dates,100,informational,
how to create an amazon registry,150,informational,
free digital invites,30,commercial,
wedding websitw,30,commercial,
ultimate wedding checklist,20,commercial,
simple wedding invitations,70,commercial,
table floor plan,50,commercial,
wedding websote,20,commercial,
how far in advance do you rsvp for a wedding,30,informational,
attire guide for wedding,60,informational,
expanding guest list,40,commercial,
wedding invitations with rsvp qr code,100,commercial,
electronic invite,30,commercial,
wedding invertations,50,commercial,
songs to sign the register to,40,commercial,
dress codes wedding,40,commercial,
e wedding sites,200,commercial,
canada registry,150,commercial,
dp hue canada,10,commercial,
when to send out save the dayes,20,informational,
how soon do you send wedding invites,20,informational,
holly gerard,20,commercial,
rsvp plus one,20,commercial,
how soon do you send out wedding invites,20,informational,
best way to collect photos from wedding guests,40,commercial,
theknot.com rsvp,70,commercial,
wedding manager,30,commercial,
save the date event examples,50,commercial,
wedding description for website,10,navigational,
how soon should bridal shower invitations be sent,10,informational,
chloe so j,10,commercial,
when should rsvp be due for destination wedding,10,informational,
how long in advance to send save the dates,40,informational,
evite rsvp tracking,40,commercial,
wedding app for photos,70,commercial,
rsvp sites,150,commercial,
paperless invitations with rsvp,20,commercial,
easy wedding websites,20,navigational,
houng,30,commercial,
order of the day wedding examples,30,transactional,
virtual.invitation,30,commercial,
when to send out invites,30,informational,
free digital invitations with rsvp,200,commercial,
destination wedding rsvp deadline,40,commercial,
save the date examples front and back,70,commercial,
best virtual wedding invitations,20,commercial,
randalls 1011,90,commercial,
theknot.com website,10,navigational,
best places to register for wedding,10,commercial,
wedding guest list example,20,commercial,
how to say monetary gifts preferred for wedding,20,informational,
wedding wesites,20,commercial,
how to create a registry on amazon,200,informational,
how long rsvp before wedding,20,informational,
how many weeks in advance to send wedding invitations,20,informational,
timeline when to send wedding invitations,20,informational,
when to set wedding rsvp date,0,informational,
wedding invite reminder message,0,commercial,
how far in advance send save the dates,30,informational,
sai dp,100,commercial,
wedding announcement websites,40,navigational,
when do i send out save the dates,70,informational,
wedding picture upload site,10,commercial,
how do i find a couple's wedding site on minted,10,informational,
wedding gift registry melbourne,0,commercial,
cassar limousines,0,commercial,
rsvps,40,commercial,
how many months before wedding do you send invitations,20,informational,
chuffed login,20,navigational,
david jones registery,20,commercial,
samantha flair net worth,20,commercial,
the guest photo sharing,40,commercial,
save the dates virtual,40,commercial,
top wedding sites,30,commercial,
when send wedding invites,30,informational,
when are you supposed to send save the dates,40,informational,
how soon do save the dates go out,20,informational,
how many days before an event should you rsvp,0,informational,
rsvp bruiloft,300,commercial,
setting up a wedding website,10,navigational,
my invitation,500,commercial,
wedding party size,50,commercial,
how to make wedding invitations online,50,informational,
send save the dates,40,commercial,
how far in advance do you send out save the dates,70,informational,
free virtual wedding invitations,40,commercial,
difference between from and form,40,commercial,
contoh kalimat etiket,150,commercial,
big w wedding,20,commercial,
www say video com,10,commercial,
spicy scenario generator,70,commercial,
meet us in save the date,10,commercial,
save the date creative,30,commercial,
wedding website com,20,navigational,
eastington park wedding prices,30,transactional,
when should you send out your wedding invitations,30,informational,
make a save the date online,10,commercial,
what companies to send wedding invites to,200,informational,
how many months before wedding to send invitations,30,informational,
use a qr code for say,10,commercial,
when should party invitations be sent out,10,informational,
how far ahead to send save the dates,40,informational,
how far in advance should your rsvp date be,20,informational,
appy couple reviews,20,informational,
love dp,9900,commercial,
what to write on wedding website,10,navigational,
when should you send out invitations,10,informational,
best electronic save the dates,30,commercial,
wedding timeline checklist,20,commercial,
one long table wedding reception,10,commercial,
when do guests need to rsvp for a wedding,40,informational,
wedding chrcklist,40,commercial,
how do i rsvp,60,informational,
rsvp websites free,100,navigational,
how far ahead to send wedding invitations,30,informational,
big w invitations,80,commercial,
creating a wedding budget,100,commercial,
paperless wedding invitation examples,10,commercial,
virtual wedding invitation card,10,commercial,
information to include on wedding invitation,10,commercial,
monetary gifts appreciated,10,commercial,
e invitations australia,10,commercial,
wedding guest pictures,150,commercial,
save the dates electronic,80,commercial,
save the date info,20,commercial,
examples of wedding websites,20,navigational,
wedding cash fund wording,30,commercial,
when to send wedding invited,30,informational,
table seating plan,20,commercial,
when to send wedding save the date,20,informational,
how early save the dates,20,informational,
best qr code generator for wedding invitations,60,commercial,
create amazon registry,80,commercial,
wedding website password examples,60,navigational,
save the dates how far in advance,30,informational,
the knot vs zola vs minted,30,commercial,
the newport on macrossan,100,commercial,
wedding order of day,50,transactional,
how long to give rsvp for wedding,10,informational,
wedding photo upload website,10,navigational,
i do designs,10,commercial,
hedsor park farm,10,commercial,
the knot vs minted wedding website,10,navigational,
the peacock estate tyabb,10,commercial,
jassan,10,commercial,
a wedding wishing well,10,commercial,
which wedding website to use,100,navigational,
digital invites free,40,commercial,
kyle and amanda wedding,700,commercial,
track rsvps online,60,commercial,
free wedding websites with rsvp option,20,navigational,
wedding planning app canada,20,commercial,
rsvp save the date,30,commercial,
limo geelong,20,commercial,
what's a wishing well,20,informational,
dp wife,150,commercial,
do you have to say i do at a wedding,40,commercial,
wedding transfers,0,commercial,
lauren andrew dj,10,commercial,
wedding dress code ideas,60,commercial,
wedding registery,20,commercial,
registry david jones,20,commercial,
keely galvin,40,commercial,
made with luv,80,commercial,
when should i set the rsvp date for a wedding,10,informational,
romance story prompt generator,10,commercial,
wedding planning check list,20,commercial,
say to do,20,commercial,
love tropes generator,20,commercial,
wedding invitations online rsvp,60,commercial,
how to make emails not go to junk,40,informational,
how to announce wedding registry,0,informational,
electronic invite with rsvp,150,commercial,
couple prompt generator,100,commercial,
which wedding website is best,20,navigational,
multi day wedding,50,commercial,
how soon should save the dates go out,50,informational,
is zola a good wedding website,40,navigational,
joanna duncan,30,commercial,
when do u send save the dates,20,informational,
rsvp australia login,20,navigational,
gabrielle walsh husband,1300,commercial,
wedding photo sharing qr code,150,commercial,
wedding couples websites,10,navigational,
how long do you give guests to rsvp for wedding,10,informational,
when to send out wedding invite,20,informational,
dr matthew peters reviews,70,informational,
list of wedding websites,20,navigational,
couples websites,20,navigational,
wedding stationary list,20,commercial,
how far in advance to request rsvp for wedding,20,informational,
how to find someone's wedding website,40,navigational,
welcome message for wedding reception,30,commercial,
dr ben schwarz,70,commercial,
how to say no plus ones on wedding website,10,navigational,
save the date invitation ideas,200,commercial,
when to send invitations,40,informational,
wedding save the date website,20,navigational,
how far in advance to send out save the dates,40,informational,
free qr code generator for wedding invitations,40,commercial,
digital invitation card,300,commercial,
spring wedding decor ideas,70,commercial,
what to write on save the dates,70,informational,
best wedding invite websites,30,navigational,
who not to invite to your wedding,30,commercial,
courtney barrett peters,80,commercial,
wedding planning platform,50,commercial,
my wedding paper,30,commercial,
save the dates vs invitations,250,commercial,
how to send out save the dates,40,informational,
when should you send save the dates for a wedding,150,informational,
budget wedding planning,70,commercial,
lindsey love dp,10,commercial,
how to download guest list from evite,20,informational,
website rsvp,100,navigational,
best way to send digital invites,30,commercial,
how early to send save the date,20,informational,
apps to create wedding invitations,10,commercial,
to do list for wedding,20,commercial,
wr66ts,20,commercial,
wedding evite template,20,commercial,
songs for signing the register,200,commercial,
free evite wedding invitations,20,commercial,
lee khuzwayo,2300,commercial,
free rsvp service,100,commercial,
qr code generator for wedding,50,commercial,
best digital save the dates,40,commercial,
design email invitations,30,commercial,
what does this say,30,informational,
best way to organize wedding guest list,30,commercial,
wedding planner free,30,commercial,
invites via text,100,commercial,
when do you send out save the dates for a wedding,100,informational,
rsvp communication tool,40,commercial,
whose name goes first on wedding website,50,navigational,
qr code for photo sharing wedding,80,commercial,
save de date,80,commercial,
order of the day,500,transactional,
rsvp qr,20,commercial,
amanda lee weddings,70,commercial,
wedding natasha ryan now,10,commercial,
best rsvp website free,30,navigational,
online save the date invitations,100,commercial,
wedding website search,700,navigational,
paper invites,20,commercial,
evite wedding invitations,30,commercial,
kingsbrae garden wedding,30,commercial,
what to do 6 months before wedding,30,informational,
how to collect photos from wedding guests,60,informational,
marriage invitation card online,100,commercial,
how soon to send save the dates,200,informational,
send invites online,100,commercial,
wedding dress.codes,30,commercial,
zola vs with joy,30,commercial,
wedding planner book personalised,100,commercial,
wedding wishing well wording examples,10,commercial,
what to include in a save the date,40,informational,
abi and joseph,2000,commercial,
digital invite with rsvp,200,commercial,
wedding wishing well australia,100,commercial,
zola manage website,30,navigational,
wedding website on invitation,20,navigational,
how to create a website for wedding,90,navigational,
wedding stationery what do i need,0,informational,
lee khuzwayo wedding,10,commercial,
plan a wedding,10,commercial,
how soon to send bridal shower invites,30,informational,
when to ask for wedding rsvp,20,informational,
how to rsvp for a wedding,200,informational,
how far in advance to send invitations,20,informational,
what to say for honeymoon fund,20,informational,
how to describe wedding dress code,20,informational,
paperless wedding evites,10,commercial,
how to stop email from going to junk,90,informational,
wedding code dress,50,commercial,
best wedding planner,50,commercial,
free invites with rsvp,20,commercial,
how long to send save the dates,20,informational,
modern wedding playlist,10,commercial,
wedding planner to do list,20,commercial,
guest wedding photos,20,commercial,
free wedding plan checklist,60,commercial,
chuffed.org reviews,60,informational,
when should save the dates be sent out,90,informational,
wedding website q&a answers,0,navigational,
best wedding invitation sites,100,commercial,
wedding websites search,70,navigational,
wedding invitation cards,150,commercial,
wedding invitation create online,150,commercial,
romance book generator,30,commercial,
affordable wedding celebrant melbourne,30,commercial,
wedding planner,500,commercial,
married dp,0,commercial,
digital inviation,20,commercial,
when to send save the dates and wedding invitations,0,informational,
free online wedding card,0,commercial,
https www theknot com rsvp,0,commercial,
wedding photographers south australia,40,commercial,
lost sayid,450,commercial,
online save the date invitation,150,commercial,
how to stop email going to junk,150,informational,
sai bridal photos,20,commercial,
whats a wedding registry,20,informational,
wedding wishing well,200,commercial,
how long before the wedding should invitations be sent,0,informational,
wedding registry for honeymoon,0,commercial,
wedding todo list,100,commercial,
what is a wedding content creator,100,informational,
wedding planning sites free,40,commercial,
how to word cocktail attire on wedding website,20,navigational,
welcome message for wedding,20,commercial,
how long for wedding rsvp,10,informational,
wedding web page,10,commercial,
alexandra court hotel congleton,40,commercial,
what to write on save the date,10,informational,
amy day dp,10,commercial,
bride websites,10,navigational,
peter and laura,0,commercial,
girls in lahore,10,commercial,
website wedding invites,30,navigational,
free online invitations canada,30,commercial,
wording for wedding invites,20,commercial,
planning a wedding checklist,40,commercial,
canberra celebrant,40,commercial,
companies that respond to wedding invitations,100,commercial,
when to send save the dates for weddings,100,informational,
traditional top table layout,200,commercial,
most popular wedding websites,80,navigational,
collect photos from wedding guests,20,commercial,
how long should you give guests to rsvp,20,informational,
is joy wedding website free,20,navigational,
how to format a phone number,250,informational,
how far in advance do you need rsvp for wedding,20,informational,
when to send out wedding invitation,20,informational,
how many months before a wedding do you send invitations,20,informational,
minted vs zola vs the knot,20,commercial,
how far in advance should invitations be sent,40,informational,
who do you send save the dates to,60,commercial,
when do you send a save the date,40,informational,
guide to wedding dress codes,30,informational,
what information goes on a save the date,60,informational,
online rsvp questions,0,commercial,
find wedding websites,30,navigational,
how far ahead do you send save the dates,30,informational,
bruiloft planner,400,commercial,
what is wedding stationery,30,informational,
wedding registry search,4200,commercial,
details to include on wedding invitation,10,commercial,
when should send out wedding invitations,10,informational,
how to do a wedding invitation,10,informational,
couple do,100,commercial,
wedding stationery online,0,commercial,
wedding ceremony checklist,20,commercial,
how long should guests have to rsvp for a wedding,20,informational,
personalised wedding,200,commercial,
wedding reminder cards,20,commercial,
online wedding invitation design,20,commercial,
bridal checklist,20,commercial,
best wedding gifts canada,30,commercial,
the knot vs minted,20,commercial,
do it yourself simple wedding checklist,20,commercial,
wedding sites for vendors,80,commercial,
can you say,200,commercial,
planning a wedding,150,commercial,
unique wedding invitation wording,90,commercial,
how to ask meal preference for wedding,10,informational,
how long do you give wedding guests to rsvp,10,informational,
best wedding invitations online,70,commercial,
websites for brides,10,navigational,
how to organize guest list for wedding,10,informational,
online invitations with payment options,10,commercial,
canberra wedding videographer,10,commercial,
to do list wedding,10,commercial,
how to ask for dietary requirements,10,informational,
funny wedding websites,10,navigational,
happily ever after party invitations,10,commercial,
wedding shop find a list,70,transactional,
david jones gift registry,1000,commercial,
my wedding invitation,80,commercial,
wedding website companies,30,navigational,
what is a wishing well wedding,60,informational,
sai bridal,150,commercial,
online rsvp tracker,100,commercial,
wedding e vite,20,commercial,
plus one guest,20,commercial,
e invitations free,20,commercial,
save the date virtual,10,commercial,
sample wedding websites,200,navigational,
how to say cocktail attire on wedding website,10,navigational,
www.hotmail.com au,3200,commercial,
when to send save the dayes,60,informational,
wedding evite websites,60,navigational,
wording for wedding gift money,60,commercial,
paperless invitations australia,20,commercial,
wedding invitation when to send,20,informational,
wedding search engines,20,commercial,
invitations,80,commercial,
bridal shower registry websites,90,navigational,
weekend vs weekday,50,commercial,
how characters meet generator,20,informational,
what to ask for on your wedding registry,20,informational,
documents for marriage,10,commercial,
when to send formal wedding invitations,40,informational,
save the date online rsvp,100,commercial,
how soon should you mail wedding invitations,0,informational,
when should i send save the dates for a wedding,30,informational,
when to send save the dates wedding,50,informational,
when do you send save the dates and invitations,30,informational,
wedding table planning,20,commercial,
wedding attire description,20,commercial,
hotels near curradine barns,60,commercial,
how soon to send out wedding invitations,40,informational,
how to word rsvp on wedding website,20,navigational,
alternatives to traditional wedding,40,commercial,
wedding videographer canberra,20,commercial,
when do you send out save the dates for wedding,100,informational,
wedding order of the day ideas,30,transactional,
wedding songs modern,30,commercial,
traditional top table,150,commercial,
announcement invitation,30,commercial,
how to send out wedding invitations,40,informational,
what to put on a save the date,40,informational,
welcome party ideas,20,commercial,
free online invites,50,commercial,
order of the day examples,50,transactional,
i hate love dp,1200,commercial,
wedding page examples,40,commercial,
how soon to mail wedding invitations,20,informational,
wedding love story,20,commercial,
honeymoon fund registry,10,commercial,
digital wedding invitations indian,10,commercial,
how far in advance save the date,70,informational,
save date wedding,250,commercial,
what should i ask my wedding photographer,10,informational,
honeymoon fund saying,10,commercial,
myat myat,10,commercial,
mike conny net worth,30,commercial,
couples dp,80,commercial,
free qr code for rsvp,50,commercial,
arma 3 ключ,30,commercial,
married couple dp,20,commercial,
what wedding website is best,60,navigational,
wedding to do list template,40,commercial,
when do you send out save the date for wedding,80,informational,
formal dress code wedding attire invitation,80,commercial,
virtual invitations with rsvp,200,commercial,
how to make a website for wedding,100,navigational,
paperless invites australia,10,commercial,
find a wedding registry,10,commercial,
dp for couples,400,commercial,
gift registry online,10,commercial,
how to do a wedding on a budget,70,informational,
how far in advance to send wedding save the date,20,informational,
saydo company,20,commercial,
dropbox for wedding photos,20,commercial,
sy grace,100,commercial,
websites for couples,30,navigational,
wedding table floor plan,30,commercial,
contemporary wedding songs,50,commercial,
do you need a wedding planner,10,commercial,
how to add a qr code to a wedding invitation,20,informational,
katie scarlett designs,40,commercial,
wedding e invitation card,150,commercial,
free wedding planning guide,100,informational,
sending out wedding invites,20,commercial,
do you have to do save the dates,30,commercial,
how far in advance rsvp wedding,30,informational,
what are the best wedding websites,30,navigational,
when do save the dates get sent out,10,informational,
building a wedding website,10,navigational,
send digital invitations,60,commercial,
invitation to follow on save the date,30,commercial,
onlyfans cover photo dimensions,30,commercial,
accommodation carool nsw,20,commercial,
how does paperless post work,20,informational,
natalie righton partner,20,commercial,
long table seating chart template,150,commercial,
do say,30,commercial,
wedding website accommodations wording,10,navigational,
form and from difference,80,commercial,
scarlett jones dp,100,commercial,
did hannah go to kyle and amanda's wedding,80,commercial,
website for couples,30,navigational,
save your dates,10,commercial,
minted vs the knot,30,commercial,
when are save the dates sent out,150,informational,
online wedding card maker,450,commercial,
how much is a wedding website,40,navigational,
top table wedding layout,200,commercial,
what to say to newly engaged couple,80,informational,
ecard wedding invitations,10,commercial,
stop emails going to junk,100,commercial,
planning a wedding on a budget,40,commercial,
sarah smart married,150,commercial,
invatations,40,commercial,
dietary requirements list,300,commercial,
digital rsvp free,20,commercial,
modern wedding music,20,commercial,
wedding sights,20,commercial,
6 months until wedding,20,commercial,
wedding uploader,20,commercial,
qr code for pictures wedding,150,commercial,
how to write your love story,0,informational,
said sy,0,commercial,
wedding detail checklist,50,commercial,
isay app,10,commercial,
make a save the date,100,commercial,
wedding website options,100,navigational,
how long to give wedding guests to rsvp,20,informational,
monetary gifts preferred wording,10,commercial,
wedding invitions,10,commercial,
keren en amour,20,commercial,
random romance trope generator,20,commercial,
wedding attire code,20,commercial,
how early to mail wedding invitations,20,informational,
the knot custom url,0,commercial,
wedding patrick grant,0,commercial,
633-123 bsb,100,commercial,
how do i stop emails from going to junk,70,informational,
rsvp with meal choice,20,commercial,
best wedding tools,30,commercial,
are wedding hashtags still a thing,30,commercial,
save the date cards when to send,20,informational,
when do you say i do in a wedding ceremony,40,informational,
wedding sites zola,40,commercial,
websites like zola,20,navigational,
when to remind guests to rsvp,20,informational,
wedding pictures qr code,150,commercial,
marriage celebrant canberra,60,commercial,
hotels near grangefields ashbourne,10,commercial,
marriage invitation online,150,commercial,
couple od,200,commercial,
melanie schubert,0,commercial,
how soon do you send save the dates,80,informational,
best website for wedding website,150,navigational,
dp couples,40,commercial,
how to include wedding website on invitation,20,navigational,
wedding checklist south africa,40,commercial,
free websites for weddings,0,navigational,
how to stop emails going into junk,100,informational,
how to send invitations,30,informational,
best online invitations with rsvp,40,commercial,
what is dressy casual attire for a wedding,20,informational,
writing prompts generator romance,10,commercial,
virtual wedding save the date,20,commercial,
wedding gift guide wordings,10,informational,
how much does a wedding website cost,50,navigational,
stop email going to junk,30,commercial,
free evites for wedding,30,commercial,
wedding table seating plan,30,commercial,
can you edit zola website after publishing,50,navigational,
rsvp wedding website example,30,navigational,
e wedding cards free,70,commercial,
free rsvp websites,10,navigational,
when to send out save the date,50,informational,
wedding ravp,30,commercial,
olivia george bridal,30,commercial,
say ı love you,250,commercial,
does randalls do money orders,40,transactional,
online marriage invitation,40,commercial,
things to ask for on a wedding registry,40,commercial,
when to rsvp for a wedding,10,informational,
wedding invite rsvp online,10,commercial,
professional wedding videographer,10,commercial,
how to word cash fund for wedding,10,informational,
welcome party,200,commercial,
honeymoon fund,50,commercial,
bilingual wedding,30,commercial,
how far in advance should i send bridal shower invitations,20,informational,
when do you say i do,20,informational,
how to write save the date,20,informational,
digital invitation ideas,20,commercial,
q and a examples,20,commercial,
wedding folder,100,commercial,
randalls uk,30,commercial,
the wedding shop gift list,40,transactional,
how to include plus one on invitation,30,informational,
invertations,30,commercial,
we set a date,40,commercial,
simple wedding websites,10,navigational,
wedding invitation sites,150,commercial,
save the date choices,0,commercial,
when do people send out save the dates,60,informational,
order of the day ideas,50,transactional,
difference between form and from,30,commercial,
monetary gift wording for wedding,30,commercial,
best site for wedding website,150,navigational,
melissa e bridal,0,commercial,
best online wedding rsvp,10,commercial,
how far in advance do i send save the dates,20,informational,
best wedding website platforms,60,navigational,
best wedding sites,100,commercial,
is the knot free,200,commercial,
wedding do list,100,commercial,
website to rsvp,30,navigational,
is andy peters married,700,commercial,
rsvp here,30,commercial,
collect wedding photos from guests,60,commercial,
wedding websites ideas,40,navigational,
questions to ask wedding guests,10,commercial,
how to write dress code on wedding website,10,navigational,
what to write on a save the date,50,informational,
create wedding banner online free,10,commercial,
money wishing well,10,commercial,
save the date by email,40,commercial,
wedding invitation with website,20,navigational,
how to create qr code for rsvp,30,informational,
wedding checklists free,20,commercial,
online invitations australia free,10,commercial,
rebecca farley,0,commercial,
design wedding invites online,0,commercial,
how to stop emails from going to junk,400,informational,
hotmail nz,500,commercial,
wording for wedding invitations,40,commercial,
sending online invitations,90,commercial,
text wedding invitations,90,commercial,
oc story generator,90,commercial,
what companies respond to wedding invitations,50,informational,
mantra on the inlet,150,commercial,
wording for wedding gifts,20,commercial,
wedding planner big w,20,commercial,
digital send,20,commercial,
how far in advance should you send a party invitation,10,informational,
save the date venue,10,commercial,
yes digital reviews,10,informational,
couple goals dp,10,commercial,
how to send out invitations,40,informational,
rebecca stella net worth,60,commercial,
how far in advance are save the dates sent,30,informational,
what to include in save the dates,40,informational,
save the date 뜻,30,commercial,
monetary gift example,60,commercial,
wedding guest list etiquette,50,commercial,
wedding playlist,50,commercial,
online digital invitations,50,commercial,
when do you send out save the date cards,20,informational,
celebrant canberra,60,commercial,
local wedding planner,10,commercial,
063-791,0,commercial,
checklist for wedding planning,10,commercial,
the bay registry search,0,commercial,
francesca ellul,0,commercial,
what to put on save the date,100,informational,
wedding portal,40,commercial,
ido photography,60,commercial,
wedding checklist.,20,commercial,
save the dates vs wedding invitations,100,commercial,
event rsvp website,40,navigational,
wedding to do list checklist,30,commercial,
how to stop an email from going to junk,30,informational,
app for guests to upload wedding photos,30,commercial,
kate haley,0,commercial,
theknot.com canada,0,commercial,
how to write your story on the knot,0,informational,
when should guests rsvp to wedding,0,informational,
vicky pattison wedding,800,commercial,
david jones registry,1300,commercial,
rsvp with qr code,150,commercial,
table seating chart wedding,30,commercial,
how to do online invitations,40,informational,
how early do you send a save the date,10,informational,
rsvp invitation,200,commercial,
how do you plan a wedding,80,informational,
how do you stop emails going to junk,60,informational,
digital card wedding,40,commercial,
арма 3 купить ключ,20,commercial,
save the date e invites,20,commercial,
how to send an invite on whatsapp,20,informational,
vendors for wedding,20,commercial,
the knot rsvp,10,commercial,
wedding song playlist,10,commercial,
invitation wording,10,commercial,
unique wedding gifts canada,30,commercial,
registry wedding website,40,navigational,
couples od,30,commercial,
how soon to send save the dates for wedding,30,informational,
wedding websites names,20,navigational,
how to plan an affordable wedding,80,informational,
1950 rue notre-dame-de-fatima laval qc h7g 4x8,10,commercial,
questions for florist,10,commercial,
how early to request rsvp for wedding,10,informational,
dp hue uk,10,commercial,
david lim wedding,20,commercial,
recent wedding songs,20,commercial,
when do send save the dates,30,informational,
videography canberra,100,commercial,
how to find a wedding website,40,navigational,
how to send a save the date,20,informational,
when to.send out save the dates,20,informational,
how far out should save the dates be sent,20,informational,
best free wedding websites with rsvp,40,navigational,
wedding vendors list,20,commercial,
how to create rsvp link,200,informational,
monetary gift wedding wording,30,commercial,
real wedding website examples,60,navigational,
best online wedding websites,50,navigational,
send e invites,30,commercial,
top table wedding,30,commercial,
paper invites with online rsvp,10,commercial,
invitees list,20,commercial,
welcome note for wedding guests,80,commercial,
best wedding qr code for photos,250,commercial,
crystalbrook discount code,10,transactional,
wedding website title,10,navigational,
personalised wedding cards australia,50,commercial,
"wording for no wedding gifts, but money",50,commercial,
wedding invitations with rsvp and details,30,commercial,
when do send out save the dates,20,informational,
last day to rsvp,20,commercial,
marriage e invitation,20,commercial,
are digital wedding invitations tacky,20,commercial,
isay reviews,50,informational,
how far in advance should save the dates go out,70,informational,
how long to give for wedding rsvp,10,informational,
electronic wedding rsvp,10,commercial,
how to ask for wedding gifts,10,informational,
jake et nicole,10,commercial,
emily and scott wedding,10,commercial,
amisfield wedding,10,commercial,
fun questions to ask wedding guests,10,commercial,
wedding table plan who sits where,90,commercial,
find a wedding website,450,navigational,
wedding invitation send out,10,commercial,
einvitations free,250,commercial,
how to prevent email from going to junk,40,informational,
wedding website.,20,navigational,
free rsvp site,150,commercial,
i say app,0,commercial,
funny rsvp questions,0,commercial,
online invites with rsvp free,20,commercial,
send invites for free,30,commercial,
wedding gift wording money,30,commercial,
how to create qr code for wedding invitations,20,informational,
the alexandra court hotel,20,commercial,
marriage online invitation,20,commercial,
is hotmail .com or .com.au,20,commercial,
wedding invitation maker,200,commercial,
wedding guest photos,100,commercial,
hudson bay gift registry,10,commercial,
andrew weeding,20,commercial,
best wedding invitations,10,commercial,
invites0,10,commercial,
emma handy partner,10,commercial,
online rsvp website,150,navigational,
free rsvp website for wedding,90,navigational,
wedding website and invitations,90,navigational,
wording for cash fund wedding registry,0,commercial,
whatsapp invite message,30,informational,
save the date tips,40,informational,
couple pics for dp,900,commercial,
find wedding vendors,90,commercial,
event save the date examples,30,commercial,
free save the date online invitations,20,commercial,
easy weddings reviews,40,informational,
theknot.com find couple,10,commercial,
what time should i put on my wedding invitation,10,informational,
jaclyn peters design,0,commercial,
where to i do,30,commercial,
best rsvp website for wedding,70,navigational,
wedding website hotel block wording,20,navigational,
wedding websites about us,10,navigational,
where did tom and katie get married,20,commercial,
wedding order of the day examples,20,transactional,
wedding dress attire,20,commercial,
how early to send wedding save the dates,20,informational,
wedding planner book uk,80,commercial,
online wedding invitations nz,20,commercial,
what is the dress code for a wedding,20,informational,
order of wedding reception,20,transactional,
alternatives to a traditional wedding,10,commercial,
what is the best wedding registry,10,informational,
wedding photos app,70,commercial,
how many people rsvp no to a wedding,70,informational,
lauren and matthew wedding,10,commercial,
make online wedding invitations,10,commercial,
alternatives to traditional weddings,10,commercial,
simple rsvp website free,80,navigational,
save the date digital invite,30,commercial,
wedding invitations websites,70,navigational,
when should you send save the dates out,20,informational,
i dp,30,commercial,
online wedding invitation message,10,commercial,
writing prompt generator romance,10,commercial,
how to get out of going to a wedding after rsvp,20,informational,
wedding website invitation wording,30,navigational,
things to ask for wedding registry,30,commercial,
q&a examples,30,commercial,
wedding evite sites,20,commercial,
friday vs saturday wedding,20,commercial,
samantha jones wedding,10,commercial,
iwedding info,40,commercial,
simple wedding checklist,30,commercial,
table seating wedding,50,commercial,
qr rsvp,50,commercial,
best wedding website creator,20,navigational,
wedding songs for signing register,30,commercial,
best wedding websites examples,150,navigational,
what can you say about the,10,informational,
qr code to upload wedding photos,150,commercial,
online save the date templates,40,commercial,
wedding qr code photos,50,commercial,
how soon should you send save the dates,60,informational,
the knot q&a examples,60,commercial,
how to plan a budget wedding,250,informational,
zola vs the knot wedding website,200,navigational,
minted wedding website reviews,100,navigational,
wedding table plan ideas,30,commercial,
cople dp,20,commercial,
e invite wedding card,20,commercial,
dee yi menu,20,commercial,
rsvp online wedding invitation,40,commercial,
couple dp.,40,commercial,
collect rsvps,150,commercial,
bay bridal nz,100,commercial,
e invites with rsvp,200,commercial,
popular wedding registries,60,commercial,
how to make a registry on amazon,90,informational,
our wedding story,20,commercial,
do you send out save the dates before invitations,10,commercial,
wedding websites for rsvp and registry,20,navigational,
save the date traditional,90,commercial,
liam ashley nz,10,commercial,
what is a wishing well,10,informational,
flair 654,10,commercial,
samantha flair age,10,commercial,
wedding invitation templates,1900,commercial,
6 months before wedding,10,commercial,
qr code to upload photos for wedding,40,commercial,
holly loly,200,commercial,
types of wedding attire,1400,commercial,
best wedding planning website,70,navigational,
how to build a wedding website,100,navigational,
do you send save the dates to evening guests,500,commercial,
bernadette banner engagement,20,commercial,
minted how to add couples to guest list,30,informational,
wedsites reviews,30,informational,
free electronic invitations,30,commercial,
wedding registry names,0,commercial,
i-say app,10,commercial,
easy wedding,150,commercial,
cupal dp,60,commercial,
when should you ask guests to rsvp for a wedding,20,informational,
when to send out formal wedding invitations,20,informational,
seating plans wedding,40,commercial,
i do sign,20,commercial,
is zola or the knot better for wedding website,50,navigational,
save the date or save-the-date,50,commercial,
when do you send out wedding save the dates,100,informational,
wedding invite timing,10,commercial,
whats a wishing well,10,informational,
what are save the dates,10,informational,
celebrants canberra,30,commercial,
melissa lolly,30,commercial,
how to do rsvp online,90,informational,
wording for monetary gifts only,150,commercial,
is it ok to have wedding guests rsvp online,10,commercial,
rsvp website on wedding invitation,10,navigational,
wedding urls,20,commercial,
online email invitations,150,commercial,
money theme invitations,10,commercial,
how long to give guests to rsvp for destination wedding,10,informational,
how to create wedding website,150,navigational,
invitation electronic,90,commercial,
simple dress code for wedding,0,commercial,
how to make a amazon registry,150,informational,
simple wedding invitations with rsvp,40,commercial,
wedding url,20,commercial,
bronwyn fitzsimons,800,commercial,
zola or the knot for wedding website,150,navigational,
best electronic wedding invitations,30,commercial,
wedding codes,30,commercial,
love marriage dp,0,commercial,
wedding invite site,30,commercial,
what do wedding invitations say,50,informational,
you can rsvp to it with a click,50,commercial,
best paperless wedding invitations,20,commercial,
best wedding invitations australia,20,commercial,
weddingplanning,150,commercial,
online rsvp invitations free,10,commercial,
how to stop my emails going to junk,10,informational,
geelong limo,10,commercial,
wedding invitations and rsvp,150,commercial,
electronic wedding save the date,30,commercial,
search for wedding websites,20,navigational,
emily and ben wedding,20,commercial,
checklist wedding planner,40,commercial,
the knot vs zola wedding website,200,navigational,
how much do wedding websites cost,30,navigational,
email rsvp wedding,50,commercial,
wedding wedsite,30,commercial,
how far in advance for wedding rsvp,20,informational,
save the weekend wedding,20,commercial,
no wedding registry wording,20,commercial,
digital wedding invite template,20,commercial,
sy printing login,30,navigational,
wedding hashtags examples,20,commercial,
the bay bridal registry,0,commercial,
how to ask someone to rsvp to your wedding,20,informational,
reception only wedding,10,commercial,
dr rachel ryan reviews,40,informational,
wedding websites for vendors,40,navigational,
website cover photo size,100,navigational,
i do's,60,commercial,
wedding checlist,50,commercial,
popular wedding registry,50,commercial,
best rsvp websites,20,navigational,
wedding canada,60,commercial,
best online wedding invitation,200,commercial,
wedding gift list ideas,150,commercial,
how to export evite guest list,10,informational,
rsvp sites free,80,commercial,
wedding photo apps,90,commercial,
send digital invitations free,50,commercial,
traditional top table seating plan,40,commercial,
wedding present co,100,commercial,
wedding gift list,700,commercial,
cool wedding websites,60,navigational,
romance writing prompt generator,10,commercial,
hotels near kinkell byre,20,commercial,
wedding einvite,30,commercial,
how to make emails stop going to junk,20,informational,
wedding timeline 12 months,20,commercial,
wedding program templates south africa,20,commercial,
funny wedding website,20,navigational,
qr wedding photos,100,commercial,
how to send an invitation via email,30,informational,
free e invitations,20,commercial,
cheap wedding celebrant melbourne,10,commercial,
what to ask for in a wedding registry,10,informational,
monetary gifts preferred,10,commercial,
wedding attire guide,90,informational,
wedding invition,70,commercial,
wedding running order,70,transactional,
junk bee gone pricing,20,commercial,
cupple dp,20,commercial,
free website for wedding,20,navigational,
what is a wishing well at a wedding,20,informational,
money registry for wedding,30,commercial,
how early should i send save the dates,30,informational,
cuple dp,100,commercial,
wedding planning checklists,0,commercial,
e-invitation card for wedding,0,commercial,
copal dp,60,commercial,
happily ever after wedding invitations,60,commercial,
platform for wedding ceremony,20,commercial,
when to send save the date cards,30,informational,
digital save the date cards,100,commercial,
when do you send the save the dates,30,informational,
does evite track rsvp,50,commercial,
rsvp with a click,10,commercial,
free electronic invites,10,commercial,
wedding pictures guests,20,commercial,
how early should invitations be sent out,10,informational,
when to send wedding save the dates,10,informational,
south coast celebrant,0,commercial,
send online invitations,150,commercial,
how far in advance should people rsvp,0,informational,
dp bridal,0,commercial,
how many weeks before wedding should invitations go out,0,informational,
official wedding invitation mail,20,commercial,
e invite online,50,commercial,
i love generator,40,commercial,
when is the best time to send out wedding invitations,30,informational,
great wedding websites,20,navigational,
rsvp tool online free,60,commercial,
wishing well at wedding,60,commercial,
digital cards for wedding,60,commercial,
wedding invitation examples,200,commercial,
dp couple love,150,commercial,
when should save the dates be sent,80,informational,
guest list spreadsheet,60,commercial,
what is a wedding welcome party,70,informational,
cute wedding website names,30,navigational,
how to keep email from going to junk,90,informational,
how to say no plus ones,20,informational,
wwe invitations,150,commercial,
invitations with qr codes,40,commercial,
top wedding registry sites,40,commercial,
the knot wedding website reviews,40,navigational,
gift guide wordings,0,informational,
online invites australia,0,commercial,
wedding question,70,commercial,
wedding hastag,40,commercial,
save these dates,40,commercial,
wedding website creation,50,navigational,
free wedding planning app,250,commercial,
wedding about us examples,10,commercial,
how to save money on save the dates,20,informational,
countdown for wedding,150,commercial,
hotels near old palace chester,10,commercial,
what is a plus one,10,informational,
seamill hydro offers,150,commercial,
wedding welcome party,10,commercial,
best wedding website examples,100,navigational,
couple stylish dp,30,commercial,
what information to include on wedding invitation,80,informational,
how soon before wedding to send save the date,0,informational,
save the date announcement,400,commercial,
wedding invitation with qr code location,100,commercial,
wedding reservation website,40,navigational,
make wedding cards,40,commercial,
fake scenario generator,10,commercial,
create online wedding invitations,10,commercial,
when to send out save the date for wedding,150,informational,
unplugged ceremony,200,commercial,
wedding lists,100,commercial,
when should you send out wedding save the dates,50,informational,
wedding invitations with website rsvp,10,navigational,
saido image,10,commercial,
shannon bowers designs,50,commercial,
wedding invitations and website,20,navigational,
elena hadjicharalambous,20,commercial,
samantha dp,80,commercial,
best wedding planning apps,700,commercial,
invitations by email,100,commercial,
gl54 4bl,40,commercial,
coupal dp,20,commercial,
save the date rsvp online,30,commercial,
party photo sharing app free,150,commercial,
grace worldwide (australia) pty ltd,40,commercial,
capal dp,60,commercial,
when do wedding save the dates go out,50,informational,
hbc registry,10,commercial,
save the date alternative,30,commercial,
wedding invitations evite,30,commercial,
best wedding website for online rsvp,10,navigational,
how to create a qr code for rsvp,80,informational,
best wedding website to use,60,navigational,
to do list for wedding planning,60,commercial,
email invite,200,commercial,
unique canadian wedding gifts,40,commercial,
dr nick andrew reviews,40,informational,
bilingual wedding invitations spanish english,40,commercial,
paperless evites,30,commercial,
how to create your own wedding website,10,navigational,
new home fund wording,10,commercial,
wedding present list,150,commercial,
how to send wedding invitations,80,informational,
the corinda collection,80,commercial,
wedding signing songs,100,commercial,
photo app for weddings,100,commercial,
when do you send out a save the date,20,informational,
save the date examples for events,20,commercial,
bridal party size,30,commercial,
wedding ceremony platform,30,commercial,
autumn wedding,50,commercial,
registry greeting example,40,commercial,
wedding websites with passwords,30,navigational,
belinda labrosse,30,commercial,
how to ask for money as a wedding gift,80,informational,
wishing well invitation wording,10,commercial,
how far in advance to ask for wedding rsvp,10,informational,
eco friendly wedding,10,commercial,
streamline snohomish,10,commercial,
happy couple dp,10,commercial,
london taxi sydney,10,commercial,
best modern wedding songs,60,commercial,
blank guest list template,50,commercial,
wedding dress code formal,30,commercial,
wedding dress code wording uk,20,commercial,
j love dp,0,commercial,
fake how we met stories,0,informational,
best wedding registry gifts,10,commercial,
wedding event management,1100,commercial,
how to create digital wedding invitation,40,informational,
how to do digital invitations,70,informational,
free online save the date cards,10,commercial,
how long before party to send invites,20,informational,
how to word asking for money as a wedding gift,10,informational,
wedding invitation e card,10,commercial,
wedding invite design,60,commercial,
save the date dress for couple,0,commercial,
save the date message for event,0,commercial,
matt and nat australia,150,commercial,
wedding planner australia,100,commercial,
create a qr code for rsvp,50,commercial,
websites to make wedding invitations,40,navigational,
wedding celebrant canberra,40,commercial,
table plan wedding,40,commercial,
rsvp information,50,commercial,
i do event and wedding photos,20,commercial,
digital wedding invitations templates,20,commercial,
wedding planning tool,60,commercial,
couple eyes dp,10,commercial,
lauren the celebrant,10,commercial,
when to rsvp for destination wedding,10,informational,
a plus one,20,commercial,
how to do a wedding cheap,50,informational,
melissa and michael,0,commercial,
wedding vendor list,20,commercial,
bmp weddings,90,commercial,
when do you send out save the dates?,10,informational,
how to plan a budget friendly wedding,60,informational,
digital.invites,40,commercial,
free invitation website,20,navigational,
when to send save the dates and wedding invites,20,informational,
wedding finances,0,commercial,
ashley grace bridal,250,commercial,
how to get a qr code for wedding photos,90,informational,
best companies to send wedding invites to,400,commercial,
digital marriage invitation card,800,commercial,
evite wedding,10,commercial,
wedding websites minted,50,navigational,
how to rsvp for an event,50,informational,
free online rsvp tool,40,commercial,
how to make a wedding rsvp website,10,navigational,
wedding gift registry ideas,20,commercial,
when do you send save the date cards,10,informational,
i sya,10,commercial,
jake and nicole of,10,commercial,
how to set wedding budget,10,informational,
create an amazon registry,10,commercial,
newnam,0,commercial,
best way to send invitations,30,commercial,
wedding invitation design online,70,commercial,
best way to send wedding invitations,10,commercial,
wedding website url ideas,10,navigational,
seating chart round tables,20,commercial,
things to remember when planning a wedding,30,informational,
evite for wedding,30,commercial,
wedding i dos,60,commercial,
tom hannah adelaide,10,commercial,
save the date design,250,commercial,
marriage celebrant ballarat,10,commercial,
adam and jason wedding,10,commercial,
table arrangement layout,10,commercial,
hashtag wedding,70,commercial,
wedding announcement sites,20,commercial,
free wedding cards online,20,commercial,
eastington park stonehouse,20,commercial,
romantic dp,20,commercial,
rsvp link for wedding,80,commercial,
free online rsvp tracker,150,commercial,
wedding save the dates online,20,commercial,
wedding registry example,30,commercial,
qr code on save the date,30,commercial,
wedding photo-app,30,commercial,
how to ask for cash for wedding,30,informational,
wedding picture app,150,commercial,
how to create an rsvp link,200,informational,
email invite with rsvp,20,commercial,
when to send out save the dates wedding,20,informational,
beautiful save the dates,20,commercial,
personalized wedding websites,20,navigational,
table layout for small wedding reception,40,commercial,
when do you send out save the date,40,informational,
the invitation online,10,commercial,
easy wedding invitations online,30,commercial,
wedding invitation and rsvp,30,commercial,
music for signing the register,30,commercial,
save the date elektronisk,30,commercial,
best way to send save the dates,30,commercial,
wedding planner websites free,10,navigational,
when should you send your save the dates,20,informational,
when to send a save the date,50,informational,
what is a wedding wishing well,50,informational,
order of a wedding reception,50,transactional,
how to make rsvp qr code,40,informational,
how do you stop emails from going to junk,20,informational,
wedding web invitation,10,commercial,
digital invitation with rsvp,100,commercial,
the knot rsvp questions,10,commercial,
reminder to rsvp for wedding,10,commercial,
jacqueline keegan,1500,commercial,
send invite online,20,commercial,
bsb 012370,30,commercial,
best wedding gifts uk,30,commercial,
which wedding website is better zola or the knot,20,navigational,
how to send wedding invitations by mail,20,informational,
wedding planning on a budget,70,commercial,
wedding website home page,30,navigational,
rsvp australia,0,commercial,
create website for wedding,10,navigational,
how to send e invites,40,informational,
best wedding invitation website,30,navigational,
best wedding websites to use,40,navigational,
welcome note for wedding,40,commercial,
how to set up wedding website,20,navigational,
wedding registry or cash,10,commercial,
online wedding planning tool,10,commercial,
average bridal party size,90,commercial,
send invites online free,60,commercial,
save the date wedding invitations online,50,commercial,
free invitations with rsvp,250,commercial,
matt and nat nz,20,commercial,
info to include on wedding invitation,20,commercial,
wedding website url examples,70,navigational,
wwe invitations templates free,70,commercial,
things to ask for on wedding registry,70,commercial,
3 day wedding,200,commercial,
wedding day photo,200,commercial,
how to rsvp to a wedding via email,10,informational,
how to ask for money as a wedding gift examples,10,informational,
www.theknot.com rsvp,10,commercial,
when should you send invitations,0,informational,
grangefields accommodation,0,commercial,
wedding australia,100,commercial,
wedding musthaves,10,commercial,
couple writing prompts generator,20,commercial,
big w wedding planner,20,commercial,
wedding invitation design app,20,commercial,
dress code for wedding reception,20,commercial,
rsvp nederlands,400,commercial,
are patrick and sarah south still married,0,commercial,
dylan ashton,0,commercial,
wishing well gifts,30,commercial,
unique wedding websites,100,navigational,
when do you send a save the date for a wedding,30,informational,
social media wedding,50,commercial,
wedding event website,40,navigational,
copul dp,20,commercial,
virtual wedding save the dates,40,commercial,
wedding preparation checklist,60,commercial,
wedding day checklist,70,commercial,
sarah smart wedding,60,commercial,
what should a save the date include,60,informational,
how to make your own wedding website,20,navigational,
wedding invitation templates nz,30,commercial,
how long to give for rsvp for wedding,0,informational,
wedding registry website for honeymoon,0,navigational,
theknot.com wedding website login,0,navigational,
confirmo mi asistencia,100,commercial,
wedding invitation web,20,commercial,
chosen becky party time,90,commercial,
how to make a rsvp qr code,60,informational,
how much does ryan ashley charge per hour,10,informational,
amazing amy dp,20,commercial,
wedding review sites,20,informational,
wedding reception invites,300,commercial,
caple dp,30,commercial,
what should you put on a wedding registry,40,informational,
wedding ceremony ideas,100,commercial,
list of dietary requirements,70,commercial,
top table layout,800,commercial,
photo app for wedding guests,150,commercial,
planning wedding before engagement,50,commercial,
amazon create registry,10,commercial,
wedding gift wording,10,commercial,
online rsvp - free,70,commercial,
who is andrew pike married to,10,commercial,
save the date emails,10,commercial,
lee bee bridal,10,commercial,
order of wedding day,10,transactional,
how do i stop email from going to junk,10,informational,
rsvp reply,30,commercial,
how soon should i send out save the dates,10,informational,
how to do invitations online,60,informational,
seating plan for wedding,100,commercial,
wedding dress code explained,30,commercial,
paperless post wedding invites,30,commercial,
i dos for wedding,40,commercial,
wedding information,40,commercial,
send online invitations free,150,commercial,
wedding list to do,400,commercial,
when to make wedding website,30,navigational,
best website for wedding invitations,20,navigational,
how do u rsvp,20,informational,
when should i mail wedding invitations,20,informational,
wedding invitation information,20,commercial,
when should you send save the date,10,informational,
rsvp dating app,150,commercial,
important documents for your wedding,40,commercial,
rosie gabrielle,250,commercial,
wedding wish list,90,commercial,
withjoy reviews,30,informational,
best wedding website platform,30,navigational,
what info to include on save the date,30,informational,
rsvp qr codes,30,commercial,
how to prevent an email from going to junk,30,informational,
top table seating order,30,transactional,
rsvp website with qr code,40,navigational,
wedding song list template,200,commercial,
online invitation website,60,navigational,
to do list for planning a wedding,20,commercial,
invite,1000,commercial,
i hate wedding planning,50,commercial,
how to make a digital wedding invitation,20,informational,
when should you send save the dates for wedding,20,informational,
how to save for a wedding,20,informational,
when do you send out save the date for a wedding,20,informational,
how to make email not go to junk,20,informational,
save the date online invitations,30,commercial,
wedding pictures app,40,commercial,
invite site,30,commercial,
top wedding website examples,60,navigational,
wedding website development services,80,navigational,
rsvp invitation online free,10,commercial,
registry gift message,10,commercial,
most popular wedding registries,10,commercial,
best paper for save the dates,10,commercial,
no registry wedding wording,10,commercial,
joshua chiam,10,commercial,
couples app,90,commercial,
best things to ask for on wedding registry,40,commercial,
rsvp cost,20,commercial,
zola wedding website reviews,100,navigational,
wedding ceremony ideas to involve guests,50,commercial,
weddings on line,20,commercial,
how to make a copy of an excel sheet on mac,70,informational,
wedding invites with online rsvp,0,commercial,
wedding playlist ideas,0,commercial,
chenin lawn sandalford,0,commercial,
e invitation card,30,commercial,
typical rsvp deadline for wedding,60,commercial,
when do.you send out save the dates,20,informational,
average cost of transportation for wedding,20,commercial,
average cost for wedding transportation,20,commercial,
canadian registry,20,commercial,
modern wedding ceremony,40,commercial,
online invitation websites,100,navigational,
online e invite,20,commercial,
online wedding invitation cards,20,commercial,
trisha wedding,20,commercial,
same dp for couples,60,commercial,
christopher chiam,0,commercial,
a wedding invitation,20,commercial,
how to do rsvp for wedding,30,informational,
when to send save the dates out,20,informational,
matt and olivia wedding,20,commercial,
how to make wedding unique,10,informational,
write up for wedding invitation,20,commercial,
wedding invite websites free,0,navigational,
how to make a wedding website for free,90,navigational,
save the date timing,40,commercial,
how to plan a cheap wedding,40,informational,
bsb 670-864 bank,0,commercial,
happy planner wedding,90,commercial,
cover photo dimensions,30,commercial,
how to say you want money for your wedding,10,informational,
honeymoon fund wording,10,commercial,
how to ask for gift cards for wedding,10,informational,
wishing well for wedding,10,commercial,
how old is lee khuzwayo,50,informational,
wedding invitation tips,10,informational,
wording for no wedding gifts but money,10,commercial,
made with love bridal melbourne,150,commercial,
scan to rsvp,50,commercial,
wedding guest photo app,70,commercial,
wedding routine,20,commercial,
wedding digital card,300,commercial,
what is a welcome party for a wedding,80,informational,
bellingham couple,500,commercial,
deadline for wedding rsvp,20,commercial,
yo7 3ql,20,commercial,
save the date invitation online,100,commercial,
when to send save the dates for wedding,400,informational,
paperless post vs evite,350,commercial,
rsvp page,150,commercial,
what details to include on wedding invitation,100,informational,
wedding event order,30,transactional,
qr code photo upload wedding,40,commercial,
information to include on save the date,20,commercial,
sai bennett,1400,commercial,
best free wedding invitation websites,30,navigational,
hotels near orangery maidstone,10,commercial,
when to send out save the date cards,10,informational,
registry signing songs,10,commercial,
best wedding planning sites,50,commercial,
when do you send save the date,30,informational,
wedding planning checklist uk free,20,commercial,
bonshaw park taupo,20,commercial,
sarah ryan wedding,20,commercial,
what is formal dress code for wedding,20,informational,
fanfic ideas generator,100,commercial,
rsvp online wedding invitation wording,10,commercial,
how to make an email not go to junk,10,informational,
mr simple melbourne central,10,commercial,
when do you send save the date for a wedding,10,informational,
i-say review,40,informational,
how to create a save the date,40,informational,
wedding photography packages,450,commercial,
love to say,100,commercial,
canada wedding,20,commercial,
signing wedding register songs,30,commercial,
invitations big w,30,commercial,
einvites,20,commercial,
stop emails from going to junk,20,commercial,
digital download wedding invitations,20,commercial,
when to send save the dates and invitations,300,informational,
send wedding invitations,40,commercial,
theknot.com rsvp link,0,commercial,
dress code wedding attire invitation,0,commercial,
gl9 1ed,10,commercial,
wedding top table seating,70,commercial,
wedding website cost,60,navigational,
cupel dp,20,commercial,
how to stop mail from going to junk,20,informational,
rsvp for free,40,commercial,
wedding photo hashtag,40,commercial,
online invitations canada,40,commercial,
guest plus one invitation,50,commercial,
dp cuple,10,commercial,
how to make a love story,10,informational,
wedding plan,500,commercial,
the ultimate wedding planning checklist,60,commercial,
e invite website,60,navigational,
wedding usa,150,commercial,
wedding cards online free,70,commercial,
how do i say this,0,informational,
2 pier road st kilda,0,commercial,
yes custom reviews,0,informational,
how does rsvp work,30,informational,
12 month wedding planning timeline,50,commercial,
wedding table placement,40,commercial,
sending out save the dates,20,commercial,
wedding hashtag help,10,commercial,
how to ask for rsvp on save the date,0,informational,
wedding guest book big w,0,commercial,
julie hunter celebrant,0,commercial,
how to ask for money on wedding website,0,navigational,
easy weddings melbourne,20,commercial,
save the day examples,20,commercial,
how to create a digital wedding invitation,20,informational,
awesome wedding websites,20,navigational,
wedding checkist,20,commercial,
what is the standard rsvp time for wedding invitations,20,informational,
wedding invitation timing,30,commercial,
how find wedding vendors,40,informational,
wedding day content creator,90,commercial,
lover dp,800,commercial,
welcome party for wedding,50,commercial,
rsvp by date example,10,commercial,
story starter generator,450,commercial,
david jones wedding guest,20,commercial,
cupl dp,10,commercial,
dietary requirements answer,10,commercial,
cheapest way to plan a wedding,10,commercial,
how to create a wedding hashtag,10,informational,
best websites for wedding,10,navigational,
wedding top table,10,commercial,
romance prompts generator,30,commercial,
event rsvp online free,70,commercial,
how to become a wedding content creator,30,informational,
rsvp to wedding,50,commercial,
paper invitations with online rsvp,40,commercial,
what to ask photographer for wedding,40,informational,
plus ones,50,commercial,
contemporary wedding music,10,commercial,
cover page size,100,commercial,
sam picker,300,commercial,
when do you send out save the dayes,10,informational,
wedding invite information,70,commercial,
e invitation card wedding,70,commercial,
guest list rsvp,20,commercial,
what is the best free wedding website,20,navigational,
rsvp dating login,150,navigational,
wedding planner resources,30,commercial,
what to include in wedding invitations,20,informational,
when to send the save the date,20,informational,
common wedding websites,50,navigational,
best wedding planner book uk,100,commercial,
comparing wedding websites,30,navigational,
online invitation and rsvp,30,commercial,
send invites,60,commercial,
wedding table plans,150,commercial,
order of events for wedding ceremony,40,transactional,
the free website guys,30,navigational,
how to set a budget for a wedding,30,informational,
fanfic idea generator,100,commercial,
how to say we want money as wedding gift,20,informational,
top wedding website example,10,navigational,
when do you mail out save the dates,10,informational,
wedding rsvp email,20,commercial,
wedding invite and rsvp,20,commercial,
rebecca wade,20,commercial,
wedding sa,30,commercial,
how to politely say no plus ones on wedding invitation,20,informational,
amey briggs,20,commercial,
table assignments wedding,150,commercial,
rsvp invite online,60,commercial,
how to make a qr code for rsvp,70,informational,
wedding links,30,commercial,
couples hand dp,30,commercial,
digital invitation card for wedding,700,commercial,
table plan layout,30,commercial,
wedding invites with rsvp and menu choices,50,commercial,
wishing well money,10,commercial,
how to get a qr code for zola wedding website,10,navigational,
coupl dp,10,commercial,
order of reception for wedding,10,transactional,
hashtag for wedding,10,commercial,
budget wedding planner,40,commercial,
online invitation card,40,commercial,
make invitations online,40,commercial,
how to create rsvp link for wedding,20,informational,
event rsvp free,100,commercial,
wedding planning folder,20,commercial,
olivia barlow,30,commercial,
online invite with rsvp,150,commercial,
custom invitations,100,commercial,
everything i do i do it for you,2000,commercial,
marriage celebrants canberra,10,commercial,
couple dp new,0,commercial,
are wedding websites free,70,navigational,
best wedding website maker,20,navigational,
my wedding planner,20,commercial,
www.say,150,commercial,
how to add qr code to wedding invitation,40,informational,
is 4 months too early to send wedding invites,40,commercial,
wedding invitation program,40,commercial,
whats the best wedding website,40,navigational,
how to put online rsvp on wedding invitation,10,informational,
electronic rsvp wedding,0,commercial,
online rsvp wedding invitations,10,commercial,
miss chloe bridal,20,commercial,
sa dp love,20,commercial,
create a wedding email,20,commercial,
how to get the knot qr code,20,informational,
template wedding website,10,navigational,
wedding photos hashtags,10,commercial,
how to say you want cash for wedding,10,informational,
registry wedding uk,10,commercial,
how to stop emails from going into junk,10,informational,
how do you make a registry on amazon,10,informational,
how to make a save the date,90,informational,
how to say no kids at wedding,350,informational,
please rsvp for catering purposes,0,commercial,
scott barrett wedding,0,commercial,
do what i say,20,informational,
virtual invites with rsvp,30,commercial,
sad backstory generator,30,commercial,
randalls just for u,40,commercial,
mari llewellyn wedding,10,commercial,
drama plot generator,10,commercial,
elopement pros and cons,10,commercial,
wedding invitation design website,20,navigational,
how long for rsvp for wedding,0,informational,
the knot.com canada,0,commercial,
best wedding invitations websites,70,navigational,
sending wedding invites 6 months in advance,10,commercial,
marriage to do list,20,commercial,
how soon do you mail out wedding invitations,0,informational,
how to rsvp to a wedding,250,informational,
things to ask wedding photographer,90,commercial,
free online invitations to send by text,50,commercial,
how to rsvp an invitation,50,informational,
how to send digital invitations,150,informational,
order of day wedding,80,transactional,
how do i keep emails from going to junk,20,informational,
rsvp for destination wedding,20,commercial,
make an amazon registry,10,commercial,
2815 lorne ave saskatoon,10,commercial,
wedding plans,50,commercial,
send an online invitation,10,commercial,
wedding venue websites,10,navigational,
rebecca and ryan wedding,10,commercial,
why do emails go to junk,10,informational,
order wedding invitations online,250,transactional,
wedding planning checklist australia,80,commercial,
wedding planning apps,350,commercial,
create wedding announcements,10,commercial,
amy sheppard wedding,10,commercial,
simple couple dp,10,commercial,
save the date text message wording,10,commercial,
i hate planning my wedding,10,commercial,
natasha and big wedding,10,commercial,
when to send wedding invitation templates,10,informational,
mike walsh partner,250,commercial,
wedding on a weekday,10,commercial,
couple saying,10,commercial,
top table at wedding,50,commercial,
rsvp dietary requirements wording,20,commercial,
wedding planning timeline 12 months,80,commercial,
rsvp with food options,10,commercial,
how to rsvp with qr code,10,informational,
when should we send out save the dates,20,informational,
table placement wedding,20,commercial,
cheap celebrant melbourne,20,commercial,
invitation websites,20,navigational,
what to ask wedding photographer,60,informational,
couple romantic dp,80,commercial,
save the date עיצוב חינם,50,commercial,
wedding planning websites free,100,navigational,
how to create a qr code for wedding photos,60,informational,
wedding planner diary,100,commercial,
signing registry songs,10,commercial,
i am so happy dp,10,commercial,
create save the date online,30,commercial,
junk bee gone reviews,30,informational,
when do you send save the dates out,40,informational,
create qr code for rsvp,40,commercial,
josh isay,100,commercial,
best wedding planning site,40,commercial,
what information do you put on a save the date,10,informational,
carina accommodation,10,commercial,
wedding app for guests to take pictures,10,commercial,
how to make a wedding cheap,10,informational,
wedding save the date online,20,commercial,
what does rsvp stand for,6100,informational,
save our date,20,commercial,
to do list for weddings,20,commercial,
invite/i=,20,commercial,
wedding table organiser,20,commercial,
how to keep a wedding cheap,20,informational,
cheap wedding websites,20,navigational,
sending out invitations,30,commercial,
qr code rsvp free,30,commercial,
free online email invitation templates,30,commercial,
wedding celebrant hunter valley,80,commercial,
rsvp system free,10,commercial,
how to create wedding budget,10,informational,
capul dp,10,commercial,
rsvp on invitation,250,commercial,
how to make amazon registry,90,informational,
rsvp email for wedding,40,commercial,
website for invitations,70,navigational,
how to do online rsvp for wedding,20,informational,
online e invites,20,commercial,
modern wedding dance songs,20,commercial,
save the date hashtags,100,commercial,
how to get qr code for zola wedding website,10,navigational,
just married weddings reviews,0,informational,
sexworker near me,60,navigational,
modern wedding reception songs,20,commercial,
capl dp,20,commercial,
how to plan an inexpensive wedding,40,informational,
order of reception,40,transactional,
online rsvp services,150,commercial,
canadian wedding magazines,20,commercial,
when to put rsvp date for wedding,10,informational,
emma kyle,10,commercial,
cuples dp,10,commercial,
dressy casual attire for wedding,20,commercial,
how to create registry on amazon,20,informational,
invitation wedding digital,20,commercial,
emily grace bridal,60,commercial,
how long to give guests to rsvp to wedding,0,informational,
isay nz,0,commercial,
qr code invitations,30,commercial,
eco friendly wedding invitations,100,commercial,
wedding invite list,90,commercial,
wedding announcement website,50,navigational,
best wedding website builders,50,navigational,
when should you send a save the date,30,informational,
free online email invitation maker,20,commercial,
upload wedding photos qr code,40,commercial,
how to politely say no plus ones,20,informational,
cash gift wedding wording,10,commercial,
couple dp couple dp,10,commercial,
hana design easy,0,commercial,
wedding sites like the knot,200,commercial,
wedding invite wording examples,40,commercial,
reminder to rsvp,40,commercial,
wedding resources,60,commercial,
rsvp app for wedding,40,commercial,
when should we send save the dates,20,informational,
free digital wedding invitation card,20,commercial,
planning a cheap wedding,20,commercial,
web invitation,20,commercial,
wedding website create,10,navigational,
how much is a wedding content creator,30,informational,
best websites for save the dates,30,navigational,
saw sam sai,40,commercial,
wedding date etiquette,0,commercial,
negative rsvps,0,commercial,
event planner,800,commercial,
rsvp en ligne,70,commercial,
how do i invite my wedding to whatsapp,20,informational,
where do couples register for weddings,10,commercial,
monetary gift for wedding wording,10,commercial,
guests list,30,commercial,
floor plan wedding table layout,70,commercial,
too doo liste,150,commercial,
rsvp answers,10,commercial,
top table order,100,transactional,
what to include in wedding invitation,20,informational,
rsvp barcode,30,commercial,
chris and sarah wedding website,10,navigational,
salt studio,10,commercial,
how to politely ask for money for wedding gift,10,informational,
dr david shelley jones,10,commercial,
website builder wedding,150,navigational,
which is the best wedding website,20,navigational,
welcome event for wedding,10,commercial,
wedding photo apps for guests,50,commercial,
justyou.co.uk reviews,70,informational,
weeding invitation,250,commercial,
how to create a free wedding website,20,navigational,
what to put on your wedding registry,20,informational,
wedding andrew lauren wife,20,commercial,
online invitation rsvp,30,commercial,
free rsvp event website,30,navigational,
when do.you send save the dates,20,informational,
perricoota station photos,60,commercial,
gerador de fanfic,200,commercial,
what to say when someone rsvp yes,30,informational,
wedding website look up,30,navigational,
online wedding registries,50,commercial,
questions to ask wedding vendors,50,commercial,
save the date app,100,commercial,
digital wedding invite uk,10,commercial,
lolly kingdom,200,commercial,
best rsvp sites,20,commercial,
rsvp by qr code,20,commercial,
what to ask florist for wedding,30,informational,
wedding. checklist,20,commercial,
make invites online,20,commercial,
what info goes on save the date,20,informational,
coupledp,20,commercial,
setting up wedding website,20,navigational,
top table at wedding layout,30,commercial,
why does it say,80,informational,
qr code wedding pictures,80,commercial,
geelong limousines,30,commercial,
emily sy,30,commercial,
all in one wedding invitations,30,commercial,
wedding invite with rsvp,50,commercial,
top wedding registry,30,commercial,
how to do e invites,20,informational,
web invitation wedding,10,commercial,
how to come up with a wedding budget,10,informational,
make online wedding card,10,commercial,
how to make registry on amazon,10,informational,
big and natasha wedding,10,commercial,
invitation sites,10,commercial,
wedding rsvp reminder email,10,commercial,
just love weddings,10,commercial,
what to put on save the date cards,30,informational,
best wedding invitation websites,350,navigational,
unique wedding website,30,navigational,
wedding reception banner,20,commercial,
is amy sutton married,30,commercial,
how to send a wedding invitation,10,informational,
i do i do bridal reviews,0,informational,
wedding planner book - personalised,10,commercial,
is bernadette banner married,0,commercial,
wedding reminder text message,10,commercial,
good wedding,30,commercial,
who to send save the dates to,20,commercial,
how to make your wedding unique,20,informational,
rsvp invitations online,70,commercial,
how to write a love story,20,informational,
planning a wedding before engagement,10,commercial,
newest wedding songs,10,commercial,
how to delete the knot wedding website,0,navigational,
paperless save the date invitations,0,commercial,
wedding gift list wording,20,commercial,
online invitations rsvp,30,commercial,
app for wedding pictures,30,commercial,
sayki reviews,30,informational,
wedding invitation digital card,200,commercial,
how to create an rsvp qr code,40,informational,
online rsvp sites,150,commercial,
search wedding websites,20,navigational,
sustainable wedding invitations,40,commercial,
send invitations online with rsvp free,50,commercial,
come as you are dress code,40,commercial,
custom wedding planner,50,commercial,
free rsvp sites,100,commercial,
electronic invitation card,20,commercial,
stop email from going to junk,20,commercial,
saving grace melbourne,350,commercial,
i do ido,20,commercial,
emma and grace bridal,200,commercial,
mr and mrs sign wedding,70,commercial,
dp love couple,350,commercial,
free evite invitations with rsvp,90,commercial,
what to reply when someone send wedding invitation,40,informational,
what is a wedding hashtag,40,informational,
wedding invite example,150,commercial,
love dp couple,100,commercial,
how to create a rsvp qr code,40,informational,
vestimenta para parejas,0,commercial,
doo online,0,commercial,
top places to register for wedding,0,commercial,
do i need save the dates,0,commercial,
qr code photo album wedding,150,commercial,
free online invitations with rsvp text,70,commercial,
cecil scarlett,200,commercial,
best way to rsvp for wedding,10,commercial,
wedding on a budget,50,commercial,
event rsvp online,20,commercial,
easy rsvp,100,commercial,
wedding invitations with rsvp template,20,commercial,
most popular wedding registry,20,commercial,
anahera photos,10,commercial,
please visit our wedding website,10,navigational,
send out save the dates,10,commercial,
taiharuru accommodation,10,commercial,
how to ask for cash for wedding gift,60,informational,
christian marriage celebrant,20,commercial,
what information to include on save the date,20,informational,
ashley and co australia,50,commercial,
wedding card invite,70,commercial,
saido company,200,commercial,
sample wedding registry,70,commercial,
how was the wedding reply,30,informational,
qr code for guests to upload photos,150,commercial,
best companies to send wedding invites too,40,commercial,
wedding qr code generator,40,commercial,
amazon registry,10,commercial,
how to word cash gifts for wedding,10,informational,
e invite free,10,commercial,
coples dp,10,commercial,
becky robbins,600,commercial,
online invitations and rsvp tracking,30,commercial,
marriage invitation digital card,40,commercial,
design save the date online,40,commercial,
bridal magazines canada,40,commercial,
what goes on save the dates,50,informational,
wedding website names,150,navigational,
how to say gift cards are welcome on invitations,30,informational,
what to include on wedding invitation,250,informational,
free invitations online with rsvp,60,commercial,
paperless evite,100,commercial,
couple fp,10,commercial,
diy wedding website,30,navigational,
wedding content creators,30,commercial,
newlywed fund wording,30,commercial,
wedding.planner book,40,commercial,
od couple,50,commercial,
registry message to family and friends,50,commercial,
lucy loves charlie,50,commercial,
wedding shop gift list,40,transactional,
wedding invitations send out,20,commercial,
how to pick a wedding date,10,informational,
do you put rsvp on save the date,50,commercial,
rsvp link creator free,150,commercial,
wedding website photos,50,navigational,
weeding planner,20,commercial,
electronic invitations australia,20,commercial,
signing songs wedding,20,commercial,
save the date wording uk,60,commercial,
what info to include on wedding invite,40,informational,
how to send a save the date email,20,informational,
wedding table assignments,70,commercial,
online invite and rsvp,60,commercial,
top free wedding websites,10,navigational,
what to include on wedding invitations,10,informational,
how to send wedding invites,10,informational,
wedding directory australia,40,commercial,
wedding table list,40,commercial,
randalls for u,200,commercial,
content creator wedding,150,commercial,
wedding rsvp link,50,commercial,
luxury wedding websites,30,navigational,
sutton guest list,20,commercial,
how early to send save the dates for destination wedding,20,informational,
basic invite wedding website,20,navigational,
how to add wedding website to invitation,10,navigational,
married couples dp,10,commercial,
free save the date evites,20,commercial,
what to include in a wedding invitation,20,informational,
the best free wedding websites,10,navigational,
wedding planning guide checklist,40,informational,
how to set up a wedding website,70,navigational,
evite with multiple rsvp options,10,commercial,
susana morales,200,commercial,
up do for wedding,200,commercial,
free event website with rsvp,10,navigational,
free save the date invitation,10,commercial,
012370 bsb,10,commercial,
top places for wedding registry,10,commercial,
rachel and cameron wedding,10,commercial,
mail going to junk,0,commercial,
email invitations with rsvp free,100,commercial,
emily and ryan wedding,60,commercial,
danette manzi,0,commercial,
coupls dp,10,commercial,
so happy dp,10,commercial,
nick chiam,0,commercial,
appy couple website examples,0,navigational,
shelley drive byron bay,0,commercial,
wedding registry sydney,90,commercial,
size of cover,50,commercial,
katie j design and events,90,commercial,
wedding rsvp website examples,90,navigational,
wedding inspiration websites,90,navigational,
electronic rsvp invitations,60,commercial,
how to make save the date,60,informational,
collecting photos from guests,40,commercial,
save the date details,30,commercial,
how to do rsvp,40,informational,
how to prevent emails from going to junk,30,informational,
forget to include,0,commercial,
online rsvp site,150,commercial,
wedding pics app,10,commercial,
when to send wedding invitations uk,50,informational,
negative rsvp,20,commercial,
sophie guest,20,commercial,
save the date send out,20,commercial,
vanessa heap,20,commercial,
best wedding evite,10,commercial,
hannah ally,10,commercial,
wedding stationary,10,commercial,
i love m dp,10,commercial,
what to put on wedding invite,10,informational,
google wedding website,30,navigational,
asking for money instead of wedding gifts wording,0,commercial,
how to make e invite for wedding,30,informational,
who goes on top table at wedding,30,commercial,
collect rsvps online free,30,commercial,
weddi g,20,commercial,
create registry amazon,10,commercial,
how to keep emails from going to junk,150,informational,
rsvp scan code,30,commercial,
create a registry amazon,10,commercial,
couple's dp,10,commercial,
different types of dress codes for weddings,50,commercial,
content creator for wedding,150,commercial,
free invitations to send via text,40,commercial,
digital invite app,20,commercial,
dress code for formal wedding,30,commercial,
love couple dp,10,commercial,
wedding apps and websites,10,navigational,
withjoy.com reviews,20,informational,
bernadette banner married,20,commercial,
information to put on wedding invitation,20,commercial,
how to set a wedding budget,150,informational,
wedding registry qr code,50,commercial,
how long do you give people to rsvp for a wedding,30,informational,
peters papers (pty) ltd,40,commercial,
free online invitation with rsvp,10,commercial,
online invitation for marriage,10,commercial,
how to make your wedding fun,10,informational,
inviations,10,commercial,
how to ask for money on wedding registry,10,informational,
rsvp by,200,commercial,
companies to invite to your wedding,150,commercial,
matt and nat reviews,30,informational,
how to write a save the date,20,informational,
wording for gift cards instead of gifts,20,commercial,
best time to send save the dates,20,commercial,
creating wedding website,60,navigational,
invitations electronic,100,commercial,
wedding rsvp invitations,50,commercial,
wedding invitation all in one,30,commercial,
wedding guest list manager,20,commercial,
save the date message to friends,10,commercial,
ways to make your wedding unique,10,commercial,
electronic invitation with rsvp,40,commercial,
digital invitation website,50,navigational,
invitation attire guide,20,informational,
plan a wedding on a budget,30,commercial,
site rsvp,70,commercial,
registry wedding sydney,70,commercial,
how to send a save the date text,20,informational,
wedding goals,100,commercial,
add qr code to wedding invitation,0,commercial,
ravp,1300,commercial,
wedding app photos,20,commercial,
web invite,20,commercial,
engagement party checklist,60,commercial,
mr doo bee,50,commercial,
wedsites review,20,informational,
wedding list gift,10,commercial,
wedding i do's,10,commercial,
gift list website,150,navigational,
the knot wedding website qr code,50,navigational,
what do you put on a save the date,50,informational,
qr code for wedding registry,50,commercial,
chris w designs australia,40,commercial,
holly lolly,30,commercial,
safe of save the date,20,commercial,
wedding picture app for guests,60,commercial,
virtual invitation with rsvp,60,commercial,
coupel dp,10,commercial,
how do i make a registry on amazon,10,informational,
easy rsvp online free,70,commercial,
купить арма 3 ключ,0,commercial,
how to send invitations online,40,informational,
plan your wedding,0,commercial,
invitation wedding cards,70,commercial,
whatsapp wedding reminder message,70,informational,
best wedding planner book australia,40,commercial,
guest list app,60,commercial,
casual dress attire for wedding,20,commercial,
send invitations online with rsvp,20,commercial,
wedding business resources,20,commercial,
megan and kyle wedding website,0,navigational,
katie barlow age,70,commercial,
wedding invitation templates online,50,commercial,
wedding planning checklist app,20,commercial,
when to send save the date for wedding,250,informational,
wedding invitations cheap,20,commercial,
wedding table seating arrangements,20,commercial,
design your own save the dates,150,commercial,
wedding transportation costs,10,commercial,
how to do a digital invitation,50,informational,
popular registry sites,10,commercial,
free wedding invitation websites,150,navigational,
find someone's wedding website on minted,30,navigational,
sau lee wedding dress,80,commercial,
gift registery,30,commercial,
photographer hunter valley nsw,10,commercial,
minted free wedding website,10,navigational,
cute couple dp,450,commercial,
easy rsvp website,100,navigational,
danielle and josh wedding website,10,navigational,
digital rsvp invitation,150,commercial,
the knot.com registry,200,commercial,
wedding social media content creator,20,commercial,
wedding card website,80,navigational,
rsvp to,300,commercial,
best wedding website free,20,navigational,
just weddings,10,commercial,
free online invite with rsvp,150,commercial,
make wedding invitation online,30,commercial,
wedding invitation site,40,commercial,
sutton tools nz,40,commercial,
how to unpublish a website,10,navigational,
save the dates canada,50,commercial,
free wedding,30,commercial,
free custom invitations online,50,commercial,
top table seating,30,commercial,
couples same dp,10,commercial,
awkward ashleigh,80,commercial,
free online digital invitations,20,commercial,
how do you rsvp to a wedding,100,informational,
rsvp to a wedding,20,commercial,
house gift registry,20,commercial,
good places for wedding registry,20,commercial,
online ravp,20,commercial,
new dp couple,20,commercial,
marriage documents,20,commercial,
how to start a registry on amazon,30,informational,
evening wedding invites,900,commercial,
digital shadi card,250,commercial,
sunshine coast celebrants,30,commercial,
how to add qr code to invitation,50,informational,
plan a cheap wedding,10,commercial,
when should you start planning your wedding,10,informational,
wedding invites all in one,10,commercial,
qr code for the knot wedding website,40,navigational,
wedding budgeting,70,commercial,
how to put registry on invitation,50,informational,
wedding website timeline,20,navigational,
online invite rsvp,30,commercial,
how to make a website for a wedding for free,30,navigational,
online save the date creator,20,commercial,
wedding checklost,20,commercial,
save the date options,30,commercial,
how to budget for a wedding,10,informational,
alternatives to traditional wedding ceremony,10,commercial,
how many rsvps actually show up,0,informational,
celebrant ballarat,0,commercial,
wedding invites australia,150,commercial,
sarah and brandon wedding website,20,navigational,
friendly reminder to rsvp,20,commercial,
stylish dp couple,20,commercial,
where to make a wedding website,30,navigational,
free online invitations with link,10,commercial,
sad story generator,10,commercial,
how to get email to stop going to junk,10,informational,
british wedding gifts,10,commercial,
money invitations,10,commercial,
how to include family in wedding,10,informational,
how to set up an amazon registry,10,informational,
wedding sotes,20,commercial,
melissa grace,30,commercial,
qr code generator for rsvp,60,commercial,
couple+dp,0,commercial,
bs2 8fn,30,commercial,
interactive digital invitations,30,commercial,
how to put amazon registry on invitation,30,informational,
wedding seating chart app,200,commercial,
yha wilderhope,10,commercial,
wedding organizer,40,commercial,
how much is bernadette peters worth,40,informational,
wedding card online free,50,commercial,
wedding reception sign,20,commercial,
best place to make a wedding website,20,navigational,
online invitations and rsvp,20,commercial,
guesst app,70,commercial,
i love dp,0,commercial,
wedding apps for pictures,0,commercial,
wedding list service,10,commercial,
copuls dp,10,commercial,
rsvp digital,90,commercial,
wedding invitations with qr rsvp,0,commercial,
examples of our story on the knot,0,commercial,
the planned wedding,0,commercial,
save the date sample,60,commercial,
grace and stella canada,100,commercial,
wedding planner duties checklist,90,commercial,
best couple dp,60,commercial,
making a wedding guest list,20,commercial,
how to put plus one on wedding invitation,20,informational,
what info to put on save the date,20,informational,
chloe barlow,30,commercial,
dress code types for weddings,30,commercial,
cute wedding url ideas,0,commercial,
digital invitation for marriage,0,commercial,
simple i dos,0,commercial,
destination wedding invitation wording,50,commercial,
wedding blogs australia,10,commercial,
how to rsvp a wedding invitation,100,informational,
couple love dp,80,commercial,
tash and sophie,80,commercial,
wedding website registry,40,navigational,
free email invites with rsvp,40,commercial,
wedding e-vite,20,commercial,
blank party guest list,10,commercial,
how do i stop emails from going to junk mail?,10,informational,
indo ie,10,commercial,
instagram dp for couples,600,commercial,
wedding top table layout,450,commercial,
random fanfic generator,10,commercial,
sacha got couple,10,commercial,
sa brides,0,commercial,
photo-app for weddings,30,commercial,
exclusive link,150,commercial,
questions for wedding guests,10,commercial,
rectangle wedding reception floor plan,30,commercial,
save the date reminder,20,commercial,
wedding invitation ecards,40,commercial,
charlotte grace bridal,40,commercial,
sample save the dates,100,commercial,
andrew flair website,10,navigational,
wedding invitation gift wording,10,commercial,
wedding rsvp reminder,70,commercial,
wedding what to do list,70,informational,
create rsvp qr code,30,commercial,
how to do a cheap wedding,20,informational,
invite rsvp tracker,20,commercial,
how to have a nice wedding on a budget,20,informational,
wedding invitation reply on whatsapp,250,informational,
save the date with qr code,150,commercial,
what to ask your wedding photographer,100,informational,
create rsvp link,200,commercial,
109 pitt street secure parking,20,commercial,
fill in the blank story generator,20,commercial,
wedding websites builder,100,navigational,
amanda elise lee age,50,commercial,
limo hire geelong,100,commercial,
yvi and you,60,commercial,
make your wedding website,50,navigational,
i love invite,8600,commercial,
how to stop junk mail,10,informational,
companies to send wedding invites too,30,commercial,
sending digital invitations,30,commercial,
how to make free wedding website,30,navigational,
what to include on your wedding invitation,30,informational,
custom website,300,navigational,
send free online invitations,30,commercial,
rsvp reminder message,200,commercial,
the ultimate wedding checklist,50,commercial,
wedding guest couple,50,commercial,
virtual invitations with rsvp free,100,commercial,
how many invitations for 150 guests,10,informational,
when should save the dates go out,800,informational,
sophie elise far,200,commercial,
saturdays are for weddings,20,commercial,
couple app,50,commercial,
rsvp admin,50,commercial,
jackie chung,700,commercial,
wedding guest app,20,commercial,
e invitation with rsvp,30,commercial,
limos geelong,20,commercial,
qr code invites,20,commercial,
pros and cons of wedding websites,20,navigational,
best wedding invitations canada,20,commercial,
online e invitation,20,commercial,
cheap wedding planning,30,commercial,
website for wedding photos,20,navigational,
how to send a digital invitation,40,informational,
ng22 9ey,50,commercial,
honeymoon gift list,40,commercial,
sydney wedding registry,30,commercial,
rsvp software free,80,commercial,
mrs digital,350,commercial,
the best wedding registry,10,commercial,
free invitation templates nz,10,commercial,
lee khuzwayo instagram,10,commercial,
how many guests rsvp no to wedding,10,informational,
funny wedding website names,10,navigational,
qr code on invitation,40,commercial,
create save the date cards online free,30,commercial,
wedding gift australia,70,commercial,
sa love dp,0,commercial,
questions to ask a wedding photographer,0,commercial,
online invitation site,20,commercial,
wedding picture qr code,450,commercial,
how to make a wedding cheaper,40,informational,
wedding to do list australia,50,commercial,
design invitations online,50,commercial,
ideas for destination wedding,20,commercial,
junes bridal reviews,20,informational,
day of content creator wedding,10,commercial,
kaylin peters,10,commercial,
ido events,10,commercial,
invitations online with rsvp,60,commercial,
dan van niekerk,1100,commercial,
save the dat,70,commercial,
sarah smart now,90,commercial,
event id 4672,40,commercial,
gerador de histórias de romance,40,commercial,
amy guest,20,commercial,
wedding registry options,70,commercial,
stop mail from going to junk,10,commercial,
cheap wedding invitations australia,30,commercial,
le maine menot,0,commercial,
bank bsb 670864,0,commercial,
say i do season 2,0,commercial,
virtual invite with rsvp,60,commercial,
qr code for uploading wedding photos,40,commercial,
email invites with rsvp,40,commercial,
zola qr code,40,commercial,
cv93pf,20,commercial,
send virtual invitations,30,commercial,
how much to give for wedding wishing well australia,30,informational,
cupels dp,0,commercial,
wedding invitations cheap online,0,commercial,
b46 2bl,30,commercial,
david's bridal charlotte photos,20,commercial,
destination wedding invite wording,10,commercial,
invitation for marriage,10,commercial,
formal save the dates,50,commercial,
ido online,10,commercial,
table assignment,30,commercial,
mr and mrs questions for married couples,30,commercial,
australia wedding gift,20,commercial,
rsvp for wedding invitation,10,commercial,
just bee chardonnay,10,commercial,
examples of the knot wedding websites,0,navigational,
how to make mail not go to junk,0,informational,
wedding website custom domain,10,navigational,
dina wedding,10,commercial,
what is a digital invitation,50,informational,
megan greeley,20,commercial,
how to remind guests to rsvp for wedding,20,informational,
creating a wedding email,20,commercial,
wedding invitation write up,80,commercial,
wish well wedding,10,commercial,
digital wedding save the date,30,commercial,
things to include on wedding invitation,20,commercial,
how to have a beautiful wedding on a budget,20,informational,
sending wedding invites to companies,20,commercial,
online rsvp tool,80,commercial,
free online email invitations,100,commercial,
rsvp qr code generator,60,commercial,
marriage celebrant south australia,10,commercial,
qr code invitation,30,commercial,
miss weddings,30,commercial,
drama generator,30,commercial,
companies to send extra wedding invites to,30,commercial,
celebrants hunter valley,100,commercial,
guest list template,1100,commercial,
weeddig,100,commercial,
rsvp in invitation,200,commercial,
katie j designs,50,commercial,
how to plan a low budget wedding,40,informational,
what to include on wedding invite,40,informational,
e invited,70,commercial,
wedding planner app,60,commercial,
best online invitations,400,commercial,
how to plan a wedding on a small budget,80,informational,
best website for wedding planning,20,navigational,
must haves at a wedding,20,commercial,
current popular wedding songs,20,commercial,
the fairy glen reviews,20,informational,
how to write a love story examples,20,informational,
invite digital,40,commercial,
budget wedding,30,commercial,
create wedding invitation card online free,1000,commercial,
wedding content creator price,10,transactional,
sya share price,4200,transactional,
hudson bay wedding registry,10,commercial,
how to say no plus one on invitation,10,informational,
virtual wedding planner,10,commercial,
wedding seating guide,10,informational,
l hate love dp,10,commercial,
song requests for wedding rsvp,10,commercial,
how to do a registry on amazon,10,informational,
andrew dunn south africa,10,commercial,
kylie page dp,300,commercial,
save the date electronic invitations,40,commercial,
best electronic invitations with rsvp,70,commercial,
save the date qr code,90,commercial,
love story online,20,commercial,
the chloe kyle reviews,30,informational,
e invite websites,30,navigational,
australia wedding,60,commercial,
wedding evite invitations,0,commercial,
the knot.com rsvp,10,commercial,
cash gift for wedding wording,0,commercial,
wedding rsvp reminder examples,0,commercial,
wedding plan series,0,commercial,
wedding guest list tips,20,informational,
modern love songs for weddings,40,commercial,
wedding saying,10,commercial,
sad story ideas generator,10,commercial,
e-invite with rsvp,20,commercial,
how to rsvp to a wedding by text,20,informational,
easy weddings website,0,navigational,
couple dl,0,commercial,
what to include on a wedding invitation,30,informational,
with joy qr code,60,commercial,
custom save the date,350,commercial,
free rsvp invitation online,10,commercial,
a love m dp,10,commercial,
wedding hash tag,10,commercial,
mr dp love,0,commercial,
best wedding website templates,40,navigational,
free virtual invitations with rsvp,70,commercial,
cool save the dates,60,commercial,
wedding rsvp reminder text,60,commercial,
weding checklist,20,commercial,
qr code for zola website,20,navigational,
happy molly reviews,20,informational,
in a party,20,commercial,
table seating planner,20,commercial,
what do you say,20,informational,
online invitation sites,100,commercial,
wedding invitation evite,30,commercial,
rsvp reminder,30,commercial,
david schwarz net worth,0,commercial,
best online wedding planner,90,commercial,
creative wedding websites,30,navigational,
dp for instagram for couples,90,commercial,
wedding we,50,commercial,
free printable save the date,30,commercial,
romantic dp couple,20,commercial,
best free rsvp website,10,navigational,
photographers hunter valley nsw,10,commercial,
how to keep mail from going to junk,10,informational,
how to rsvp to a wedding invitation,30,informational,
registry on invitation,30,commercial,
wedding seating arrangements,200,commercial,
make your own wedding websites,30,navigational,
small wedding guest list,30,commercial,
how many rsvp no to wedding,10,informational,
easy weddings adelaide,10,commercial,
rsvp invite website,150,navigational,
best dp for couple,100,commercial,
zola wedding website vs the knot,10,navigational,
online rsvp service,150,commercial,
rsvp def,150,commercial,
minted wedding registry search,20,commercial,
dp of couple,20,commercial,
who goes on the top table at a wedding,20,commercial,
david's bridal jacksonville,150,commercial,
wedding websites custom domain,10,navigational,
prevent email from going to junk,20,commercial,
save the date writing,10,commercial,
send invitation online,20,commercial,
wedding pic app,20,commercial,
is the free website guys legit,80,navigational,
no rsvp,30,commercial,
registry examples,30,commercial,
custom love,250,commercial,
cost of wedding website,20,navigational,
save the date cards ideas,30,commercial,
sending invitations via email,10,commercial,
questions to ask vendors for wedding,10,commercial,
wedding banner maker,20,commercial,
when should i start planning my wedding,20,informational,
how to start amazon registry,20,informational,
wedding party on wedding website,20,navigational,
personalized wedding planner,150,commercial,
money instead of gifts for wedding wording,10,commercial,
how to plan a wedding reception on a small budget,10,informational,
how to send amazon registry link,10,informational,
find gift registry,10,commercial,
setting a wedding budget,100,commercial,
wedding einvites,20,commercial,
do nick and charlie get married,20,commercial,
guzzo and co,30,commercial,
best way to collect rsvps online,30,commercial,
katie and dan wedding website,10,navigational,
copels dp,0,commercial,
good wedding website names,0,navigational,
wedding invitations adelaide,70,commercial,
emily bridal,70,commercial,
top table at a wedding,40,commercial,
make a wedding website free,20,navigational,
how to track rsvps,20,informational,
what is a positive rsvp,10,informational,
rsvp digital invitations,10,commercial,
simply weddings,10,commercial,
best customizable wedding websites,10,navigational,
party rsvp website free,20,navigational,
guest manager,20,commercial,
gift registry invitation,20,commercial,
scott free saying,150,commercial,
how do i create a registry on amazon,0,informational,
zola online rsvp,0,commercial,
when you say yes i say no,0,informational,
wedding photo upload qr code,100,commercial,
dr andrew ryan reviews,40,informational,
kindly rsvp by,40,commercial,
wedding day order of events,50,transactional,
how to nicely say no plus ones,20,informational,
lucy barrett,150,commercial,
what goes on a wedding invitation,70,informational,
wedding snap app,10,commercial,
where to send wedding invitations,10,commercial,
how to tell guests to rsvp online,0,informational,
just you holidays reviews,0,informational,
the manager guest list,0,commercial,
sa wedding,20,commercial,
wwe party invitations,70,commercial,
what does unplugged ceremony mean,20,informational,
best online save the dates,20,commercial,
amanda and kyle wedding,200,commercial,
wedding e vites,30,commercial,
celebrants sunshine coast,0,commercial,
tietheknot rsvp,0,commercial,
creative wedding website names,0,navigational,
couple generator,150,commercial,
wedding snap,10,commercial,
conny tech,150,commercial,
when to start planning a wedding,100,informational,
wedding invtiations,20,commercial,
how to rsvp for wedding,10,informational,
e invitation online,10,commercial,
planning a wedding checklist free,10,commercial,
riley and grey wedding websites,10,navigational,
example of save the date cards,20,commercial,
couple cute dp,70,commercial,
best e invite website,30,navigational,
wedding stationery websites,30,navigational,
cheap wedding plans,10,commercial,
who to send wedding invitations to,10,commercial,
when to send wedding invites australia,10,informational,
top 10 wedding venues australia,10,commercial,
scan qr code invitation,10,commercial,
wedding website without photos,20,navigational,
how to make a wedding website free,20,navigational,
qr code invite,100,commercial,
save the date themes,100,commercial,
best online rsvp for wedding,30,commercial,
chloe temple ts,30,commercial,
how to have a wedding on a budget,30,informational,
wedding cards,250,commercial,
wedding web pages,30,commercial,
easy online invitations,30,commercial,
how to word online rsvp on wedding invitation,10,informational,
wedding checklisy,30,commercial,
best dp couple,20,commercial,
what questions to ask wedding photographer,100,informational,
invitation monetary gift wording,10,commercial,
all in one wedding invitations with rsvp,50,commercial,
easy save the dates,20,commercial,
sites for couples,20,commercial,
websites like minted,20,navigational,
gmail rsvp,20,commercial,
how to ask for an rsvp,20,informational,
natasha barlow,20,commercial,
biggest wedding in australia,20,commercial,
things to do in laura sa,20,commercial,
lovely weddings and events,20,commercial,
polite how to ask for cash for wedding gift,30,informational,
free invitation online with rsvp,30,commercial,
dp couple cute,100,commercial,
online free invitations with rsvp,30,commercial,
how to make wedding card online,250,informational,
wedding reception drinks,80,commercial,
what to put on wedding invitations,600,informational,
how to say money only for wedding gift,10,informational,
wedding notes from guests,10,commercial,
guide to planning a wedding,10,informational,
wedding website pros and cons,10,navigational,
ing refer a friend australia,10,commercial,
wedding seating chart etiquette,60,commercial,
wedding website comparisons,150,navigational,
what does a save the date look like,20,informational,
happily ever after party invite,30,commercial,
online e invitations,30,commercial,
rebecca sheppard,30,commercial,
family at wedding,20,commercial,
getting married on a weekday,10,commercial,
wedding happy app,10,commercial,
love d name dp,0,commercial,
make a registry on amazon,0,commercial,
questions to ask photographer,0,commercial,
t love dp,0,commercial,
sending invitations online,60,commercial,
eyes on sheppard reviews,60,informational,
rsvp answer,20,commercial,
jo abi,200,commercial,
love couples dp,50,commercial,
environmentally friendly wedding invitations,20,commercial,
wedding reception order,20,transactional,
how to say invited guests only,10,informational,
save the date email examples,10,commercial,
copules dp,0,commercial,
rsvp for a wedding,40,commercial,
fake story generator,30,commercial,
rsvp maker free,100,commercial,
when should you start planning a wedding,40,informational,
sunshine coast celebrant,40,commercial,
best couples dp,20,commercial,
seating arrangement wedding,60,commercial,
chris page wedding,10,commercial,
small details wedding checklist,20,commercial,
oli and j,0,commercial,
dress code invitacion con codigo de vestimenta,0,commercial,
love generator,10,commercial,
you're invited wedding invitations,20,commercial,
dr belinda guest,20,commercial,
virtual rsvp invitations,40,commercial,
table seating for wedding,30,commercial,
what's a wishing well at a wedding,10,informational,
website to send invitations,20,navigational,
couples ki dp,20,commercial,
how to say nice dp,20,informational,
how to answer dietary restrictions,10,informational,
dr emma briggs,10,commercial,
how to prevent mail from going to junk,10,informational,
e-save the date,10,commercial,
rsvp full form,500,commercial,
table assignments,80,commercial,
wedding checklsit,20,commercial,
online invitation designs,30,commercial,
bliss and bone wedding websites,10,navigational,
common wedding registry places,10,commercial,
wedding registry melbourne,200,commercial,
send out invitations,100,commercial,
rsvp gmail,10,commercial,
weddings to do list,10,commercial,
sending invitations,150,commercial,
cheap online wedding invitations,20,commercial,
illawarra photographer,20,commercial,
wishing well wedding australia,20,commercial,
how plan a wedding,10,informational,
free qr code rsvp,20,commercial,
boturich castle wedding,80,commercial,
jade sutton,150,commercial,
free e invitations with rsvp,50,commercial,
template for wedding invitations,30,commercial,
evite vs paperless post,900,commercial,
rsvp online invites,10,commercial,
scott aspect 940 review,40,informational,
รูปถ่ายงานแต่ง,40,commercial,
funny rsvp reminders,50,commercial,
wedding planning website free,30,navigational,
wedding party table layout,30,commercial,
best way to get rsvp for wedding,10,commercial,
bruiloft website maken,60,navigational,
free wedding website creator,10,navigational,
free wedding planning websites,30,navigational,
cheap wedding reception ideas,200,commercial,
invites with qr code,20,commercial,
digital manager,20,commercial,
questions to ask a photographer for a wedding,60,commercial,
web invitations,60,commercial,
kindly rsvp,100,commercial,
wedding seating arrangement,30,commercial,
wedding seating,150,commercial,
wedding checklist template,60,commercial,
places for wedding registry,50,commercial,
dp for love couple,100,commercial,
where to send wedding invites for free stuff,100,commercial,
stephen mayne,600,commercial,
how to set up amazon registry,10,informational,
find a gift registry,10,commercial,
what is an unplugged ceremony,40,informational,
p and o weddings,90,commercial,
engagement planning,50,commercial,
when should you send out save the dates for wedding,20,informational,
wedding guest lists,150,commercial,
bridal journey,0,commercial,
e invitation websites,20,navigational,
dp dashboard,20,commercial,
free rsvp software,90,commercial,
questions to ask as a wedding photographer,50,commercial,
wedding todo list template,10,commercial,
how to make a wedding registry on amazon,100,informational,
send out wedding invitations,10,commercial,
do you send thank you cards to all wedding guests,10,commercial,
hate wedding planning,10,commercial,
rsvp online dating,10,commercial,
virtual wedding,10,commercial,
wedding website wedding party,20,navigational,
sau lee dress,150,commercial,
wedding management,2000,commercial,
caples dp,0,commercial,
canadians say ay,0,commercial,
send online invitations for free,0,commercial,
how do you rsvp,30,informational,
electronic invites for free,50,commercial,
wedding planner sites,80,commercial,
guest casual wedding attire,100,commercial,
evites with rsvp free,50,commercial,
dr ewa campbell,20,commercial,
invitation online rsvp,60,commercial,
what to write on honeymoon fund,10,informational,
what to say on a wedding gift,10,informational,
couples dp photos,10,commercial,
what does rsvp mean for concerts,10,informational,
geelong limos,0,commercial,
login isay,0,navigational,
tom cute dp,0,commercial,
wedding cheklist,20,commercial,
list of companies to send wedding invites to,150,commercial,
ch1 1sn,30,commercial,
wedding money registry,30,commercial,
qr code for wedding program,30,commercial,
how to politely ask for cash as a wedding gift,30,informational,
amy new bridal,0,commercial,
free electronic invites with rsvp,30,commercial,
cetin doo,300,commercial,
the guest wedding app,40,commercial,
minneapolis wedding venues on a budget,50,commercial,
list of companies to send wedding invitations,80,commercial,
ben newman photography,40,commercial,
how to put a registry on an invitation,20,informational,
paper save the dates,20,commercial,
wedding.planner,20,commercial,
save the date free online,20,commercial,
luke and laura wedding date,20,commercial,
hashtag in wedding,10,commercial,
wedding check lists,10,commercial,
corey wish,10,commercial,
wedding guest list app,10,commercial,
rsvp free invite,70,commercial,
stationery needed for wedding,10,commercial,
rsvp card with wedding website,10,navigational,
couple new dp,10,commercial,
invitation with rsvp,150,commercial,
how to invite manager for marriage,30,informational,
minted rsvp names of couples,30,commercial,
online wedding card design,30,commercial,
quite dp,80,commercial,
online wedding save the date,70,commercial,
how to send out invitations online,10,informational,
questions for wedding florist,40,commercial,
digital wedding announcements,40,commercial,
happy dp,30,commercial,
qr code undangan pernikahan,10,commercial,
what time do evening guests arrive at a wedding,100,informational,
blake lee nz,10,commercial,
wedding in,10,commercial,
joy wedding registry review,10,informational,
couples dp instagram,70,commercial,
make a free wedding website,20,navigational,
what companies to send wedding invites too,20,informational,
the knot rsvp qr code,20,commercial,
made with love bridal nz,20,commercial,
free wedding website templates,40,navigational,
celebrant sunshine coast,40,commercial,
couple dp love,40,commercial,
mr simple byron bay,60,commercial,
wedding save the date websites,30,navigational,
email invites with rsvp free,30,commercial,
custom invitation online,30,commercial,
i am very happy dp,30,commercial,
reply for wedding invitation,350,commercial,
best free wedding planning websites,30,navigational,
easy wedding website builder,10,navigational,
wedding checklist planner,40,commercial,
companies to send your wedding invites to,40,commercial,
how to send online invitations,40,informational,
rsvp au,40,commercial,
free wedding reception checklist,10,commercial,
how long do you give people to rsvp,10,informational,
what to ask a wedding photographer,100,informational,
already married reception invitations,100,commercial,
wedding guest list excel template,200,commercial,
with joy reviews,20,informational,
luke and laura wedding song,20,commercial,
couples love dp,20,commercial,
do you need to send save the dates,20,commercial,
wedding website banner,30,navigational,
how long should you give people to rsvp,30,informational,
whats a custom domain,30,informational,
rosemary and co australia,20,commercial,
website welcome examples,100,navigational,
wedding.invitation,50,commercial,
creative wedding website,10,navigational,
li penman,10,commercial,
wedding app photos guests,10,commercial,
planning websites,10,navigational,
what is wedding stationary,10,informational,
how to address plus ones on wedding website,10,navigational,
formal attire dress code,40,commercial,
rsvp link creator,50,commercial,
wedding website sites,30,navigational,
invite with qr code,20,commercial,
how to mail wedding invitations,150,informational,
beautiful couples dp,10,commercial,
short wedding love stories,10,commercial,
ing wollongong,10,commercial,
what is a wishing well for wedding,10,informational,
the bridal company reviews,0,informational,
qr code save the date,60,commercial,
courtney love wedding dress,60,commercial,
what is save the date for wedding,20,informational,
kylie and jason wedding song,70,commercial,
rsvp invitation sample,10,commercial,
sophie labrosse,10,commercial,
save the date email invite,10,commercial,
weddinf checklist,20,commercial,
wedding ideas australia,20,commercial,
when do you send save the dates for a wedding,200,informational,
couple dp goals,0,commercial,
how to say no plus ones on wedding invitation,30,informational,
happily ever after party invitation,40,commercial,
create wedding cards,30,commercial,
scan qr code to rsvp,20,commercial,
banner self service xavier,20,commercial,
how to add to amazon registry,20,informational,
love story name generator,10,commercial,
invitation announcement,20,commercial,
jo.louise8,0,commercial,
so you said yes,0,commercial,
rebecca grace,50,commercial,
send invitation,50,commercial,
couples cute dp,20,commercial,
wedding registry minted,20,commercial,
weddingshop gift list,30,transactional,
jason sy,0,commercial,
evening do,50,commercial,
free e-invite with rsvp,40,commercial,
wedding planning in 6 months,20,commercial,
how to add amazon registry to invitation,20,informational,
wedding invitation schedule,10,commercial,
destination wedding invitation templates,10,commercial,
internet invites,10,commercial,
easy online rsvp,10,commercial,
scott dunn south africa,50,commercial,
bride to bee invitations,30,commercial,
bliss and bone wedding,10,commercial,
invite online rsvp,50,commercial,
couple best dp,20,commercial,
bernadette banner partner,30,commercial,
day of wedding planner checklist,40,commercial,
invitation to wedding,60,commercial,
wedding app for guests,60,commercial,
other words for save the date,60,commercial,
romantic couple dp,200,commercial,
telephone number format,250,commercial,
invitation link,30,commercial,
best app for rsvp,10,commercial,
wedding registration sites,40,commercial,
couple dp romantic,40,commercial,
dr. christopher love reviews,30,informational,
unique places to register for wedding,30,commercial,
happily ever after invitations,30,commercial,
hunter valley wedding celebrants,20,commercial,
canadian bridal magazines,10,commercial,
ecard invitation,200,commercial,
rsvp invites online,30,commercial,
what to say when posting wedding photos,30,informational,
order of a wedding,20,transactional,
wedding reception seating plan,20,commercial,
best wedding website design,30,navigational,
wedding planer,40,commercial,
classic wedding cars sydney,40,commercial,
wedding florist questions,30,commercial,
e invite with rsvp,150,commercial,
wedding gift registry sites,60,commercial,
online event invitations,50,commercial,
wedding wishing wells,100,commercial,
how to have a budget wedding,10,informational,
how to ask about dietary restrictions,10,informational,
6 months till wedding,10,commercial,
dp love,700,commercial,
can i edit minted website after initial setup,40,navigational,
create save the dates,100,commercial,
happy bee day invitations,0,commercial,
belinda briggs,0,commercial,
announcement save the date quotes for wedding,0,commercial,
i do bridal photos,10,commercial,
the bridal journey,10,commercial,
wedding gift canada,60,commercial,
junk vs spam,20,commercial,
laura sheppard,20,commercial,
wedding at adare manor,20,commercial,
the free website guys reviews,200,navigational,
how to add wedding registry to invitation,10,informational,
pretty checklist,20,commercial,
weddings in canada,20,commercial,
prevent emails from going to junk,10,commercial,
how to create rsvp in gmail,10,informational,
sane australia reviews,10,informational,
table planning wedding,10,commercial,
wedding planner book australia,150,commercial,
polk adelaide,0,commercial,
rebecca j only friends page,0,commercial,
wedding website url,30,navigational,
save a date,10,commercial,
best wedding website designs,50,navigational,
how to make a free wedding website,30,navigational,
table seating plan ideas,50,commercial,
where to send extra wedding invites,50,commercial,
how to ask for rsvp,50,informational,
photo wedding invitations online,20,commercial,
amazon wedding registry link,10,commercial,
love bridal,600,commercial,
wedding celebrant ballarat,0,commercial,
mrs smith weddings,0,commercial,
i do i do bridal photos,0,commercial,
wedding website cards,100,navigational,
just married sign,200,commercial,
sending wedding invitations,30,commercial,
places to send extra wedding invites,40,commercial,
planning a wedding abroad,20,commercial,
when do you send save the dates for weddings,10,informational,
how to create a wedding registry on amazon,20,informational,
nikah ka kagaj,20,commercial,
how to write phone number with country code,350,informational,
what is a save the date card,40,informational,
lovely weddings,30,commercial,
all in one invitation template,0,commercial,
wedding invitation wording money instead of gifts,0,commercial,
asking for money instead of wedding gifts,0,commercial,
when to send out save the dates for a wedding,50,informational,
how to save excel as pdf on mac,20,informational,
online wedding invitations templates,20,commercial,
tej anand,20,commercial,
wedding gift wishing well,10,commercial,
what to write for honeymoon fund,10,informational,
free website guys reviews,100,navigational,
online party invitations with rsvp,150,commercial,
invite for wedding,150,commercial,
online invitation maker with rsvp,100,commercial,
e wedding,30,commercial,
grace marriage hall,40,commercial,
how to attend a wedding on a budget,40,informational,
online email invitation maker,30,commercial,
need dates for a wedding,30,commercial,
money gift registry,20,commercial,
couples dp new,10,commercial,
love genrator,10,commercial,
cecil scarlett schwarz,50,commercial,
free online invitations with rsvp tracking,200,commercial,
response card wedding,200,commercial,
how long to give people to rsvp,20,informational,
marriage celebrants adelaide,30,commercial,
best dp for couples,40,commercial,
top wedding registry stores,30,navigational,
most customizable wedding website,30,navigational,
making wedding website,10,navigational,
indo canadian bus tracking,200,commercial,
rsvping yes,30,commercial,
free email invitation maker,30,commercial,
ido com,10,commercial,
dress code tema pantai,30,commercial,
randalls just for you,30,commercial,
dp for couples instagram,100,commercial,
how to rsvp to wedding,10,informational,
bride dp,10,commercial,
i login,250,navigational,
dp for love,600,commercial,
invitations e,100,commercial,
is jaclyn lee married,20,commercial,
thereas,80,commercial,
wedding welcome party invite,30,commercial,
ido bridal,30,commercial,
small wedding reception table layout,30,commercial,
dp couple dp,20,commercial,
grace loves,40,commercial,
wedding vendors checklist,30,commercial,
things to ask your wedding photographer,80,commercial,
registry thank you message,30,commercial,
wedding planning for beginners,30,commercial,
how to pronounce niamh,500,informational,
rsvp online website,10,navigational,
romance movie generator,10,commercial,
blake hall weddings,500,commercial,
casual wedding guest couple attire,60,commercial,
cameron blake canada,30,commercial,
how to save money on wedding,20,informational,
save the date alternative wording,20,commercial,
emily and josh wedding,20,commercial,
companies who respond to wedding invites,10,commercial,
destination wedding wording,0,commercial,
bringing a plus one,20,commercial,
wedding priority list,20,commercial,
lahore girls,450,commercial,
wedding registries online,90,commercial,
olivia nice dp,10,commercial,
nathan cecil,10,commercial,
app for yahoo dating,10,commercial,
destination wedding website examples the knot,0,navigational,
is do,100,commercial,
big w personalised,10,commercial,
easy wedding venues,30,commercial,
how to send electronic invitations,30,informational,
vanessa od,20,commercial,
how to ask for dietary restrictions,20,informational,
save the date calendar invite,20,commercial,
wedding photo hashtags,10,commercial,
rsvp photos,10,commercial,
please rsvp on our website wording,10,navigational,
creating a free wedding website,10,navigational,
how to make your own wedding invitations online free,10,informational,
save the date digital kostenlos,200,commercial,
zest mosman wedding,0,commercial,
who says grace at a wedding reception,0,commercial,
ben and emily wedding,10,commercial,
real wedding websites,20,navigational,
marriage celebrant adelaide,100,commercial,
how do you rsvp to an invitation,40,informational,
best personal wedding websites,20,navigational,
wedding rsvp with meal choice,20,commercial,
save the dates wedding when to send,20,informational,
wedding content creator,40,commercial,
hotmail login free,0,navigational,
wishing well wording examples,0,commercial,
wedding card design digital,90,commercial,
sy bröllopsklänning,20,commercial,
save the date for destination wedding wording,20,commercial,
how to rsvp wedding invitation,10,informational,
how to get a qr code from the knot,10,informational,
300 flinders car park,10,commercial,
custom rsvp website,10,navigational,
the knot invitations,800,commercial,
how to set up a qr code for rsvp,10,informational,
wedding vendor checklist,30,commercial,
find your table wedding ideas,30,commercial,
romantic stylish couple dp,40,commercial,
planning my wedding checklist,10,commercial,
limousine geelong,10,commercial,
how to make an rsvp qr code,50,informational,
cheapest way to do a wedding,20,commercial,
digital invitation card for marriage,20,commercial,
trouw website maken,40,navigational,
ai love generator,40,commercial,
katie lee wedding,10,commercial,
uk wedding gift amount,30,commercial,
australian wedding gift,30,commercial,
send electronic invitations,30,commercial,
save the date email example,80,commercial,
randalls app,10,commercial,
plan your own wedding checklist,10,commercial,
how to say you want money for wedding gift,10,informational,
wedding announcements online,90,commercial,
seat plan or sit plan,150,commercial,
dr laura simpler,20,commercial,
how to thank someone for rsvping,20,informational,
why was ben and holly cancelled,20,informational,
wedding qr code ideas,40,commercial,
destination wedding invitation examples,30,commercial,
dr simon briggs,60,commercial,
wedding website name,0,navigational,
bee day invitations,10,commercial,
how to set up a registry on amazon,10,informational,
high end wedding registry,10,commercial,
invitation websites with rsvp,60,navigational,
free invitation and rsvp tracker,90,commercial,
invitation rsvp online,90,commercial,
the wedding invitation,10,commercial,
dog wedding decorations,60,commercial,
the pretty perfect planner,60,commercial,
write me a story generator,30,commercial,
wed love,10,commercial,
3 months before wedding,0,commercial,
qr wedding invitations,0,commercial,
rsvp no to wedding,0,commercial,
how far out do you send save the dates,200,informational,
random story starter generator,20,commercial,
be our guest wedding invitations,40,commercial,
how to add registry to invitation,90,informational,
james courtney wife age,20,commercial,
save the date texts,10,commercial,
all in one invitation,10,commercial,
wwe gareth,10,commercial,
i do weddings for you,0,commercial,
celebrant mornington peninsula,0,commercial,
weddinf invitations,30,commercial,
best online invitations with rsvp free,70,commercial,
websites for wedding invitations,60,navigational,
best wedding grace,10,commercial,
tom ellis mariage,10,commercial,
how long for an rsvp response,10,informational,
rsvp design,60,commercial,
rsvp e invite,20,commercial,
email invite free,20,commercial,
marriage celebrant perth prices,20,transactional,
ido accounts,20,commercial,
wedding invitations information,20,commercial,
the wedding checklist,20,commercial,
wedding invite designs,30,commercial,
create free email invitations,30,commercial,
bowers builders,30,commercial,
one nz/getgoing,0,commercial,
online e wedding card,0,commercial,
that special day bridal reviews,0,informational,
how to ask for song requests on wedding invite,0,informational,
how to get a qr code on the knot,0,informational,
clarence house belmore nsw,0,commercial,
online rsvp management,10,commercial,
james briggs ltd,150,commercial,
ecards invitations,100,commercial,
wedding invite details,80,commercial,
wedding website services,20,navigational,
top table plan,70,commercial,
we do wedding,10,commercial,
claire and michael wedding website,30,navigational,
websites for wedding registry,30,navigational,
how to say unplugged ceremony,10,informational,
up dos for wedding,500,commercial,
greg bienvenue,10,commercial,
melissa campbell facebook,10,commercial,
e invitations with rsvp free,70,commercial,
joy wedding planning,20,commercial,
addresses to send extra wedding invitations,20,commercial,
nice couple dp,20,commercial,
wedding planner on a budget,20,commercial,
andrew penman,40,commercial,
they say i say online,30,commercial,
y say,0,commercial,
wedding photographer illawarra,10,commercial,
drinks reception wedding,30,commercial,
alternative wedding invitations,60,commercial,
top table who sits where,10,commercial,
save the date template word,150,commercial,
wedding planner folder,150,commercial,
sending wedding invitations to companies,50,commercial,
invitation and rsvp online,30,commercial,
peterborough taxi 247 peterborough,30,commercial,
big companies to send wedding invites to,20,commercial,
sad writing prompts generator,20,commercial,
elektronisk invitation,40,commercial,
smart bridal,30,commercial,
wedding planning checklist nz,30,commercial,
sarah peters,50,commercial,
planning a wedding in 6 months,50,commercial,
questions to ask a photographer for wedding,10,commercial,
dr sai au,10,commercial,
rsvp wedding reminder,10,commercial,
how to write plus one on invitation,10,informational,
couple sites,40,commercial,
how to create a wedding guest list,40,informational,
how to make a qr code for wedding pictures,60,informational,
guests,50,commercial,
qr code wedding program,30,commercial,
create custom email invitations,30,commercial,
s in rsvp,0,commercial,
i do events,0,commercial,
andrew ryan melbourne,0,commercial,
save the date kalender,10,commercial,
marriage event management list,300,commercial,
free invitation websites,60,navigational,
how to send wedding invites to companies,60,informational,
made with love cameron,20,commercial,
wedding planner book south africa,20,commercial,
how to rsvp online,10,informational,
digital invitations app,10,commercial,
wedding invitation customize online,10,commercial,
wedding planning schedule,20,commercial,
how to respond to a wedding invitation by text,150,informational,
yes i do bridal,0,commercial,
best photo sharing app for weddings,70,commercial,
rsvp for weddings,30,commercial,
fanfiction ideas generator,30,commercial,
why send save the dates,10,informational,
digital card invitation,150,commercial,
best wedding gift vouchers uk,100,commercial,
wedding save the date email template,50,commercial,
wedding things to do list,40,commercial,
12-month wedding timeline,70,commercial,
elise sutton website,10,navigational,
wedding cocktail attire couple,10,commercial,
luke and laura wedding,400,commercial,
einvitations,800,commercial,
isay log in,0,commercial,
ключ arma 3,0,commercial,
wedding prep checklist,20,commercial,
different types of wedding invitations,20,commercial,
moa zetterlund,20,commercial,
wedding checklis,20,commercial,
rsvp party,10,commercial,
wedding planner adelaide,60,commercial,
how to get a qr code for the knot,30,informational,
bride to be dp,0,commercial,
i'm happy dp,0,commercial,
zola wedding qr code,0,commercial,
tash and co,0,commercial,
invitation platforms,70,commercial,
send invitationer online,70,commercial,
molly dop,100,commercial,
we still do save the date,10,commercial,
how to save excel file,350,informational,
how much money to give at wedding canada,40,informational,
wedding invit,40,commercial,
places to send wedding invitations,150,commercial,
how to prevent emails going to junk,10,informational,
464 kent street,10,commercial,
collect rsvps online,10,commercial,
save the date examples for business events,10,commercial,
clever save the date,10,commercial,
maddy stylish name,10,commercial,
how to make wedding guest list,30,informational,
evite vs,30,commercial,
table arrangement wedding,20,commercial,
planning sat,80,commercial,
wedding guest book david jones,10,commercial,
when should wedding save the dates be sent,0,informational,
wedding inv,70,commercial,
questions for wedding photographers,20,commercial,
online table planner,30,commercial,
100 guest wedding reception layout,150,commercial,
wedding planner melbourne cost,30,commercial,
best compliments wedding invitation,10,commercial,
bespoke wedding invitations,200,commercial,
wedding invitations uk cheap,60,commercial,
invitations mariage,20,commercial,
wedding management website,50,navigational,
wedding planning tips on a budget,50,informational,
the wedding planner stream,10,commercial,
wedding website domain ideas,30,navigational,
easy weddings venues,30,commercial,
bowers fabrication,60,commercial,
wedding celebrant adelaide,100,commercial,
wedding website layout,30,navigational,
corona wedding venues,50,commercial,
table plan ideas for wedding,30,commercial,
australian wedding invitations,30,commercial,
cecil street south melbourne,100,commercial,
wedding. invitations,20,commercial,
online wedding planner jobs,200,commercial,
cute dp couple,10,commercial,
guestlist app,10,commercial,
how to organize wedding album,10,informational,
affordable wedding photographers,100,commercial,
katelyn elizabeth,150,commercial,
wedding evite examples,50,commercial,
life story generator,50,commercial,
the best wedding website,20,navigational,
wedding websites sample,20,navigational,
jackalope hotel wedding,20,commercial,
wedding invitation order online,20,transactional,
what drinks to serve at a wedding,20,informational,
dop campbell,20,commercial,
free rsvp system,20,commercial,
online e vite,30,commercial,
how to post wedding photos on instagram,30,informational,
best wedding invitations uk,60,commercial,
driftwood mantaray,150,commercial,
send out invites,30,commercial,
text save the dates,50,commercial,
this does that doing that,10,commercial,
rsvp date 3 months before wedding,10,commercial,
wedding invites wording,10,commercial,
popular places to register for wedding,10,commercial,
wedding checklist australia,300,commercial,
best wedding guest list manager,0,commercial,
websites for save the dates,30,navigational,
ashleigh campbell,30,commercial,
best e invitation sites,30,commercial,
mr and mrs wedding,60,commercial,
pencil us in save the dates,0,commercial,
dr rachael sheppard,10,commercial,
convert xls download mac,10,commercial,
i do i do bridal,80,commercial,
best cash fund wedding registry,60,commercial,
text message save the date,20,commercial,
how to do table seating for wedding,20,informational,
e-card invitation,90,commercial,
invites with rsvp,50,commercial,
rsvp alternative,20,commercial,
wishing well on invitation,20,commercial,
how to create wedding registry on amazon,20,informational,
plan wedding checklist,20,commercial,
how long to give people to rsvp to wedding,10,informational,
the couple app,10,commercial,
when to start planning wedding,10,informational,
dr khuzwayo,150,commercial,
digital does,0,commercial,
online wedding invitation ecards,0,commercial,
connelly management,30,commercial,
design a save the date,40,commercial,
make email invitations,30,commercial,
how can you avoid junk and spam e-mails?,10,informational,
m love m dp,10,commercial,
rutjens,0,commercial,
i've probably made a mistake in getting married,0,commercial,
mike conny,40,commercial,
sat manager,10,commercial,
all about wedding,90,commercial,
wedding countdown,20,commercial,
buy wedding invitations online,20,transactional,
love dp for couple,20,commercial,
family photos dp,20,commercial,
standard rsvp time for wedding,20,commercial,
personalised invitations online,100,commercial,
celebrants perth,60,commercial,
when to start wedding planning,40,informational,
how long should rsvp before wedding,30,informational,
story scene generator,30,commercial,
wedding response cards,300,commercial,
invitation on line,20,commercial,
customisable sa,80,commercial,
free online invitation maker with rsvp,40,commercial,
good places to register for wedding,40,commercial,
wedding planning guest list,20,commercial,
online table plan,10,commercial,
when to send out wedding invitations uk,70,informational,
invitations for free online,30,commercial,
rsvp canada,30,commercial,
loving dp,30,commercial,
how to rsvp to an invitation,50,informational,
amy lee wedding,20,commercial,
when i said i do,10,informational,
bridal registry sites,150,commercial,
our wedding planner,70,commercial,
wedding program qr code,30,commercial,
wedding planner near me,500,navigational,
the knot qr code,10,commercial,
niamh barrett,70,commercial,
link thumbnail,20,commercial,
keep the date,20,commercial,
amanda briggs,150,commercial,
wedding invitatuons,20,commercial,
invitation qr code,20,commercial,
a family wedding,20,commercial,
personalised invites online,30,commercial,
wedding seating chart maker,800,commercial,
wedding guest websites,30,navigational,
bridal party website,10,navigational,
dressy casual wedding attire male,30,commercial,
adelaide wedding planner,30,commercial,
what to include with wedding invitations,40,informational,
best app for wedding planning,40,commercial,
free invitation with rsvp,70,commercial,
how to ask how many guests will attend wedding,60,informational,
any dietary requirements,60,commercial,
wedding and rsvp invitations,10,commercial,
couples cocktail attire,10,commercial,
how to make your own save the dates,80,informational,
sam ashleigh,20,commercial,
invitation to a wedding,40,commercial,
electronic invite with rsvp free,50,commercial,
st george's hall liverpool wedding,150,commercial,
common faq,20,commercial,
our story the knot examples,20,commercial,
create wedding invitations online free,20,commercial,
app couple,20,commercial,
order for wedding reception,20,transactional,
best online invitation sites with rsvp,40,commercial,
online invitation card for marriage,40,commercial,
wedding banner,100,commercial,
we do weddings,10,commercial,
wedding priorities,10,commercial,
big w guest book,10,commercial,
table list for wedding,40,commercial,
how to talk to a real person,20,informational,
mikayla jade,50,commercial,
who to send extra wedding invites to,60,commercial,
wedding gift wish list,10,commercial,
wedding rsvp form,30,commercial,
dop planering,20,commercial,
save the date another name,20,commercial,
create online invitations with rsvp,20,commercial,
andrew grace,20,commercial,
wedding invitations melbourne,200,commercial,
wedding planner america,10,commercial,
falconer printing,10,commercial,
amy barlow age,10,commercial,
low budget wedding plan,10,commercial,
paper used for wedding invitations,10,commercial,
rsvp only,40,commercial,
dimension cover,20,commercial,
how to create qr code for invitation,10,informational,
edit your wedding,60,commercial,
where to do wedding registry,60,commercial,
beautiful weddings australia,0,commercial,
what is wishing well wedding,20,informational,
anniversary website templates,40,navigational,
love story plots,40,commercial,
electronic invitations via text,40,commercial,
table planning,50,commercial,
create wedding color palette,90,commercial,
free online wedding announcements,10,commercial,
fun things to include in wedding invitations,10,commercial,
no wedding gifts wording,10,commercial,
wedding checklist ireland,150,commercial,
chloe and jordan wedding,0,commercial,
wedding invittions,40,commercial,
random short story generator,60,commercial,
best cash registry for wedding,70,commercial,
the wedding invites,200,commercial,
melissa barlow age,20,commercial,
save the date cards online,150,commercial,
adam hall builders,0,commercial,
free rsvp invites,500,commercial,
fanfic plot generator,40,commercial,
electronic invites via text,40,commercial,
adelaide celebrants,30,commercial,
professional wedding guest,20,commercial,
attire dress code invitation,10,commercial,
wishing well invitation,10,commercial,
marriage planning,100,commercial,
katie and tom wedding,10,commercial,
how to include registry on wedding invitation,10,informational,
jaclyn sutton,10,commercial,
up dos for a wedding,10,commercial,
how to rsvp no to a wedding,10,informational,
free website for invitations,30,navigational,
rsvp me,50,commercial,
best online invitation sites,100,commercial,
example wedding websites,30,navigational,
online wedding planner app,30,commercial,
affordable wedding venues minneapolis,80,commercial,
very happy dp,0,commercial,
meelup farmhouse accommodation,10,commercial,
amazing grace wedding venue,10,commercial,
chuffed reviews,10,informational,
best online invite with rsvp,50,commercial,
best wedding planner website,30,navigational,
best wedding planner websites,30,navigational,
plotline generator,50,commercial,
evening wedding invitations,450,commercial,
registry websites wedding,20,navigational,
hudson's bay registry,0,commercial,
rsvp in wedding invitation,30,commercial,
wedding invitation services,30,commercial,
we can.doo,30,commercial,
who is lee khuzwayo,30,commercial,
event rsvp website free,80,navigational,
invitations digital,150,commercial,
do you have any dietary requirements,30,commercial,
wedding guest invitation,40,commercial,
wedding blog uk,20,commercial,
rsvp to wedding invite,10,commercial,
weeding day,10,commercial,
digital invites with rsvp,300,commercial,
wedding invite simple,20,commercial,
wedding seating list,20,commercial,
wedding ceremony schedule,20,commercial,
send an e invite,30,commercial,
e invite rsvp,20,commercial,
personalised wedding invitations,500,commercial,
kate mccarthy partner,200,commercial,
free rsvp website for party,100,navigational,
dr gina sam emma,450,commercial,
electronic invitations with rsvp tracking,10,commercial,
grace lee wedding,10,commercial,
funny wedding story examples,10,commercial,
how to ask for dietary restrictions on rsvp card,10,informational,
couple dp cute,10,commercial,
wedding to do list nz,10,commercial,
how to remind guests to rsvp,40,informational,
ultimate wedding planning guide,40,informational,
wedding rsvp with food selection,0,commercial,
love bridal jacksonville,60,commercial,
the bay gift registry,70,commercial,
wedding sign,800,commercial,
how to mail invitations,20,informational,
top 10 matrimonial sites in canada,20,commercial,
email wedding save the dates,20,commercial,
best electronic invitation sites,30,commercial,
amazon wedding registry,200,commercial,
text invitations with rsvp,70,commercial,
types of wedding invitations,70,commercial,
cute couples dp,0,commercial,
beautiful couple dp,0,commercial,
most popular wedding registry stores,10,navigational,
rsvp song request,0,commercial,
wedding packages templates,20,commercial,
rsvp sample wedding invitation,20,commercial,
prezola wedding list,20,commercial,
wedding sign templates,20,commercial,
evite invitations with rsvp,60,commercial,
how much does it cost to get your ps sa,90,informational,
an organised life wedding planner,0,commercial,
grace sai,50,commercial,
guest list manager,60,commercial,
oli barrett,30,commercial,
lucy li dp,90,commercial,
rasvp,50,commercial,
we still do wedding invitations,20,commercial,
company addresses for wedding invitations,60,commercial,
couple photos for dp,10,commercial,
tom and katie wedding,10,commercial,
katie sarah adelaide,10,commercial,
how do you create a registry on amazon,10,informational,
lauren hall wedding,10,commercial,
melissa megan platform,0,commercial,
fun wedding website names,0,navigational,
wedding content creation,150,commercial,
plan seating,20,commercial,
free web invitations,20,commercial,
customized wedding websites,20,navigational,
wedding invitations styles,30,commercial,
what do you put on your wedding registry,30,informational,
wishing well weddings,40,commercial,
wedding day of stationery,40,commercial,
design wedding invitations for free,0,commercial,
l love you dp,0,commercial,
vintage wedding websites,90,navigational,
best wedding planning tools,800,commercial,
special link,40,commercial,
how to get rsvp responses online,80,informational,
niamh ryan,20,commercial,
big w town hall reviews,20,informational,
best event rsvp website,70,navigational,
cecil street,150,commercial,
wedding jonathan scott wife,150,commercial,
emily and patrick wedding,10,commercial,
wedding website urls,10,navigational,
wedding invite info,30,commercial,
how much does a wedding planner make,250,informational,
marriage banner editing,250,commercial,
couplr app,100,commercial,
how does a wishing well work at a wedding,30,informational,
how to send an online invitation,20,informational,
weding invitation,30,commercial,
rebecca anne designs,30,commercial,
free wedding reception venues,30,commercial,
marriage invitations,40,commercial,
wedding ceremony love story examples,10,commercial,
dietary requirement options,10,commercial,
things to put on your wedding registry,10,commercial,
chloe digital,10,commercial,
wedden app,20,commercial,
invitations website,40,navigational,
niamh how to pronounce,40,informational,
best wedding planning app,80,commercial,
top table wedding plan,100,commercial,
cakewalk themes,30,commercial,
best free wedding planning app,30,commercial,
best printed invitations,30,commercial,
order of program for wedding reception,50,transactional,
very nice couple,30,commercial,
google invite rsvp,200,commercial,
wedding incitations,50,commercial,
wedding organiser book,60,commercial,
online invite with rsvp free,20,commercial,
qr code invitation rsvp,30,commercial,
michael penman,20,commercial,
i am rsvping,20,commercial,
just say yes,80,commercial,
i hate happy couples,150,commercial,
wedding invitations to companies,80,commercial,
honeymoon registry wording,40,commercial,
wedding rsvp by,10,commercial,
dates on wedding invitations,10,commercial,
best free couple app,10,commercial,
wedding funding sites,10,commercial,
amanda and kyle wedding photos,10,commercial,
digital seating chart wedding,150,commercial,
venue layout for wedding,40,commercial,
rsvp creator free,80,commercial,
dr penman,20,commercial,
sy brudklänning,20,commercial,
wedding cards website,20,navigational,
save the date ideas online,20,commercial,
grace at a wedding reception,10,commercial,
melissa and andrew wedding,10,commercial,
matt and nat customer service,10,commercial,
m dp love,10,commercial,
i hate my love dp,10,commercial,
welcome party program,0,commercial,
cheap wedding invitations online,0,commercial,
rsvp by phone or text,0,commercial,
free online event rsvp,60,commercial,
wedding invitation online making,20,commercial,
how to serve soft drinks at a wedding,20,informational,
website for wedding invitation,30,navigational,
wedding program south africa,10,commercial,
we do sign,10,commercial,
how much are wedding invitations,10,informational,
wedding welcome statement examples,20,commercial,
freelance photographers melbourne,60,commercial,
jason theme song ch ch ch,0,commercial,
bruiloft app,40,commercial,
invitation virtual,40,commercial,
save the date wedding email template,40,commercial,
wedding planning to do,20,commercial,
wedding songs new,20,commercial,
wishing well for weddings,20,commercial,
chelsea town hall wedding cost,150,commercial,
online party invitations with rsvp free,60,commercial,
best wedding registrys,10,commercial,
kyle's wedding,0,commercial,
free to date,500,commercial,
sit plan,250,commercial,
rsvp cards,150,commercial,
wedding websites domain name,20,navigational,
google forms wedding rsvp,40,commercial,
dr rebecca dunn,30,commercial,
wedding stationery,30,commercial,
welcome party wedding,250,commercial,
12 month wedding timeline,40,commercial,
how to create qr code for wedding photos,40,informational,
do you say rsvp to or rsvp at,10,commercial,
invitations online australia,30,commercial,
online invitation design,100,commercial,
reply on wedding invitation,100,commercial,
wedding signage templates,50,commercial,
how early do you send save the dates,200,informational,
virtual invitation card,100,commercial,
different form,30,commercial,
digital wedding card price,30,transactional,
planner bee review,10,informational,
wedding on a budget tips,10,informational,
online wedding registry sites,10,commercial,
online wedding invitation cards for friends,10,commercial,
rsvp no,70,commercial,
canadian weddings,20,commercial,
melissa campbell,80,commercial,
pros and cons of eloping,200,commercial,
vicky pattison wedding dress,150,commercial,
matt and rachel wedding,10,commercial,
laura ashley canada,1400,commercial,
wedding invitatikns,20,commercial,
m on wedding rsvp,20,commercial,
how to make e invites,60,informational,
made with love bridal,250,commercial,
at home wedding ideas on a budget,400,commercial,
rsvp event website,100,navigational,
invations,30,commercial,
interactive invitation,40,commercial,
how to make digital invitations,450,informational,
how to come up with wedding hashtag,10,informational,
wording for destination wedding invitations,10,commercial,
how to say thank you for rsvping,10,informational,
wedding invitaion,100,commercial,
best e invite sites,50,commercial,
wedding apps,20,commercial,
conference save the date examples,20,commercial,
wedding gift amount uk,30,commercial,
laura ashley online australia,40,commercial,
shelley jones,30,commercial,
melbourne wedding registry,100,commercial,
invite with rsvp,60,commercial,
wedding celebrant mornington peninsula,0,commercial,
paper invite,50,commercial,
how to ask guests to rsvp,10,informational,
paper use for invitation,10,commercial,
what are save the dates for,10,informational,
how to assign tables at wedding,10,informational,
wedding organization,40,commercial,
hannah b,80,commercial,
reception only invitations,350,commercial,
wedding attire explained,50,commercial,
i said,150,commercial,
table seating arrangements,30,commercial,
wedding invitation wording samples,20,commercial,
what information to put on wedding invitation,20,informational,
grace at wedding reception,10,commercial,
rsvp invites,100,commercial,
online invited,40,commercial,
the wedding planner,70,commercial,
online rsvp with meal choice,10,commercial,
what paper is used for invitations,10,informational,
new couples dp,10,commercial,
weddingwire wedding websites,10,navigational,
how to keep track of rsvps,10,informational,
wedding website link ideas,0,navigational,
what to say to a couple getting married,100,informational,
wedding website designers,30,navigational,
best sites for wedding registry,30,commercial,
define rsvp,100,commercial,
pullman palm cove wedding,0,commercial,
say i do episodes,0,commercial,
lolly co,0,commercial,
best free couples app,100,commercial,
event website with rsvp,100,navigational,
wedding invitations ideas,100,commercial,
lolly reviews,150,informational,
lauren courtney,10,commercial,
online wedding card maker free,150,commercial,
format cover,30,commercial,
free evite save the date,40,commercial,
save the date electronic cards,0,commercial,
does the knot have digital invitations,0,commercial,
in love weddings,0,commercial,
free party rsvp website,150,navigational,
wedding invitations sites,20,commercial,
italy wedding invitations,60,commercial,
wedding banner designs,20,commercial,
australia weddings,20,commercial,
where to have a wedding registry,10,commercial,
wedding reception only invitations,150,commercial,
marriage dp images,10,commercial,
supper room melbourne town hall,10,commercial,
truly engaging save the dates,150,commercial,
remember to rsvp,30,commercial,
what comes after a wedding,30,informational,
master wedding checklist,30,commercial,
customizable wedding websites,30,navigational,
where to have wedding registry,10,commercial,
rsvp tool,60,commercial,
tracey hannah,10,commercial,
molly and callum,100,commercial,
how to use rsvp,30,informational,
seating plan for wedding ceremony,40,commercial,
free electronic invitations with rsvp tracking,40,commercial,
save the date with rsvp,50,commercial,
good companies to send wedding invites to,50,commercial,
minted website wedding,80,navigational,
what are the different form of,30,informational,
questions for a wedding photographer,30,commercial,
adelaide celebrant,30,commercial,
south jordan wedding venues,60,commercial,
the knot bridal registry,200,commercial,
making save the dates,30,commercial,
qr code for invitation,50,commercial,
best place for wedding invitations,80,commercial,
best wedding invitation site,10,commercial,
virtual.invitations,10,commercial,
danielle kirsty,600,commercial,
best rsvp website for events,60,navigational,
rsvp.,100,commercial,
best party rsvp website,20,navigational,
what all to include in wedding invitations,20,informational,
wedding invitation date,20,commercial,
free invite with rsvp,350,commercial,
make your own save the date,60,commercial,
online wedding invitations uk,200,commercial,
how to start planning a wedding on a budget,10,informational,
emily and david wedding,10,commercial,
what companies to send wedding invitations to,10,informational,
6 months to plan a wedding,10,commercial,
invitations to a wedding,10,commercial,
celebrants adelaide,90,commercial,
weddin invitations,20,commercial,
eloping pros and cons,30,commercial,
wedding website cover photo,0,navigational,
paper used in wedding invitations,10,commercial,
up dos for wedding guest,0,commercial,
cheap celebrant,60,commercial,
countdown to wedding,150,commercial,
free invites via email,10,commercial,
planning a low budget wedding,10,commercial,
ido,700,commercial,
fill in wedding invitations,30,commercial,
conto alla rovescia matrimonio,30,commercial,
dr barquin,40,commercial,
wedding invites for evening guests,20,commercial,
common faq questions,20,commercial,
best site for wedding invitations,60,commercial,
online indian wedding invitation website free,10,navigational,
niamh designs,10,commercial,
nice dp couple,10,commercial,
ashley and john wedding website,10,navigational,
online rsvp system,150,commercial,
rsvp creator,150,commercial,
ing australia refer a friend,0,commercial,
rsvp wedding cards,70,commercial,
best companies to invite to your wedding,60,commercial,
what to put on a save the date card,20,informational,
definition of formal attire for a wedding,20,commercial,
david's bridal affiliate program,20,commercial,
the knot q and a examples,40,commercial,
corporate save the date examples,30,commercial,
dr mark courtney,30,commercial,
e card invitation,200,commercial,
acceptance wedding invitation,150,commercial,
response to rsvp yes,40,commercial,
online free evites,20,commercial,
free customizable wedding websites,20,navigational,
custom digital,20,commercial,
marriage email to manager,20,commercial,
dp romantic couple,10,commercial,
how long to rsvp,10,informational,
dr melissa bowers,10,commercial,
places to do wedding registry,10,commercial,
e invite sites,10,commercial,
registry office wedding adelaide,30,commercial,
free wedding planner template,50,commercial,
clear wedding invitations,80,commercial,
bilingual wedding ceremony,10,commercial,
zola website qr code,10,navigational,
what to do with your wedding photos,10,informational,
how to create an amazon wedding registry,10,informational,
is bernadette peters currently married?,10,commercial,
marriage invitation reply,150,commercial,
party website rsvp,150,navigational,
wedding invitation online design,10,commercial,
ido portal,10,commercial,
cecil st south melbourne,10,commercial,
free guest list app,20,commercial,
ben labrosse,100,commercial,
day of wedding stationery,50,commercial,
best sites for wedding invitations,30,commercial,
pamela soo,250,commercial,
ne66 3dz,10,commercial,
wedding registry adelaide,40,commercial,
up do for wedding guest,40,commercial,
save the date upload your own design,10,commercial,
rsvp on wedding invitation,150,commercial,
cover sizes,30,commercial,
laura sutton,50,commercial,
best places to send extra wedding invitations,20,commercial,
lee khuzwayo net worth,20,commercial,
wedding save the dates when to send,20,informational,
rsvp graphic,40,commercial,
wedding invitations australia,1000,commercial,
how does a wedding registry work,200,informational,
electronic invitations with rsvp free,90,commercial,
free online invitations via text,10,commercial,
change the date,10,commercial,
create free rsvp link,90,commercial,
cheap wedding invitations with rsvp,350,commercial,
paperless invites with rsvp,60,commercial,
invitations email,100,commercial,
e invites with rsvp free,20,commercial,
jonathan and charlotte married,10,commercial,
laura jamie,0,commercial,
design your own wedding invitations,60,commercial,
how to say no plus ones on invitation,20,informational,
with best compliments from in invitation,20,commercial,
personalized wedding planner book,40,commercial,
hannah cecil,90,commercial,
rsvp party website,50,navigational,
amy catherine robbins,200,commercial,
create wedding palette,10,commercial,
evites for weddings,20,commercial,
what goes on wedding invitations,60,informational,
rsvp for multiple events,0,commercial,
registry note for honeymoon fund,0,commercial,
master builders dee why,0,informational,
5 friends pics,0,commercial,
w love dp,0,commercial,
threads bridal,0,commercial,
dr lucy ryan,30,commercial,
free online e invitations,90,commercial,
planning your wedding,90,commercial,
emma budget planner,50,commercial,
wedding invitation example,40,commercial,
styles of wedding invitations,40,commercial,
shirley street byron bay,80,commercial,
short monetary gift wording,10,commercial,
chris and emily wedding,10,commercial,
emily barlow,200,commercial,
thanks for marriage invitation,200,commercial,
the knot wedding registry search,400,commercial,
adelaide junk co,0,commercial,
top table seating at wedding,0,commercial,
j love a dp,0,commercial,
invite e,20,commercial,
accommodation laura sa,20,commercial,
wedding pic,40,commercial,
belinda barrett,0,commercial,
how to collect rsvps online,150,informational,
day of stationery wedding,50,commercial,
best online rsvp,50,commercial,
places to register for wedding,350,commercial,
wedding banners,30,commercial,
wedding details page,20,commercial,
wedding website background,20,navigational,
why does michael scott hate toby,20,informational,
social media for weddings,10,commercial,
when should rsvp be due for bridal shower,10,informational,
simple wedding invitation,300,commercial,
site visibility,100,commercial,
wedding gift sites,30,commercial,
wedding rsvp template,250,commercial,
marriage planner,10,commercial,
best zola wedding website examples,40,navigational,
how to announce a date change for an event,10,informational,
invitee list,10,commercial,
how to plan a wedding in 6 months,250,informational,
connelly builders,30,commercial,
the wedding app,10,commercial,
share icon iphone,80,commercial,
rsvp website for party,100,navigational,
rsvp service,200,commercial,
online gift list,50,commercial,
digital invitation design,70,commercial,
molly little dp,80,commercial,
send invitations,100,commercial,
best digital wedding planner,40,commercial,
marriage registry melbourne,450,commercial,
invite and rsvp online,20,commercial,
jonny und laura,450,commercial,
afternoon wedding reception,10,commercial,
do's,100,commercial,
wedding invites nz,30,commercial,
cakewalk free,30,commercial,
say list,20,commercial,
save the date create online,20,commercial,
websites for invitations,40,navigational,
wedding planned,40,commercial,
free electronic invitations with rsvp,300,commercial,
invite wedding,50,commercial,
dologin,80,navigational,
wedding dan campbell wife holly,80,commercial,
how far in advance to book wedding venue,200,informational,
wedding thank you cards canada,80,commercial,
how to word save the dates,10,informational,
wedding +1,10,commercial,
another thing that i was really impressed,10,commercial,
april and matthew wedding,10,commercial,
money registry wedding,10,commercial,
ai wedding,100,commercial,
rsvp management,150,commercial,
e card wedding,30,commercial,
wedding registry websites for cash,40,navigational,
.wedding domains,70,commercial,
find a wedding gift list,10,commercial,
easy wedding checklist,20,commercial,
best wedding planner app,20,commercial,
best online invites with rsvp,20,commercial,
sarah anne labrosse,40,commercial,
amy and chris wedding,20,commercial,
chrysler 300c super stretch,10,commercial,
courtney bowers,20,commercial,
cute websites for couples,20,navigational,
best wedding websites 2022,20,navigational,
story starter generator for adults,20,commercial,
songs for newlyweds,10,commercial,
giftregistry,10,commercial,
free wedding planning templates,200,commercial,
best virtual invitations,60,commercial,
farren briggs,0,commercial,
e wed,0,commercial,
invitations with rsvp online,0,commercial,
mélissa ben couple,30,commercial,
save dates,100,commercial,
fanfic story generator,40,commercial,
wedding order of events,20,transactional,
different wedding dress codes,20,commercial,
how to stop certain emails from going to junk,20,informational,
how to write love story,10,informational,
romantic couple hand pics for dp,10,commercial,
patrick and emily wedding,10,commercial,
shooting mariage,20,commercial,
invitations through email,0,commercial,
tropical nites port douglas,90,commercial,
table map wedding,10,commercial,
making wedding invitation online,20,commercial,
custom wedding planner book,40,commercial,
beautiful wedding websites,40,navigational,
when do jess and nick get together,30,informational,
rsvp wedding invite,50,commercial,
say i do movie,0,commercial,
where to send extra wedding invitations,100,commercial,
the knot thank you cards,200,commercial,
where to make save the dates,50,commercial,
wedding checklist nz,80,commercial,
how to mail out wedding invitations,20,informational,
google forms for wedding rsvp,40,commercial,
mr and mrs wedding questions,20,commercial,
company addresses to send wedding invites to,20,commercial,
big w bride,10,commercial,
made with love bridal uk,10,commercial,
wedding invi,70,commercial,
create online rsvp,10,commercial,
junk mail south africa,30,commercial,
how to create a save the date invitation,30,informational,
talk to real person,50,commercial,
rsvp reminder email,50,commercial,
love story page,20,commercial,
wedding services,30,commercial,
email invitation sites,10,commercial,
pros of eloping,10,commercial,
whats a rsvp,150,informational,
tietheknot.com wedding website,10,navigational,
save the date via text,10,commercial,
sarah smart,150,commercial,
what to write on a wedding gift,20,informational,
cute wedding invitations,20,commercial,
wedding invitations all in one,100,commercial,
app for invitations,200,commercial,
e invitation cards,20,commercial,
happy planner nz,20,commercial,
simple wedding set up,20,commercial,
.do,20,commercial,
paperless wedding invitations uk,10,commercial,
wedding planner website free,30,navigational,
best free wedding website builder,100,navigational,
you said we did template,200,commercial,
wedding venues corona,30,commercial,
save the date back,60,commercial,
best rsvp app,60,commercial,
qr code hochzeit,100,commercial,
registry.,30,commercial,
how to do invitations,80,informational,
invitation digital,200,commercial,
you can rsvp with a click,20,commercial,
how to put no plus one on wedding invitation,20,informational,
george shelley partner,30,commercial,
hannah barlow,60,commercial,
with love app,100,commercial,
aravina estate accommodation,50,commercial,
reie,10,commercial,
lucy natasha wedding,10,commercial,
customised wedding cards online,10,commercial,
free wedding planner app,10,commercial,
wedding announcement online,20,commercial,
things to ask a wedding photographer,20,commercial,
wedding invitation card design online,250,commercial,
friends couple dp,0,commercial,
zola wedding page,0,commercial,
the wedding guest,300,commercial,
indo s.a.,60,commercial,
find wedding registries,60,commercial,
hand made with love,20,commercial,
seating chart for small wedding,20,commercial,
invite rsvp,150,commercial,
budget wedding venues melbourne,100,commercial,
the chloe kyle photos,10,commercial,
the wedding plan and company,10,commercial,
dr shelley jones,10,commercial,
phoebe and mitch,0,commercial,
weddings australia,20,commercial,
shirley st byron bay,30,commercial,
sending invites,30,commercial,
rsvp text example,200,commercial,
wedding website pictures,20,navigational,
guest app,50,commercial,
natasha nice kylie page,60,commercial,
things to think about for a wedding,20,commercial,
what to say to a wedding couple,40,informational,
how to write a wedding program in order,30,transactional,
date change announcement,0,commercial,
alice and olivia canada,250,commercial,
marriage registry adelaide,90,commercial,
electronic invitations upload own design,20,commercial,
david and patrick wedding,10,commercial,
.do website,10,navigational,
what to put on your wedding invitation,30,informational,
book starter generator,30,commercial,
how to save money planning a wedding,30,informational,
how to invite b list to wedding,30,informational,
guest list for party,30,commercial,
spreadsheet list,30,commercial,
free invitation sites,40,commercial,
creative save the date cards,40,commercial,
katie and peter wedding,80,commercial,
wedding invites rsvp,70,commercial,
oli couple,100,commercial,
rsvp search,300,commercial,
snohomish wedding dress,20,commercial,
jones road chardonnay,20,commercial,
wedding registry on invitation,20,commercial,
party planner,100,commercial,
bridal would she rather questions,30,commercial,
design wedding invitations free,20,commercial,
adelaide town hall wedding,40,commercial,
registry wedding adelaide,40,commercial,
party rsvp app,80,commercial,
is vicky pattison married,150,commercial,
wedding invitations with rsvp uk,50,commercial,
wedding search engine,300,commercial,
modern save the date wedding,250,commercial,
personalised wedding guest book,300,commercial,
wedding blogs uk,50,commercial,
affordable wedding invitations,30,commercial,
wedding olanning,40,commercial,
weddingwire website examples,40,navigational,
evite websites free,40,navigational,
mr & mrs wedding sign,40,commercial,
custom wedding seating chart,80,commercial,
zola wedding website templates,100,navigational,
free wedding venues melbourne,60,commercial,
wedding venues melbourne cheap,100,commercial,
best online invitation,50,commercial,
wedding invitations card,30,commercial,
traditional wedding seating,20,commercial,
dietary restrictions question,20,commercial,
withjoy qr code,20,commercial,
digital wedding invitation maker,40,commercial,
adelaide wedding celebrant,30,commercial,
wellnow virtual visit,200,commercial,
free wedding reception layout tool,30,commercial,
brenda song wedding pictures,200,commercial,
free event rsvp site,150,commercial,
enemies to lovers plot generator,10,commercial,
to do list mariage,10,commercial,
save the date how far in advance,40,informational,
unique links,30,commercial,
money registry,30,commercial,
free couple app,30,commercial,
jason michael handy,20,commercial,
rsvp on wedding website wording,10,navigational,
what to put on wedding invites,10,informational,
how to thank someone for rsvp,10,informational,
our place wedding registry,0,commercial,
guest manager login,0,navigational,
best compliments in invitation,30,commercial,
are chloe and toby still together,20,commercial,
couple to do list app,10,commercial,
i do (wedding song),0,commercial,
scrolling wedding cards,30,commercial,
elegant wedding websites,30,navigational,
best companies to send wedding invitations to,30,commercial,
best registry for wedding,20,commercial,
toby heaps,40,commercial,
ai wedding planner,250,commercial,
table seating wedding ideas,20,commercial,
best electronic invitations free,20,commercial,
do you include and guest on save the dates,10,commercial,
wedding attire invitation wording,0,commercial,
what is save the date wedding,0,informational,
big w party invitations,150,commercial,
plan wedding ceremony,40,commercial,
if someone invites you to their wedding how to reply,60,informational,
online invitation service,60,commercial,
they say i say free,20,commercial,
fully customizable wedding website,20,navigational,
send free invitations online,20,commercial,
how to respond to wedding invitation,20,informational,
dan ryan partner,20,commercial,
free wedding planner website,20,navigational,
to do list couple,30,commercial,
stores with wedding registry,30,navigational,
april and ethan wedding,0,commercial,
on your wedding day reviews,0,informational,
cecil tracey,70,commercial,
best wedding registry stores,100,navigational,
isay pay,40,commercial,
love admin,40,commercial,
best electronic invite,20,commercial,
she mastered it invitations,10,commercial,
how to introduce parents at wedding reception,10,informational,
vanessa sheppard,10,commercial,
save the dates with calendar,30,commercial,
send invite via text free,10,commercial,
sam kerry,10,commercial,
online wedding invitations maker,10,commercial,
e-invitation card,10,commercial,
wedding gift registry amazon,0,commercial,
what to say when someone invites you to their wedding,10,informational,
how do i say,10,informational,
print wedding invites online,20,commercial,
photographer newcastle nsw,10,commercial,
digital invatation,20,commercial,
wedding invitation invite,20,commercial,
shelley barlow,400,commercial,
niamh pronounced,10,commercial,
rsvp means,10,commercial,
www.hotmail.com.au sign in,90,commercial,
make wedding announcements,30,commercial,
how to come up with a wedding hashtag,100,informational,
is a wedding planner worth it,150,commercial,
invitation cards online,20,commercial,
online rsvp link,20,commercial,
rsvp guest list,30,commercial,
best company to send wedding invites to,40,commercial,
evite save the date wedding,40,commercial,
basic wedding checklist,10,commercial,
saying about planning,10,commercial,
free evites,10,commercial,
cash gift wedding registry,10,commercial,
wedding lay out,30,commercial,
amanda kirby,250,commercial,
molly barlow,60,commercial,
made with luv bridal,100,commercial,
rsvp free link,50,commercial,
how long do weddings go for,50,informational,
invitations to wedding,20,commercial,
my joy wedding website,30,navigational,
planning and design pty ltd,70,commercial,
samantha barlow,100,commercial,
zola create wedding website,0,navigational,
how many places to register for wedding,20,informational,
how much money does mrs rachel make,200,informational,
wedding registry for experiences,10,commercial,
quirky cottage st andrews,10,commercial,
sarah cute dp,10,commercial,
custom sai,20,commercial,
od melbourne,200,commercial,
hana checklist,0,commercial,
best free rsvp apps,70,commercial,
premier inn ayrshire,80,commercial,
wedding guest make up,50,commercial,
what to drink at a wedding,20,informational,
wedding top table order,60,transactional,
rsvp party decor,10,commercial,
how to create a bridal shower registry on amazon,10,informational,
wedding directory websites,150,navigational,
design wedding announcements,30,commercial,
wedding invitationss,0,commercial,
bridal room decoration,10,commercial,
invitation for weddings,20,commercial,
what to say on rsvp for wedding,10,informational,
weding invites,30,commercial,
emma bowers,30,commercial,
emily anne designs,0,commercial,
potters reception accommodation,0,commercial,
canadian tire wedding registry,30,commercial,
types of wedding invites,40,commercial,
katie bowers,100,commercial,
rsvp reminder email wording,20,commercial,
where to wedding registry,10,commercial,
what is rspv,70,informational,
create your own evite free,30,commercial,
custom online invitations with rsvp,30,commercial,
wedding guest list ideas,40,commercial,
dp i hate love,10,commercial,
zola wedding sites,10,commercial,
easy up do for wedding guest,10,commercial,
laura ashley australia online,10,commercial,
cheap wedding celebrant,70,commercial,
wedding planners australia,20,commercial,
assigned table seating,20,commercial,
how to tell people to rsvp,10,informational,
stores for wedding registry,150,navigational,
uk wedding blogs,20,commercial,
best wedding cash registry,20,commercial,
google rsvp,20,commercial,
how to send an electronic invitation,30,informational,
best way to make a wedding guest list,30,commercial,
david jones wedding,30,commercial,
digital print wedding invitations,10,commercial,
alice mackey,10,commercial,
wedding seating chart sign,30,commercial,
dr melissa barrett,30,commercial,
best wedding seating chart app,30,commercial,
diy wedding checklist,40,commercial,
how do you rsvp for an event,100,informational,
j connelly,80,commercial,
melissa and toby,60,commercial,
melissa justin,20,commercial,
dp hue reviews,20,informational,
what to organise for a wedding,20,informational,
save the date with dog,20,commercial,
mail wedding invitations,30,commercial,
guest list ideas,30,commercial,
invitation design examples,30,commercial,
sending companies wedding invites,30,commercial,
best rsvp site,10,commercial,
rsvp charlotte,700,commercial,
rachel and mike wedding,10,commercial,
are chris and katie still together,10,commercial,
how to say plus ones are welcome,10,informational,
invite wedding card,10,commercial,
online rsvp wedding wording,10,commercial,
wedding reception layout tool,100,commercial,
tash and andrew,150,commercial,
invitation rsvp website,150,navigational,
rsvp response examples,350,commercial,
rsvp tool free,90,commercial,
wedding e card,30,commercial,
wedding journey,20,commercial,
randalls management,0,commercial,
best wedding planner book 2024,20,commercial,
best registries for wedding,20,commercial,
you're invited card,20,commercial,
custom wedding invitations australia,40,commercial,
custom seating chart wedding,90,commercial,
partecipazioni matrimonio digitali,350,commercial,
online invitations with rsvp tracking free,10,commercial,
best digital invitation sites,10,commercial,
free couples app,20,commercial,
e invite free online,10,commercial,
how to write no plus one on invitation,10,informational,
wedding rsvp no response,10,commercial,
how do you do wedding invitations,30,informational,
gift registry meaning,150,commercial,
how do you thank someone for rsvp,0,informational,
order of events at a wedding,0,transactional,
wedding venue manager,30,commercial,
wedding gift list name,100,commercial,
what information needs to be on a wedding invitation,50,informational,
white tie wedding dress code,40,commercial,
best wedding invite,40,commercial,
app for rsvp,20,commercial,
wedding invites.,20,commercial,
websites for wedding professionals,20,navigational,
cairns wedding photographers,10,commercial,
back of save the dates,150,commercial,
dr sophie li,10,commercial,
wedding song checklist,100,commercial,
the knot wedding website samples,0,navigational,
how to address plus one on save the date,0,informational,
courtney love wedding,40,commercial,
wedding rsvp timeline,60,commercial,
sustainable wedding registry,20,commercial,
thank you for rsvping,100,commercial,
melissa @gmail.com,30,commercial,
digital.invitation,40,commercial,
emma jayne's menu,0,commercial,
wedding registry site,100,commercial,
laura pattison,450,commercial,
wedding floor plan ideas,40,commercial,
invitation printing adelaide,20,commercial,
plus 1 invitation,10,commercial,
wedding seating plan app,40,commercial,
fun places to send wedding invites to,10,commercial,
how to respond when a girl says yes to a date,10,informational,
men's dressy casual wedding attire,10,commercial,
cakewalk templates,0,commercial,
how to word rsvp on wedding invitation,50,informational,
affordable wedding venues adelaide,150,commercial,
perfect couple stylish cute couple dp,30,commercial,
very di wedding,30,commercial,
diy wedding wishing well,30,commercial,
dr lauren campbell,10,commercial,
where to start when planning a wedding,10,informational,
cost of wedding invitations,20,commercial,
holly bowers,20,commercial,
wedding day banner,30,commercial,
wedding initations,20,commercial,
david penman,100,commercial,
couple entry in wedding,100,commercial,
gabrielle ryan,200,commercial,
wedding organizer website,30,navigational,
couples to do list app,30,commercial,
free invitation templates australia,40,commercial,
blake hall wedding,50,commercial,
katie j design,10,commercial,
ted brisbane,10,commercial,
doyinsola david,10,commercial,
who plans the engagement party,200,commercial,
google form rsvp template,200,commercial,
kylie page natasha nice,50,commercial,
no wedding party,60,commercial,
wedding registry for honeymoon fund,20,commercial,
dress code nikahan,20,commercial,
most affordable save the dates,30,commercial,
how much does a wedding planner cost in australia,30,informational,
what are the different forms of,60,informational,
wedding schedule,30,commercial,
traditional wedding seating chart,30,commercial,
wedding planner checklists,30,commercial,
matt and natt canada,10,commercial,
online wedding reception invitation,10,commercial,
how to send rsvp email in gmail,10,informational,
thanks for wedding invitation reply,70,commercial,
digital wedding seating chart,70,commercial,
wedding photographers newcastle nsw,20,commercial,
wedding announcement designs,30,commercial,
invitation and rsvp,20,commercial,
wedding planner site,50,commercial,
how to change the preview image of a link,0,informational,
minted website examples,0,navigational,
order of events wedding reception,60,transactional,
megan barlow,20,commercial,
rsvp links free,40,commercial,
save the date email wedding,0,commercial,
save the date online cards,10,commercial,
the guest app,10,commercial,
claire and andrew wedding,10,commercial,
tietheknot find a couple,0,commercial,
howard smith wharf wedding,0,informational,
is 12 weeks too early to send wedding invitations,0,commercial,
online invitation platforms,70,commercial,
amey address,20,commercial,
the knot our story examples,70,commercial,
evening guest wedding invites,60,commercial,
best honeymoon registry,150,commercial,
online invitation maker for wedding,10,commercial,
how to reply to a wedding invitation,80,informational,
wedding invitations for reception only,100,commercial,
scott barrett wedding nz,0,commercial,
design wedding invitations,600,commercial,
יצירת save the date,150,commercial,
how to fill out rsvp for wedding,30,informational,
wedding website name examples,0,navigational,
polite way to ask for money for wedding,10,commercial,
wedding seating chart tool,200,commercial,
uk wedding planner,90,commercial,
wedding planner nz,200,commercial,
wedding hotel block wording,10,commercial,
wedding planner book nz,100,commercial,
e-card wedding,20,commercial,
does the knot have a qr code,20,commercial,
wedding invite no plus one,10,commercial,
alternative seating for wedding ceremony,10,commercial,
day time wedding,10,commercial,
how to reply when someone invites you for wedding,70,informational,
free email invitation templates,30,commercial,
romance conflict generator,10,commercial,
how to become a wedding planner in canada,10,informational,
wedding invite verbage,10,commercial,
sai australia,60,commercial,
rsvp app for events free,100,commercial,
how to get qr code on the knot,10,informational,
wedding invite card,20,commercial,
monetary wedding registry,20,commercial,
wedding website title ideas,30,navigational,
rsvp event,30,commercial,
brides invitations,200,commercial,
corona weeding tool,60,commercial,
kaylin lee,100,commercial,
melissa briggs,100,commercial,
budget wedding venues adelaide,40,commercial,
kendall accommodation,100,commercial,
when to send wedding invites uk,80,informational,
byron bay wedding dress,50,commercial,
wedding rsvp cards,80,commercial,
rsvp options,100,commercial,
wedding rsvp wording,200,commercial,
steven c barlow,20,commercial,
date on wedding invitation,20,commercial,
is wedding planner worth it,20,commercial,
free weddings,20,commercial,
best wedding registry for cash,20,commercial,
wedding invite packages,40,commercial,
what to reply when someone sends wedding invitation,30,informational,
celebrant wollongong,10,commercial,
+1 wedding,10,commercial,
easiest website builder australia,10,navigational,
rsvp cards for wedding,40,commercial,
rsvp today,40,commercial,
rsvp tools,100,commercial,
reception order,30,transactional,
100 person wedding seating,30,commercial,
wedding invitation.,20,commercial,
website design south africa,250,navigational,
luxury wedding website,40,navigational,
guest list maker,60,commercial,
guest list app free,20,commercial,
how to create e invites,20,informational,
green wedding invitations,40,commercial,
how to respond to a wedding invitation,40,informational,
different wedding attire,200,commercial,
what is a guest list,50,informational,
lindsey bowers,40,commercial,
wedding planner notebook,10,commercial,
wedding invita,20,commercial,
scott dunn australia,20,commercial,
wedding to dos,60,commercial,
chloe sheppard,10,commercial,
what to say to wedding couple,30,informational,
rsvp examples,450,commercial,
indo canadian bus price,200,transactional,
wedding day program template,20,commercial,
wedding invitation kits,10,commercial,
best paper for wedding invitations,90,commercial,
made with love bridal ireland,0,commercial,
wedding list john lewis,30,commercial,
wedding set up,20,commercial,
marriage invite,30,commercial,
requirements for secret marriage,30,commercial,
limo geelong to melbourne,0,commercial,
wedding photo apps free,0,commercial,
john lewis registry,150,commercial,
best digital invitations,200,commercial,
registry sites,80,commercial,
template for wedding invites,80,commercial,
wedding site templates,150,commercial,
meaning of destination wedding,150,commercial,
free wedding newsletter templates,20,commercial,
how to plan a wedding on a tight budget,600,informational,
wedding day photos,10,commercial,
save the date destination wedding wording,10,commercial,
wedding invite sample,10,commercial,
best save the date websites,150,navigational,
indo sa,200,commercial,
busy bee tools canada,350,commercial,
wwe weddings,40,commercial,
affordable wedding photography adelaide,80,commercial,
wedding page search,0,commercial,
e invite wedding invitations,10,commercial,
when should you order wedding invitations,10,transactional,
plan your wedding online,30,commercial,
multiple event rsvp,20,commercial,
how to dress formal for a wedding,20,informational,
wedding websites europe,10,navigational,
find a registry,250,commercial,
ido def,30,commercial,
free rsvp link creator,80,commercial,
how to rsvp no,60,informational,
best bridal registry,30,commercial,
how to rsvp via email,150,informational,
brenda song married,200,commercial,
wishing well wording short,0,commercial,
cheap marriage celebrant,60,commercial,
unusual save the date ideas,10,commercial,
best app for invites,10,commercial,
grace wedding dress,20,commercial,
choosing wedding music,20,commercial,
create your own wedding invitations free printable,30,commercial,
love grace nz,30,commercial,
days to go wedding template,700,commercial,
the knot website qr code,10,navigational,
google pronounce,90,commercial,
jaclyn lee age,100,commercial,
palm cove wedding photographer,40,commercial,
jamie and sophie wedding,40,commercial,
theknot rsvp,10,commercial,
francesca salento,20,transactional,
weird story generator,20,commercial,
invitation gift wording,20,commercial,
companies to send wedding invites,30,commercial,
dr guzzo,70,commercial,
rsvp on website wording,10,navigational,
wedding registry thank you message,40,commercial,
wedding photographer tasmania,70,commercial,
wedding invitation details card,350,commercial,
romantic couples dp,10,commercial,
love. dp,20,commercial,
evan and katelyn,10,commercial,
best places for wedding invitations,20,commercial,
wedding planner in usa,10,commercial,
how to say rsvp required,10,informational,
melbourne town hall supper room,60,commercial,
wellnow virtual,90,commercial,
rsvp in wedding card,250,commercial,
wedding invites melbourne,40,commercial,
best website for wedding registry,40,navigational,
how do i unpublish my wix site,20,informational,
wedding reception order of program,20,transactional,
engagement party rsvp website,20,navigational,
kyle wedding,0,commercial,
wedding in a budget,10,commercial,
barlow builders,300,commercial,
easy weddings app,0,commercial,
randalls online,90,commercial,
what to reply for marriage invitation,40,informational,
wedding celebrants perth,40,commercial,
wedding invitations upload your own design,60,commercial,
another way to say rsvp,20,commercial,
reception only wedding invitations,20,commercial,
wedding invitation website templates,20,navigational,
free online evite with rsvp,30,commercial,
luca 24th,0,commercial,
shaun spain,0,commercial,
countdown wedding,70,commercial,
dr jason free,80,commercial,
best digital invite,20,commercial,
lauren bowers,20,commercial,
best wedding invites,10,commercial,
invitation site,70,commercial,
turtons track,70,commercial,
create custom invitations online,30,commercial,
personalised wedding thank you cards,80,commercial,
catherine tash,10,commercial,
are katie and chris still together,10,commercial,
matt and nat review,10,informational,
lovely sarah jessica parker,250,commercial,
digital happy planner,50,commercial,
rsvp electronic invitation,20,commercial,
registry places,10,commercial,
what to say when rsvping,50,informational,
wedding save the date evite,40,commercial,
melbourne marriage registry,150,commercial,
couple edit,80,commercial,
easiest online invitations,30,commercial,
invitation app with rsvp,80,commercial,
what to reply when someone invites you for wedding,40,informational,
wedding cards invitations,30,commercial,
james courtney partner,30,commercial,
b list wedding invites,10,commercial,
thank you for being so accommodating,10,commercial,
rsvp online cards,100,commercial,
free rsvp website for events,80,navigational,
how much money to give at a wedding,150,informational,
wedding guest book nz,40,commercial,
wayfair wedding registry,20,commercial,
custom to-do list,20,commercial,
baby registry message to guests,20,commercial,
rsvp weddings,30,commercial,
free wedding seating chart,100,commercial,
online evite invitations,80,commercial,
companies to send wedding invites to for free stuff,600,commercial,
thailand wedding planner,200,commercial,
planning for wedding,80,commercial,
invitations wedding cards,10,commercial,
custom wedding guest book,10,commercial,
wedding thank you cards nz,10,commercial,
arwa abouon,10,commercial,
invitations for a wedding,40,commercial,
why are weddings so stressful,40,informational,
custom wedding invites,30,commercial,
wedding planner digital,50,commercial,
sophie and jamie wedding,30,commercial,
adam guest,10,commercial,
wedding reception layout with rectangular tables,20,commercial,
wedding invits,20,commercial,
forest wedding invitations,150,commercial,
wedding company,20,commercial,
my invitations,20,commercial,
destination wedding meaning,60,commercial,
d say,0,commercial,
parts of a wedding invitation,30,commercial,
guest manager app,30,commercial,
wedding party website,40,navigational,
create a wedding color palette,60,commercial,
rsvp'd,900,commercial,
best value wedding venues,10,commercial,
wedding postponement cards,90,commercial,
how to get a qr code for wedding website the knot,0,navigational,
how to turn off rsvp on the knot,0,informational,
are chloe and mitchell still together,0,commercial,
sai says yes or no,0,commercial,
wwe wedding,80,commercial,
what to say in an rsvp,20,informational,
upload invitation to evite,20,commercial,
does evite charge for invitations,30,commercial,
sya italy,0,commercial,
affordable wedding venues in george,0,commercial,
do for love,30,commercial,
couples phone plans,20,commercial,
june bridal,20,commercial,
couples question app,10,commercial,
melissa sheppard,70,commercial,
reply to wedding invitation,70,commercial,
best place for baby registry canada,10,commercial,
send it saying,10,commercial,
wedding planning melbourne,10,commercial,
wwe married couples,100,commercial,
wedding list template,250,commercial,
rsvps for wedding,50,commercial,
how to save money on a wedding venue,40,informational,
wedding rsvp date calculator,10,commercial,
paperless post printed cards,10,commercial,
thank you registry message,10,commercial,
where do brides register,10,commercial,
how to create an online rsvp invitation,150,informational,
wedding gift money website,20,navigational,
app for invitations free,20,commercial,
when did luke and laura get married,80,informational,
the wedding arrangement,30,commercial,
invites free online,30,commercial,
wedding olanner,30,commercial,
esküvő online,30,commercial,
how to make electronic invitations,50,informational,
wedding day invitation,80,commercial,
how to create a wedding color palette,10,informational,
website to rsvp for party,10,navigational,
affordable engagement venues melbourne,30,commercial,
how to be a wedding planner,20,informational,
personalised postponed wedding card,20,commercial,
create table plan,20,commercial,
wedding invitatinos,20,commercial,
dp no love,20,commercial,
wedding sam page wife,20,commercial,
quick rsvp,20,commercial,
hannah bowers,40,commercial,
invite only event,30,commercial,
wedding to do list uk,10,commercial,
new wedding songs,200,commercial,
yi lot app,10,commercial,
mr guzzo,10,commercial,
online invatation,40,commercial,
scott aspect 940,30,commercial,
create a guest list,20,commercial,
template wedding invitations,10,commercial,
what can you rsvp to with a click,0,informational,
qr code zola,0,commercial,
affordable wedding venues melbourne,200,commercial,
wedding invititations,20,commercial,
do you put rsvp on wedding invitations,20,commercial,
google forms rsvp wedding,20,commercial,
the wedding company,40,commercial,
canada wedding invitations,40,commercial,
rsa wedding,40,commercial,
sasha bali,1300,commercial,
laura sa accommodation,50,commercial,
rsvp fullform,150,commercial,
my journey starts here,20,commercial,
simple wedding planner checklist,10,commercial,
how to rsvp to wedding invitation,0,informational,
wedding e invite templates,0,commercial,
say to me or say me,10,commercial,
weddinf planner,40,commercial,
ido hair,40,commercial,
nathan bowers,50,commercial,
what do you say when you rsvp,20,informational,
what to say to rsvp,20,informational,
big day out tool,20,commercial,
niamh pronounce,10,commercial,
wedding program sample,10,commercial,
how to add amazon gift card to registry,10,informational,
xavier dunn i want you to want me,0,commercial,
good wedding registry places,0,commercial,
georgia and callum,0,commercial,
do michael and chloe stay married,0,commercial,
singapore 048948,60,commercial,
wedding budget app,20,commercial,
free rsvp invite website,30,navigational,
dp plan,30,commercial,
how to say i love you in new zealand,0,informational,
say yes to the dress online free,10,commercial,
cover art size,150,commercial,
south coast wedding photographer,50,commercial,
save a date wedding,0,commercial,
free rsvp invites online,10,commercial,
getting married in italy from australia,20,commercial,
simple weddings adelaide,20,commercial,
share accommodation port douglas,70,commercial,
bridal app,30,commercial,
wedding dress code descriptions,30,commercial,
wedding invite cards,30,commercial,
floor plan wedding reception table layout,30,commercial,
wedding photo gallery,50,commercial,
love saying,10,commercial,
what to do with junk mail,20,informational,
best online wedding registry,20,commercial,
free online invitation websites,30,navigational,
how to look up a wedding registry on amazon,10,informational,
cameron canada dp,20,commercial,
свадебный планировщик,20,commercial,
best rsvp platforms,40,commercial,
how to respond to rsvp,100,informational,
cheapest wedding invitations,600,commercial,
how to write date on invitation,30,informational,
rsvp create,40,commercial,
hummersa,50,commercial,
minted wedding websites examples,100,navigational,
wedding invitation melbourne,10,commercial,
summer wedding party,30,commercial,
cheap wedding melbourne,20,commercial,
best way to mail wedding invitations,20,commercial,
what to reply for wedding invitation,100,informational,
wedding guest checklist,60,commercial,
rsvp yes or no,50,commercial,
make an online invitation,200,commercial,
marriage celebrant sunshine coast,30,commercial,
hannah penman,10,commercial,
dr david campbell adelaide,10,commercial,
places to do a wedding registry,10,commercial,
places to register for a wedding,10,commercial,
by george saying,10,commercial,
wedding invitations online order,100,transactional,
wedding planner minneapolis,200,commercial,
love wedding,30,commercial,
wedding day plan,70,commercial,
the knot our story,60,commercial,
canada weddings,20,commercial,
did lauren and jason really date,0,commercial,
crystalbrook fortitude valley,0,commercial,
click to rsvp,20,commercial,
free wedding venues adelaide,40,commercial,
sarah jessica parker wedding,500,commercial,
wedding planner journal,10,commercial,
photographer illawarra,20,commercial,
what to reply on wedding invitation,60,informational,
best invitation websites,200,navigational,
are dom and jess still together,70,commercial,
engagement party venues adelaide,150,commercial,
wedding arrangements list,30,commercial,
email invitation maker,30,commercial,
free online guest list,40,commercial,
personalised tools,50,commercial,
wedding website bridal party,10,navigational,
simple marriage photos,20,commercial,
does the knot do qr codes,0,commercial,
what does rsvp,150,informational,
personalized wedding guest book,90,commercial,
how to do a wedding registry on amazon,0,informational,
invitations for all occasions,40,commercial,
rsvp song,0,commercial,
samantha wedding date,200,commercial,
event rsvp site,20,commercial,
free invitation email,20,commercial,
e invites free with rsvp,70,commercial,
chris and katie,10,commercial,
how to reply to a wedding invitation not attending,10,informational,
create online invitation with rsvp,10,commercial,
save the date destination wedding ideas,10,commercial,
annabella chardonnay,80,commercial,
best wedding websites for couples,30,navigational,
invitation date format,30,commercial,
google forms rsvp,40,commercial,
web invites,10,commercial,
what to ask photographer,10,informational,
are toby and chloe still together,10,commercial,
wedding invites canada,200,commercial,
template for wedding website,50,navigational,
simple wedding decoration ideas for reception,20,commercial,
table seating plans,20,commercial,
wedding website card,30,navigational,
send evites for free,20,commercial,
big w invitation printing,20,commercial,
couples generator,20,commercial,
rsvp for party online,80,commercial,
save the date deals,30,transactional,
online wedding gift registry,30,commercial,
invitations via email,30,commercial,
wedding invitation details,30,commercial,
how to have a free wedding,30,informational,
wedding gift london,30,commercial,
wedding invitations examples,40,commercial,
send evite free,10,commercial,
rsvp wedding card,10,commercial,
melbourne town hall seating plan,100,commercial,
wedding budget template,300,commercial,
maddiee,20,commercial,
wedding details examples,20,commercial,
best wedding registry sites,350,commercial,
rsvp software,20,commercial,
how to say rsvp in a nice way,20,informational,
best cash registry,20,commercial,
chauffeur geelong,60,commercial,
wedding guest photo,40,commercial,
digital save the date templates,40,commercial,
wedding reception planner,80,commercial,
best canadian baby registry,30,commercial,
rebecca barlow,70,commercial,
paper for invitations wedding,10,commercial,
wedding day checklist for planner,10,commercial,
upload your own save the date,0,commercial,
cheap wedding invitations ireland,70,commercial,
weding planner,90,commercial,
best email invitations free,20,commercial,
wedding e-vites,30,commercial,
wedding count down,30,commercial,
two to one lolly,200,commercial,
create an amazon wedding registry,0,commercial,
informal wedding invite,0,commercial,
the knot story examples,10,commercial,
wedding reception invitation online,10,commercial,
amy wheaton,350,commercial,
companies to mail wedding invites to,60,commercial,
wedding planner reviews,20,informational,
wedding seating chart template,1500,commercial,
wedding assistant,50,commercial,
cheap wedding reception venues melbourne,30,commercial,
dr amanda yi,20,commercial,
wedding invtes,30,commercial,
free guest list,50,commercial,
do it sign,20,commercial,
wedding venues sutton,20,commercial,
website for party rsvp,20,navigational,
digital seating chart,70,commercial,
what to write in wedding card,700,informational,
celebrants perth wa,0,commercial,
i hate love photo dp,0,commercial,
wedding transport hunter valley,0,commercial,
free wedding stuff,0,commercial,
date invitation,50,commercial,
plan my wedding,60,commercial,
simple invitations,80,commercial,
best wedding invitation design,30,commercial,
adelaide marriage registry,40,commercial,
do mel and jack get married,40,commercial,
wedding planner review,0,informational,
wedding reception invitations,150,commercial,
best wedding app,70,commercial,
wedding templates,150,commercial,
couple friends app,20,commercial,
best wedding seating chart,10,commercial,
couple apps,10,commercial,
wedding invitatioms,30,commercial,
how to reply to rsvp,30,informational,
free invitation design templates,30,commercial,
paper for save the dates,10,commercial,
lolly dating app,10,commercial,
where can i buy a wedding planner book,10,transactional,
story randomizer,50,commercial,
how to get married quickly in australia,100,informational,
wedding invitation printing melbourne,50,commercial,
happy planner digital,50,commercial,
luke and laura's wedding,90,commercial,
wedding planner online free,50,commercial,
how to rsvp,100,informational,
theknot com weddings,10,commercial,
how to rsvp email,10,informational,
wedding invties,30,commercial,
cheap wedding invites with rsvp,40,commercial,
best online invitation websites,40,navigational,
seating chart help,30,commercial,
what to put on the back of a save the date,100,informational,
how much to save the dates cost,20,informational,
do katie and tom get married,50,commercial,
paper for invitations,20,commercial,
hot wedding photos,20,commercial,
wedding schedule template,30,commercial,
wedding celebrant sunshine coast,40,commercial,
save the date website template,90,navigational,
registry on wedding invitation,90,commercial,
emma mackey couple,60,commercial,
send out invitations online,10,commercial,
unique seating chart wedding,10,commercial,
wedding consultant,10,commercial,
google wedding planner,30,commercial,
planning mariage,60,commercial,
wedding seating chart website,70,navigational,
seating chart app for wedding,60,commercial,
nice wedding invitations,50,commercial,
wedding venue apps,20,commercial,
wedding registry group gifting,10,commercial,
list wedding planner,150,commercial,
what is the best online invitation site,40,informational,
i hate weddings,20,commercial,
tool big day out,70,commercial,
tracey doi,20,commercial,
extra wedding invitations,20,commercial,
matt & nat australia,20,commercial,
ie melbourne,20,commercial,
affordable wedding invitations australia,10,commercial,
mailing wedding invitations,100,commercial,
create amazon registry wedding,0,commercial,
eskuvo online,0,commercial,
honeymoon wish wording,0,commercial,
free rsvp links,90,commercial,
wedding invites ireland,100,commercial,
seating chart wedding app,40,commercial,
my event planner,20,commercial,
online e invites for free,10,commercial,
say i do midleton,150,commercial,
holly heap,60,commercial,
free wedding planner book,70,commercial,
matt and nat canada,0,commercial,
how to respond to wedding rsvp with m,0,informational,
make custom invitations,20,commercial,
online invitations with rsvp tracking,80,commercial,
table plan ideas wedding,40,commercial,
weddinginvites,20,commercial,
how to invite for marriage,500,informational,
thanks for wedding invitation,150,commercial,
alex leanne,0,commercial,
personalised daily planner,150,commercial,
link invitation,30,commercial,
toby and chloe,40,commercial,
levels of dress code for wedding,80,commercial,
saying grace at a wedding,10,commercial,
wedding planner template,800,commercial,
how much do wedding invitations cost,20,informational,
free wedding planning tools,20,commercial,
send your own invitations online,20,commercial,
couples planner,60,commercial,
wedding planner book ireland,80,commercial,
wedding websites templates,150,navigational,
the convent hunter valley wedding,30,commercial,
evite or paperless post,80,commercial,
weding planer,150,commercial,
how to reply to wedding invitation,30,informational,
link to site,100,commercial,
the knot q and a,10,commercial,
save the date email ideas,10,commercial,
wedding planning book,300,commercial,
invitation with rsvp link,20,commercial,
cheap wedding venues adelaide,200,commercial,
seating chart for 100 guests,20,commercial,
what to say when you rsvp,20,informational,
sunshine coast wedding celebrant,30,commercial,
ireland wedding planner,30,commercial,
wedding paper,80,commercial,
simple rsvp link,30,commercial,
online invites free,50,commercial,
best email invitations,60,commercial,
free event invite and rsvp,200,commercial,
xavier hue,70,commercial,
rsvp emails,10,commercial,
sophie online,10,commercial,
wedding party wedding website,10,navigational,
super ido,10,commercial,
couple question app,10,commercial,
bernadette dunn,40,commercial,
grace bridal photos,0,commercial,
eco friendly invitations,20,commercial,
seating assignment wedding,20,commercial,
round table chart,20,commercial,
rsvp no response,20,commercial,
how much money to give at a wedding australia,20,informational,
wedding gift not on registry,40,commercial,
wedding date design,70,commercial,
wedding photo gallery website,10,navigational,
laura and luke wedding,10,commercial,
wedding planner apps,150,commercial,
digital wedding program,40,commercial,
wedding registry card,40,commercial,
rsvp invitation free,20,commercial,
stephen barlow,300,commercial,
invitations with rsvp,100,commercial,
wedding ceremony seating layout,20,commercial,
hannah digital creator,0,commercial,
dop dop yes yes,0,commercial,
nikki and jamie,0,commercial,
online seating chart wedding,90,commercial,
marriage invitation response,20,commercial,
wedding venues islington,40,commercial,
what to do with extra wedding invitations,40,informational,
how to respond to a no rsvp,30,informational,
online wedding seating chart,50,commercial,
amazon create wedding registry,10,commercial,
virtual wedding for fun,10,commercial,
thought for wedding invitation,10,commercial,
best wedding planner book,200,commercial,
samantha wedding photos,150,commercial,
manager nick en simon,0,commercial,
personalised guest book australia,30,commercial,
wedding invation,90,commercial,
free invites online,70,commercial,
wdding invitation,10,commercial,
sarah jayne dunn,600,commercial,
free rsvp invite,30,commercial,
gather addresses for wedding,20,commercial,
cheap wedding packages melbourne,40,commercial,
planner wedding,200,commercial,
how to add a qr code to an invitation,40,informational,
free cash registry,30,commercial,
engagement planner,20,commercial,
cost effective wedding venues,60,commercial,
simple wedding invitations wording,10,commercial,
bridal edit australia,10,commercial,
best store for wedding registry,10,navigational,
marriage planner app,10,commercial,
email save the date templates,10,commercial,
name someone you should tell after an engagement,200,commercial,
weddinf invites,20,commercial,
stationery wedding,100,commercial,
easy rsvp link,50,commercial,
wending planner,50,commercial,
do you have any dietary restrictions,20,commercial,
wedding planning templates,20,commercial,
evalyn,20,commercial,
i need a wedding date,10,commercial,
romantic wedding invitations,150,commercial,
what to do at a wedding,40,informational,
dark romance plot generator,90,commercial,
sutton connelly,50,commercial,
wedding guest couples,20,commercial,
email invitation free,20,commercial,
rsvp google form template,200,commercial,
minted wesbite rsvp,90,commercial,
kyle handy,10,commercial,
los angeles wedding invitations,0,commercial,
twice melbourne seating plan,0,commercial,
rsvp options for wedding,20,commercial,
how to make rsvp link,20,informational,
best wedding gifts australia,40,commercial,
customised wedding cards,40,commercial,
best website to order wedding invitations,20,transactional,
create a rsvp link,100,commercial,
cheap weddings melbourne,70,commercial,
custom wedding invitations,150,commercial,
what to do when planning a wedding,40,informational,
paper for wedding invitations,50,commercial,
customisable planner uk,20,commercial,
is chloe and toby still together,0,commercial,
too much junk mail in hotmail,0,commercial,
how to follow up on rsvp for wedding,0,informational,
dr sarah peters,90,commercial,
free wedding listings,60,commercial,
wedding seating chart online,10,commercial,
mike and rachel wedding,30,commercial,
the help saying,30,commercial,
rebecca more dp,150,commercial,
wedding website bio,0,navigational,
simon barlow age,0,commercial,
wedding invitstions,150,commercial,
how to say no to a wedding invite,10,informational,
bruiloft organiseren,10,commercial,
popular places for wedding registry,10,commercial,
best places to register for wedding gifts,10,commercial,
singular builders,250,commercial,
acceptance to wedding invitation,150,commercial,
regestry,150,commercial,
electronic invitation cards,20,commercial,
cute invitations,20,commercial,
sustainable wedding stationery,10,commercial,
communicative functions checklist,40,commercial,
loves dp,40,commercial,
wedding day invites,40,commercial,
thank you note for registry gift,10,commercial,
free e invites online,10,commercial,
wedding event management companies,20,commercial,
floor plan small wedding reception layout,30,commercial,
islington town hall wedding cost,150,commercial,
wedding invitations uk,2300,commercial,
wedding seating chart program,50,commercial,
wedding invitation website templates free,30,navigational,
6 month wedding planner,30,commercial,
megan dunn nz,10,commercial,
rsvp with guest count,10,commercial,
bridal consultant,10,commercial,
online weddings,10,commercial,
is rsvp a good dating site,20,commercial,
how to make wedding hashtag,20,informational,
coupl app,60,commercial,
free seating chart maker wedding,40,commercial,
stories generator,30,commercial,
free wedding app,30,commercial,
best couples app,300,commercial,
wedding checkoff list,10,commercial,
zola find a couple website,10,navigational,
wedding layout planner,10,commercial,
weddding,10,commercial,
best to do list app for couples,10,commercial,
free rsvp tool,150,commercial,
lolly con,150,commercial,
save the fate,30,commercial,
wedding website design templates,70,navigational,
seating chart template wedding,350,commercial,
sophie rebecca,0,commercial,
amy's bridal,10,commercial,
best wedding photo sharing app uk,50,commercial,
upload invite to evite,10,commercial,
best site for wedding registry,10,commercial,
modern wedding save the dates,10,commercial,
wedding seating chart free,60,commercial,
rsvp platforms,100,commercial,
is bernadette peters married,70,commercial,
invited guests,30,commercial,
best invitation maker online,30,commercial,
stationery for wedding invitations,200,commercial,
email invitations templates,30,commercial,
how to reply to an rsvp,50,informational,
charley peters,60,commercial,
free invitations sent by text,10,commercial,
dom and francesca,10,commercial,
how much do wedding planners make in canada,10,informational,
free cash fund registry,0,commercial,
weddings sa,20,commercial,
seating chart wedding template,300,commercial,
best stores for wedding registry,200,navigational,
electronic invitations template,20,commercial,
wedding banner templates,20,commercial,
wedding plan uk,0,commercial,
qr code for rsvp free,20,commercial,
wedding in itations,20,commercial,
the happy planner wedding,10,commercial,
andrew fitzsimons,700,commercial,
when to mail out save the dates,10,informational,
couples dp love,10,commercial,
wedding invitations.,50,commercial,
african wedding,250,commercial,
wedding venue reviews,30,informational,
couples questions app,10,commercial,
electronic invitation sites,10,commercial,
wedding united states,0,commercial,
best love couple dp,10,commercial,
wedding grace,10,commercial,
rsvp on wedding invitations,10,commercial,
charlotte flair wedding photos,10,commercial,
best online invitation site,20,commercial,
full form of rsvp in wedding cards,400,commercial,
invitation date,10,commercial,
what to include in your wedding invitation,20,informational,
wedding countdown in days,700,commercial,
creative rsvp responses,30,commercial,
rsvp'd meaning,500,commercial,
why can't i save excel file on mac,10,informational,
free virtual invitations,20,commercial,
best stores to register for wedding,70,navigational,
wedding plannen,100,commercial,
how to rsvp yes,20,informational,
should i have a seating chart at my wedding,20,commercial,
can you edit a wix website after publishing,20,navigational,
guest seating chart wedding,60,commercial,
best online invitation platform,40,commercial,
ben barlow age,30,commercial,
rsvp for wedding invitations,80,commercial,
wedding gifts canada,30,commercial,
wedding planning seating chart,50,commercial,
nicole and michael wedding website,10,navigational,
free online custom invitations,10,commercial,
couples romantic dp,10,commercial,
personalized wedding cards,10,commercial,
bernadette peters pictures,10,commercial,
love photos dp,10,commercial,
wishing wells for weddings,70,commercial,
virtual wedding seating chart,20,commercial,
wedding ceremony seating plan uk,20,commercial,
molly schwarz,0,commercial,
easy rsvp tool,60,commercial,
wedding ceremony seating chart,150,commercial,
registry wedding melbourne,300,commercial,
planner for wedding,200,commercial,
invitation for the wedding,10,commercial,
when did fab and emily get married,10,informational,
digital planning,40,commercial,
reminder for invitation,0,commercial,
islington wedding venues,70,commercial,
how can i say,90,informational,
rsvp on wedding card,30,commercial,
rsvp app for events,150,commercial,
wedding invitation sets with rsvp,100,commercial,
how to put qr code on wedding invitations,40,informational,
how to respond to wedding rsvp,90,informational,
düğün story,60,commercial,
wedding dan campbell wife,90,commercial,
lovely couples dp,0,commercial,
the bridal company photos,0,commercial,
adelaide wedding hire,450,commercial,
chloe australia,350,commercial,
wedding seating chart creator,100,commercial,
date on invitation,40,commercial,
check off list for wedding,40,commercial,
announcements graphic,40,commercial,
free wedding planner online,40,commercial,
free online invitation sites,20,commercial,
invitations websites,20,navigational,
do i need a seating chart at my wedding,20,commercial,
how much does a wedding planner cost,150,informational,
sai sau sa-i,150,commercial,
customisable planner,30,commercial,
quick rsvp link,30,commercial,
evite wedding save the date,40,commercial,
wedding e card online,0,commercial,
grace for a wedding,0,commercial,
wedding registration websites,0,navigational,
digital wedding card with photo,70,commercial,
rsvp define,40,commercial,
addresses to send wedding invites to,50,commercial,
wedding planner app free,150,commercial,
wedding invitation thought,40,commercial,
weddings in australia,10,commercial,
design your wedding dress online free,30,commercial,
unplugged wedding,30,commercial,
where does it say,400,commercial,
wedding planner melbourne,30,commercial,
wedding preparations,40,commercial,
seating chart creator wedding,40,commercial,
wedding invtations,40,commercial,
plan a destination wedding on a budget,80,commercial,
wedding dress code types,150,commercial,
free wedding templates,50,commercial,
l.rachel.l,10,commercial,
cheap wedding invites,70,commercial,
newly wed fund,50,commercial,
template wedding planner,400,commercial,
examples of wedding invitations with rsvp,20,commercial,
south west wedding photographer,20,commercial,
wedding invitation reply,600,commercial,
send email invitations,100,commercial,
new chiam,10,commercial,
online invitations free,200,commercial,
couple to do list,20,commercial,
ecard invitations,200,commercial,
wedding planner book free,40,commercial,
what paperwork do you need to get married,30,informational,
wedding invitation response,30,commercial,
scarlett jones adelaide,200,commercial,
wedding invitations customize online,10,commercial,
wedding invitatiins,20,commercial,
the knot questions and answers,10,commercial,
what to say in rsvp,10,informational,
wedding invitation song,200,commercial,
south melbourne wedding venues,50,commercial,
wedding invittion,20,commercial,
jason and kylie wedding,30,commercial,
free wedding planners,60,commercial,
order of events wedding ceremony,70,transactional,
to do list websites,100,navigational,
which is better evite or paperless post,30,commercial,
wedding seating chart maker free,90,commercial,
seating chart wedding maker,60,commercial,
how to mail out invitations,10,informational,
vanessa doi,10,commercial,
wedding maker,40,commercial,
best places to do wedding registry,40,commercial,
dr chiam,100,commercial,
rsvp reminders,50,commercial,
things to include in wedding invitation,20,commercial,
what do i need to include on my wedding invitation,30,informational,
invitation mariage,100,commercial,
sarah jessica lovely,0,commercial,
personalised wedding invites,100,commercial,
how to share amazon registry,20,informational,
happily ever after invitation,50,commercial,
wedding invitation presentation,10,commercial,
wedding registry companies,10,commercial,
planning.wedding,20,commercial,
online rsvp qr code,20,commercial,
wedding book planner,20,commercial,
online wedding organizer,20,commercial,
wedding invitations cost,10,commercial,
text save the date,0,commercial,
holymatrimonty,10,commercial,
can i edit my wix website after publishing,30,navigational,
upload your own wedding invitations,30,commercial,
create save the date postcards,50,commercial,
email invitation templates,50,commercial,
rsvp online link,70,commercial,
online e card for wedding,10,commercial,
save the date email wording,10,commercial,
the bay matt and nat,10,commercial,
seating plan template,200,commercial,
save the date and rsvp cards,20,commercial,
how much does a wedding cost in australia,350,informational,
free invite,40,commercial,
easy up do for wedding,10,commercial,
wedding invitation cost,20,commercial,
design custom invitations online,30,commercial,
amazon registry search wedding,0,commercial,
rsvp links,150,commercial,
dr farren,80,commercial,
josh chardonnay 2022,40,commercial,
big w invites,10,commercial,
love dp couples,10,commercial,
what do guests do at a wedding reception,10,informational,
custom planner australia,30,commercial,
wedding website domain,10,navigational,
change the dates,30,commercial,
what to ask your photographer,10,informational,
definition chardonnay,10,commercial,
date planner for couples,10,commercial,
good wedding attire,10,commercial,
when is couples day,10,informational,
zola registry canada,20,commercial,
saves the date,30,commercial,
sarah and adam wedding,30,commercial,
wedding planning planner,100,commercial,
melbourne registry wedding,80,commercial,
affordable wedding photography melbourne,50,commercial,
the wedding planning,40,commercial,
digital invitation app,40,commercial,
free online rsvp invitations,200,commercial,
wedding thank you cards australia,30,commercial,
photo wedding invitations,100,commercial,
romantic wedding decor,10,commercial,
free invitations email,10,commercial,
katie wedding,30,commercial,
affordable wedding venues ireland,80,commercial,
what to put on a wedding invitation,20,informational,
make free wedding invitation,150,commercial,
seating chart maker wedding,150,commercial,
wedding seating chart layout,80,commercial,
virtual marriage,30,commercial,
wedding planner book,300,commercial,
canadian wedding invitations,60,commercial,
wedding dress for broad shoulders,200,commercial,
easy wedding up do,10,commercial,
how to say what in sign,10,informational,
what to say when rsvp,10,informational,
what documents do i need to get married in uk,150,informational,
wedding invitaitons,100,commercial,
rsvp's,80,commercial,
rsvp wedding invitations,200,commercial,
wedding guest table assignments,20,commercial,
rsvps or rsvp's,20,commercial,
wedding seating app,20,commercial,
jordan chardonnay,20,commercial,
wedding invitation canada,30,commercial,
what time do you put on a wedding invitation,30,informational,
the best wedding app,0,commercial,
vanessa briggs,10,commercial,
bridal adelaide,60,commercial,
how to get people to rsvp,60,informational,
evite wedding invitation examples,20,commercial,
party guest list app,20,commercial,
alternative wedding planner,60,commercial,
weddingdecor,50,commercial,
oli en couple,30,commercial,
melbourne celebrants,250,commercial,
create an rsvp link,150,commercial,
what to say in a wedding card,150,informational,
charlotte flair wedding pictures,0,commercial,
how does a wedding work,40,informational,
wedding invitarions,40,commercial,
rsvp?,100,commercial,
weddinginvitation,20,commercial,
luke and lauras wedding,10,commercial,
wedding planner courses online australia,0,commercial,
is toby and chloe still together,0,commercial,
the knot our story'' examples,0,commercial,
what do i do what do i say,0,informational,
sample wedding invitations with rsvp,0,commercial,
festorazzi,40,commercial,
wedding invitations canada,1500,commercial,
digital invitaion,20,commercial,
wedding registry donations,20,commercial,
weddign invitations,20,commercial,
couples sites,20,commercial,
don david chardonnay,20,commercial,
what do people do at weddings,20,informational,
wedding menu cards,500,commercial,
laura bridal,0,commercial,
engagement wishing well wording,0,commercial,
simple wedding to do list,90,commercial,
different dress codes for weddings,300,commercial,
wedding planning app free,40,commercial,
wedding paper example,10,commercial,
15 norman spencer drive manukau,30,commercial,
cheap reception venues melbourne,30,commercial,
free wedding planning book,30,commercial,
how much do wedding invites cost,30,informational,
free digital wedding planner,80,commercial,
jake & nicolle,10,commercial,
wedding planner spreadsheet,200,commercial,
invitations melbourne,50,commercial,
destination wedding faq,10,commercial,
google weddings,20,commercial,
all in one wedding invite,50,commercial,
where to put rsvp on wedding invitation,20,commercial,
invitation for free online,30,commercial,
what to say to couple getting married,30,informational,
is save the date only for weddings,10,commercial,
wedding invite acceptance,20,commercial,
evite upload your own,60,commercial,
its wedding day images,20,commercial,
please join us wedding invitation wording,20,commercial,
online invite maker with rsvp,10,commercial,
response to wedding invitation,10,commercial,
wedding planner templates,30,commercial,
planning a wedding list,20,commercial,
free invites to send via text,20,commercial,
rsvp the knot,10,commercial,
awesome con guests,80,commercial,
registry weddings melbourne,30,commercial,
weddings invitation,150,commercial,
guest list spreadsheet wedding,10,commercial,
seating plan wedding online,10,commercial,
romantic wedding themes,10,commercial,
best wedding registry website,40,navigational,
wedding cards australia,70,commercial,
online wedding planner free,60,commercial,
wedding seating sign,100,commercial,
seamill hydro booking,0,commercial,
grace at a wedding,0,commercial,
say i do lyrics,10,commercial,
digital family planner,450,commercial,
melbourne wedding invitations,20,commercial,
beautiful wedding cards uk,20,commercial,
party planner melbourne,90,commercial,
digital wedding guest book,70,commercial,
wedding planner seating chart,50,commercial,
online guest list,40,commercial,
oli peters,20,commercial,
rsvp info on back of wedding invitation,10,commercial,
wedding planner package,10,commercial,
bea und tim,50,commercial,
we're just friends what are you saying song,0,informational,
cheap wedding invites uk,30,commercial,
guzzo family,20,commercial,
do it yourself save the dates,20,commercial,
wishing well wording ideas,10,commercial,
rsvp company,10,commercial,
best baby registry australia,150,commercial,
affordable wedding reception venues,20,commercial,
free wedding ceremony locations adelaide,10,commercial,
invitation to the wedding,10,commercial,
wedding invitation sets australia,10,commercial,
party s,10,commercial,
how to respond to marriage invitation,50,informational,
wedding websites designs,20,navigational,
how to respond to rsvp if not attending,20,informational,
melbourne wedding planner,100,commercial,
password manager for couples,30,commercial,
love story wedding invitations,30,commercial,
wedding invataions,10,commercial,
marriage invites,20,commercial,
when to send our save the dates,20,informational,
how to make a rsvp link,200,informational,
lindsey sheppard,50,commercial,
online party rsvp free,10,commercial,
wedding seating chart planner,150,commercial,
best invitation website,30,navigational,
wedding plannings,20,commercial,
free custom evites,60,commercial,
things to organise for a wedding,50,commercial,
how to send virtual invitations,20,informational,
wedding invitation nz,20,commercial,
wedding planning services,20,commercial,
how much do weddings cost nz,20,informational,
wedding invite evening only,20,commercial,
best rsvp apps,20,commercial,
dietries,150,commercial,
free wedding seating chart maker,80,commercial,
what should a wedding invitation say,90,informational,
what do you need to plan a wedding,60,informational,
rsvp meaning,450,commercial,
email saying,20,commercial,
custom check list,20,commercial,
wedding registry amazon search,0,commercial,
sai says,10,commercial,
couple mobile plans,20,commercial,
wedding plan book,50,commercial,
digital invitation cards,50,commercial,
wedding domains,50,commercial,
cameron made with love,10,commercial,
luxury wedding invitations australia,10,commercial,
wedding invetation,10,commercial,
wedding emails examples,20,commercial,
wwe invitations online,20,commercial,
islington town hall marriage,150,commercial,
wedding seating chart templates,150,commercial,
randalls customer service,150,commercial,
why am i getting so much junk mail in hotmail,0,informational,
how to respond to a wedding rsvp,50,informational,
what to do with wedding cards,100,informational,
.do domain,20,commercial,
what to do in a wedding,10,informational,
upload own design evite,10,commercial,
too much spam in hotmail,0,commercial,
cheap wedding invitations,150,commercial,
how to start a wedding registry on amazon,0,informational,
paperless post or evite,40,commercial,
wedding venue builders,40,commercial,
can you still edit a google site after publishing,0,commercial,
how to set up a wedding registry on amazon,0,informational,
free rsvp online invitations,90,commercial,
wedding website domain examples,50,navigational,
google invitation rsvp,40,commercial,
what to do to plan a wedding,20,informational,
drink list for wedding,10,commercial,
free evites online,10,commercial,
affordable wedding venues nz,80,commercial,
email save the date template,30,commercial,
best wedding invitation designs,30,commercial,
couples app questions,10,commercial,
bridal team,10,commercial,
custom.wedding invitations,10,commercial,
best fab pty ltd,10,commercial,
administrative professionals day invitation templates,10,commercial,
make rsvp link,100,commercial,
wedding planner packages,200,commercial,
wedding planner nice,200,commercial,
free text invitations with rsvp,500,commercial,
invitation with rsvp online,10,commercial,
seating chart for wedding ceremony,40,commercial,
simple up do for wedding,40,commercial,
wedding website templates free,50,navigational,
marriage website templates,50,navigational,
invitations free,30,commercial,
cheap online invitations,30,commercial,
mas torroella,400,commercial,
questions to ask wedding venues,30,commercial,
wedding ceremony seating arrangements,40,commercial,
what to say when someone invites you for wedding,40,informational,
wedding invitations uk online,50,commercial,
trouwdag plannen,100,commercial,
create wedding invitation,80,commercial,
how do you respond to an rsvp,200,informational,
who owns hotmail,600,commercial,
wedding ceremony seating plan,150,commercial,
easy wedding invites,20,commercial,
what time to put on wedding invitation,30,informational,
make rsvp,30,commercial,
rsvp needed,20,commercial,
婚禮checklist,60,commercial,
marriage editing,80,commercial,
small wedding checklist,250,commercial,
rsvp templates,150,commercial,
weeding planer,60,commercial,
how to respond to an rsvp,30,informational,
chloe and toby,30,commercial,
romantic things to do adelaide,60,commercial,
change of plans wedding card,10,commercial,
budget wedding invitations,10,commercial,
dressy attire for wedding,10,commercial,
victoria cilliers,1400,commercial,
bridal planner book,60,commercial,
free seating chart template,40,commercial,
marriage melbourne,30,commercial,
wedding planners,30,commercial,
gather pictures,20,commercial,
rsvp template,700,commercial,
wedding organiser,10,commercial,
when to send rsvp reminders,0,informational,
ceremony only wedding invitations,30,commercial,
june saying,30,commercial,
wedding plus ones,60,commercial,
top wedding invitation sites,40,commercial,
wedding invitation australia,40,commercial,
weeding plan,10,commercial,
sarah campbell designs,10,commercial,
using google forms for rsvp,20,commercial,
random story maker,20,commercial,
wedding rsvp options,20,commercial,
hostel shrewsbury,20,commercial,
wedding assistance,20,commercial,
seating chart wedding,800,commercial,
for the love of money sam polk,0,commercial,
easy weddings australia,0,commercial,
engagement party venue adelaide,70,commercial,
colorful save the dates,30,commercial,
easy wedding planning,30,commercial,
wedding invitstion,50,commercial,
wedding tips,20,informational,
free wedding venues,20,commercial,
the knot q&a,10,commercial,
i do now i don't reviews,10,informational,
registery,250,commercial,
photos to send to your friends,0,commercial,
recommendation in hotel,0,commercial,
wedidng invitations,0,commercial,
best day to get married 2024,0,commercial,
how to make a qr code invitation,0,informational,
amy barlow,20,commercial,
rsvp cards online free,40,commercial,
zola example websites,0,navigational,
best places to get married in australia,20,commercial,
george wedding venues,50,commercial,
wedding planning how to,20,informational,
how to put rsvp on wedding invitation,20,informational,
dan simone,10,commercial,
custom invites,10,commercial,
calendar save the dates,50,commercial,
wedding plannerin,70,commercial,
reply to a wedding invitation,70,commercial,
theknot login,100,navigational,
party rsvp free,30,commercial,
wedding day schedule template,40,commercial,
what is rsvp in wedding card,200,informational,
simple wedding venues,10,commercial,
wedding cards uk,700,commercial,
fairyglen,150,commercial,
wedding song requests,200,commercial,
online save the date maker,60,commercial,
free wedding planner templates,50,commercial,
invitation with gift request,10,commercial,
wedding menu card design,400,commercial,
unique wedding invitations uk,30,commercial,
holly sheppard,40,commercial,
event rsvp app,200,commercial,
dale and sophie,0,commercial,
my wedding planning,10,commercial,
how to create a hashtag for wedding,10,informational,
online free wedding planner,10,commercial,
invitations rsvp,50,commercial,
happy hour invitation templates,30,commercial,
how to become a wedding planner for free,20,informational,
marriage sites in australia,20,commercial,
kyle wedding venue,20,commercial,
what is an unplugged wedding ceremony,20,informational,
internet wedding,20,commercial,
rsvp invitation website,20,navigational,
scott aspect 940 opiniones,10,commercial,
wedding response card,150,commercial,
how to respond for wedding invitation,30,informational,
create a wedding invitation,50,commercial,
the night before wedding invite,60,commercial,
the details wedding invitation,60,commercial,
guest party,10,commercial,
minted create your own websites,40,navigational,
marriage celebrant in central coast,60,commercial,
what should wedding invitations say,50,informational,
cheap wedding venue melbourne,50,commercial,
dr sarah ryan,20,commercial,
best place to order invitations online,30,transactional,
how to collect pictures from friends,90,informational,
simon says online,70,commercial,
richard moya park,250,commercial,
wedding website hosting,20,navigational,
casual cocktail attire couple,10,commercial,
responding to a wedding invitation,10,commercial,
engagement invitations,250,commercial,
macintosh spreadsheet,0,commercial,
nat dunn,0,commercial,
happy hour invitation,30,commercial,
maddy dunn,30,commercial,
free wedding decor,30,commercial,
central coast marriage celebrant,60,commercial,
how to word plus one on invitation,10,informational,
best free invite site,10,commercial,
best wedding venues adelaide,150,commercial,
lolly app,0,commercial,
premier hotel elgin,0,commercial,
google rsvp invite,90,commercial,
wedding excitement,10,commercial,
head table wedding seating plan,10,commercial,
wedding photos with dog,20,commercial,
formal save the date cards,20,commercial,
electronic invitation template,20,commercial,
details card wedding invitation,200,commercial,
free invitation rsvp,40,commercial,
dr andy barlow,20,commercial,
electronic event invitation,20,commercial,
wedding seating chart australia,20,commercial,
ideas for welcome party,10,commercial,
where to buy wedding invitations,10,transactional,
best registry stores,10,navigational,
evite with rsvp options,10,commercial,
best wedding registry places,10,commercial,
make an rsvp link,100,commercial,
wedding guest book australia,150,commercial,
ashleigh hannah,10,commercial,
evite with rsvp free,70,commercial,
wedding incitation,20,commercial,
to rsvp,30,commercial,
e invitation sites,10,commercial,
add qr code to invitation,10,commercial,
best small wedding venues australia,10,commercial,
places to have a wedding registry,10,commercial,
thank you note to wedding planner,70,commercial,
save the date and rsvp,20,commercial,
electronic invitations free with rsvp,150,commercial,
classic wedding cars brisbane,30,commercial,
easy seating chart wedding,30,commercial,
free rsvp platform,30,commercial,
stationary for weddings,20,commercial,
round table wedding seating chart template,20,commercial,
guests at a wedding,20,commercial,
free love bridal,80,commercial,
how to share amazon registry link,30,informational,
plus ones at weddings,30,commercial,
wedding dip,30,commercial,
friends wedding invitation,150,commercial,
andy lee partner,150,commercial,
invation,500,commercial,
how much money to give for wedding,10,informational,
save the date vs rsvp,30,commercial,
sending evites,30,commercial,
send rsvp,20,commercial,
is cakewalk free,20,commercial,
party planner app,60,commercial,
wedding seating plan sign,20,commercial,
wedding invitatiosn,30,commercial,
quick wedding invitations,60,commercial,
wedding invitation wishing well,50,commercial,
when to send save the dates uk,70,informational,
wedding planning stationery,10,commercial,
free wedding cards,10,commercial,
natasha ryan australia,10,commercial,
how to make wedding registry on amazon,10,informational,
wedding invitation no plus one,10,commercial,
andrew and sarah wedding,10,commercial,
detail card examples,10,commercial,
seating planner,40,commercial,
wedding invitatins,40,commercial,
what to reply for invitation,40,informational,
don't forget to rsvp,40,commercial,
couples day,80,commercial,
simple wishing well wording,20,commercial,
wedding seating chart builder,50,commercial,
weddimg invitations,20,commercial,
guest list app for events,30,commercial,
canadian tire registry,90,commercial,
how much does a falconer make,20,informational,
reply on marriage invitation,40,commercial,
doyin,100,commercial,
how to respond to a wedding invite,10,informational,
rsvped or rsvp'd,200,commercial,
when do you send wedding invitations uk,0,informational,
create crate and barrel registry,0,commercial,
sophie wedding planner,0,commercial,
wedding invites with pictures,70,commercial,
the range wedding invitations,30,commercial,
wedding planner ireland,100,commercial,
wedding qr code for photos free,400,commercial,
celebrant sydney,500,commercial,
wedding venue george,20,commercial,
how much money do wedding photographers make,20,informational,
weddinginvitations,30,commercial,
lauren sheppard,60,commercial,
ashleigh ellen,10,commercial,
wedding decor checklist,100,commercial,
online wedding invitation creator,0,commercial,
should i get a wedding planner,40,commercial,
couples finder,10,commercial,
how to invite someone to your wedding,30,informational,
rsvp email template,150,commercial,
wedding planner uk,400,commercial,
reply of marriage invitation,50,commercial,
bernadette wedding dress,40,commercial,
ఇన్విటేషన్,20,commercial,
create rsvp link google,10,commercial,
wedding domain ideas,10,commercial,
thank you note for wedding planner,10,commercial,
party description,20,commercial,
seating chart maker for wedding,50,commercial,
what dose rsvp,20,informational,
isay gift card,30,commercial,
wedding invite samples,30,commercial,
thanks for rsvping,20,commercial,
best gift registry,80,commercial,
save the date postcard templates,250,commercial,
alternative wedding venues ireland,150,commercial,
wedding dress broad shoulders,30,commercial,
paperless free invitations,30,commercial,
how to respond to a rsvp,100,informational,
the wedding planner book,10,commercial,
planning my wedding,30,commercial,
how much do wedding planners make,1100,informational,
time change announcement,20,commercial,
guest list example,20,commercial,
master wedding planner,70,commercial,
invitations adelaide,0,commercial,
wedding invitations personalised,60,commercial,
wedding invitationa,60,commercial,
how to reply on wedding invitation,60,informational,
how to reply rsvp,10,informational,
how to make an rsvp link,150,informational,
song requests for wedding,20,commercial,
how to ask guests to rsvp on invitations,20,informational,
george brown event planning,20,commercial,
best invitation websites free,30,navigational,
best website to make wedding invitations,30,navigational,
cross off list,30,commercial,
toby shelley,100,commercial,
rsvp link for party,100,commercial,
wedding italy package,80,commercial,
melissa barlow,100,commercial,
save the date email template,200,commercial,
wedding editing,50,commercial,
what is a unplugged wedding,10,informational,
diy wedding invitations,200,commercial,
wedding planning service,90,commercial,
best place to register for wedding,150,commercial,
wedding planner company,50,commercial,
app for couples,20,commercial,
party rsvp link,30,commercial,
organising a wedding,20,commercial,
how to become a celebrant in qld,0,informational,
how to set up wedding registry on amazon,0,informational,
free invites by text,10,commercial,
theknot qr code,10,commercial,
wedding reception venues minneapolis,100,commercial,
save the date postcard examples,50,commercial,
make your own wedding invitations,300,commercial,
wedding gift honeymoon,10,commercial,
reply for marriage invitation,10,commercial,
party rsvp,10,commercial,
nuptial invitation,30,commercial,
order of wedding reception program,90,transactional,
unique wedding venues australia,40,commercial,
what does ravp,20,informational,
x ido,70,commercial,
event planner melbourne,150,commercial,
weddings in italy packages,70,commercial,
review for wedding planner,10,informational,
invites com,0,commercial,
wedding reception order of events australia,0,transactional,
free wedding ceremony,40,commercial,
budget wedding venues ireland,30,commercial,
wedding venues snohomish,30,commercial,
best couples app free,30,commercial,
wedding decorator,200,commercial,
online wedding seating chart maker,20,commercial,
casual wedding invite,20,commercial,
free wedding venues near me,20,navigational,
the hint registry,20,commercial,
free wedding sample invitations,10,commercial,
how to ask for rsvp on wedding invitation,10,informational,
melissa melbourne,10,commercial,
best wedding gift registry,10,commercial,
digital marriage,30,commercial,
how long does it take to plan a wedding,70,informational,
chauffeur cars geelong,20,commercial,
guest love,30,commercial,
reply to rsvp,10,commercial,
wedding list invitation,10,commercial,
what do they say at weddings,30,informational,
beautiful wedding website,20,navigational,
list for bride,20,commercial,
wedding invintation,40,commercial,
maddy couple,30,commercial,
invitations online free,80,commercial,
svenstudios,30,commercial,
free wedding planner by mail,10,commercial,
weding invitations,70,commercial,
digital wedding planner free,50,commercial,
dr. and mrs. on wedding invitation,30,commercial,
said id,10,commercial,
couples to do list,40,commercial,
marriage announcement examples,30,commercial,
registry wedding gift,30,commercial,
melbourne town hall wedding,200,commercial,
how to make a wedding registry amazon,10,informational,
jess and sammy,10,commercial,
how to become a wedding planner australia,10,informational,
how to find a wedding planner,200,informational,
why is planning a wedding so stressful,30,informational,
compliments for couples,30,commercial,
couple list,20,commercial,
share icon on iphone,100,commercial,
anne bowers,80,commercial,
wedding invotations,40,commercial,
online rsvp examples,10,commercial,
event manager for wedding,60,commercial,
personalized wedding invitations,90,commercial,
email and text invitations,20,commercial,
how much do weddings cost in australia,30,informational,
best way to track rsvps,30,commercial,
wedding registry search amazon,10,commercial,
seating plan designs,20,commercial,
wedding date change announcement,20,commercial,
how to reply for wedding invitation,200,informational,
wedding ivitations,10,commercial,
wedding invites adelaide,20,commercial,
scarlett spam instagram,0,commercial,
wedding photography newcastle nsw,70,commercial,
diy wedding seating chart,300,commercial,
snohomish wedding venue,50,commercial,
party rsvp site,20,commercial,
little bay wedding,0,commercial,
save the date business meeting,10,commercial,
how much money do couples get at their wedding,10,informational,
free couple question app,10,commercial,
free sample wedding invites,10,commercial,
party invitations nz,100,commercial,
chloe sasha,60,commercial,
wedding do,10,commercial,
what will it bee invitations,20,informational,
web wedding,20,commercial,
sai designs,30,commercial,
create a wedding registry amazon,0,commercial,
say it app,0,commercial,
elegant wedding invitations with rsvp,90,commercial,
laura ashley au,20,commercial,
create free invitations online to email,10,commercial,
custom rsvp cards,70,commercial,
invitation invites,30,commercial,
wedding envelopes,30,commercial,
wedding to-do list,40,commercial,
header cover,40,commercial,
custom wedding cards,40,commercial,
rsvp sites for events,40,commercial,
what is an unplugged wedding,10,informational,
venue change announcement,10,commercial,
create a registry,10,commercial,
can you edit wix website after publishing,10,navigational,
do i add,50,commercial,
online wedding planners,20,commercial,
book plots generator,20,commercial,
online party invite and rsvp,20,commercial,
how to set up rsvp,20,informational,
create an rsvp,30,commercial,
wedding seating plan online,40,commercial,
we said yes,30,commercial,
what to write on a wedding gift card,60,informational,
wedding reception decor,40,commercial,
how much do photographers charge for engagement photos,30,informational,
sierra designs canada,10,commercial,
size of a cover,20,commercial,
what is ravp,80,informational,
online cards for wedding,10,commercial,
funny wedding invitation wording examples,10,commercial,
purpose of save the dates,10,commercial,
miss to mrs invitations,10,commercial,
rsvp website template,80,navigational,
sau vs nz,20,commercial,
things to ask wedding venue,30,commercial,
how to make a wedding,30,informational,
wedding inviation,80,commercial,
what is the point of save the dates,10,informational,
make your own save the date cards free,10,commercial,
easiest places to get married,40,commercial,
what do you say at a wedding,30,informational,
rsvp to or with,20,commercial,
free wedding ceremony locations melbourne,0,commercial,
rsvp site for party,10,commercial,
nice wedding cards,60,commercial,
pictures of bernadette peters,20,commercial,
mijn weddingplanner,10,commercial,
money gift messages,0,commercial,
bert demo,0,commercial,
how much do people spend on wedding invitations,30,informational,
june bride saying,30,commercial,
zola wedding website designs,10,navigational,
personalised guest book,150,commercial,
help me plan my wedding,40,commercial,
the best wedding planning app,40,commercial,
wedding registry for guys,20,commercial,
wedding guest seating chart,20,commercial,
penman road,20,commercial,
wedding photo dump,30,commercial,
chase around a favourite resort,0,commercial,
ww couple,0,commercial,
wedding timeline template,200,commercial,
the perfect wedding checklist,20,commercial,
what do you put for rsvp on an invitation,20,informational,
email invitation templates free,10,commercial,
fun wedding invites,10,commercial,
wedding imvitations,30,commercial,
online invitations free with rsvp,150,commercial,
how to plan a simple wedding,60,informational,
how to reply for marriage invitation,150,informational,
how to reply to wedding rsvp,10,informational,
rsvp example,10,commercial,
registry wedding nz,150,commercial,
wedding invitation customize,150,commercial,
how many drinks per guest wedding,10,informational,
wedding invitation acceptance,10,commercial,
with love bridal,50,commercial,
regiatry,20,commercial,
respond to wedding invitation,20,commercial,
reply of wedding invitation,80,commercial,
custom planner,150,commercial,
weddingplanners at work,20,commercial,
custom wedding thank you cards,20,commercial,
etsy registry,10,commercial,
romantic things to do in adelaide,100,commercial,
how do you respond to a rsvp,30,informational,
wedding guest table list,30,commercial,
free samples of wedding invitations,100,commercial,
affordable wedding invites,10,commercial,
save the dates mailed for you,30,commercial,
@l.rachel.l,50,commercial,
your wedding planner,20,commercial,
snohomish wedding venues,100,commercial,
wedding planning help,80,commercial,
what will baby bee invitations,60,informational,
paper wedding invite,20,commercial,
what does a wedding invitation say,20,informational,
link to rsvp,40,commercial,
marriage plans,50,commercial,
how to say no to wedding invitation,10,informational,
how to plan a wedding without a wedding planner,40,informational,
details wedding invitation,70,commercial,
seattle wedding planner,200,commercial,
how to reply for a wedding invitation,50,informational,
virtual save the date cards,50,commercial,
best registry office uk,20,commercial,
hannah designs,20,commercial,
hannah love,10,commercial,
who gets plus ones at a wedding,10,commercial,
geelong wedding cars,0,commercial,
south wales wedding videographer,20,commercial,
invitations virtual,20,commercial,
digital to do list,50,commercial,
simple wedding planner,50,commercial,
best websites for wedding registry,50,navigational,
create seating chart wedding,50,commercial,
wedding invitation and rsvp set,20,commercial,
planning for marriage,10,commercial,
customised planner,10,commercial,
best place for wedding registry,80,commercial,
chloé australia,40,commercial,
registry link,40,commercial,
wedding cards invites,30,commercial,
how to say rsvp on invitation,20,informational,
say yes bridal,0,commercial,
nathan and holly,0,commercial,
the knot or zola wedding website,0,navigational,
dates you,0,commercial,
hotmail too much junk mail,0,commercial,
bridal table seating order,0,transactional,
how to make amazon wedding registry,0,informational,
wedding weekend invitations,40,commercial,
adelaide wedding photographers,20,commercial,
seating chart planner,40,commercial,
how do you respond to rsvp,40,informational,
covid capacity sign template,20,commercial,
rsvp using google forms,10,commercial,
how to plan my wedding,30,informational,
bridal track,30,commercial,
how much does a wedding planner cost uk,50,informational,
wedding reception invitation,400,commercial,
responding to wedding invitation,10,commercial,
free couples question app,10,commercial,
how do you say i love you in africa,10,informational,
bee invitations,70,commercial,
love lolly holidays,20,commercial,
wedding signage checklist,400,commercial,
best day to get married,10,commercial,
save the date cards australia,60,commercial,
best wedding dress for broad shoulders,80,commercial,
planning weddings,10,commercial,
how long to plan a wedding,30,informational,
wedding coordinator,30,commercial,
dp for instagram couples,50,commercial,
nkemdilim meaning,80,commercial,
wedding thank you cards ireland,200,commercial,
wedding venues byron bay,150,commercial,
mr and mrs wedding invitations,60,commercial,
google forms for rsvp,10,commercial,
honeymoon fund site,10,commercial,
wedding checklist app,80,commercial,
do id,60,commercial,
who do i invite to my wedding,30,commercial,
all that we loved,20,commercial,
videographers weddings,20,commercial,
wedding seat chart,20,commercial,
how big should rsvp cards be,20,informational,
wedding budget australia,60,commercial,
marriage event planner,200,commercial,
wedding reception venues adelaide,200,commercial,
cheap wedding ceremony venues,20,commercial,
how to rsvp to a wedding invitation by email wording,20,informational,
romantic perfect couple stylish cute couple dp,10,commercial,
no gifts wording wedding,10,commercial,
cheap wedding planner,10,commercial,
wedding planner email templates,0,commercial,
love story type,20,commercial,
weddding invitations,50,commercial,
wedding plan example,10,commercial,
unique wedding thank you cards,20,commercial,
dr hannah lee,40,commercial,
wedding i vitations,20,commercial,
edo wedding,20,commercial,
e invites via text,10,commercial,
planning app,100,commercial,
simple wedding ceremony program,30,commercial,
easy wedding seating chart,40,commercial,
how to make an invitation to send via text,10,informational,
the work byron katie,10,commercial,
mike and lauren wedding,10,commercial,
online wedding announcement maker,10,commercial,
seating plan app,10,commercial,
questions to ask your wedding venue,10,commercial,
custom wedding invitations canada,30,commercial,
evite maker with rsvp,30,commercial,
cheap wedding invitations uk,30,commercial,
katie and kyle wedding,30,commercial,
what is a wedding,40,informational,
weddings planner,150,commercial,
marriage reception invitation,20,commercial,
welcome message for website template,200,navigational,
இன்விடேஷன்,20,commercial,
wedding inventation,20,commercial,
mobile wedding invitation,50,commercial,
online bridal,30,commercial,
templates wedding invitation,150,commercial,
wedding planning uk,100,commercial,
money instead of gifts for wedding,10,commercial,
how to confirm a rsvp invitation,10,informational,
marriage dress code for men,100,commercial,
make rsvp cards online free,20,commercial,
wedding invitationd,30,commercial,
lay out for wedding invitation,20,commercial,
how does amazon gift registry work,40,informational,
couples app free,100,commercial,
online hochzeitsplaner,20,commercial,
planning day,80,commercial,
blog mariage,10,commercial,
ay kingdom,100,commercial,
custom websites,90,navigational,
wedding designing,30,commercial,
how to reply to a rsvp,20,informational,
how to ravp,30,informational,
wedding inviatations,30,commercial,
paper save the date,20,commercial,
how to say yes to plans,0,informational,
seating chart for wedding,50,commercial,
good song requests for weddings,20,commercial,
kylie and jason wedding year,10,commercial,
free marriage sites,60,commercial,
what to say on a wedding invitation,0,informational,
wedding 2024,0,commercial,
responding to rsvp,0,commercial,
how do you say thank you for a marriage invitation,30,informational,
chloe chardonnay,50,commercial,
love admin app,60,commercial,
search amazon wedding registry,10,commercial,
uk wedding invitations,60,commercial,
how to add honeymoon fund to registry,0,informational,
adelaide bridal,100,commercial,
free digital checklist,40,commercial,
結婚清單,40,commercial,
simple wedding list,20,commercial,
bride invitation,10,commercial,
wedding cost melbourne,30,commercial,
eastington park gloucester,30,commercial,
how much do you pay a wedding planner,40,informational,
best wedding venues minneapolis,90,commercial,
bride to do list,50,commercial,
event planner adelaide,40,commercial,
what is the best wedding planning app,20,informational,
emma app,20,commercial,
rsvp to it with a click,10,commercial,
checklist mariage,10,commercial,
why is wedding planning so stressful,70,informational,
mr and mrs and family wedding invitation,10,commercial,
how to organise a wedding,60,informational,
paper wedding invites,30,commercial,
dr david love,150,commercial,
things to do in melbourne couples,30,commercial,
wedding jnvitations,20,commercial,
the on site manager,40,commercial,
write a story website,10,navigational,
informal invitation for wedding,10,commercial,
how to fill out wedding rsvp m,20,informational,
what to say on wedding invite,20,informational,
illawarra photography,20,commercial,
save the fates,20,commercial,
how to ask for money on a wedding invite,20,informational,
plan for wedding,80,commercial,
best place to make wedding invitations,30,commercial,
best song requests for weddings,30,commercial,
free wedding planning,80,commercial,
wedding venue byron bay,60,commercial,
rsvp forms,20,commercial,
beautiful wedding invitations,20,commercial,
wedding venue snohomish,20,commercial,
custom wedding sign,30,commercial,
casual wedding invites,30,commercial,
get married in italy packages,60,commercial,
important questions to ask wedding venue,40,commercial,
evite cards free,30,commercial,
qr code the knot,10,commercial,
upload your own online invitation,10,commercial,
aplikasi undangan pernikahan digital,10,commercial,
how to create a rsvp link,150,informational,
plan wedding,20,commercial,
master en wedding planner,30,commercial,
wedding organizer app,40,commercial,
how to address wedding invitations for plus one,0,informational,
couple dp editing,0,commercial,
wedding planner day,20,commercial,
best evites free,20,commercial,
what is the best wedding planner book,20,informational,
how much do weddings cost australia,10,informational,
make your wedding invitations,10,commercial,
invite wording child free wedding etiquette,10,commercial,
rsvp how to respond,10,informational,
how do i share my amazon registry,0,informational,
married invitation,0,commercial,
create wedding seating chart,70,commercial,
wedding in italy packages,90,commercial,
simple rsvp,40,commercial,
wedding plnner,30,commercial,
how to say yes to an invitation,20,informational,
wedding preparation,10,commercial,
registey,100,commercial,
wedding rsvp with number of guests,0,commercial,
melia venue foto's,0,commercial,
fast wedding invitations,150,commercial,
getting married in melbourne,30,commercial,
rsvp google forms,60,commercial,
wedding planner cost per hour,20,commercial,
wedding invitarion,20,commercial,
wedding venues south melbourne,30,commercial,
how to say i love you in africa,0,informational,
do amy and johnny get married,0,commercial,
story creator generator,0,commercial,
david's bridal canada online,0,commercial,
wedding registry ireland,90,commercial,
wedding planner services list,40,commercial,
wedding planner cost australia,10,commercial,
how much money to give at wedding,10,informational,
wedding weekend itinerary for guests,10,commercial,
how to get qr code for the knot,10,informational,
app for wedding planning,30,commercial,
beach dressy casual,10,commercial,
how to reply to wedding invite,10,informational,
custom made wedding dress melbourne,10,commercial,
doctor chiam,10,commercial,
love weddings,10,commercial,
wedding invitation packages,20,commercial,
spring wedding aesthetic,40,commercial,
weddingplanner,30,commercial,
basic wedding invitations,100,commercial,
best way to save wedding photos,50,commercial,
how to reply to marriage invitation,50,informational,
most affordable wedding invitations,60,commercial,
souvenir message for wedding,20,commercial,
wedding plannwr,30,commercial,
affordable wedding packages,30,commercial,
event create rsvp,80,commercial,
weddings italy packages,30,commercial,
hayley bennett,300,commercial,
wedding gift registry website,10,navigational,
is planning a wedding stressful,30,commercial,
wedding panner,30,commercial,
s wedding hashtags,10,commercial,
wedding designs,20,commercial,
wedding dress builder,90,commercial,
online event invitations and rsvp,90,commercial,
alternative wedding venues,10,commercial,
wedding invitations online uk,10,commercial,
wedding seating chart printing,10,commercial,
how to create a honeymoon fund registry,0,informational,
wedding plannner,30,commercial,
guest photos,40,commercial,
invitation printing melbourne,40,commercial,
electronic evites,40,commercial,
save the dates australia,40,commercial,
wedding invitation s,20,commercial,
creative unique wedding invitation wording,70,commercial,
how to get qr code from the knot,10,informational,
wedding invetations,10,commercial,
budget wedding invites,10,commercial,
who is bernadette peters married to now?,20,commercial,
wedding shuttle,20,commercial,
couple appa,20,commercial,
weddings invitations,20,commercial,
bridal registry on amazon,0,commercial,
website welcome message examples,150,navigational,
things to do as a couple melbourne,10,commercial,
made in bridal,10,commercial,
best app for invitations via text,10,commercial,
wedding day invitations,10,commercial,
wedding inventations,20,commercial,
ニュージーランド ウェディング,0,commercial,
docter,200,commercial,
response to marriage invitation,30,commercial,
where is the wedding planner set,30,commercial,
best place to order wedding invitations,10,transactional,
bee wedding invitations,10,commercial,
the wedding planner review,150,informational,
wedding invitation package,30,commercial,
how to start an amazon registry,40,informational,
digital guest,30,commercial,
melbourne town hall wedding ceremony,30,commercial,
au ido,0,commercial,
how to reply marriage invitation,60,informational,
save the date weddings,80,commercial,
wedding ivitation,20,commercial,
wedding planning checklist spreadsheet,30,commercial,
wedding themes,20,commercial,
reception only invitations with rsvp,20,commercial,
average cost of wedding invitations,10,commercial,
how to pronounce ceremony,20,informational,
courtney and ryan wedding,20,commercial,
toby chloe,10,commercial,
registrt,30,commercial,
budget friendly wedding invitations,70,commercial,
wedding reception planning,50,commercial,
how to say where,0,informational,
nathan shelley,70,commercial,
budget friendly wedding venues,60,commercial,
melissa bowers,70,commercial,
melissa wedding dress,50,commercial,
how to reply a wedding invitation,20,informational,
wedding planner courses,20,commercial,
wedding online registry,50,commercial,
unique wedding venues adelaide,90,commercial,
what is rsvp?,60,informational,
what do you do at weddings,20,informational,
how much is a wedding planner,100,informational,
rsvp on google forms,40,commercial,
wedding invitatons,30,commercial,
getting addresses for wedding invitations,30,commercial,
randalls login,0,navigational,
matt penman,0,commercial,
how much does a wedding planner make per wedding,70,informational,
cheap photographers brisbane,10,commercial,
samantha wedding dress,70,commercial,
seating chart for wedding reception,70,commercial,
randalls u,10,commercial,
wedding invintations,80,commercial,
recycled paper wedding invitations,30,commercial,
how much do weddings cost,150,informational,
wedding invitations usa,30,commercial,
cost effective wedding invitations,30,commercial,
example invitations,30,commercial,
wedding guest transport,10,commercial,
wedding invitaions,30,commercial,
wedding photographers toowoomba,10,commercial,
sarah and nathan wedding,10,commercial,
sophie grace designs,10,commercial,
wedding invitations online cheap,10,commercial,
how much does a wedding cost australia,20,informational,
melbourne weddings,30,commercial,
how to reply on marriage invitation,20,informational,
simple wedding planning,40,commercial,
wedding planning process,50,commercial,
guest list creator,40,commercial,
wedding invitations with rsvp cards,10,commercial,
save the date invites australia,10,commercial,
wedding coordinators,150,commercial,
how to wedding plan,100,informational,
grace wedding venue,20,commercial,
wedding planning company,20,commercial,
scarlett cecil,20,commercial,
wedding ceremony decor,30,commercial,
get married in melbourne,20,commercial,
virtual wedding thank you cards,20,commercial,
free invite sites,20,commercial,
best online invitation maker,30,commercial,
make custom invitations online,30,commercial,
create a seating chart for wedding,50,commercial,
elegant wedding website,50,navigational,
password manager reviews australia,10,informational,
free save the date email template,10,commercial,
sims 4 story generator,10,commercial,
june weddings,10,commercial,
wedding rsvp online wording,10,commercial,
how long to plan wedding,40,informational,
custom wedding signage,90,commercial,
my wedding checklist,30,commercial,
rsvp for wedding examples,30,commercial,
love making stories,0,commercial,
best wedding venues in australia,50,commercial,
wedding invtation,20,commercial,
wedding rsvp forms,20,commercial,
virtual weddings,0,commercial,
marriage planning list,30,commercial,
what should wedding invitations include,20,informational,
greenacre clitheroe,0,commercial,
wedding planning without a planner,0,commercial,
jordan wedding venues,10,commercial,
places to order wedding invitations,30,transactional,
wedding photographer hunter valley nsw,40,commercial,
wedding planner tool,20,commercial,
rsvp link google,20,commercial,
free cakewalk,20,commercial,
do you really need a wedding planner,10,commercial,
app for couples questions,10,commercial,
how long are weddings,10,informational,
wedding inviting,0,commercial,
wedding seating chart,50,commercial,
wedding planner free online,20,commercial,
best places to make wedding registry,20,commercial,
dog wedding pictures,20,commercial,
how to get into wedding planning,80,informational,
how to reply wedding invitation,80,informational,
what is to rsvp,60,informational,
questions for couples app,30,commercial,
dietary preferences list,30,commercial,
everything you need to plan for a wedding,30,commercial,
cost of wedding planner,10,commercial,
wedding plan spreadsheet,10,commercial,
online plot generator,10,commercial,
how to make a rsvp,40,informational,
questions to ask at wedding venue,20,commercial,
best wedding apps for guests,20,commercial,
sam polk net worth,20,commercial,
digital party invitations free,20,commercial,
weeding invitations,40,commercial,
things to have at your wedding,30,commercial,
wedding invitation online editing,50,commercial,
samantha en robbie,10,commercial,
wedding invitatoins,10,commercial,
how to plan wedding,10,informational,
weddings by emma,40,commercial,
emma handy,30,commercial,
melissa doi,20,commercial,
link for rsvp,20,commercial,
how to add rsvp to invitation,30,informational,
free wedding svg,10,commercial,
invites or invitations,10,commercial,
customized wedding invitations,10,commercial,
digital invites uk,10,commercial,
how to make a wedding planner,10,informational,
i do rebecca stella,30,commercial,
rsvp with google forms,40,commercial,
wedding svg free,10,commercial,
jason and kaitlyn,0,commercial,
natasha bridal,30,commercial,
isay,0,commercial,
electronic card invitations,0,commercial,
wedding planning free,50,commercial,
on our wedding day card,200,commercial,
create amazon wedding registry,10,commercial,
jordan wedding,10,commercial,
find a wedding date,10,commercial,
best email invites,10,commercial,
wedding design website,40,navigational,
how much do wedding photographers make,40,informational,
matt and nat locations,40,commercial,
create wedding registry amazon,10,commercial,
ramada jordan beacon,10,commercial,
best wedding invitation,10,commercial,
rsvp with google,10,commercial,
how to put rsvp on invitation,50,informational,
what order do you put wedding invitations together,20,transactional,
how do weddings work,20,informational,
hand weeding tool,40,commercial,
ian and nikki wedding,30,commercial,
thank you wedding cards ireland,30,commercial,
evening invite,30,commercial,
adelaide wedding photographer,30,commercial,
party is,60,commercial,
bridal website,10,navigational,
wedding to.do list,20,commercial,
save the date and wedding invitations,20,commercial,
unique wedding ideas on a budget,200,commercial,
zola website templates,10,navigational,
round table seating chart for 10,10,commercial,
online free invitations,10,commercial,
cheap wedding invitation sets with rsvp,10,commercial,
wedding agenda for guests,10,commercial,
nz wedding,20,commercial,
addressing wedding invitations by hand,10,commercial,
plans wedding,0,commercial,
how to create amazon wedding registry,0,informational,
scott and abi,0,commercial,
wedding freebies canada,20,commercial,
international wedding registry,20,commercial,
wedding reception set up,10,commercial,
who pays for wedding invitations,20,commercial,
wedding registry when you don't need anything,0,informational,
what is the most expensive time of your life?,30,informational,
saying yes to everything,40,commercial,
website for wedding registry,20,navigational,
wedding planner tools,60,commercial,
best rsvp,20,commercial,
how to wish someone getting married,20,informational,
wedding plannee,50,commercial,
no junk mail sign nz,40,commercial,
free party rsvp,20,commercial,
weddings byron bay,10,commercial,
rsvp on wedding cards,10,commercial,
jade jayden,450,commercial,
charity wedding list,10,commercial,
regisry,10,commercial,
unique e wedding cards,30,commercial,
how to send an rsvp,30,informational,
save the dates for wedding,60,commercial,
digital wedding thank you cards,40,commercial,
best places to make a wedding registry,40,commercial,
wedding videography cairns,40,commercial,
thank you for wedding guests,30,commercial,
how to make a seating chart for wedding,20,informational,
create free wedding invitation,10,commercial,
how to get rsvp responses,10,informational,
say yes to the dress invitation,10,commercial,
day of wedding to do list,10,commercial,
how to unpublish website,10,navigational,
save the date event planning,10,commercial,
wedding planner uk cost,40,commercial,
response to rsvp,40,commercial,
dressy casual beach wedding attire,20,commercial,
wedding planner list,20,commercial,
cheap reception venues,30,commercial,
wedding ceremony layout,20,commercial,
louth b&b,20,commercial,
wedding website honeymoon fund,10,navigational,
wedding mr and mrs logo,20,commercial,
clever save the date ideas,20,commercial,
cheap wedding ceremony packages,10,commercial,
one page wedding invitation,20,commercial,
how to respond to rsvp invitation,20,informational,
wedding invitations packages,0,commercial,
wedding planning chart,20,commercial,
unique things to do at a wedding reception,20,commercial,
best paper for invitations,10,commercial,
what is wedding planning,10,informational,
wedding paper examples,10,commercial,
paperless invite free,30,commercial,
best wedding save the dates,40,commercial,
etsy wedding registry,10,commercial,
rsvp postcards wedding,10,commercial,
online marriage australia,10,commercial,
how to reply rsvp invitation by email,10,informational,
wedding planner book canada,10,commercial,
awkward couple questions list,10,commercial,
upload wedding invitation design,20,commercial,
michael and olivia wedding,10,commercial,
sai builders,20,commercial,
tracey connelly,50,commercial,
melbourne town hall weddings,30,commercial,
best wedding planner sydney,30,commercial,
wedding table plan design,10,commercial,
best places for bridal registry,20,commercial,
wedding program,20,commercial,
wedding guest edit,30,commercial,
reception invitations with rsvp,30,commercial,
best app for couples,20,commercial,
what rsvp,40,informational,
wedding planning is stressful,10,commercial,
wedding invitations with rsvp cards included,30,commercial,
regsitry,20,commercial,
wedding planner seattle,10,commercial,
registry marriage nz,20,commercial,
how much do wedding photographers charge per hour,20,informational,
weddinng invitations,0,commercial,
zola online invitations,0,commercial,
who plans a wedding,30,commercial,
is wedding planning stressful,40,commercial,
how to say thank you for money wedding,40,informational,
make your own wedding invites,50,commercial,
grace and ryan wedding,10,commercial,
how to set up registry on amazon,0,informational,
respond to rsvp,40,commercial,
thank you note for wedding guests,10,commercial,
love story titles generator,10,commercial,
charlotte flair wedding,10,commercial,
wedding invitations set,10,commercial,
wed planner near me,30,navigational,
wedding venues byron,10,commercial,
cheapest invitations online,20,commercial,
dietry,300,commercial,
how to set up an rsvp link,30,informational,
wedding registry apps,30,commercial,
cheap custom wedding invitations,30,commercial,
all in one wedding venues,10,commercial,
online simon says,10,commercial,
how much do custom wedding invitations cost,30,informational,
affordable charlotte wedding venues,0,commercial,
save the date dog,20,commercial,
who do you say,10,commercial,
george weddings,0,commercial,
how to write a great love story,0,informational,
engagement stationery,30,commercial,
home made wedding invitations,20,commercial,
save the date ideas for weddings,10,commercial,
why did natasha ryan hide,0,informational,
wedding photographers adelaide,20,commercial,
rsvp for or to,30,commercial,
how much are wedding invitations for 150 guests,40,informational,
wedding planner si o no,0,commercial,
bridal invitations online,40,commercial,
thanks for the wedding invitation,20,commercial,
best email invite service,20,commercial,
coogee bay hotel wedding,10,commercial,
wedding rsvp reply,10,commercial,
how to plan for a wedding,30,informational,
wedding invitaiton,30,commercial,
rsvp to or at,20,commercial,
rsvp messages,30,commercial,
wedding invitations ireland,10,commercial,
best small wedding venues melbourne,20,commercial,
list of things to organise for a wedding,20,commercial,
wedding announcements,10,commercial,
alternatives to having a wedding,10,commercial,
elopement planner,10,commercial,
the best wedding planner,30,commercial,
simple marriage hall plan,10,commercial,
regitry,20,commercial,
wedding stress,20,commercial,
the best wedding planner app,10,commercial,
wedding planner book online,10,commercial,
invitations for weddings templates,20,commercial,
how to plan a wedding nz,20,informational,
who is bernadette peters married to now,20,commercial,
best wedding photographers adelaide,20,commercial,
how to write rsvp on wedding invitation,20,informational,
party planner adelaide,10,commercial,
organized me digital planner reviews,10,informational,
middlemiss,40,commercial,
post wedding invitations,20,commercial,
gift cards for wedding registry,20,commercial,
wedding card ending,0,commercial,
simple wedding plans,10,commercial,
cheap wedding rsvp cards,10,commercial,
shannon ryan nz,20,commercial,
questions app for couples,20,commercial,
how much is a wedding in australia,30,informational,
wedding save the date and invitations,20,commercial,
rsvp services,20,commercial,
wedding ceremony venues adelaide,20,commercial,
wedding budgeting tool,10,commercial,
what is a wedding hashtag used for,10,informational,
online printable invitation,20,commercial,
do wedding photographers make good money,10,commercial,
wedding registry aggregator,10,commercial,
how to do a registry,20,informational,
custom wedding dress maker online,10,commercial,
event rsvp sites,10,commercial,
how to reply to a wedding rsvp,10,informational,
wedding invitation and save the date packages,10,commercial,
how to make rsvp invitation,20,informational,
bridal planner,20,commercial,
park 118 nora,0,commercial,
app for married couples to find friends,0,commercial,
planning a wedding in ireland,10,commercial,
rsvp wedding response,10,commercial,
wedding invite response,10,commercial,
rsvp online wording,10,commercial,
complicated chardonnay,10,commercial,
amazon wedding registry search,10,commercial,
save the date timeframe,10,commercial,
wedding invitations on a budget,10,commercial,
how soon should you send thank you cards after wedding,20,informational,
how to respond rsvp,20,informational,
up wedding invitations,10,commercial,
proposal planner,10,commercial,
wedding registry travel,10,commercial,
thank you for wedding invitation,10,commercial,
ireland wedding,10,commercial,
organizzatore di matrimoni,10,commercial,
dr rachel rebecca marriage,10,commercial,
1 week till wedding,20,commercial,
what to plan for a wedding,20,informational,
personalized checklist,10,commercial,
dan barrett have a nice life,20,commercial,
wedding kombi,0,commercial,
grace and co australia,10,commercial,
samantha bee minneapolis,0,commercial,
what's the etiquette for wedding invitations,20,informational,
megan and michael wedding,0,commercial,
wedding sign design,10,commercial,
weeding tools name,10,commercial,
marriage saver,10,commercial,
how much to budget for wedding invitations,10,informational,
wedding planners free,10,commercial,
barquin,10,commercial,
wedding songs for guests arriving,10,commercial,
wedding list app,10,commercial,
wedding invite companies,20,commercial,
getting married in nz,10,commercial,
wedding day planner,10,commercial,
e invite for wedding indian,0,commercial,
create evites for free,0,commercial,
zola wedding cost,0,commercial,
wedding registry sites zola,0,commercial,
sayyesido,10,commercial,
seattle wedding invitations,10,commercial,
what is a wedding stationery,10,informational,
rsvp cards for wedding online,10,commercial,
event rsvp tracker,10,commercial,
what to do on wedding day,10,informational,
ejemplos de save the date en español,10,commercial,
2024 digital planner free,0,commercial,
how to share your amazon registry,0,informational,
saying thanks to manager,10,commercial,
sites like minted,10,commercial,
indian invitations online,10,commercial,
best places to register for your wedding,10,commercial,
qr code for the knot,10,commercial,
do dee melbourne,0,commercial,
xavier dp,0,commercial,
invite invitation card,0,commercial,
love story title generator,10,commercial,
most beautiful wedding venues australia,10,commercial,
qr code on the knot,0,commercial,
can i invite my friend to australia,10,commercial,
kind of form,0,commercial,
wedding invitatios,30,commercial,
seattle wedding planners,0,commercial,
wedding theme 2024,0,commercial,
examples of wedding invitations,10,commercial,
weddings 2024,0,commercial,
george guest,0,commercial,
make invitation online to text,0,commercial,
a present for mrs. robertson,0,commercial,
who is bernadette peters partner?,0,commercial,
wedding partner,10,commercial,
registry for experiences,0,commercial,
what's dressy casual attire,0,informational,
wedding themes 2024,0,commercial,
wedding venues seattle affordable,0,commercial,
kinds of paper for invitation,0,commercial,
kamberra,60,commercial,
best wedding fund registry,0,commercial,
callum and molly,0,commercial,
john lewis wedding lists,10,commercial,
find a couple's wedding website,250,navigational,
what are the best rsvp responses?,0,informational,
carter and renee,0,commercial,
bsb633123,10,commercial,
getting married in the uk quickly,300,commercial,
e-vites,450,commercial,
alice fearn,1000,commercial,
who to invite to wedding,300,commercial,
idocom,0,commercial,
john lewis wedding registry,300,commercial,
digitalsave,40,commercial,
i-say,30,commercial,
courtney tailor,400,commercial,
hotmail sign in australia,450,commercial,
john lewis wedding list,250,commercial,
david jones bridal,150,commercial,
do not email,30,commercial,
yahoo site builder,450,commercial,
ido-ido,0,commercial,
resvp,10,commercial,
wedding table planner,350,commercial,
john lewis gift registry,90,commercial,
daniel barlow,2600,commercial,
bay gift registry,0,commercial,
newmans holidays,450,commercial,
wedding thank you cards,700,commercial,
do.com,50,commercial,
dom and jess,10,commercial,
revoau32,10,commercial,
yesido,200,commercial,
ashdown and bee,10,commercial,
free hotmail,250,commercial,
the wedding site,20,commercial,
sophie dee dp,10,commercial,
matt and nat uk,150,commercial,
rsvp review,30,informational,
chloe bennett,400,commercial,
chandani,60,commercial,
see my marriage,500,commercial,
premier inn ayr,1000,commercial,
what say you,600,informational,
rsvp dating site,2400,commercial,
michelle lombardo,350,commercial,
d day wedding planner,200,commercial,
wedding invites uk,700,commercial,
thebay registry,0,commercial,
master penman,200,commercial,
isobel steele,2800,commercial,
seamill hydro deals,1600,transactional,
free wedding invitation templates,100,commercial,
wedding songs first dance,700,commercial,
getting married website,100,navigational,
i.say,0,commercial,
my guest list,100,commercial,
jade kingdom,600,commercial,
mt+vernon+33+purple+peak+road,0,commercial,
john lewis wedding gift list,100,commercial,
emma louise bridal,350,commercial,
theknot wedding website,10,navigational,
do..com,40,commercial,
free gift registry,30,commercial,
on the inlet port douglas,30,commercial,
junkmail sa,150,commercial,
w weddings,100,commercial,
michael barlow,350,commercial,
cecil amey,90,commercial,
1do,80,commercial,
anrsvp,20,commercial,
rsvp log in,500,commercial,
easy weddings,1900,commercial,
how to have a cheap wedding,500,informational,
wedding invitations nz,400,commercial,
george james bridal,10,commercial,
www.withjoy.com/,0,commercial,
www.johnlewis/wish-list,0,commercial,
wedding thank you card template,500,commercial,
mr.hugeload,100,commercial,
lucyandpaula,0,commercial,
marianna lively,50,commercial,
i do bridal,450,commercial,
www.johnlewis.com/wish-list,0,commercial,
planner kate,1500,commercial,
670-864,150,commercial,
fab couples,10,commercial,
john lewis gift list wedding,70,commercial,
kylie j bridal,10,commercial,
dennis transport,100,commercial,
amy love bridal,30,commercial,
rsvp login my account,10,navigational,
hamish and andy,150,commercial,
theknot.com/rsvp,0,commercial,
say.,0,commercial,
sayvi,30,commercial,
michael andrews bespoke,900,commercial,
idoweddings,30,commercial,
say.com,10,commercial,
best places for wedding registry,250,commercial,
felicity bridal,100,commercial,
niamh briggs,200,commercial,
appywedding.com.au,30,commercial,
horizon hotel ayr,600,commercial,
melissa wedding,40,commercial,
weddingshop.com/find-a-list,10,transactional,
fanfiction generator,900,commercial,
ic.ido,10,commercial,
hotmail.com au,100,commercial,
goodchilds,200,commercial,
do0,10,commercial,
weddings with love,150,commercial,
saylove,10,commercial,
weddings online,200,commercial,
sag nice,20,commercial,
big day login,10,navigational,
ventrice,30,commercial,
wedding.invite,30,commercial,
the lovely registry,0,commercial,
rrsvp,30,commercial,
go/seatplan,0,commercial,
cangus,10,commercial,
grundon,20,commercial,
sai digital,300,commercial,
marriage gift list,200,commercial,
saydo,30,commercial,
jflm,0,commercial,
easyweddings,200,commercial,
digital.invite,40,commercial,
mrandmrssmith,0,commercial,
iwedding,1200,commercial,
adminside,40,commercial,
knot.com,900,commercial,
amey construction,100,commercial,
wedding.con,10,commercial,
sa'i,60,commercial,
balletta,60,commercial,
guzzo,150,commercial,
schimm,10,commercial,
smiso,250,commercial,
rsvp.com.au,10,commercial,
rsvo,30,commercial,
turtons,50,commercial,
chloe.sasha,10,commercial,
zands,100,commercial,
the knot wedding websites,2600,navigational,
freelands,150,commercial,
www.prezola.com,10,commercial,
rinsma,7000,commercial,
gsquared,50,commercial,
guestlist,40,commercial,
jane clayton,7200,commercial,
unboring,20,commercial,
love for weddings,150,commercial,
248649,100,commercial,
fleck and co,100,commercial,
registry,6900,commercial,
indo.ie,250,commercial,
byron bay weddings,350,commercial,
yvi,30,commercial,
ido.com,10,commercial,
hyatt+place+edmonton+west+18004+100+avenue+nw,60,commercial,
10011+184th+street+courtyard+edmonton+west,0,commercial,
design your wedding,10,commercial,
prezola gift list,100,commercial,
sizzy,150,commercial,
fab swingers,20,commercial,
srsvp,30,commercial,
bsb062692,10,commercial,
theknot website,150,navigational,
rsvp.com,40,commercial,
the singular olivia,80,commercial,
amey login,100,navigational,
dò,500,commercial,
amazon wedding list,50,commercial,
big lolly,150,commercial,
hudsons bay registry,0,commercial,
hotmail too much spam,0,commercial,
sammy first dates,0,commercial,
writing your love story for wedding,0,commercial,
b dp love,0,commercial,
cheapest honeymoon registry,0,commercial,
my free couples,0,commercial,
01626 793992,0,commercial,
how to reply when someone says thanks for the invite,0,informational,
www.i-say.co,0,commercial,
love cute wedding couple dp,0,commercial,
do sign,20,commercial,
isay uk,0,commercial,
what is nicole's last name from jake and nicole,0,informational,
matt and nat david jones,0,commercial,
top honeymoon registry,0,commercial,
errington hotels,0,commercial,
real time event photo sharing free,0,commercial,
ways to ask for money for wedding,0,commercial,
save the date que significa,300,commercial,
customisable invites,0,commercial,
how to fill out wedding rsvp number of guests,0,informational,
bongi ntuli wedding pictures,0,commercial,
theknot.com wedding websites,0,navigational,
share your memories online code,0,commercial,
melissa uk online,0,commercial,
how long should i give guests to rsvp for my wedding,0,informational,
how to tell someone you can't go to their wedding last minute,0,informational,
our joy wedding website,0,navigational,
i-say.com sign in,0,commercial,
when should you send out save the dates for a wedding,0,informational,
free granny dating site reviews,0,informational,
сairns wedding photographer,0,commercial,
series9 new domain,0,commercial,
rsvp multiple events,0,commercial,
best e-invitation websites,0,navigational,
invitation ettiquette when more than one wedding in the year,0,informational,
bsb 670864 which bank,0,commercial,
website to upload videos and photos after wedding,0,navigational,
save the date ejemplos,200,commercial,
rsvp and me,0,commercial,
save the date boda,300,commercial,
words in wedding invitations,0,commercial,
jurys inn wolvercote,0,commercial,
samantha's cabs malmesbury,0,commercial,
cut short rsvp.com,0,commercial,
when to have rsvps back for wedding,0,informational,
accommodation perricoota road moama,0,commercial,
kombi hire for weddings sydney,0,commercial,
do hannah and mike get married,0,commercial,
i-say inloggen,0,commercial,
rsvp charlotte shooting,0,commercial,
save the date corporate event wording,0,commercial,
reminder to rsvp email,0,commercial,
junk email ko kya kehte hain,0,commercial,
how soon before a wedding should you send invitations,0,informational,
australia rsvp,0,commercial,
melissa uk online reviews,0,informational,
kombi wedding hire sydney,0,commercial,
it was a big day for kurt,0,commercial,
free rsvp.tracker,0,commercial,
i- say,0,commercial,
hotel accommodations for wedding guests template free,0,commercial,
greeting for guests at the top of your registry,0,commercial,
how do i make a wedding guest list?,0,informational,
how find wedding,0,informational,
ash and chels,0,commercial,
how far in advance should you ask guests to rsvp for a wedding,0,informational,
harlea danielle,0,commercial,
molly rather wedding,0,commercial,
gabby and sam,0,commercial,
******i,0,commercial,
the bay registry canada,0,commercial,
get links for wedding venue,0,commercial,
shelley's bridal,0,commercial,
how many months in advance to send wedding invitations,20,informational,
piper and powlett,0,commercial,
www.i-say.com login,0,navigational,
which bank has bsb 670-864,0,commercial,
good free wedding websites,0,navigational,
make a wedding website uk,0,navigational,
we invites,0,commercial,
wedding post it note to do list,0,commercial,
when do invitations go out,0,informational,
ashleigh patience,0,commercial,
love couple dp new,0,commercial,
starting a wedding venue business australia,0,commercial,
bridal dp pics,0,commercial,
how long after getting engaged should you start planning the wedding,0,informational,
"studley park boathouse, 1 boathouse rd, kew vic 3101",0,commercial,
true love couple dp,0,commercial,
i-say uk,0,commercial,
when do invitations go out for a wedding,0,informational,
how to answer can i bring a date to a wedding on website,0,navigational,
bay wedding registry,0,commercial,
how many weeks before a wedding should invitations be sent out,0,informational,
when to have rsvp back for wedding,0,informational,
simon jones wedding,0,commercial,
cut-short rsvp.com,0,commercial,
plan budget dream,0,commercial,
greeting for wedding registry,0,commercial,
marilyn's gold coast,0,commercial,
chapters registry,0,commercial,
what do save the dates say,0,informational,
me and u venue manager,0,commercial,
****i,0,commercial,
i psos i say log in,0,commercial,
how long in advance to send wedding invites,0,informational,
do*****,0,commercial,
live stream wedding invitation wording,0,commercial,
mark bassett adelaide,0,commercial,
wedding.con review,0,informational,
how far in advance do you send out bridal shower invitations,0,informational,
new home fund wedding wording,0,commercial,
a love d dp,0,commercial,
heaps good adelaide set times,0,commercial,
wedding photography apps,0,commercial,
create save the date for free,0,commercial,
when do rsvps need to be returned,0,informational,
best day to get married in 2024,0,commercial,
sydney kombi hire,0,commercial,
choosing your wedding guest list,0,commercial,
registry note for guests,0,commercial,
one may ask for a dinner preference,0,commercial,
a modern wedding might have two,0,commercial,
güzel düğün 2024,0,commercial,
katie and will wedding,0,commercial,
how far in advance do you send wedding invitations for destination wedding,0,informational,
what is a correct format of the website links,0,navigational,
how early do you send out save the dates for a wedding,0,informational,
evedon lakeside retreat burekup,0,commercial,
sya announcements,0,commercial,
online wedding card creator and payment system website in europe,0,navigational,
our story wedding website example,0,navigational,
how far in advance do you send out save the dates for a wedding,0,informational,
when to send our wedding invites,0,informational,
hbc wedding registry,0,commercial,
can you negotiate wedding venues,0,commercial,
create e-invite with rsvp,0,commercial,
what is a correct format of the website links?,0,navigational,
wedding save the dates canada,0,commercial,
jason ryan melbourne,0,commercial,
how many months before wedding to send save the date,0,informational,
rsvp shooting charlotte,0,commercial,
vintage love ceremonies,0,commercial,
are holly and nathan still together,0,commercial,
which of the following are web browsers?,0,commercial,
top honeymoon registry sites,0,commercial,
fun questions for wedding website,0,navigational,
how far in advance do you send wedding save the dates,0,informational,
rockhampton golf driving range photos,0,commercial,
isay sign in,0,commercial,
bay registry canada,0,commercial,
tina and danny have been married,0,commercial,
free fnafic maker,0,commercial,
emily sutton wedding,0,commercial,
wedding plan the series 4,0,commercial,
our story examples for wedding,0,commercial,
how far in advance should you send out bridal shower invitations,0,informational,
kombi bridal car sydney,0,commercial,
peters and lee were they married,0,commercial,
honeymoon fund wording for website,0,navigational,
how far in advance should you send an invitation to a party?,0,informational,
wedding list of participants,0,commercial,
our wedding website free,0,navigational,
the bay canada wedding registry,0,commercial,
chapel farm estate middle swan wa,0,commercial,
free e invites canada,0,commercial,
wedding games,300,commercial,
rachel friend 2021,0,commercial,
hannah and dylan wedding,0,commercial,
invitations for wedding wording,0,commercial,
cheap wedding cars melbourne,0,commercial,
adelaide town hall wedding cost,0,commercial,
1783 abingdon road,0,commercial,
wishing well wedding invitations,0,commercial,
can you get a qr code for the knot wedding website,0,navigational,
stylish wedding couple dp for fb,0,commercial,
how to download excel on mac,1000,informational,
wedding website faq example,0,navigational,
bsb063097,0,commercial,
join my weeding.com,0,commercial,
the bay wedding registry search,0,commercial,
bernadette peters 2022 images,0,commercial,
i must say i do love the layout of the map,0,commercial,
invites weddings,0,commercial,
couples app review,0,informational,
romance book idea generator,0,commercial,
an invitation to a really cheap wedding might say bring your,0,commercial,
wedding rsvp website australia free,0,navigational,
is zola wedding website good,0,navigational,
annabella chardonnay 2020,0,commercial,
party rsvp online free,0,commercial,
wedding website welcome message example,0,navigational,
wedding registry greeting wording,0,commercial,
prezola wishlist,0,commercial,
how do you say thank you after attending a wedding as a guest,0,informational,
coulsdon manor hotel website,0,navigational,
what happened with chloe and toby,0,informational,
website the knot our story examples,0,navigational,
how long before a wedding should you send save the dates,0,informational,
simple wedding reception rectangle table layout,0,commercial,
they have a site,0,commercial,
yes. i. do,0,commercial,
david's bridal melbourne,0,commercial,
james heaps net worth,0,commercial,
"joy - wedding website, guest list, invitations & more",0,navigational,
patchwork wedding list,0,commercial,
best online wishing well australia,0,commercial,
wedding photographers mornington peninsula,0,commercial,
minted wedding registry website,0,navigational,
1-800-got-junk? charlotte central reviews,0,informational,
love story maker online,0,commercial,
aphrodite adelaide,0,commercial,
wedding photo caption,20,commercial,
romantic couple generator,0,commercial,
24 du faur street north turramurra,0,commercial,
new love couple dp,0,commercial,
save the date significado,600,commercial,
best wedding dates for 2024,0,commercial,
670-864 bank,0,commercial,
the address love,0,commercial,
gift registry at home,0,commercial,
emily jon,0,commercial,
bank bsb 670-864,0,commercial,
e wedding list,0,commercial,
couples dp goals,0,commercial,
is chris bee married?,0,commercial,
is a videographer worth it wedding,0,commercial,
dr. christopher love photos,0,commercial,
party guest list excel template,0,commercial,
what happened with toby and chloe,0,informational,
how to gather emails for wedding jnvites,0,informational,
how far in advance should you have guests rsvp for a wedding,0,informational,
blacktie auckland,0,commercial,
rsvp オーストラリア,0,commercial,
kombi wedding car hire sydney,0,commercial,
rsvp dating online,0,commercial,
how long to give rsvp for wedding uk,0,informational,
say i do maxi dress,0,commercial,
junk bee gone google reviews,0,informational,
dylan scott new song when i said i do,0,informational,
where did jake and nicole move to 2022,0,commercial,
andrew pike net worth,0,commercial,
wedding websites save the date,0,navigational,
how far in advance should you send an invitation to a party,0,informational,
randalls digital app,0,commercial,
free wedding invitation templates nz,0,commercial,
what to put on our story wedding website,0,navigational,
mike and hannah wedding,0,commercial,
rsvp charlotte dress code,0,commercial,
cut your wedding guest list,0,commercial,
thebay wedding registry,0,commercial,
website wedding free,0,navigational,
ashleigh ellen australia,0,commercial,
j say app,0,commercial,
ship wedding invitations,0,commercial,
wishing well request wording,0,commercial,
texts.com invite,0,commercial,
when should you send out wedding invitations if no save the dates,0,informational,
ido-ido photos,0,commercial,
evedon lakeside retreat wedding,0,commercial,
sample wedding registry card wording,0,commercial,
100 armour road regina sk,0,commercial,
rsvp 6 weeks before wedding,0,commercial,
find a wedding website on minted.us,0,navigational,
website with customizable rsvp options,0,navigational,
what cocktails do guests order at wedding,0,transactional,
wedding invitations canada cheap,0,commercial,
wedding signing banner,0,commercial,
which bank is bsb 670-864,0,commercial,
wedding this or that questions,0,commercial,
joy vs the knot wedding website,0,navigational,
kyle's wedding live,0,commercial,
online wedding registry australia,0,commercial,
www.i-say.com,0,commercial,
reception program order,0,transactional,
peters of kensington wedding registry,0,commercial,
party with karissa,0,commercial,
od en couple,0,commercial,
perricoota accommodation,0,commercial,
what is a negative rsvp,0,informational,
dan and lucy wedding,0,commercial,
how to have a zero waste wedding,0,informational,
bridal registry honeymoon fund,0,commercial,
wedding guest smart casual wedding,0,commercial,
hudson's bay wedding registry,0,commercial,
how to find a couples minted wedding website?,0,navigational,
a love j dp,0,commercial,
wedding invitations australia cheap,0,commercial,
i-say.com,0,commercial,
romance rp plot generator,0,commercial,
love b dp,0,commercial,
how much to give for a wedding gift cash australia,0,informational,
rsvp dietary restrictions,0,commercial,
registry message to guests,0,commercial,
without a plus one say,0,commercial,
best wedding websites 2023,0,navigational,
how far in advance do you need to send out wedding invitations,0,informational,
best way for wedding guests to share photos,20,commercial,
yes i do events,0,commercial,
melissa weding,0,commercial,
matt and nat the bay,0,commercial,
how early do wedding invitations need to be mailed,0,informational,
how much time do you give guests to rsvp to a wedding,0,informational,
includd family in wedding day,0,commercial,
guest list test,0,commercial,
monetary cute ways to ask for money as a wedding gift,0,commercial,
kombi wedding,0,commercial,
hudson's bay gift registry,0,commercial,
ruby gribbin,0,commercial,
t love a dp,0,commercial,
i saiy,0,commercial,
best wedding photo sharing sites,50,commercial,
rsvp tally,0,commercial,
best wedding date 2024,0,commercial,
how to word monetary gift for wedding,0,informational,
how to word registry information on wedding website,0,navigational,
how to follow up on wedding rsvp,0,informational,
how long before the wedding should you send invites,0,informational,
it book page 1397,0,commercial,
marry me marilyn,0,commercial,
how to hide invite list on facebook event 2022,0,informational,
atherton photographer,0,commercial,
"alexander isaac, 30",0,commercial,
websites for a wedding,0,navigational,
what bank is bsb 670-864,0,informational,
couples goals dp,0,commercial,
how long should you give someone to rsvp for a wedding,0,informational,
letting guest know a member is under weather,0,commercial,
best wedding photo app,50,commercial,
top rated honeymoon registry sites,0,commercial,
ashleigh money saver,0,commercial,
polite way to say no extra guests to a party,0,commercial,
sending extra wedding invitations to companies,0,commercial,
how to answer plus one question on wedding website,0,navigational,
mr simple melbourne central photos,0,commercial,
how we met story for wedding website,0,navigational,
black cabs sydney,0,commercial,
wwedding invitations,0,commercial,
can you have a knot website and use minted invitations,0,navigational,
ryan and danielle wedding,0,commercial,
hannah patrick wedding,0,commercial,
how far in advance to send save the date for a party,0,informational,
zankyou pro,0,commercial,
registry.com canada,0,commercial,
david jones gift registry login,0,navigational,
burnham beeches hotel promo code,0,commercial,
share your photos with us,30,commercial,
romantic couple dp for fb,0,commercial,
interet invite,0,commercial,
leanne booker celebrant,0,commercial,
do you send wedding invitations to the wedding party,0,commercial,
how soon do you send out save the dates for a wedding,0,informational,
reset guest,0,commercial,
email invitations australia,0,commercial,
bridal registry for honeymoon,0,commercial,
how far in advance to send wedding invitations for destination weddings,0,informational,
custommade annabella,0,commercial,
dating sites for couples australia,0,commercial,
how far in advance should you send out save the dates,0,informational,
hudsons bay wedding registry,0,commercial,
крис супер в кастом,0,commercial,
withjoy.com/find-a-couple,0,commercial,
how long before a wedding do you send save the dates,0,informational,
you and a guest are invited,0,commercial,
self-insert story generator,0,commercial,
couple true love dp,0,commercial,
wedding transportation tips,0,informational,
threads app website,0,navigational,
jordan and chloe first dates still together,0,commercial,
creating wedding websites,0,navigational,
what do builders charge per hour nz,0,informational,
bsb 670-864 which bank,0,commercial,
how much in advance should shower invites go out?,0,informational,
bongi ntuli wedding,0,commercial,
how to say thank you after attending a wedding as a guest,0,informational,
aisle invite message,0,commercial,
make a wish online wishing well,0,commercial,
best wedding presents australia,0,commercial,
apa yang dimaksud dengan rsvp,0,commercial,
sending invitation via email,0,commercial,
there weren't many guests at the wedding,0,commercial,
what does rsvp mean on an invite,0,informational,
dop pre wedding studio photos,0,commercial,
free e-invitations with rsvp,0,commercial,
e wedding cards online,0,commercial,
datesai,0,commercial,
kombi wedding cars sydney,0,commercial,
when should i send out save the dates for a wedding,0,informational,
wedding website templates invitations,0,navigational,
website with rsvp tracking,0,navigational,
words in wedding invitation,0,commercial,
how long before the wedding should you send invitations,0,informational,
238 castlereagh street sydney nsw,0,commercial,
vintage love ceremonies reviews,0,informational,
the ido;,0,commercial,
isay canada,0,commercial,
john lewis wedding gift list search page,0,commercial,
wedding attire for guests wording,0,commercial,
cash registry wording examples,0,commercial,
hudson bay registry,0,commercial,
create a table for the things or plans,0,commercial,
how to write our story for wedding,0,informational,
phone info ★sam★,0,commercial,
bosco church engadine,0,commercial,
anyone but you guzzo,0,commercial,
hotmail getting too much spam,0,commercial,
new wedding websites,0,navigational,
one piece couple dp,0,commercial,
david jones gift registry online,0,commercial,
xlsx,5300,commercial,
emma et sacha en couple,0,commercial,
avianto r114 muldersdrift,0,commercial,
save the date artinya dalam bahasa indonesia,70,commercial,
sarah barlow baby,0,commercial,
classic bridal cars sydney,0,commercial,
how much time should you give guests to rsvp for a wedding,0,informational,
joy registry review,0,informational,
how to register on amazon for wedding,0,informational,
where can i have wedding guests upload photos,0,commercial,
how far in advance do you send save the dates for a wedding,0,informational,
wilson parking domain car park,0,commercial,
wed on web marriage,0,commercial,
how do i find a couples wedding website?,0,navigational,
zola.com wedding couple,0,commercial,
how to indicate guest meal choice,0,informational,
london cabs sydney,0,commercial,
the bay wedding registry find,0,commercial,
when do you send save the dates uk,0,informational,
invites online australia,0,commercial,
registry greeting examples wedding,0,commercial,
he wanted to know if was engaged yet,0,commercial,
house fund registry wording,0,commercial,
sau tech shooting,0,commercial,
isay.com login,0,navigational,
why does hotmail have so much spam,0,informational,
wiremill sleep boutique,0,commercial,
how long before wedding should invitations be sent,0,informational,
each element of the ceremony has a,0,commercial,
when should save the dates be sent out for a wedding,0,informational,
invitations of wedding,0,commercial,
property vine holborn,0,commercial,
romance fanfic generator,0,commercial,
wedding rate park view hotel newtownmountkennedy,0,commercial,
online invitation wedsing,0,commercial,
beta events the gallery,0,commercial,
jacksonville wedding invitations,0,commercial,
how to create a qr code for wedding guests to upload photos,0,informational,
registry on,0,commercial,
how to choose songs for weddings,0,informational,
bridal registry the bay,0,commercial,
doo-online,0,commercial,
what happened between toby and chloe,0,informational,
how far in advance do guests need to rsvp for a wedding,0,informational,
how far in advance should you send a save the date,0,informational,
how to ask guests to rsvp online,0,informational,
miss b conny,0,commercial,
emily hall shoes,0,commercial,
minted rsvp questions,0,commercial,
how to rsvp to a wedding online,0,informational,
is there a free invitation site?,0,commercial,
scrolling bee review,0,informational,
how do i find a couples minted wedding website?,0,navigational,
are chloe and toby together,0,commercial,
the knot vs wedding wire vs zola,0,commercial,
samantha bridal owner,0,commercial,
outlook how to stop email from going to junk,0,informational,
bryce and melissa wedding,0,commercial,
నా పెళ్లి ఎప్పుడు,0,commercial,
what bank is this bsb 670-864,0,informational,
900 camden valley way catherine field,0,commercial,
miss maddy reviews,0,informational,
dress code wording examples,50,commercial,
a big wedding requires,0,commercial,
our-wedding link,0,commercial,
rsvp for wedding invites,0,commercial,
the bay wedding gift registry,0,commercial,
australia wedding gift money,0,commercial,
how to say you want money as a wedding gift,0,informational,
bonginkosi ntuli wedding,0,commercial,
george sheppard wedding,0,commercial,
wedding q&a for wedding website,0,navigational,
what do you put in the rsvp section of an invitation,0,informational,
cassars limo,0,commercial,
ultimate wedding planner final,0,commercial,
bethany amelia,0,commercial,
druids glen hotel & golf resort leabeg upper newtown mount kennedy county wicklow,0,commercial,
plus one rsvp wedding,0,commercial,
nathan broad wedding,0,commercial,
wedding apps for guests,0,commercial,
wedding guest management,0,commercial,
international wedding websites,0,navigational,
wedding website with itinerary,0,navigational,
rustic wedding invitations,0,commercial,
photo & video sharing wedding websites,0,navigational,
vintage wedding invitations,0,commercial,
formal wedding invitations,0,commercial,
rustic wedding website designs,0,navigational,
wedding website themes,0,navigational,
minimalist wedding invitations,0,commercial,
destination wedding invitations,0,commercial,
modern wedding invitations,0,commercial,
vintage wedding website designs,0,navigational,
wedding design app,0,commercial,
multilingual wedding website,0,navigational,
wedding planning timeline,0,commercial,
wedding budget spreadsheet,0,commercial,
wedding invite wording,0,commercial,
rsvp form,0,commercial,
wedding checklist timeline,0,commercial,
wedding registry items,0,commercial,
what to put on a wedding registry,0,informational,
wedding program template,0,commercial,
wedding ceremony program,0,commercial,
wedding program examples,0,commercial,
evite save the date,0,commercial,
wedding save the date cards,0,commercial,
