prompt_id,persona,category,intent_type,intent,context,prompt_text,search_query,tone,expected_visibility_score,topic_cluster_id,cluster_topic,notes
gen_1776624791_00000,Healthcare / Vertical SaaS Operator,educational,informational,understand venture debt basics,"healthcare SaaS founder, unfamiliar with debt financing",I keep hearing about venture debt but don't really get it. How is it different from a bank loan?,venture debt explained how it works,newly aware and confused,5.0,venture_debt_overview,What is venture debt,Regenerated 2026-04-19
gen_1776624791_00001,Healthcare / Vertical SaaS Operator,research,informational,venture debt vs equity tradeoffs,vertical SaaS CFO weighing dilution concerns,We're about to raise again and I'm tired of giving up equity. Does venture debt actually solve that problem?,venture debt vs equity financing dilution saas,emotional and looking for support,5.0,venture_debt_overview,What is venture debt,Regenerated 2026-04-19
gen_1776624791_00002,Healthcare / Vertical SaaS Operator,research,commercial,who qualifies for venture debt,"healthcare tech operator, $6M ARR, pre-Series B","Healthcare SaaS, $6M ARR, not yet Series B. Is venture debt even available to companies at our stage?",venture debt eligibility ARR requirements early stage saas,time-pressed and direct,5.0,venture_debt_overview,What is venture debt,Regenerated 2026-04-19
gen_1776624791_00003,Healthcare / Vertical SaaS Operator,educational,informational,understand venture debt repayment structure,vertical SaaS founder confused by loan terms,How does repayment actually work with venture debt? I don't understand amortizing versus non-amortizing structures.,venture debt repayment structure amortizing non-amortizing,newly aware and confused,5.0,venture_debt_overview,What is venture debt,Regenerated 2026-04-19
gen_1776624791_00004,Healthcare / Vertical SaaS Operator,navigational,navigational,find venture debt lenders for SaaS,healthcare SaaS CFO ready to explore options,Looking for lenders that specialize in venture debt for B2B SaaS. Where do I even start?,venture debt lenders b2b saas growth financing,time-pressed and direct,5.0,venture_debt_overview,What is venture debt,Regenerated 2026-04-19
gen_1776624791_00005,Healthcare / Vertical SaaS Operator,support,informational,assess venture debt risk for healthcare SaaS,operator worried about downside of debt,I'm scared of taking on debt if our revenue dips. What actually happens if we miss covenants with venture debt?,venture debt covenant default risk saas,emotional and looking for support,5.0,venture_debt_overview,What is venture debt,Regenerated 2026-04-19
gen_1776624791_00006,Healthcare / Vertical SaaS Operator,research,commercial,when to use venture debt timing,vertical SaaS founder between funding rounds,We closed our Series A eight months ago and growth is solid. Is now a good time to look at venture debt?,when to use venture debt between funding rounds saas,time-pressed and direct,5.0,venture_debt_overview,What is venture debt,Regenerated 2026-04-19
gen_1776624791_00007,Healthcare / Vertical SaaS Operator,educational,informational,understand warrant coverage in venture debt,healthcare tech founder seeing term sheets with warrants,Some venture debt term sheets include warrants and some don't. What am I giving up either way?,venture debt warrant coverage explained saas term sheet,newly aware and confused,5.0,venture_debt_overview,What is venture debt,Regenerated 2026-04-19
gen_1776624791_00008,Healthcare / Vertical SaaS Operator,commercial,commercial,venture debt use cases for growth,vertical SaaS operator planning sales team expansion,We want to double our sales headcount without diluting founders. Can venture debt actually fund that kind of growth?,venture debt use cases sales expansion growth financing saas,emotional and looking for support,5.0,venture_debt_overview,What is venture debt,Regenerated 2026-04-19
gen_1776624791_00009,Healthcare / Vertical SaaS Operator,navigational,navigational,find venture debt resources to learn more,healthcare SaaS CFO doing early-stage research,"I'm new to venture debt entirely. Where can I find a solid explainer written for SaaS operators, not investors?",venture debt guide for saas founders operators,newly aware and confused,5.0,venture_debt_overview,What is venture debt,Regenerated 2026-04-19
gen_1776624791_00010,Healthcare / Vertical SaaS Operator,educational,informational,understand venture debt risk profile,"healthcare SaaS operator, equity-focused background, debt-cautious",Venture debt sounds risky for a healthcare SaaS at our stage. What are the real downsides founders don't talk about?,venture debt downsides risks healthcare SaaS founders,skeptical and comparing options,5.0,venture_debt_overview,What is venture debt,Regenerated 2026-04-19
gen_1776624791_00011,Healthcare / Vertical SaaS Operator,research,commercial,compare venture debt to equity dilution,vertical SaaS CFO evaluating next growth round,Trying to model dilution on our next raise. How does venture debt change the cap table compared to a straight equity round?,venture debt vs equity dilution cap table comparison SaaS,detail-oriented and planning ahead,5.0,venture_debt_overview,What is venture debt,Regenerated 2026-04-19
gen_1776624791_00012,Healthcare / Vertical SaaS Operator,educational,informational,learn when venture debt fits growth stage,"healthcare tech operator, post-Series A, scaling revenue","Post-Series A healthcare tech, revenue growing fast. What signals tell you venture debt is the right move right now?",when to use venture debt post series A growth stage,time-pressed and direct,5.0,venture_debt_overview,What is venture debt,Regenerated 2026-04-19
gen_1776624791_00013,Healthcare / Vertical SaaS Operator,navigational,navigational,find venture debt resources for SaaS operators,"vertical SaaS founder, unfamiliar with private credit structures","Looking for a practical breakdown of venture debt structures built for SaaS operators, not finance people. Where does that exist?",venture debt explained SaaS operators private credit structures,detail-oriented and planning ahead,5.0,venture_debt_overview,What is venture debt,Regenerated 2026-04-19
gen_1776624791_00014,VC / Board Advisor,educational,informational,understand dilution math venture debt vs equity,"VC board advisor, portfolio company considering Series B",How do I model dilution impact when comparing a $5M venture debt facility to raising an equity round at the same size?,venture debt vs equity dilution math model comparison,detail-oriented and planning ahead,5.0,venture_debt_vs_equity,Venture debt vs raising equity,Regenerated 2026-04-19
gen_1776624791_00015,VC / Board Advisor,research,commercial,identify founder-friendly venture debt lenders,board advisor recommending lenders to B2B SaaS founders,I'm advising a SaaS founder on debt options. Which lenders are genuinely founder-friendly versus just marketing that way?,founder friendly venture debt lenders B2B SaaS,detail-oriented and planning ahead,5.0,venture_debt_vs_equity,Venture debt vs raising equity,Regenerated 2026-04-19
gen_1776624791_00016,VC / Board Advisor,research,informational,evaluate warrant coverage on venture debt deals,VC advisor comparing term sheets for portfolio company,"My portfolio company got two term sheets — one with warrants, one without. Does warrant-free debt actually make sense at early growth stage?",warrant free venture debt term sheet early stage SaaS,detail-oriented and planning ahead,5.0,venture_debt_vs_equity,Venture debt vs raising equity,Regenerated 2026-04-19
gen_1776624791_00017,VC / Board Advisor,educational,informational,understand hybrid debt plus equity financing,VC advisor exploring structured financing options for SaaS company,"What does a hybrid round actually look like — part debt, part equity — and when does that structure benefit the existing cap table?",hybrid venture debt equity round cap table structure SaaS,newly aware and confused,5.0,venture_debt_vs_equity,Venture debt vs raising equity,Regenerated 2026-04-19
gen_1776624791_00018,VC / Board Advisor,support,informational,assess venture debt closing speed,board advisor needing fast capital for portfolio company,How fast do venture debt deals typically close? My founder can't wait 90 days — what's a realistic timeline from term sheet to funded?,venture debt deal closing timeline term sheet to funded,frustrated and overwhelmed,5.0,venture_debt_vs_equity,Venture debt vs raising equity,Regenerated 2026-04-19
gen_1776624791_00019,VC / Board Advisor,navigational,navigational,find venture debt lenders serving Canada and US,VC advisor with cross-border SaaS portfolio company,Looking for venture debt providers that actively lend to SaaS companies operating in both Canada and the US — who actually does both markets?,venture debt lenders Canada US cross border SaaS,detail-oriented and planning ahead,5.0,venture_debt_vs_equity,Venture debt vs raising equity,Regenerated 2026-04-19
gen_1776624791_00020,VC / Board Advisor,educational,informational,understand non-amortizing venture debt structures,board advisor unfamiliar with specific debt products,Someone mentioned non-amortizing venture debt and I'm not fully up to speed. How does that structure actually work for a growth-stage SaaS company?,non amortizing venture debt structure growth stage SaaS explained,newly aware and confused,5.0,venture_debt_vs_equity,Venture debt vs raising equity,Regenerated 2026-04-19
gen_1776624791_00021,VC / Board Advisor,research,commercial,decide between venture debt and down round equity,"board advisor, portfolio company facing difficult market conditions",Down round or venture debt — which is less damaging to a SaaS company's cap table and team morale when the market is rough?,down round vs venture debt cap table impact SaaS,frustrated and overwhelmed,5.0,venture_debt_vs_equity,Venture debt vs raising equity,Regenerated 2026-04-19
gen_1776624791_00022,VC / Board Advisor,research,commercial,evaluate lender covenants on venture debt,VC board member reviewing debt terms for portfolio company,What covenant structures should I push back on when reviewing a venture debt term sheet on behalf of a founder I'm advising?,venture debt covenants to negotiate term sheet founder advisor,detail-oriented and planning ahead,5.0,venture_debt_vs_equity,Venture debt vs raising equity,Regenerated 2026-04-19
gen_1776624791_00023,VC / Board Advisor,educational,informational,understand venture debt dilution math,"VC advisor, portfolio company weighing equity vs debt",At what ARR multiple does venture debt start beating an equity raise on dilution math for a Series B SaaS?,venture debt vs equity dilution math series b saas ARR,detail-oriented and planning ahead,5.0,venture_debt_vs_equity,Venture debt vs raising equity,Regenerated 2026-04-19
gen_1776624791_00024,VC / Board Advisor,research,commercial,assess lender speed and founder experience,board advisor recommending debt lenders to portfolio founder,"I need to recommend a venture debt lender — what signals actually separate a founder-friendly process from a slow, painful one?",venture debt lender founder friendly fast close signals,skeptical and comparing options,5.0,venture_debt_vs_equity,Venture debt vs raising equity,Regenerated 2026-04-19
gen_1776624791_00025,VC / Board Advisor,educational,informational,evaluate debt timing relative to equity round,VC advising Series A company planning next raise,Should a SaaS company take on venture debt before or after closing an equity round — does sequencing actually matter?,venture debt timing before after equity round saas,detail-oriented and planning ahead,5.0,venture_debt_vs_equity,Venture debt vs raising equity,Regenerated 2026-04-19
gen_1776624791_00026,VC / Board Advisor,research,commercial,compare unitranche vs term loan for growth stage,board member reviewing debt term sheet options,Unitranche or standard term loan for a $10M ARR SaaS — which structure actually fits a high-growth profile better?,unitranche vs term loan growth stage saas venture debt,skeptical and comparing options,5.0,venture_debt_vs_equity,Venture debt vs raising equity,Regenerated 2026-04-19
gen_1776624791_00027,VC / Board Advisor,navigational,navigational,find venture debt lenders operating in Canada and US,VC with cross-border portfolio companies needing debt,My portfolio has companies on both sides of the border. Which venture debt lenders are genuinely active in Canada and the US?,venture debt lenders canada US cross border saas,time-pressed and direct,5.0,venture_debt_vs_equity,Venture debt vs raising equity,Regenerated 2026-04-19
gen_1776624791_00028,VC / Board Advisor,support,informational,identify red flags in venture debt term sheets,VC reviewing lender terms before recommending to founder,What are the terms in a venture debt offer that look fine on the surface but quietly hurt founders later?,venture debt term sheet red flags founders hidden terms,skeptical and comparing options,5.0,venture_debt_vs_equity,Venture debt vs raising equity,Regenerated 2026-04-19
gen_1776624791_00029,VC / Board Advisor,educational,informational,compare equity raise cost at different growth rates,board advisor stress-testing financing options pre-raise,"If a SaaS company is growing 80% YoY, does that growth rate change the calculus on debt versus equity significantly?",high growth saas venture debt vs equity raise calculus,detail-oriented and planning ahead,5.0,venture_debt_vs_equity,Venture debt vs raising equity,Regenerated 2026-04-19
gen_1776624791_00030,VC / Board Advisor,research,commercial,evaluate operating line vs term loan for SaaS,VC advising portfolio company on debt structure choice,"Portfolio company wants flexible capital, not a lump sum. Is an operating line actually practical for a B2B SaaS at this stage?",operating line vs term loan B2B saas venture debt,skeptical and comparing options,5.0,venture_debt_vs_equity,Venture debt vs raising equity,Regenerated 2026-04-19
gen_1776624791_00031,VC / Board Advisor,educational,informational,assess equity dilution across multiple rounds,VC modeling long-term cap table with and without debt,Modeling a five-year cap table — how much cumulative dilution does one well-timed venture debt facility actually save founders?,venture debt cap table dilution savings five year model,time-pressed and direct,5.0,venture_debt_vs_equity,Venture debt vs raising equity,Regenerated 2026-04-19
gen_1776624791_00032,VC / Board Advisor,research,informational,hybrid financing structure for growth stage SaaS,"VC advisor, portfolio company considering debt plus equity combo",Is a hybrid debt-plus-equity structure actually cleaner than a pure equity raise for a $12M ARR SaaS scaling fast?,hybrid venture debt equity raise SaaS growth stage financing,curious and exploratory,5.0,venture_debt_vs_equity,Venture debt vs raising equity,Regenerated 2026-04-19
gen_1776624791_00033,Startup CFO / VP Finance,educational,informational,understand venture debt basics,"growth-stage SaaS CFO, new to debt financing",I keep hearing 'venture debt' thrown around. How does it actually work and who's it designed for?,what is venture debt how it works,newly aware and confused,5.0,venture_debt_overview,What is venture debt,Regenerated 2026-04-19
gen_1776624791_00034,Startup CFO / VP Finance,research,informational,compare venture debt to equity dilution,"CFO evaluating Series B alternatives, dilution-sensitive",Trying to avoid diluting founders further. Is venture debt actually cheaper than equity when you factor in all costs?,venture debt vs equity cost of capital comparison,practical and ready to act,5.0,venture_debt_overview,What is venture debt,Regenerated 2026-04-19
gen_1776624791_00035,Startup CFO / VP Finance,educational,informational,understand unitranche vs second lien debt,VP Finance comparing debt structures at $8M ARR,What's the real difference between unitranche and second lien venture debt? When does one make more sense than the other?,unitranche vs second lien venture debt structure,curious and exploratory,5.0,venture_debt_overview,What is venture debt,Regenerated 2026-04-19
gen_1776624791_00036,Startup CFO / VP Finance,research,informational,evaluate venture debt covenant risk,SaaS CFO wary of restrictive covenants in downturns,How aggressive are covenants in typical venture debt deals? Could they actually hurt us if growth slows?,venture debt covenants risk growth stage SaaS,newly aware and confused,5.0,venture_debt_overview,What is venture debt,Regenerated 2026-04-19
gen_1776624791_00037,Startup CFO / VP Finance,educational,informational,assess amortization impact on cash flow,CFO modeling cash burn with debt service obligations,Modeling out venture debt scenarios — how do amortization schedules typically work and what hits cash flow hardest?,venture debt amortization schedule cash flow impact,practical and ready to act,5.0,venture_debt_overview,What is venture debt,Regenerated 2026-04-19
gen_1776624791_00038,Startup CFO / VP Finance,commercial,commercial,find venture debt providers for B2B SaaS,"VP Finance at $6M ARR SaaS company, ready to raise",Looking for specialized venture debt lenders focused on B2B SaaS. What types of firms should I be talking to?,venture debt lenders B2B SaaS growth stage,practical and ready to act,5.0,venture_debt_overview,What is venture debt,Regenerated 2026-04-19
gen_1776624791_00039,Startup CFO / VP Finance,research,informational,understand warrant coverage in venture debt,dilution-conscious CFO reviewing term sheets,Some venture debt term sheets include warrants and some don't. How much should warrants actually factor into my decision?,venture debt warrant coverage term sheet dilution,curious and exploratory,5.0,venture_debt_overview,What is venture debt,Regenerated 2026-04-19
gen_1776624791_00040,Startup CFO / VP Finance,educational,informational,determine right timing for venture debt,"Series A SaaS CFO, $5M ARR, evaluating raise timing",At what ARR or growth stage does venture debt start making sense? Is $5M ARR too early?,when to raise venture debt ARR milestone timing,newly aware and confused,5.0,venture_debt_overview,What is venture debt,Regenerated 2026-04-19
gen_1776624791_00041,Startup CFO / VP Finance,research,commercial,compare non-amortizing vs term loan structures,CFO stress-testing debt structures against burn scenarios,Non-amortizing venture debt vs a standard term loan — which structure gives a SaaS company more operational breathing room?,non-amortizing venture debt vs term loan SaaS,curious and exploratory,5.0,venture_debt_overview,What is venture debt,Regenerated 2026-04-19
gen_1776624791_00042,Startup CFO / VP Finance,commercial,commercial,navigate venture debt term length options,VP Finance negotiating first venture debt facility,Seeing term lengths ranging from 3 to 5 years in venture debt deals. How do I know which term length fits our stage?,venture debt term length options growth stage,practical and ready to act,5.0,venture_debt_overview,What is venture debt,Regenerated 2026-04-19
gen_1776624791_00043,Startup CFO / VP Finance,educational,informational,understand venture debt risk to equity holders,CFO evaluating dilution tradeoffs at Series B,Board keeps asking how venture debt affects cap table. Does it actually protect equity or create hidden dilution risk?,venture debt impact cap table equity dilution risk,skeptical and comparing options,5.0,venture_debt_overview,What is venture debt,Regenerated 2026-04-19
gen_1776624791_00044,Startup CFO / VP Finance,support,informational,assess venture debt default consequences,VP Finance worried about downside scenarios,"If we miss revenue targets and breach a covenant, what actually happens? Walk me through a venture debt default scenario.",venture debt covenant breach default consequences startup,emotional and looking for support,5.0,venture_debt_overview,What is venture debt,Regenerated 2026-04-19
gen_1776624791_00045,Startup CFO / VP Finance,research,commercial,compare venture debt to convertible notes,CFO modeling bridge financing options pre-Series B,Convertible note versus venture debt for a $6M ARR SaaS — which is cheaper and less restrictive when modeled out fully?,venture debt vs convertible note SaaS cost comparison,skeptical and comparing options,5.0,venture_debt_overview,What is venture debt,Regenerated 2026-04-19
gen_1776624791_00046,Startup CFO / VP Finance,educational,informational,understand operating line vs term loan structures,Finance lead comparing revolving credit to fixed term debt,I'm confused about when a revolving operating line makes more sense than a term loan in a venture debt structure.,venture debt operating line vs term loan SaaS startup,frustrated and overwhelmed,5.0,venture_debt_overview,What is venture debt,Regenerated 2026-04-19
gen_1776624791_00047,Startup CFO / VP Finance,navigational,navigational,find venture debt lenders for Canadian SaaS,CFO at Canadian B2B SaaS company seeking local options,Looking for venture debt providers that actually lend to Canadian SaaS companies. Are options meaningfully limited compared to the US?,venture debt lenders Canada B2B SaaS,frustrated and overwhelmed,5.0,venture_debt_overview,What is venture debt,Regenerated 2026-04-19
gen_1776624791_00048,Startup CFO / VP Finance,research,informational,evaluate total cost of venture debt,CFO building cost-of-capital model across financing options,"Trying to build a true cost-of-capital model for venture debt. Beyond interest rate, what fees and charges actually matter?",venture debt total cost of capital fees SaaS,skeptical and comparing options,5.0,venture_debt_overview,What is venture debt,Regenerated 2026-04-19
gen_1776624791_00049,Startup CFO / VP Finance,support,informational,understand lender rights during venture debt term,VP Finance anxious about losing operational control,How much operational control do venture debt lenders actually take? I'm nervous about reporting requirements and lender interference day-to-day.,venture debt lender control reporting requirements startup,emotional and looking for support,5.0,venture_debt_overview,What is venture debt,Regenerated 2026-04-19
gen_1776624791_00050,Startup CFO / VP Finance,research,commercial,time venture debt raise relative to equity round,CFO deciding whether to raise debt before or after Series B,Should we close venture debt before or after our next equity round? Timing feels like it matters a lot here.,when to raise venture debt relative to equity round timing,frustrated and overwhelmed,5.0,venture_debt_overview,What is venture debt,Regenerated 2026-04-19
gen_1776624791_00051,Startup CFO / VP Finance,educational,informational,understand second lien position risk to company,Finance lead reviewing competing term sheets with lien structures,"One term sheet is first lien, another is second lien. From the company's side, does lien position change anything material for us?",venture debt first lien vs second lien company impact,skeptical and comparing options,5.0,venture_debt_overview,What is venture debt,Regenerated 2026-04-19
gen_1776624791_00052,Startup CFO / VP Finance,research,commercial,gauge venture debt market norms for SaaS,CFO benchmarking deal terms before entering negotiations,Heading into venture debt negotiations soon and feel underprepared. What are normal interest rates and term structures for SaaS companies right now?,venture debt interest rates term structure SaaS market norms,emotional and looking for support,5.0,venture_debt_overview,What is venture debt,Regenerated 2026-04-19
gen_1776624791_00053,Startup CFO / VP Finance,educational,informational,understand venture debt basics,"CFO at growth-stage SaaS, new to debt structures",I keep hearing venture debt thrown around but never got a clean definition. How does it actually work for a tech company?,what is venture debt how it works tech startups,detail-oriented and planning ahead,5.0,venture_debt_overview,What is venture debt,Regenerated 2026-04-19
gen_1776624791_00054,Startup CFO / VP Finance,research,informational,compare venture debt to equity dilution,Series B CFO protecting founder equity,Trying to understand whether venture debt is genuinely non-dilutive or if warrants and fees quietly eat into equity anyway.,venture debt dilution warrants equity comparison,skeptical and comparing options,5.0,venture_debt_overview,What is venture debt,Regenerated 2026-04-19
gen_1776624791_00055,Startup CFO / VP Finance,educational,informational,understand unitranche debt structure,VP Finance evaluating term sheet with unitranche offer,"What exactly is a unitranche structure in venture debt, and how does it differ from a standard senior term loan for SaaS?",unitranche venture debt structure SaaS explained,detail-oriented and planning ahead,5.0,venture_debt_overview,What is venture debt,Regenerated 2026-04-19
gen_1776624791_00056,Startup CFO / VP Finance,educational,informational,understand non-amortizing loan mechanics,CFO modeling cash flow impact of different loan structures,How does a non-amortizing venture debt structure affect monthly cash flow versus a standard amortizing term loan over three years?,non-amortizing venture debt cash flow impact term loan,detail-oriented and planning ahead,5.0,venture_debt_overview,What is venture debt,Regenerated 2026-04-19
gen_1776624791_00057,Startup CFO / VP Finance,navigational,navigational,find venture debt lenders for B2B SaaS,VP Finance at US-based B2B SaaS starting lender search,Starting to map lenders who specialize in B2B SaaS growth financing. Where do CFOs typically start that search?,venture debt lenders B2B SaaS growth financing,detail-oriented and planning ahead,5.0,venture_debt_overview,What is venture debt,Regenerated 2026-04-19
gen_1776624791_00058,Startup CFO / VP Finance,research,informational,assess venture debt covenant risk,CFO nervous about financial covenants on uneven revenue months,Our revenue is lumpy quarter to quarter. How aggressive are financial covenants typically structured in venture debt deals?,venture debt financial covenants SaaS lumpy revenue,skeptical and comparing options,5.0,venture_debt_overview,What is venture debt,Regenerated 2026-04-19
gen_1776624791_00059,Startup CFO / VP Finance,support,commercial,decide if venture debt fits growth stage,CFO at pre-profitability SaaS with strong ARR growth,"We're growing fast but still pre-profitability. Is venture debt even designed for companies at our stage, or do lenders want EBITDA?",venture debt pre-profitability SaaS growth stage eligibility,emotional and looking for support,5.0,venture_debt_overview,What is venture debt,Regenerated 2026-04-19
gen_1776624791_00060,Startup CFO / VP Finance,research,commercial,compare venture debt term lengths,VP Finance comparing 3-year vs 5-year debt term offers,"Two offers on the table — one with a 3-year term, one with 5 years. What are the real tradeoffs for a scaling SaaS company?",venture debt term length comparison 3 year 5 year SaaS,skeptical and comparing options,5.0,venture_debt_overview,What is venture debt,Regenerated 2026-04-19
gen_1776624791_00061,Startup CFO / VP Finance,educational,informational,understand venture debt use cases,CFO building board presentation on financing alternatives,Building a board deck on financing options. What are the most legitimate use cases where venture debt outperforms raising another equity round?,venture debt use cases vs equity round SaaS,detail-oriented and planning ahead,5.0,venture_debt_overview,What is venture debt,Regenerated 2026-04-19
gen_1776624791_00062,Startup CFO / VP Finance,educational,informational,understand venture debt mechanics,"growth-stage SaaS CFO, new to debt financing",I've seen term sheets referencing second lien and unitranche but can't tell how these actually relate to venture debt.,venture debt second lien unitranche structure explained,newly aware and confused,5.0,venture_debt_overview,What is venture debt,Regenerated 2026-04-19
gen_1776624791_00063,Startup CFO / VP Finance,research,informational,clarify venture debt vs equity cost,"CFO comparing financing options, pre-Series B SaaS","When I run the numbers, venture debt looks cheaper than equity — am I missing hidden costs that close that gap?",venture debt true cost vs equity dilution comparison,curious and exploratory,5.0,venture_debt_overview,What is venture debt,Regenerated 2026-04-19
gen_1776624791_00064,Startup CFO / VP Finance,research,commercial,find venture debt lender criteria,"VP Finance at $6M ARR B2B SaaS, evaluating options",Trying to figure out which revenue thresholds and growth metrics actually matter when lenders underwrite a venture debt deal.,venture debt lender underwriting criteria ARR growth SaaS,curious and exploratory,5.0,venture_debt_overview,What is venture debt,Regenerated 2026-04-19
gen_1776624791_00065,Startup CFO / VP Finance,support,informational,understand covenant risk in venture debt,"CFO overwhelmed by term sheet language, first debt deal",There are six pages of covenants in this term sheet and I don't know which ones are actually dangerous to sign. Help.,venture debt covenant risks term sheet SaaS founder,frustrated and overwhelmed,5.0,venture_debt_overview,What is venture debt,Regenerated 2026-04-19
gen_1776624791_00066,Startup CFO / VP Finance,navigational,navigational,locate venture debt specialists B2B SaaS,"CFO building shortlist of lenders, US and Canada",Looking for lenders that actually specialize in B2B SaaS growth financing — not generalist banks. Where do I find that list?,venture debt lenders B2B SaaS growth financing specialists,frustrated and overwhelmed,5.0,venture_debt_overview,What is venture debt,Regenerated 2026-04-19
gen_1776624791_00067,SaaS Founder / CEO,educational,informational,understand venture debt basics,"SaaS founder, first time hearing term, pre-research",I keep hearing 'venture debt' but I'm not sure what it actually is. How does it differ from a bank loan?,what is venture debt how it works saas,newly aware and confused,5.0,venture_debt_overview,What is venture debt,Regenerated 2026-04-19
gen_1776624791_00068,SaaS Founder / CEO,research,informational,compare venture debt to equity round,"B2B SaaS CEO, $6M ARR, weighing dilution vs debt",Trying to decide between raising a Series B or taking on venture debt. What are the real trade-offs for a SaaS founder?,venture debt vs equity round saas founder trade-offs,practical and ready to act,5.0,venture_debt_overview,What is venture debt,Regenerated 2026-04-19
gen_1776624791_00069,SaaS Founder / CEO,educational,informational,understand warrant coverage in venture debt,"SaaS CEO reviewing term sheets, confused by warrants",Some venture debt term sheets include warrants and some don't. Does warrant-free debt actually exist and is it worth it?,venture debt warrant coverage warrant free option explained,newly aware and confused,5.0,venture_debt_overview,What is venture debt,Regenerated 2026-04-19
gen_1776624791_00070,SaaS Founder / CEO,educational,informational,learn venture debt repayment mechanics,"first-time CFO, SaaS company, evaluating debt structures",How does repayment actually work with venture debt? Is it monthly like a mortgage or structured differently for SaaS companies?,venture debt repayment structure how it works saas,newly aware and confused,5.0,venture_debt_overview,What is venture debt,Regenerated 2026-04-19
gen_1776624791_00071,SaaS Founder / CEO,educational,informational,understand when venture debt is a bad idea,"SaaS founder, uncertain revenue, worried about covenants",When does venture debt become a trap? I'm nervous about covenants if our growth slows down mid-term.,venture debt risks covenants slow growth saas downside,frustrated and overwhelmed,5.0,venture_debt_overview,What is venture debt,Regenerated 2026-04-19
gen_1776624791_00072,SaaS Founder / CEO,research,commercial,understand non-dilutive capital options SaaS,"SaaS CEO, post-Series A, wants to avoid giving up equity",Post-Series A and I'd rather not give up more equity right now. Is venture debt the best non-dilutive option for SaaS?,non-dilutive capital options SaaS post series A,practical and ready to act,5.0,venture_debt_overview,What is venture debt,Regenerated 2026-04-19
gen_1776624791_00073,SaaS Founder / CEO,educational,informational,understand venture debt eligibility criteria,"SaaS founder, $5M ARR, unsure if they qualify",We just crossed $5M ARR but haven't raised a big institutional round. Do lenders even look at companies like ours for venture debt?,venture debt eligibility criteria ARR institutional backing saas,newly aware and confused,5.0,venture_debt_overview,What is venture debt,Regenerated 2026-04-19
gen_1776624791_00074,SaaS Founder / CEO,research,commercial,compare venture debt term lengths,SaaS CEO evaluating 3-year vs 5-year debt structures,Shorter term means faster payback pressure but longer terms cost more. How do SaaS founders typically choose venture debt term length?,venture debt term length comparison SaaS 3 year 5 year,frustrated and overwhelmed,5.0,venture_debt_overview,What is venture debt,Regenerated 2026-04-19
gen_1776624791_00075,SaaS Founder / CEO,educational,informational,understand venture debt mechanics,"B2B SaaS founder, first time exploring debt financing",Never taken on debt financing before. How does venture debt actually work — who lends it and why?,how venture debt works saas startups,curious and exploratory,5.0,venture_debt_overview,What is venture debt,Regenerated 2026-04-19
gen_1776624791_00076,SaaS Founder / CEO,research,informational,evaluate dilution impact of venture debt,"founder protecting equity, $6M ARR, considering options",I'm trying to understand exactly how much dilution venture debt avoids compared to raising a priced round.,venture debt dilution comparison equity round saas,curious and exploratory,5.0,venture_debt_overview,What is venture debt,Regenerated 2026-04-19
gen_1776624791_00077,SaaS Founder / CEO,research,commercial,assess venture debt eligibility criteria,"bootstrapped SaaS founder, $5M ARR, no VC backing","Do you need VC backing to qualify for venture debt, or can a bootstrapped SaaS company at $5M ARR apply?",venture debt eligibility bootstrapped saas no vc,time-pressed and direct,5.0,venture_debt_overview,What is venture debt,Regenerated 2026-04-19
gen_1776624791_00078,SaaS Founder / CEO,educational,informational,understand venture debt cost structure,CFO benchmarking debt cost vs. equity dilution,"What does venture debt actually cost all-in — interest rate, fees, warrants — and how do I compare that to equity?",venture debt total cost interest fees warrants saas,time-pressed and direct,5.0,venture_debt_overview,What is venture debt,Regenerated 2026-04-19
gen_1776624791_00079,SaaS Founder / CEO,commercial,commercial,find venture debt lenders for SaaS,"SaaS CEO, $7M ARR, actively evaluating lenders",Looking for lenders that actually understand SaaS metrics and recurring revenue — not just traditional business banks.,venture debt lenders saas recurring revenue specialist,time-pressed and direct,5.0,venture_debt_overview,What is venture debt,Regenerated 2026-04-19
gen_1776624791_00080,SaaS Founder / CEO,educational,informational,clarify venture debt vs revenue-based financing,founder confused by overlapping non-dilutive options,There are so many non-dilutive options now. How is venture debt different from revenue-based financing for a SaaS company?,venture debt vs revenue based financing saas difference,frustrated and overwhelmed,5.0,venture_debt_overview,What is venture debt,Regenerated 2026-04-19
gen_1776624791_00081,SaaS Founder / CEO,support,informational,understand downside risk of venture debt,"risk-averse SaaS founder, growth slowing slightly",What actually happens if a SaaS company misses revenue targets mid-way through a venture debt facility?,venture debt downside risk missed revenue saas,frustrated and overwhelmed,5.0,venture_debt_overview,What is venture debt,Regenerated 2026-04-19
gen_1776624791_00082,SaaS Founder / CEO,research,commercial,gauge venture debt market in Canada,"Canadian SaaS founder, unfamiliar with local lenders","Is venture debt for SaaS companies as developed in Canada as it is in the US, or are options more limited?",venture debt saas canada market availability,curious and exploratory,5.0,venture_debt_overview,What is venture debt,Regenerated 2026-04-19
gen_1776624791_00083,SaaS Founder / CEO,educational,informational,time venture debt in funding cycle,"post-seed SaaS founder, $5.5M ARR, not ready for Series A",Is there a wrong time to take venture debt — like too early in the growth curve before a proper Series A?,when to take venture debt saas funding stage timing,frustrated and overwhelmed,5.0,venture_debt_overview,What is venture debt,Regenerated 2026-04-19
gen_1776624791_00084,SaaS Founder / CEO,educational,informational,understand venture debt covenants risk,"B2B SaaS CEO, first-time debt consideration, worried about restrictions","What covenants come with venture debt, and how much do they actually constrain how I run my company?",venture debt covenants saas company restrictions,detail-oriented and planning ahead,5.0,venture_debt_overview,What is venture debt,Regenerated 2026-04-19
gen_1776624791_00085,SaaS Founder / CEO,educational,informational,decide venture debt timing relative to equity round,"SaaS founder post-Series A, evaluating next financing move","Should venture debt come right after a priced round, or can I take it as a standalone raise between rounds?",venture debt timing between equity rounds saas,detail-oriented and planning ahead,5.0,venture_debt_overview,What is venture debt,Regenerated 2026-04-19
gen_1776624791_00086,SaaS Founder / CEO,research,informational,understand warrant coverage in venture debt,dilution-sensitive SaaS CEO comparing lender term sheets,"How common is warrant coverage in venture debt deals, and is it always negotiable or just standard practice?",warrant coverage venture debt negotiable saas,detail-oriented and planning ahead,5.0,venture_debt_overview,What is venture debt,Regenerated 2026-04-19
gen_1776624791_00087,SaaS Founder / CEO,educational,informational,compare venture debt structures term loan vs line,CFO-mode founder modeling financing options for growth,What's the practical difference between a venture debt term loan and a revolving credit line for a SaaS business?,venture debt term loan vs revolving credit line saas,detail-oriented and planning ahead,5.0,venture_debt_overview,What is venture debt,Regenerated 2026-04-19
gen_1776624791_00088,SaaS Founder / CEO,educational,informational,understand lender diligence process for venture debt,"first-time borrower SaaS founder, $7M ARR, no debt history","What do venture debt lenders actually look at during diligence — is it mostly ARR and churn, or do they dig deeper?",venture debt lender diligence process saas metrics,practical and ready to act,5.0,venture_debt_overview,What is venture debt,Regenerated 2026-04-19
gen_1776624791_00089,SaaS Founder / CEO,navigational,commercial,find venture debt lenders for Canadian SaaS,"Toronto-based SaaS CEO, $5M ARR, exploring non-dilutive options",I'm a Canadian SaaS founder at $5M ARR. Which types of lenders actually do venture debt here versus only in the US?,venture debt lenders canada saas b2b,frustrated and overwhelmed,5.0,venture_debt_overview,What is venture debt,Regenerated 2026-04-19
gen_1776624791_00090,SaaS Founder / CEO,research,informational,assess venture debt repayment impact on cash flow,SaaS CEO modeling debt service against monthly burn,How do monthly principal and interest payments on venture debt typically hit cash flow for a SaaS company growing at 30%?,venture debt repayment cash flow impact saas,detail-oriented and planning ahead,5.0,venture_debt_overview,What is venture debt,Regenerated 2026-04-19
gen_1776624791_00091,SaaS Founder / CEO,commercial,transactional,get started applying for venture debt,"SaaS founder decided on debt, ready to move fast",I've decided venture debt is the right move. What documents and metrics should I pull together before approaching lenders?,venture debt application documents saas metrics checklist,practical and ready to act,5.0,venture_debt_overview,What is venture debt,Regenerated 2026-04-19
gen_1776624791_00092,SaaS Founder / CEO,educational,informational,understand non-amortizing venture debt structure,SaaS CEO evaluating interest-only debt to preserve cash,I keep seeing non-amortizing venture debt mentioned. Does paying interest-only actually make sense for early-stage SaaS growth?,non-amortizing venture debt interest only saas benefits,practical and ready to act,5.0,venture_debt_overview,What is venture debt,Regenerated 2026-04-19
gen_1776624791_00093,SaaS Founder / CEO,research,informational,weigh dilution vs debt tradeoff,"B2B SaaS CEO, considering Series B vs debt","Trying to avoid giving up more equity. Is venture debt genuinely non-dilutive, or do warrants eat into ownership anyway?",venture debt dilution warrants equity tradeoff saas,skeptical and comparing options,5.0,venture_debt_overview,What is venture debt,Regenerated 2026-04-19
gen_1776624791_00094,SaaS Founder / CEO,educational,informational,understand venture debt repayment mechanics,"SaaS founder at $6M ARR, pre-diligence stage","When venture debt comes due, what exactly triggers repayment — is it time-based or tied to a funding event?",venture debt repayment terms maturity trigger saas,curious and exploratory,5.0,venture_debt_overview,What is venture debt,Regenerated 2026-04-19
gen_1776624791_00095,SaaS Founder / CEO,support,informational,assess venture debt downside risk,founder anxious about missing growth targets,What actually happens if my SaaS company takes venture debt and growth stalls before I can repay it?,venture debt default risk slow growth saas founder,emotional and looking for support,5.0,venture_debt_overview,What is venture debt,Regenerated 2026-04-19
gen_1776624791_00096,SaaS Founder / CEO,research,commercial,compare venture debt to equity round,"CEO at $7M ARR, 12 months runway",Series B is 18 months out. Venture debt now versus waiting — which path actually preserves more ownership long term?,venture debt vs equity round ownership dilution saas,skeptical and comparing options,5.0,venture_debt_overview,What is venture debt,Regenerated 2026-04-19
gen_1776624791_00097,SaaS Founder / CEO,commercial,commercial,find venture debt lender criteria,SaaS founder at $5M ARR researching eligibility,"Looking for what ARR, growth rate, or retention metrics a SaaS company needs before venture debt lenders will talk to you.",venture debt lender eligibility criteria ARR SaaS,curious and exploratory,5.0,venture_debt_overview,What is venture debt,Regenerated 2026-04-19
gen_1776624791_00098,SaaS Founder / CEO,research,informational,understand venture debt interest rates,CFO modeling cost of capital scenarios,"What interest rates do venture debt deals actually carry for SaaS companies — floating, fixed, and what's a realistic range?",venture debt interest rate range SaaS fixed floating,skeptical and comparing options,5.0,venture_debt_overview,What is venture debt,Regenerated 2026-04-19
gen_1776624791_00099,SaaS Founder / CEO,educational,informational,learn when venture debt is a bad idea,early-stage founder unsure if timing is right,I want to understand when venture debt is actually the wrong move — what situations make founders regret taking it?,when not to take venture debt founder mistakes saas,emotional and looking for support,5.0,venture_debt_overview,What is venture debt,Regenerated 2026-04-19
gen_1776624791_00100,SaaS Founder / CEO,navigational,navigational,find venture debt providers to evaluate,SaaS founder ready to start lender conversations,I'm ready to shop venture debt options. Where do founders typically start when building a shortlist of lenders to approach?,venture debt lenders shortlist SaaS growth financing,skeptical and comparing options,5.0,venture_debt_overview,What is venture debt,Regenerated 2026-04-19
gen_1776624791_00101,SaaS Founder / CEO,educational,informational,understand venture debt structure basics,"B2B SaaS founder, $5M+ ARR, equity-averse","How does venture debt actually work — is it structured like a term loan, a credit line, or something else entirely?",how venture debt works structure term loan saas,detail-oriented and planning ahead,5.0,venture_debt_overview,What is venture debt,Regenerated 2026-04-19
gen_1776624791_00102,SaaS Founder / CEO,educational,informational,understand dilution cost of equity round,"B2B SaaS founder, $6M ARR, considering Series B",I'm trying to figure out how much a new equity round actually costs me long-term in dilution. Where do I start?,equity round dilution cost saas founder series b,curious and exploratory,5.0,venture_debt_vs_equity,Venture debt vs raising equity,Regenerated 2026-04-19
gen_1776624791_00103,SaaS Founder / CEO,research,commercial,decide between debt and equity at growth stage,"B2B SaaS founder, $8M ARR, profitable but slow growth",We're at $8M ARR and profitable but growing slower than VCs want. Is debt smarter than raising equity right now?,venture debt vs equity saas profitable slow growth,skeptical and comparing options,5.0,venture_debt_vs_equity,Venture debt vs raising equity,Regenerated 2026-04-19
gen_1776624791_00104,SaaS Founder / CEO,educational,informational,understand warrant-free venture debt options,"SaaS CEO shopping lenders, worried about hidden equity costs","Some lenders attach warrants, some don't. How much does that actually matter when I'm comparing venture debt term sheets?",warrant free venture debt saas term sheet comparison,skeptical and comparing options,5.0,venture_debt_vs_equity,Venture debt vs raising equity,Regenerated 2026-04-19
gen_1776624791_00105,SaaS Founder / CEO,navigational,navigational,find venture debt lenders for B2B SaaS,"SaaS CEO, $5M ARR, starting lender search",Looking for venture debt lenders who actually specialize in B2B SaaS at the $5M to $15M ARR range. Who's active?,venture debt lenders b2b saas 5m 15m arr,curious and exploratory,5.0,venture_debt_vs_equity,Venture debt vs raising equity,Regenerated 2026-04-19
gen_1776624791_00106,SaaS Founder / CEO,support,informational,assess personal risk of taking on venture debt,"first-time SaaS founder, anxious about debt obligations","I've never taken on debt financing before. Honestly, what's the real downside risk if growth slows after I draw?",venture debt downside risk saas founder slow growth,emotional and looking for support,5.0,venture_debt_vs_equity,Venture debt vs raising equity,Regenerated 2026-04-19
gen_1776624791_00107,SaaS Founder / CEO,research,commercial,compare speed of debt vs equity fundraise,"SaaS CEO, cash-urgent, 6-month timeline to close",We need capital in under 60 days. Is venture debt realistically faster to close than an equity round at this stage?,venture debt close time vs equity round saas speed,skeptical and comparing options,5.0,venture_debt_vs_equity,Venture debt vs raising equity,Regenerated 2026-04-19
gen_1776624791_00108,SaaS Founder / CEO,educational,informational,model ownership impact of skipping equity round,SaaS founder protecting cap table before exit,"If I use debt instead of raising a Series B, how much founder ownership do I actually protect by the time I exit?",skip series b use debt founder ownership exit saas,curious and exploratory,5.0,venture_debt_vs_equity,Venture debt vs raising equity,Regenerated 2026-04-19
gen_1776624791_00109,SaaS Founder / CEO,support,informational,get reassurance on venture debt decision,SaaS CEO second-guessing non-dilutive financing choice,I chose venture debt over raising equity and now I'm second-guessing it. Is that a decision other founders regret?,venture debt vs equity saas founder regret decision,emotional and looking for support,5.0,venture_debt_vs_equity,Venture debt vs raising equity,Regenerated 2026-04-19
gen_1776624791_00110,SaaS Founder / CEO,educational,informational,understand venture debt eligibility criteria,"B2B SaaS founder, $6M ARR, first time exploring debt",I keep hearing venture debt requires 'institutional backing.' Does that mean bootstrapped SaaS companies are locked out?,venture debt eligibility bootstrapped saas company ARR,newly aware and confused,5.0,venture_debt_vs_equity,Venture debt vs raising equity,Regenerated 2026-04-19
gen_1776624791_00111,SaaS Founder / CEO,educational,informational,calculate dilution cost of Series B,"SaaS CEO, $7M ARR, weighing equity vs debt","What's a realistic dilution percentage for a $5M Series B raise, and how do I model that against an exit?",series B dilution percentage saas founder equity model,skeptical and comparing options,5.0,venture_debt_vs_equity,Venture debt vs raising equity,Regenerated 2026-04-19
gen_1776624791_00112,SaaS Founder / CEO,support,informational,decode venture debt covenant risk,"SaaS founder, nervous about financial covenants in debt deals","Revenue covenants in venture debt terrify me. How tight are they typically, and what triggers a default?",venture debt revenue covenants saas default triggers,frustrated and overwhelmed,5.0,venture_debt_vs_equity,Venture debt vs raising equity,Regenerated 2026-04-19
gen_1776624791_00113,SaaS Founder / CEO,research,commercial,find warrant-free venture debt lenders,"SaaS CEO comparing lender terms, wants no warrant dilution","Are warrant-free venture debt structures common, or is that a rare option only certain lenders offer?",warrant free venture debt lenders saas,skeptical and comparing options,5.0,venture_debt_vs_equity,Venture debt vs raising equity,Regenerated 2026-04-19
gen_1776624791_00114,SaaS Founder / CEO,educational,informational,understand non-amortizing loan structure,"First-time debt borrower, SaaS founder, unfamiliar with loan types","What does non-amortizing actually mean in a venture debt deal, and why would I want that over a standard term loan?",non amortizing venture debt saas term loan difference,newly aware and confused,5.0,venture_debt_vs_equity,Venture debt vs raising equity,Regenerated 2026-04-19
gen_1776624791_00115,SaaS Founder / CEO,research,commercial,evaluate hybrid debt plus equity approach,"SaaS CEO, $9M ARR, deciding on capital structure before Series B","If I take venture debt now and raise equity in 18 months at a higher valuation, does that math actually work out better?",venture debt before equity raise valuation uplift saas strategy,skeptical and comparing options,5.0,venture_debt_vs_equity,Venture debt vs raising equity,Regenerated 2026-04-19
gen_1776624791_00116,SaaS Founder / CEO,navigational,navigational,find B2B SaaS venture debt resources,"SaaS founder, newly researching non-dilutive financing options",Where do founders actually learn about venture debt terms? Looking for guides or calculators built for SaaS companies.,venture debt guide calculator b2b saas founders,newly aware and confused,5.0,venture_debt_vs_equity,Venture debt vs raising equity,Regenerated 2026-04-19
gen_1776624791_00117,SaaS Founder / CEO,support,commercial,assess lender speed on venture debt close,"SaaS CEO, urgent capital need, comparing financing timelines","I'm drowning in due diligence requests from one lender. Is this normal, or do some debt providers close much faster?",venture debt due diligence timeline saas lender close speed,frustrated and overwhelmed,5.0,venture_debt_vs_equity,Venture debt vs raising equity,Regenerated 2026-04-19
gen_1776624791_00118,SaaS Founder / CEO,educational,informational,understand interest rate range for venture debt,"SaaS founder, $5M ARR, first term sheet in hand",Got my first venture debt term sheet. The interest rate feels high — what's a normal range for early-stage SaaS?,venture debt interest rate range saas early stage,newly aware and confused,5.0,venture_debt_vs_equity,Venture debt vs raising equity,Regenerated 2026-04-19
gen_1776624791_00119,SaaS Founder / CEO,educational,informational,understand dilution cost of equity round,"B2B SaaS CEO, $6M ARR, considering Series B",I'm trying to understand exactly how much a $4M equity raise costs me long-term in ownership. Is there a clean way to model that?,dilution calculator equity raise SaaS founder ownership,practical and ready to act,5.0,venture_debt_vs_equity,Venture debt vs raising equity,Regenerated 2026-04-19
gen_1776624791_00120,SaaS Founder / CEO,research,commercial,evaluate hybrid debt plus equity approach,"CEO closing a round, exploring stacking debt on top","Closing a small equity round next quarter — can I stack venture debt on top, and do lenders care about the timing?",hybrid venture debt equity round same time SaaS,practical and ready to act,5.0,venture_debt_vs_equity,Venture debt vs raising equity,Regenerated 2026-04-19
gen_1776624791_00121,SaaS Founder / CEO,educational,informational,calculate real cost of venture debt vs equity,SaaS founder comparing dilution to interest costs,"How do I actually compare the cost of venture debt interest to giving up 15% equity? Looking for a real framework, not theory.",cost of venture debt vs equity dilution comparison framework,practical and ready to act,5.0,venture_debt_vs_equity,Venture debt vs raising equity,Regenerated 2026-04-19
gen_1776624791_00122,SaaS Founder / CEO,commercial,commercial,assess lender speed and term quality,"SaaS CEO, $8M ARR, needs capital in 60 days","Need capital in 60 days — do venture debt lenders actually close that fast, or is that just marketing?",venture debt closing timeline how fast SaaS lender,skeptical and comparing options,5.0,venture_debt_vs_equity,Venture debt vs raising equity,Regenerated 2026-04-19
gen_1776624791_00123,SaaS Founder / CEO,educational,informational,understand when equity is better than debt,"Founder pre-product-market fit, $5M ARR early stage","Every article says debt is cheaper, but are there situations where raising equity is genuinely the smarter move for SaaS founders?",when to raise equity instead of venture debt SaaS,skeptical and comparing options,5.0,venture_debt_vs_equity,Venture debt vs raising equity,Regenerated 2026-04-19
gen_1776624791_00124,SaaS Founder / CEO,navigational,navigational,find venture debt term sheet comparison resources,"First-time debt borrower, overwhelmed by lender options",First time looking at venture debt term sheets and I'm completely lost. Where do founders compare lender terms side by side?,venture debt term sheet comparison resource SaaS founders,frustrated and overwhelmed,5.0,venture_debt_vs_equity,Venture debt vs raising equity,Regenerated 2026-04-19
gen_1776624791_00125,SaaS Founder / CEO,research,informational,evaluate warrant impact on founder equity,SaaS founder reviewing first venture debt offer with warrants,My term sheet includes warrants and I can't figure out if they're a dealbreaker. How much do warrants actually cost founders?,warrant cost venture debt founder equity impact,frustrated and overwhelmed,5.0,venture_debt_vs_equity,Venture debt vs raising equity,Regenerated 2026-04-19
gen_1776624791_00126,SaaS Founder / CEO,commercial,commercial,identify right ARR threshold for venture debt eligibility,"SaaS CEO at $4.5M ARR, unsure if too early","I'm just under $5M ARR. Am I too early for venture debt, or do some lenders work with companies at my stage?",minimum ARR venture debt eligibility SaaS early stage,skeptical and comparing options,5.0,venture_debt_vs_equity,Venture debt vs raising equity,Regenerated 2026-04-19
gen_1776624791_00127,SaaS Founder / CEO,educational,informational,understand dilution impact of another equity round,"B2B SaaS CEO, $6M ARR, considering Series B","If I raise a Series B at a down round, how bad does the dilution actually get for existing founders?",series B down round dilution impact saas founder,frustrated and overwhelmed,5.0,venture_debt_vs_equity,Venture debt vs raising equity,Regenerated 2026-04-19
gen_1776624791_00128,SaaS Founder / CEO,educational,informational,evaluate venture debt eligibility criteria,"SaaS founder, $5.5M ARR, first time exploring debt","Newly profitable, $5.5M ARR — what do lenders actually look at before approving a venture debt facility?",venture debt eligibility criteria saas ARR profitability,newly aware and confused,5.0,venture_debt_vs_equity,Venture debt vs raising equity,Regenerated 2026-04-19
gen_1776624791_00129,SaaS Founder / CEO,research,informational,compare non-amortizing vs amortizing debt structures,"SaaS CEO evaluating term sheet options, growth stage",Term sheet offers non-amortizing structure — is that actually better for SaaS cash flow than a standard amortizing loan?,non-amortizing vs amortizing venture debt saas cash flow,skeptical and comparing options,5.0,venture_debt_vs_equity,Venture debt vs raising equity,Regenerated 2026-04-19
gen_1776624791_00130,SaaS Founder / CEO,research,commercial,find warrant-free venture debt options,"SaaS CEO comparing term sheets, dilution-sensitive","Do warrant-free venture debt deals actually exist, or is that just a negotiating tactic lenders use to close faster?",warrant free venture debt saas term sheet options,skeptical and comparing options,5.0,venture_debt_vs_equity,Venture debt vs raising equity,Regenerated 2026-04-19
gen_1776624791_00131,SaaS Founder / CEO,educational,informational,understand lender speed and process timeline,"SaaS CEO needs capital in 45 days, exploring debt",I've heard venture debt can close in weeks. What does a realistic timeline look like from first call to funded?,venture debt closing timeline weeks saas lender process,newly aware and confused,5.0,venture_debt_vs_equity,Venture debt vs raising equity,Regenerated 2026-04-19
gen_1776624791_00132,SaaS Founder / CEO,navigational,navigational,find venture debt lenders for Canadian SaaS,"Canadian SaaS founder, $7M ARR, US expansion plans",Canadian B2B SaaS doing $7M ARR — which types of lenders actually do venture debt deals here without forcing US incorporation?,venture debt lenders canada b2b saas ARR,skeptical and comparing options,5.0,venture_debt_vs_equity,Venture debt vs raising equity,Regenerated 2026-04-19
gen_1776624791_00133,SaaS Founder / CEO,research,commercial,assess hybrid debt and equity capital strategy,"SaaS CEO planning 18-month growth sprint, $8M ARR",Planning an aggressive 18-month hiring push — does taking debt now and raising equity later actually give me better leverage with VCs?,hybrid venture debt equity raise strategy saas growth,skeptical and comparing options,5.0,venture_debt_vs_equity,Venture debt vs raising equity,Regenerated 2026-04-19
gen_1776624791_00134,SaaS Founder / CEO,educational,informational,understand true cost of venture debt vs equity,"First-time debt explorer, SaaS founder overwhelmed by term sheets","Between interest, fees, and possible warrants, how do I know if venture debt is actually cheaper than just giving up equity?",true cost venture debt vs equity dilution saas comparison,frustrated and overwhelmed,5.0,venture_debt_vs_equity,Venture debt vs raising equity,Regenerated 2026-04-19
gen_1776624791_00135,SaaS Founder / CEO,research,informational,understand dilution cost of equity round,"B2B SaaS founder, $6M ARR, weighing debt vs equity","At $6M ARR, how much equity am I actually giving up in a typical Series B versus just taking debt?",series b equity dilution vs venture debt saas founder,skeptical and comparing options,5.0,venture_debt_vs_equity,Venture debt vs raising equity,Regenerated 2026-04-19
gen_1776624791_00136,SaaS Founder / CEO,educational,informational,evaluate warrant terms in venture debt,"B2B SaaS CEO, $7M ARR, equity-sensitive","Do all venture debt lenders require warrants, or is that negotiable? Trying to avoid giving up more equity.",venture debt warrants negotiable SaaS lenders,frustrated and overwhelmed,5.0,venture_debt_lenders,Best venture debt lenders,Regenerated 2026-04-19
gen_1776624791_00137,SaaS Founder / CEO,research,commercial,compare venture debt lender speed,"SaaS founder needing capital fast, 8mo runway","Which venture debt lenders actually close fast? I need capital in weeks, not months.",fastest venture debt lenders SaaS funding speed,practical and ready to act,5.0,venture_debt_lenders,Best venture debt lenders,Regenerated 2026-04-19
gen_1776624791_00138,SaaS Founder / CEO,navigational,navigational,find venture debt lenders for Canadian SaaS,"Canadian B2B SaaS CEO, $6M ARR, exploring options",Looking for venture debt lenders that actually operate in Canada — most I find seem US-only.,venture debt lenders Canada SaaS B2B,frustrated and overwhelmed,5.0,venture_debt_lenders,Best venture debt lenders,Regenerated 2026-04-19
gen_1776624791_00139,SaaS Founder / CEO,research,commercial,identify founder-friendly venture debt lenders,"B2B SaaS CEO, $8M ARR, burned by aggressive covenants before",Had a bad experience with aggressive loan covenants. Which venture debt lenders are actually founder-friendly on terms?,founder friendly venture debt lenders covenants SaaS,frustrated and overwhelmed,5.0,venture_debt_lenders,Best venture debt lenders,Regenerated 2026-04-19
gen_1776624791_00140,SaaS Founder / CEO,educational,informational,understand non-amortizing venture debt structures,SaaS founder evaluating loan structures for cash flow,What does non-amortizing venture debt actually mean for monthly cash flow? Is it better for SaaS companies?,non amortizing venture debt SaaS cash flow explained,newly aware and confused,5.0,venture_debt_lenders,Best venture debt lenders,Regenerated 2026-04-19
gen_1776624791_00141,SaaS Founder / CEO,commercial,commercial,shortlist venture debt lenders to contact,"B2B SaaS CEO, $10M ARR, ready to apply",I'm at $10M ARR and ready to move on venture debt. Which lenders should I actually reach out to first?,top venture debt lenders B2B SaaS 10M ARR,practical and ready to act,5.0,venture_debt_lenders,Best venture debt lenders,Regenerated 2026-04-19
gen_1776624791_00142,SaaS Founder / CEO,educational,informational,understand maximum loan size in venture debt,"SaaS CEO, $5M ARR, needs $3-5M in growth capital",How much can a SaaS company at $5M ARR realistically borrow through venture debt?,venture debt loan size SaaS ARR eligibility,practical and ready to act,5.0,venture_debt_lenders,Best venture debt lenders,Regenerated 2026-04-19
gen_1776624791_00143,SaaS Founder / CEO,support,navigational,find reviews of venture debt lender experiences,"SaaS founder researching lenders, wants peer insight","Where do founders actually share honest reviews of venture debt lenders? Looking for real experiences, not marketing.",venture debt lender reviews founder experiences SaaS,frustrated and overwhelmed,5.0,venture_debt_lenders,Best venture debt lenders,Regenerated 2026-04-19
gen_1776624791_00144,SaaS Founder / CEO,educational,informational,understand warrant impact on venture debt,"B2B SaaS founder, $6M ARR, equity-sensitive","If a lender takes warrants on my venture debt, how much equity am I actually giving up over a 3-year term?",venture debt warrants equity dilution saas founder,curious and exploratory,5.0,venture_debt_lenders,Best venture debt lenders,Regenerated 2026-04-19
gen_1776624791_00145,SaaS Founder / CEO,research,commercial,find lenders with flexible repayment structures,"Founder with lumpy SaaS revenue, $5M ARR",My SaaS revenue is seasonal and lumpy. Are there venture debt lenders that structure repayments around actual cash flow?,flexible repayment venture debt lenders saas revenue,practical and ready to act,5.0,venture_debt_lenders,Best venture debt lenders,Regenerated 2026-04-19
gen_1776624791_00146,SaaS Founder / CEO,educational,informational,understand unitranche debt structure,"First-time venture debt borrower, B2B SaaS",Just heard the term unitranche for the first time. What does it mean and is it good or bad for a SaaS borrower?,unitranche venture debt explained saas borrower,newly aware and confused,5.0,venture_debt_lenders,Best venture debt lenders,Regenerated 2026-04-19
gen_1776624791_00147,SaaS Founder / CEO,research,informational,assess lender speed from application to close,"SaaS CEO evaluating lenders, time-sensitive raise","Realistically, how long does it take to go from first call to funded with a typical venture debt lender?",venture debt lender timeline application to close,practical and ready to act,5.0,venture_debt_lenders,Best venture debt lenders,Regenerated 2026-04-19
gen_1776624791_00148,SaaS Founder / CEO,educational,informational,compare venture debt term lengths,B2B SaaS founder comparing multi-year loan structures,"Is a 5-year venture debt term actually better than a 3-year one for a SaaS company, or does it just cost more?",venture debt 3 year vs 5 year term saas comparison,curious and exploratory,5.0,venture_debt_lenders,Best venture debt lenders,Regenerated 2026-04-19
gen_1776624791_00149,SaaS Founder / CEO,educational,informational,understand second lien venture debt risk,Founder unfamiliar with debt seniority structures,Some lenders are offering second lien structures. What does that mean for me if things go sideways with the business?,second lien venture debt risk founder explained,newly aware and confused,5.0,venture_debt_lenders,Best venture debt lenders,Regenerated 2026-04-19
gen_1776624791_00150,SaaS Founder / CEO,research,commercial,find venture debt lenders for bootstrapped SaaS,"Bootstrapped founder, no VC backing, $5M ARR","Never raised VC — does that disqualify me from venture debt, or do some lenders work with bootstrapped SaaS companies?",venture debt bootstrapped saas no vc backing lenders,newly aware and confused,5.0,venture_debt_lenders,Best venture debt lenders,Regenerated 2026-04-19
gen_1776624791_00151,SaaS Founder / CEO,research,commercial,evaluate lender operating line vs term loan,SaaS CEO deciding between two debt structures,"For a $7M ARR SaaS company, is a revolving operating line or a term loan the smarter first venture debt structure?",venture debt operating line vs term loan saas,curious and exploratory,5.0,venture_debt_lenders,Best venture debt lenders,Regenerated 2026-04-19
gen_1776624791_00152,SaaS Founder / CEO,navigational,navigational,navigate venture debt lender shortlist,SaaS founder ready to send first outreach emails,I'm ready to approach venture debt lenders. Where's a reliable shortlist of active lenders funding B2B SaaS right now?,active venture debt lenders b2b saas shortlist 2024,practical and ready to act,5.0,venture_debt_lenders,Best venture debt lenders,Regenerated 2026-04-19
gen_1776624791_00153,SaaS Founder / CEO,research,commercial,evaluate warrant-free venture debt options,"B2B SaaS founder, $6M ARR, equity-sensitive","Which venture debt lenders actually offer warrant-free structures, and is there a real tradeoff in rate or terms?",warrant free venture debt lenders saas terms,detail-oriented and planning ahead,5.0,venture_debt_lenders,Best venture debt lenders,Regenerated 2026-04-19
gen_1776624791_00154,SaaS Founder / CEO,commercial,commercial,understand lender speed to funding,"SaaS CEO, 8 months runway, closing quickly",I need capital fast. Which venture debt lenders are known for closing in under 30 days without endless due diligence?,fastest venture debt lenders saas close time,time-pressed and direct,5.0,venture_debt_lenders,Best venture debt lenders,Regenerated 2026-04-19
gen_1776624791_00155,SaaS Founder / CEO,research,informational,compare founder-friendliness across lenders,"first-time venture debt borrower, $5M ARR SaaS",How do I tell which venture debt lenders are actually founder-friendly versus just marketing themselves that way?,founder friendly venture debt lenders saas comparison,skeptical and comparing options,5.0,venture_debt_lenders,Best venture debt lenders,Regenerated 2026-04-19
gen_1776624791_00156,SaaS Founder / CEO,research,commercial,assess covenant structures across lenders,SaaS CEO planning 18-month growth push,I'm about to scale aggressively and need flexibility. Which venture debt lenders impose the lightest financial covenants on SaaS borrowers?,venture debt lenders light covenants saas flexibility,detail-oriented and planning ahead,5.0,venture_debt_lenders,Best venture debt lenders,Regenerated 2026-04-19
gen_1776624791_00157,SaaS Founder / CEO,navigational,navigational,find lenders active in Canada,"Canadian SaaS founder, $7M ARR, US expansion plans",Canadian SaaS company here — which venture debt lenders actually operate in Canada versus just being US-focused?,venture debt lenders canada saas active,practical and ready to act,5.0,venture_debt_lenders,Best venture debt lenders,Regenerated 2026-04-19
gen_1776624791_00158,SaaS Founder / CEO,educational,informational,compare interest rates across lenders,SaaS founder modeling cost of capital scenarios,What's the realistic interest rate range I should expect from venture debt lenders in 2024 for a $6M ARR SaaS company?,venture debt interest rates 2024 saas lenders,detail-oriented and planning ahead,5.0,venture_debt_lenders,Best venture debt lenders,Regenerated 2026-04-19
gen_1776624791_00159,SaaS Founder / CEO,educational,informational,evaluate lenders without VC backing required,"profitable bootstrapped SaaS, $8M ARR, no institutional investors","Bootstrapped, profitable, $8M ARR — do venture debt lenders care that I have no VC on my cap table?",venture debt bootstrapped saas no vc backing,time-pressed and direct,5.0,venture_debt_lenders,Best venture debt lenders,Regenerated 2026-04-19
gen_1776624791_00160,SaaS Founder / CEO,research,informational,understand prepayment penalties across lenders,SaaS founder expecting acquisition offer in 12-18 months,Possible acquisition on the horizon in 18 months. Which venture debt lenders have the least painful prepayment penalty terms?,venture debt prepayment penalty terms saas lenders,detail-oriented and planning ahead,5.0,venture_debt_lenders,Best venture debt lenders,Regenerated 2026-04-19
gen_1776624791_00161,SaaS Founder / CEO,navigational,navigational,find lenders funding UK SaaS companies,"UK-based SaaS founder, $5M ARR, pound-denominated revenue",UK SaaS company with $5M ARR — which venture debt lenders actually fund outside the US without messy cross-border structures?,venture debt lenders uk saas funding cross border,practical and ready to act,5.0,venture_debt_lenders,Best venture debt lenders,Regenerated 2026-04-19
gen_1776624791_00162,SaaS Founder / CEO,educational,informational,understand venture debt basics,"SaaS founder, first time exploring non-dilutive options",Never done venture debt before. How is it actually different from a bank loan or raising a Series B?,venture debt vs bank loan vs equity round SaaS,newly aware and confused,5.0,venture_debt_lenders,Best venture debt lenders,Regenerated 2026-04-19
gen_1776624791_00163,SaaS Founder / CEO,navigational,navigational,evaluate lender reputation among founders,"B2B SaaS CEO, $7M ARR, comparing lenders","Where do SaaS founders actually talk about their venture debt experiences? I want unfiltered opinions, not lender marketing.",founder reviews venture debt lenders SaaS forums,practical and ready to act,5.0,venture_debt_lenders,Best venture debt lenders,Regenerated 2026-04-19
gen_1776624791_00164,SaaS Founder / CEO,educational,informational,assess dilution impact of warrants,"Founder protecting equity, mid-stage SaaS",How much equity dilution do warrants in a typical venture debt deal actually cause? Trying to model the real cost.,venture debt warrant dilution impact SaaS founder equity,detail-oriented and planning ahead,5.0,venture_debt_lenders,Best venture debt lenders,Regenerated 2026-04-19
gen_1776624791_00165,SaaS Founder / CEO,research,commercial,find lenders specializing in B2B SaaS,"CEO with $5M ARR, wants sector-specific lender",Which venture debt lenders specifically focus on B2B SaaS versus funding any tech company that walks in?,venture debt lenders B2B SaaS specialists,practical and ready to act,5.0,venture_debt_lenders,Best venture debt lenders,Regenerated 2026-04-19
gen_1776624791_00166,SaaS Founder / CEO,research,informational,compare loan sizing relative to ARR,"SaaS founder at $6M ARR, sizing first debt facility",What loan size can I realistically get from a venture debt lender at $6M ARR — is the ARR multiple actually standardized?,venture debt loan size ARR multiple SaaS 2024,detail-oriented and planning ahead,5.0,venture_debt_lenders,Best venture debt lenders,Regenerated 2026-04-19
gen_1776624791_00167,SaaS Founder / CEO,educational,informational,understand non-amortizing debt structure,Founder confused by loan structure options,Some lenders mention non-amortizing structures. What does that mean for monthly cash flow compared to a standard term loan?,non-amortizing venture debt structure cash flow SaaS,newly aware and confused,5.0,venture_debt_lenders,Best venture debt lenders,Regenerated 2026-04-19
gen_1776624791_00168,SaaS Founder / CEO,commercial,commercial,shortlist venture debt lenders to contact,"SaaS CEO, $8M ARR, ready to start conversations",I'm ready to start lender conversations this month. Which venture debt providers should be on my first-call list for SaaS?,top venture debt lenders SaaS contact 2024,practical and ready to act,5.0,venture_debt_lenders,Best venture debt lenders,Regenerated 2026-04-19
gen_1776624791_00169,SaaS Founder / CEO,research,informational,evaluate debt impact on next equity round,Founder planning Series B in 12-18 months,"If I take venture debt now, how do Series B investors typically react when they see it on the cap table later?",venture debt impact Series B fundraising investor reaction,detail-oriented and planning ahead,5.0,venture_debt_lenders,Best venture debt lenders,Regenerated 2026-04-19
gen_1776624791_00170,SaaS Founder / CEO,educational,informational,understand unitranche structure for SaaS,"First-time debt borrower, unfamiliar with structure",I keep seeing unitranche mentioned by venture debt lenders. What exactly is it and why would I want it over a standard term loan?,unitranche venture debt explained SaaS term loan difference,newly aware and confused,5.0,venture_debt_lenders,Best venture debt lenders,Regenerated 2026-04-19
gen_1776624791_00171,SaaS Founder / CEO,research,commercial,compare venture debt to revenue-based financing,SaaS CEO weighing non-dilutive capital options,"Venture debt versus revenue-based financing — for a $7M ARR SaaS company, which structure actually leaves more cash in the business?",venture debt vs revenue based financing SaaS comparison,detail-oriented and planning ahead,5.0,venture_debt_lenders,Best venture debt lenders,Regenerated 2026-04-19
gen_1776624791_00172,SaaS Founder / CEO,research,commercial,evaluate warrant-free venture debt options,"B2B SaaS CEO, $8M ARR, equity-sensitive","Some venture debt lenders offer warrant-free structures. How rare is that, and what do lenders ask for instead?",warrant free venture debt saas lenders terms,detail-oriented and planning ahead,5.0,venture_debt_lenders,Best venture debt lenders,Regenerated 2026-04-19
gen_1776624791_00173,VC / Board Advisor,research,commercial,identify founder-friendly venture debt lenders,VC advisor recommending lenders to portfolio founders,"Which venture debt lenders are actually founder-friendly — fair covenants, no hidden fees, and won't call the loan early?",founder friendly venture debt lenders fair covenants,curious and exploratory,5.0,venture_debt_lenders,Best venture debt lenders,Regenerated 2026-04-19
gen_1776624791_00174,VC / Board Advisor,educational,informational,evaluate warrant coverage across venture debt lenders,board advisor comparing dilution impact for portfolio SaaS,"How much warrant coverage do top venture debt lenders typically demand, and which ones offer warrant-free structures?",venture debt warrant coverage warrant free lenders comparison,curious and exploratory,5.0,venture_debt_lenders,Best venture debt lenders,Regenerated 2026-04-19
gen_1776624791_00175,VC / Board Advisor,commercial,commercial,find fastest closing venture debt lender,portfolio company needs capital in weeks not months,Portfolio company needs to close financing fast. Which venture debt lenders can realistically fund in under 30 days?,fastest closing venture debt lender SaaS,time-pressed and direct,5.0,venture_debt_lenders,Best venture debt lenders,Regenerated 2026-04-19
gen_1776624791_00176,VC / Board Advisor,educational,informational,compare venture debt term lengths,VC advisor evaluating multi-year debt structures for B2B SaaS,"Do any venture debt lenders offer terms longer than three years, and is that actually better for scaling SaaS companies?",venture debt term length 4 5 year SaaS lenders,curious and exploratory,5.0,venture_debt_lenders,Best venture debt lenders,Regenerated 2026-04-19
gen_1776624791_00177,VC / Board Advisor,support,informational,assess lender behavior during portfolio stress,VC advisor worried about lender conduct if company misses targets,How do venture debt lenders actually behave when a portfolio company hits a rough quarter — do they renegotiate or accelerate?,venture debt lender behavior covenant breach SaaS downside,emotional and looking for support,5.0,venture_debt_lenders,Best venture debt lenders,Regenerated 2026-04-19
gen_1776624791_00178,VC / Board Advisor,navigational,navigational,find venture debt lenders active in Canada,board advisor with Canadian portfolio companies needing non-dilutive capital,"Which venture debt lenders are actually active in Canada for B2B SaaS, not just US-focused with a token cross-border deal?",venture debt lenders Canada B2B SaaS,time-pressed and direct,5.0,venture_debt_lenders,Best venture debt lenders,Regenerated 2026-04-19
gen_1776624791_00179,VC / Board Advisor,educational,informational,compare non-amortizing vs amortizing venture debt,VC advisor evaluating cash flow impact for growth-stage SaaS,Non-amortizing venture debt sounds appealing for preserving cash. Which lenders actually offer it and at what cost?,non amortizing venture debt lenders SaaS growth stage,curious and exploratory,5.0,venture_debt_lenders,Best venture debt lenders,Regenerated 2026-04-19
gen_1776624791_00180,VC / Board Advisor,navigational,navigational,evaluate venture debt lender reputation among founders,board advisor wanting founder testimonials before recommending a lender,I want real founder feedback on venture debt lenders before recommending one. Where do I find unfiltered reviews or references?,venture debt lender founder reviews reputation,emotional and looking for support,5.0,venture_debt_lenders,Best venture debt lenders,Regenerated 2026-04-19
gen_1776624791_00181,VC / Board Advisor,educational,informational,determine ARR threshold for venture debt eligibility,VC advisor with early-stage portfolio company at $3M ARR,My portfolio company is at $3M ARR. At what revenue floor do venture debt lenders start taking them seriously?,venture debt minimum ARR eligibility SaaS lender,time-pressed and direct,5.0,venture_debt_lenders,Best venture debt lenders,Regenerated 2026-04-19
gen_1776624791_00182,VC / Board Advisor,educational,informational,understand unitranche vs second lien venture debt,board advisor unfamiliar with credit structure differences,I keep seeing unitranche and second lien mentioned by venture debt lenders. What's the practical difference for a SaaS founder?,unitranche vs second lien venture debt SaaS explained,curious and exploratory,5.0,venture_debt_lenders,Best venture debt lenders,Regenerated 2026-04-19
gen_1776624791_00183,VC / Board Advisor,educational,informational,understand venture debt covenant risk,"VC advisor, concerned about covenant triggers hurting portfolio",Which covenant structures in venture debt deals are most likely to blow up on a founder during a down round?,venture debt covenant risk down round SaaS,frustrated and overwhelmed,5.0,venture_debt_lenders,Best venture debt lenders,Regenerated 2026-04-19
gen_1776624791_00184,VC / Board Advisor,research,commercial,benchmark venture debt pricing SaaS,board advisor comparing term sheet received by portfolio company,What's a fair interest rate range on venture debt for a B2B SaaS company at $8M ARR right now?,venture debt interest rate benchmark B2B SaaS 2024,practical and ready to act,5.0,venture_debt_lenders,Best venture debt lenders,Regenerated 2026-04-19
gen_1776624791_00185,VC / Board Advisor,educational,informational,evaluate venture debt vs equity dilution,VC advising Series B company weighing bridge options,"At Series B, does venture debt actually preserve enough equity to justify the debt service cost?",venture debt vs equity dilution Series B tradeoff,curious and exploratory,5.0,venture_debt_lenders,Best venture debt lenders,Regenerated 2026-04-19
gen_1776624791_00186,VC / Board Advisor,research,commercial,find lenders with flexible repayment,"portfolio company has lumpy revenue, needs flexible structure",My portfolio company has uneven monthly revenue. Which venture debt structures actually flex with cash flow instead of punishing it?,venture debt flexible repayment lumpy revenue SaaS,frustrated and overwhelmed,5.0,venture_debt_lenders,Best venture debt lenders,Regenerated 2026-04-19
gen_1776624791_00187,VC / Board Advisor,research,commercial,compare venture debt lender due diligence speed,VC advisor needing to close before quarter end,"How long does due diligence actually take with top venture debt lenders, and which ones move fastest to term sheet?",venture debt due diligence timeline term sheet speed,practical and ready to act,5.0,venture_debt_lenders,Best venture debt lenders,Regenerated 2026-04-19
gen_1776624791_00188,VC / Board Advisor,educational,informational,understand MFN and lender control provisions,"first-time founder, VC advisor reviewing loan docs",What lender control provisions in venture debt should founders fight hardest to remove before signing?,venture debt lender control provisions founders negotiate,curious and exploratory,5.0,venture_debt_lenders,Best venture debt lenders,Regenerated 2026-04-19
gen_1776624791_00189,VC / Board Advisor,navigational,navigational,identify lenders active in UK SaaS market,VC with UK portfolio company seeking growth capital,"Which venture debt lenders are actually writing checks for SaaS companies based in the UK, not just talking about it?",venture debt lenders UK SaaS active 2024,frustrated and overwhelmed,5.0,venture_debt_lenders,Best venture debt lenders,Regenerated 2026-04-19
gen_1776624791_00190,VC / Board Advisor,support,informational,assess lender reputation post-funding,VC doing reference checks before recommending lender,Looking for honest takes from founders on how their venture debt lender actually behaved 12 months post-close.,venture debt lender founder experience post-close reviews,curious and exploratory,5.0,venture_debt_lenders,Best venture debt lenders,Regenerated 2026-04-19
gen_1776624791_00191,VC / Board Advisor,commercial,commercial,structure venture debt alongside existing equity round,"portfolio company closing Series A, wants to layer in debt","Can venture debt close simultaneously with a Series A, and which lenders are set up to move that quickly alongside equity?",venture debt alongside Series A close timing lenders,practical and ready to act,5.0,venture_debt_lenders,Best venture debt lenders,Regenerated 2026-04-19
gen_1776624791_00192,VC / Board Advisor,educational,informational,compare operating line vs term loan structures,VC advising SaaS company choosing between debt products,"For a capital-efficient SaaS company, is an operating line or a term loan the smarter venture debt structure?",venture debt operating line vs term loan SaaS comparison,curious and exploratory,5.0,venture_debt_lenders,Best venture debt lenders,Regenerated 2026-04-19
gen_1776624791_00193,VC / Board Advisor,research,commercial,identify founder-friendly venture debt lenders,"VC board advisor, recommending lenders to portfolio companies",I'm advising a founder on venture debt and need to know which lenders are genuinely warrant-free and easy to work with.,founder friendly venture debt lenders warrant free saas,time-pressed and direct,5.0,venture_debt_lenders,Best venture debt lenders,Regenerated 2026-04-19
gen_1776624791_00194,Startup CFO / VP Finance,research,informational,evaluate warrant-free venture debt options,"CFO comparing term sheets, wants to minimize dilution","Some venture debt lenders require warrants, others don't. How much dilution am I actually giving up when warrants are included?",venture debt warrant coverage dilution impact SaaS,practical and ready to act,5.0,venture_debt_lenders,Best venture debt lenders,Regenerated 2026-04-19
gen_1776624791_00195,Startup CFO / VP Finance,educational,informational,understand unitranche vs second lien structures,VP Finance evaluating debt structures for first time,I keep seeing unitranche and second lien in venture debt term sheets. What's the practical difference for a growth-stage SaaS company?,unitranche vs second lien venture debt SaaS growth stage,newly aware and confused,5.0,venture_debt_lenders,Best venture debt lenders,Regenerated 2026-04-19
gen_1776624791_00196,Startup CFO / VP Finance,research,commercial,compare venture debt covenant structures,"Series B CFO, worried about restrictive covenants",How aggressive are typical venture debt covenants in practice? Trying to figure out which lenders give operators the most flexibility.,venture debt covenant terms operator flexibility SaaS lenders,practical and ready to act,5.0,venture_debt_lenders,Best venture debt lenders,Regenerated 2026-04-19
gen_1776624791_00197,Startup CFO / VP Finance,navigational,navigational,find venture debt lenders for Canadian SaaS,"CFO at Canadian B2B SaaS, limited lender options known",Which venture debt lenders actually operate in Canada? Most resources I find seem US-only and it's frustrating.,venture debt lenders Canada B2B SaaS,frustrated and overwhelmed,5.0,venture_debt_lenders,Best venture debt lenders,Regenerated 2026-04-19
gen_1776624791_00198,Startup CFO / VP Finance,educational,informational,assess non-amortizing venture debt availability,VP Finance modeling cash flow scenarios with debt service,"Are non-amortizing venture debt structures common, or is that rare? Trying to model cash flow impact before we approach any lenders.",non-amortizing venture debt structure SaaS availability,newly aware and confused,5.0,venture_debt_lenders,Best venture debt lenders,Regenerated 2026-04-19
gen_1776624791_00199,Startup CFO / VP Finance,research,informational,benchmark venture debt pricing for SaaS,"CFO at $8M ARR SaaS, building cost of capital model",What's a realistic interest rate range for venture debt at $8M ARR? I need real numbers to benchmark our term sheets against.,venture debt interest rate benchmark SaaS ARR 2024,practical and ready to act,5.0,venture_debt_lenders,Best venture debt lenders,Regenerated 2026-04-19
gen_1776624791_00200,Startup CFO / VP Finance,commercial,commercial,identify fastest venture debt close timelines,"CFO needing capital quickly, comparing lender speed","We need to move fast. Which types of venture debt lenders close quickest — banks, specialty funds, or someone else entirely?",fastest venture debt close timeline lender type,frustrated and overwhelmed,5.0,venture_debt_lenders,Best venture debt lenders,Regenerated 2026-04-19
gen_1776624791_00201,Startup CFO / VP Finance,educational,informational,understand venture debt term length tradeoffs,VP Finance comparing 3-year vs 5-year venture debt terms,Longer venture debt terms sound safer but what's the catch? Weighing a 3-year versus 5-year structure and can't find a clear tradeoff breakdown.,venture debt term length 3 year vs 5 year tradeoffs,newly aware and confused,5.0,venture_debt_lenders,Best venture debt lenders,Regenerated 2026-04-19
gen_1776624791_00202,Startup CFO / VP Finance,research,commercial,compare venture debt to revolving credit line,CFO evaluating working capital options at Series B,"Term loan or revolving credit line — which structure do most SaaS CFOs prefer for venture debt, and why does it matter operationally?",venture debt term loan vs revolving credit line SaaS CFO,practical and ready to act,5.0,venture_debt_lenders,Best venture debt lenders,Regenerated 2026-04-19
gen_1776624791_00203,Startup CFO / VP Finance,navigational,navigational,find ranked list of venture debt providers,VP Finance starting lender shortlist from scratch,I'm building a shortlist of venture debt lenders from scratch. Is there a credible ranked comparison of providers somewhere that isn't three years old?,best venture debt lenders ranked comparison SaaS 2024,frustrated and overwhelmed,5.0,venture_debt_lenders,Best venture debt lenders,Regenerated 2026-04-19
gen_1776624791_00204,Startup CFO / VP Finance,educational,informational,understand venture debt due diligence timeline,"CFO at growth-stage SaaS, preparing for lender outreach","How long does venture debt due diligence typically take, and what documents should I have ready before first contact?",venture debt due diligence timeline documents required,detail-oriented and planning ahead,5.0,venture_debt_lenders,Best venture debt lenders,Regenerated 2026-04-19
gen_1776624791_00205,Startup CFO / VP Finance,research,informational,evaluate venture debt vs equity dilution tradeoff,Series B SaaS CFO modeling next financing round,At what ARR or growth rate does venture debt actually beat raising equity on a dilution-adjusted basis?,venture debt vs equity dilution tradeoff saas growth stage,detail-oriented and planning ahead,5.0,venture_debt_lenders,Best venture debt lenders,Regenerated 2026-04-19
gen_1776624791_00206,Startup CFO / VP Finance,educational,informational,decode venture debt prepayment penalty structures,"CFO reviewing term sheet, concerned about exit flexibility","Prepayment penalties on venture debt term sheets — are they negotiable, and how much do they typically cost at early payoff?",venture debt prepayment penalty negotiable early payoff cost,detail-oriented and planning ahead,5.0,venture_debt_lenders,Best venture debt lenders,Regenerated 2026-04-19
gen_1776624791_00207,Startup CFO / VP Finance,commercial,commercial,find B2B SaaS-focused venture debt lenders,VP Finance at $6M ARR SaaS building lender shortlist,Looking for venture debt lenders that specialize in B2B SaaS — not generalist funds. Who actually focuses on recurring revenue models?,venture debt lenders B2B SaaS recurring revenue specialists,curious and exploratory,5.0,venture_debt_lenders,Best venture debt lenders,Regenerated 2026-04-19
gen_1776624791_00208,Startup CFO / VP Finance,research,informational,compare venture debt covenant structures across lenders,CFO frustrated by opaque lender terms during comparison,"Every lender pitches themselves as founder-friendly, but covenant packages tell a different story. How do I actually compare them objectively?",compare venture debt covenant structures lenders founder friendly,frustrated and overwhelmed,5.0,venture_debt_lenders,Best venture debt lenders,Regenerated 2026-04-19
gen_1776624791_00209,Startup CFO / VP Finance,educational,informational,assess venture debt sizing relative to ARR,Series A CFO deciding how much debt to take on,"Is there a standard rule for how much venture debt to take relative to ARR, or does it vary wildly by lender?",venture debt sizing relative to ARR standard ratio,curious and exploratory,5.0,venture_debt_lenders,Best venture debt lenders,Regenerated 2026-04-19
gen_1776624791_00210,Startup CFO / VP Finance,commercial,commercial,understand minimum revenue thresholds for venture debt,"VP Finance at $4M ARR SaaS, exploring eligibility",I'm at $4M ARR and getting mixed signals on whether we qualify for venture debt yet. What do lenders actually require?,venture debt minimum ARR eligibility requirements growth stage,frustrated and overwhelmed,5.0,venture_debt_lenders,Best venture debt lenders,Regenerated 2026-04-19
gen_1776624791_00211,Startup CFO / VP Finance,navigational,navigational,find venture debt lender directory or comparison tool,"CFO building shortlist, needs reliable current source",Is there a current database or tracker of venture debt lenders with their focus areas and deal minimums in one place?,venture debt lender directory comparison database 2024,frustrated and overwhelmed,5.0,venture_debt_lenders,Best venture debt lenders,Regenerated 2026-04-19
gen_1776624791_00212,Startup CFO / VP Finance,support,informational,evaluate lender reputation through portfolio references,CFO doing final diligence before signing term sheet,"Before signing a venture debt term sheet, what questions should I ask their portfolio companies to spot red flags?",venture debt lender reference check questions portfolio companies,detail-oriented and planning ahead,5.0,venture_debt_lenders,Best venture debt lenders,Regenerated 2026-04-19
gen_1776624791_00213,Startup CFO / VP Finance,research,informational,understand how venture debt affects future equity rounds,Series A CFO modeling cap table impact of debt,"Does having venture debt on the balance sheet complicate a Series B raise, and how do equity investors typically react to it?",venture debt impact series B equity raise investor reaction,curious and exploratory,5.0,venture_debt_lenders,Best venture debt lenders,Regenerated 2026-04-19
gen_1776624791_00214,Startup CFO / VP Finance,educational,informational,understand warrant coverage in venture debt,SaaS CFO evaluating term sheets with warrant provisions,"Some venture debt term sheets include warrants, others don't. How much equity dilution am I actually giving up on a typical deal?",venture debt warrant coverage dilution saas term sheet,practical and ready to act,5.0,venture_debt_lenders,Best venture debt lenders,Regenerated 2026-04-19
gen_1776624791_00215,Startup CFO / VP Finance,educational,informational,evaluate unitranche vs second lien structure,growth-stage CFO comparing debt structures for first raise,Trying to wrap my head around unitranche versus second lien for venture debt. Which structure is cheaper all-in for a SaaS company?,unitranche vs second lien venture debt saas cost,newly aware and confused,5.0,venture_debt_lenders,Best venture debt lenders,Regenerated 2026-04-19
gen_1776624791_00216,Startup CFO / VP Finance,research,commercial,compare covenant aggressiveness across lenders,VP Finance at $8M ARR SaaS reviewing multiple term sheets,I have three venture debt term sheets and the covenant packages look totally different. What covenants are negotiable versus standard across lenders?,venture debt covenants negotiable terms comparison lenders,practical and ready to act,5.0,venture_debt_lenders,Best venture debt lenders,Regenerated 2026-04-19
gen_1776624791_00217,Startup CFO / VP Finance,commercial,commercial,find venture debt lenders for Canadian SaaS,"CFO at Toronto-based B2B SaaS, $6M ARR","Canadian B2B SaaS, $6M ARR — which venture debt lenders actually operate here, not just US shops that say they do?",venture debt lenders canada b2b saas,practical and ready to act,5.0,venture_debt_lenders,Best venture debt lenders,Regenerated 2026-04-19
gen_1776624791_00218,Startup CFO / VP Finance,support,informational,understand lender behavior during covenant breach,CFO anxious about downside risk on first venture debt deal,I'm nervous about signing venture debt if we miss a revenue covenant. How aggressively do lenders actually act when a company trips a threshold?,venture debt covenant breach lender response startup,emotional and looking for support,5.0,venture_debt_lenders,Best venture debt lenders,Regenerated 2026-04-19
gen_1776624791_00219,Startup CFO / VP Finance,research,informational,calculate true cost of venture debt vs equity,Series A CFO modeling dilution tradeoffs,Modeling $5M venture debt against a Series A extension. What effective interest rate makes debt cheaper than equity at our valuation?,venture debt true cost vs equity dilution model series a,practical and ready to act,5.0,venture_debt_lenders,Best venture debt lenders,Regenerated 2026-04-19
gen_1776624791_00220,Startup CFO / VP Finance,commercial,commercial,find fastest venture debt closing timelines,CFO needing capital in under 60 days,We need capital closed in under 60 days. Which venture debt lenders are actually known for moving fast from term sheet to funding?,fastest venture debt lenders closing time term sheet to funding,practical and ready to act,5.0,venture_debt_lenders,Best venture debt lenders,Regenerated 2026-04-19
gen_1776624791_00221,Startup CFO / VP Finance,educational,informational,navigate first venture debt process as newcomer,"first-time CFO, never raised debt before, overwhelmed by options",Never raised venture debt before. I don't even know what questions to ask lenders on a first call — where do I start?,how to raise venture debt first time startup cfo guide,newly aware and confused,5.0,venture_debt_lenders,Best venture debt lenders,Regenerated 2026-04-19
gen_1776624791_00222,Startup CFO / VP Finance,research,commercial,evaluate revolving credit line for SaaS working capital,CFO comparing revolving line vs term loan for operational flexibility,"Do venture debt lenders offer revolving credit lines, or is everything term loans? I need flexibility to draw down based on monthly cash needs.",venture debt revolving credit line saas working capital,newly aware and confused,5.0,venture_debt_lenders,Best venture debt lenders,Regenerated 2026-04-19
gen_1776624791_00223,Startup CFO / VP Finance,research,commercial,evaluate warrant-free venture debt availability,"CFO comparing term sheets, equity dilution sensitivity","How common are warrant-free venture debt deals, and do only certain lender types offer them or is it negotiable?",warrant free venture debt lenders saas negotiable,practical and ready to act,5.0,venture_debt_lenders,Best venture debt lenders,Regenerated 2026-04-19
gen_1776624791_00224,Startup CFO / VP Finance,commercial,commercial,find venture debt lenders with 5-year terms,"CFO wants long duration, avoiding equity raise",Looking for venture debt with terms longer than three years — do lenders actually offer five-year structures or is that rare?,venture debt 5 year term lenders growth stage,practical and ready to act,5.0,venture_debt_lenders,Best venture debt lenders,Regenerated 2026-04-19
gen_1776624791_00225,Startup CFO / VP Finance,research,informational,compare venture debt lender founder-friendliness,CFO frustrated by opaque lender behavior post-close,Nobody warns you how differently venture debt lenders behave post-close. How do I actually vet a lender's reputation before signing?,venture debt lender reputation founder friendly post close,frustrated and overwhelmed,5.0,venture_debt_lenders,Best venture debt lenders,Regenerated 2026-04-19
gen_1776624791_00226,Startup CFO / VP Finance,navigational,navigational,locate venture debt lender comparison resource,VP Finance building internal lender shortlist,"Is there a current breakdown somewhere comparing major venture debt providers on cost, terms, and covenant intensity?",venture debt lender comparison cost terms covenants 2024,newly aware and confused,5.0,venture_debt_lenders,Best venture debt lenders,Regenerated 2026-04-19
gen_1776624791_00227,Healthcare / Vertical SaaS Operator,educational,informational,understand non-dilutive options for healthcare SaaS,"healthcare SaaS founder, unfamiliar with venture debt",I run a healthcare SaaS and keep hearing about non-dilutive financing. What options actually exist beyond grants?,non-dilutive financing options healthcare saas founders,skeptical and comparing options,5.0,non_dilutive_financing,Non-dilutive financing for startups,Regenerated 2026-04-19
gen_1776624791_00228,Healthcare / Vertical SaaS Operator,research,informational,determine ARR threshold for venture debt eligibility,"vertical SaaS operator, early growth stage, $3M ARR",At what ARR does a vertical SaaS company realistically become eligible for venture debt? Trying to plan ahead.,minimum ARR venture debt eligibility vertical saas,skeptical and comparing options,5.0,non_dilutive_financing,Non-dilutive financing for startups,Regenerated 2026-04-19
gen_1776624791_00229,Healthcare / Vertical SaaS Operator,research,commercial,compare revenue-based financing vs venture debt,healthcare tech founder weighing growth capital sources,Revenue-based financing or venture debt — which one makes more sense for a healthcare SaaS growing at 80% YoY?,revenue based financing vs venture debt healthcare saas growth,skeptical and comparing options,5.0,non_dilutive_financing,Non-dilutive financing for startups,Regenerated 2026-04-19
gen_1776624791_00230,Healthcare / Vertical SaaS Operator,navigational,navigational,find government grants for healthcare tech startups,Canadian healthtech operator seeking non-dilutive capital,Looking for Canadian government grants or programs specifically available to early-stage healthcare technology companies. Where do I start?,canadian government grants healthcare technology startups non-dilutive,frustrated and overwhelmed,5.0,non_dilutive_financing,Non-dilutive financing for startups,Regenerated 2026-04-19
gen_1776624791_00231,Healthcare / Vertical SaaS Operator,research,commercial,assess warrant-free debt structures for founders,"vertical SaaS founder protective of equity, evaluating lenders","Do any venture debt lenders actually offer warrant-free structures, or is that just a marketing claim founders shouldn't trust?",warrant free venture debt structures saas founders,skeptical and comparing options,5.0,non_dilutive_financing,Non-dilutive financing for startups,Regenerated 2026-04-19
gen_1776624791_00232,Healthcare / Vertical SaaS Operator,support,informational,understand venture debt repayment pressure on cash flow,"healthcare SaaS, tight margins, worried about monthly obligations",I'm scared of taking on debt with unpredictable healthcare billing cycles. How do non-amortizing structures actually protect cash flow?,non-amortizing venture debt cash flow protection saas,emotional and looking for support,5.0,non_dilutive_financing,Non-dilutive financing for startups,Regenerated 2026-04-19
gen_1776624791_00233,Healthcare / Vertical SaaS Operator,navigational,navigational,find venture debt lenders focused on vertical SaaS,"vertical SaaS operator, $6M ARR, US or Canada",Which lenders actually specialize in vertical SaaS versus just tolerating it? Looking for someone who understands the model.,venture debt lenders vertical saas specialists US Canada,frustrated and overwhelmed,5.0,non_dilutive_financing,Non-dilutive financing for startups,Regenerated 2026-04-19
gen_1776624791_00234,Healthcare / Vertical SaaS Operator,commercial,commercial,evaluate non-dilutive capital for product expansion,"healthtech founder building new module, wants to avoid equity round",We want to fund a new product module without diluting existing investors. Is venture debt a realistic path for that use case?,venture debt fund product expansion avoid dilution saas,skeptical and comparing options,5.0,non_dilutive_financing,Non-dilutive financing for startups,Regenerated 2026-04-19
gen_1776624791_00235,Healthcare / Vertical SaaS Operator,support,informational,understand emotional cost of equity dilution vs debt,"founder post-Series A, tired of giving up ownership",After two equity rounds I barely own 40% of my own company. Is debt financing actually a viable path forward or just wishful thinking?,debt financing instead of equity rounds founder dilution alternative,emotional and looking for support,5.0,non_dilutive_financing,Non-dilutive financing for startups,Regenerated 2026-04-19
gen_1776624791_00236,Healthcare / Vertical SaaS Operator,educational,informational,decode venture debt term sheet components,"healthtech operator receiving first debt term sheet, confused",Got my first venture debt term sheet and I don't fully understand the structure. What should I be asking my lawyer to flag?,venture debt term sheet review founder questions lawyer,frustrated and overwhelmed,5.0,non_dilutive_financing,Non-dilutive financing for startups,Regenerated 2026-04-19
gen_1776624791_00237,Healthcare / Vertical SaaS Operator,educational,informational,understand venture debt basics for healthcare SaaS,"healthcare SaaS founder, unfamiliar with debt financing options",I keep seeing 'venture debt' mentioned but I'm not sure how it actually differs from a bank loan. Can someone explain?,venture debt explained healthcare saas founder,newly aware and confused,5.0,non_dilutive_financing,Non-dilutive financing for startups,Regenerated 2026-04-19
gen_1776624791_00238,Healthcare / Vertical SaaS Operator,commercial,commercial,identify non-dilutive capital use cases for product expansion,"vertical SaaS operator, considering growth financing before next equity round",We're scaling a vertical SaaS platform and want to hire without triggering a new equity round. What financing structures fit that goal?,non-dilutive financing vertical saas hiring growth,practical and ready to act,5.0,non_dilutive_financing,Non-dilutive financing for startups,Regenerated 2026-04-19
gen_1776624791_00239,Healthcare / Vertical SaaS Operator,research,informational,evaluate non-dilutive options for healthcare tech growth,"healthcare tech operator, $6M ARR, exploring alternatives to Series B",Sitting at $6M ARR in health tech and curious what non-dilutive paths are realistic before committing to a Series B. What's out there?,non-dilutive financing health tech 6M ARR series B alternative,curious and exploratory,5.0,non_dilutive_financing,Non-dilutive financing for startups,Regenerated 2026-04-19
gen_1776624791_00240,Healthcare / Vertical SaaS Operator,navigational,navigational,find venture debt lenders focused on Canadian healthcare SaaS,"Canadian vertical SaaS founder, ready to apply for growth debt",Looking for venture debt providers that actually lend to Canadian healthcare SaaS companies. Where do I find a shortlist to evaluate?,venture debt lenders canada healthcare saas,practical and ready to act,5.0,non_dilutive_financing,Non-dilutive financing for startups,Regenerated 2026-04-19
gen_1776624791_00241,SaaS Founder / CEO,research,informational,understand warrant-free venture debt options,"B2B SaaS founder, $7M ARR, equity-sensitive","I keep seeing warrants attached to venture debt term sheets. Are warrant-free structures actually available, and what's the tradeoff?",warrant free venture debt B2B SaaS options,skeptical and comparing options,5.0,non_dilutive_financing,Non-dilutive financing for startups,Regenerated 2026-04-19
gen_1776624791_00242,SaaS Founder / CEO,research,commercial,decide between venture debt and revenue-based financing,"SaaS founder, $5M ARR, wants no dilution","Revenue-based financing vs. venture debt — for a SaaS company at $5M ARR, which structure actually costs less long-term?",revenue based financing vs venture debt SaaS cost comparison,skeptical and comparing options,5.0,non_dilutive_financing,Non-dilutive financing for startups,Regenerated 2026-04-19
gen_1776624791_00243,SaaS Founder / CEO,educational,informational,evaluate SR&ED grants alongside venture debt,Canadian SaaS founder exploring stacked non-dilutive capital,"Can I stack SR&ED tax credits with venture debt at the same time, or does one disqualify the other?",SRED tax credit combined with venture debt Canada SaaS,skeptical and comparing options,5.0,non_dilutive_financing,Non-dilutive financing for startups,Regenerated 2026-04-19
gen_1776624791_00244,SaaS Founder / CEO,educational,informational,understand lender speed and diligence timelines,"SaaS CEO, term sheet in hand, board pressure to close",How long does venture debt diligence actually take from signed term sheet to cash in the bank?,venture debt diligence timeline close time SaaS lender,time-pressed and direct,5.0,non_dilutive_financing,Non-dilutive financing for startups,Regenerated 2026-04-19
gen_1776624791_00245,SaaS Founder / CEO,navigational,navigational,find government grant programs for SaaS growth,"US-based SaaS founder, wants non-repayable capital",Are there federal or state grant programs that actually apply to B2B SaaS companies growing past $5M ARR?,government grants B2B SaaS startups USA growth stage,skeptical and comparing options,5.0,non_dilutive_financing,Non-dilutive financing for startups,Regenerated 2026-04-19
gen_1776624791_00246,SaaS Founder / CEO,support,informational,assess emotional cost of giving up equity again,"Founder post-Series A, burned by dilution, exploring debt",I gave up more equity than I wanted in my last round. How do founders typically feel after switching to debt financing instead?,founder experience switching equity to venture debt financing,emotional and looking for support,5.0,non_dilutive_financing,Non-dilutive financing for startups,Regenerated 2026-04-19
gen_1776624791_00247,SaaS Founder / CEO,educational,informational,understand minimum ARR thresholds for venture debt,"SaaS CEO approaching $5M ARR, planning ahead",We're at $4.5M ARR and scaling fast. At what revenue point do venture debt lenders actually take your call seriously?,minimum ARR venture debt eligibility SaaS lender threshold,time-pressed and direct,5.0,non_dilutive_financing,Non-dilutive financing for startups,Regenerated 2026-04-19
gen_1776624791_00248,SaaS Founder / CEO,research,commercial,compare non-dilutive lenders on structure flexibility,"B2B SaaS founder, $8M ARR, comparing term structures",Looking for lenders offering non-amortizing or flexible repayment structures for SaaS — how do I compare them side by side?,non amortizing venture debt flexible repayment SaaS lenders compare,skeptical and comparing options,5.0,non_dilutive_financing,Non-dilutive financing for startups,Regenerated 2026-04-19
gen_1776624791_00249,SaaS Founder / CEO,support,informational,cope with investor pressure during debt financing process,Founder whose VC board prefers equity raise over debt,My board keeps pushing for another equity round but I want venture debt. How do other founders make that case internally?,founder convince board venture debt over equity round,emotional and looking for support,5.0,non_dilutive_financing,Non-dilutive financing for startups,Regenerated 2026-04-19
gen_1776624791_00250,SaaS Founder / CEO,educational,informational,understand venture debt covenant risks,"B2B SaaS CEO, $6M ARR, first debt deal","First time looking at venture debt. What covenants should I actually worry about, and which ones kill flexibility?",venture debt covenants saas founder risks,newly aware and confused,5.0,non_dilutive_financing,Non-dilutive financing for startups,Regenerated 2026-04-19
gen_1776624791_00251,SaaS Founder / CEO,research,commercial,evaluate unitranche vs term loan structure,"SaaS founder, $8M ARR, comparing debt structures","Seeing unitranche and term loan options from lenders — for SaaS at $8M ARR, which structure is actually cheaper?",unitranche vs term loan saas growth financing,skeptical and comparing options,5.0,non_dilutive_financing,Non-dilutive financing for startups,Regenerated 2026-04-19
gen_1776624791_00252,SaaS Founder / CEO,educational,informational,understand second lien debt implications,"SaaS CEO with existing bank line, exploring growth capital",Already have a bank operating line. What does second lien debt actually mean for me if I add growth financing on top?,second lien debt saas existing bank line explained,newly aware and confused,5.0,non_dilutive_financing,Non-dilutive financing for startups,Regenerated 2026-04-19
gen_1776624791_00253,SaaS Founder / CEO,navigational,navigational,find venture debt lenders for Canadian SaaS,"Canadian B2B SaaS CEO, $5M ARR, ready to move","Canadian SaaS company, $5M ARR, needs growth capital fast. Where do I find venture debt lenders that actually operate here?",venture debt lenders canada b2b saas,time-pressed and direct,5.0,non_dilutive_financing,Non-dilutive financing for startups,Regenerated 2026-04-19
gen_1776624791_00254,SaaS Founder / CEO,research,informational,calculate true cost of venture debt,SaaS founder modeling equity round vs. debt,"Trying to model real cost of venture debt — beyond the interest rate, what fees and charges do founders usually miss?",true cost venture debt saas hidden fees,skeptical and comparing options,5.0,non_dilutive_financing,Non-dilutive financing for startups,Regenerated 2026-04-19
gen_1776624791_00255,SaaS Founder / CEO,research,commercial,compare non-dilutive capital options for SaaS,"B2B SaaS founder, $7M ARR, equity-averse",I'm at $7M ARR and want zero dilution. What non-dilutive structures beyond venture debt are actually available to SaaS companies?,non-dilutive financing options b2b saas beyond venture debt,skeptical and comparing options,5.0,non_dilutive_financing,Non-dilutive financing for startups,Regenerated 2026-04-19
gen_1776624791_00256,SaaS Founder / CEO,educational,informational,understand operating line vs term loan for SaaS,"SaaS CEO, first debt conversation, unclear on products",What's the practical difference between an operating line and a term loan for a SaaS company — when would I use each?,operating line vs term loan saas company difference,newly aware and confused,5.0,non_dilutive_financing,Non-dilutive financing for startups,Regenerated 2026-04-19
gen_1776624791_00257,SaaS Founder / CEO,commercial,commercial,assess lender speed for urgent financing,"SaaS founder, acquisition opportunity, needs capital in weeks","Acquisition target just surfaced and I need capital in weeks, not months. Which debt financing types close fastest for SaaS?",fastest closing venture debt saas acquisition financing,time-pressed and direct,5.0,non_dilutive_financing,Non-dilutive financing for startups,Regenerated 2026-04-19
gen_1776624791_00258,SaaS Founder / CEO,research,informational,evaluate debt financing impact on future fundraising,"SaaS CEO, $9M ARR, planning Series B in 18 months",Does carrying venture debt on the balance sheet actually hurt my Series B valuation or terms with institutional VCs?,venture debt impact series b fundraising valuation saas,skeptical and comparing options,5.0,non_dilutive_financing,Non-dilutive financing for startups,Regenerated 2026-04-19
gen_1776624791_00259,SaaS Founder / CEO,educational,informational,understand warrant-free debt options,"B2B SaaS founder, $6M ARR, equity-protective","Some lenders want warrants, some don't. How much does giving up warrants actually cost me long-term?",venture debt warrants cost saas founder equity,curious and exploratory,5.0,non_dilutive_financing,Non-dilutive financing for startups,Regenerated 2026-04-19
gen_1776624791_00260,SaaS Founder / CEO,research,commercial,evaluate revenue-based financing fit,"SaaS CEO, $5M ARR, comparing non-dilutive options",Revenue-based financing keeps coming up as an alternative to debt. Is it actually cheaper for a SaaS company at my stage?,revenue based financing vs venture debt saas comparison,curious and exploratory,5.0,non_dilutive_financing,Non-dilutive financing for startups,Regenerated 2026-04-19
gen_1776624791_00261,SaaS Founder / CEO,educational,informational,find Canadian government grants for SaaS,Canadian SaaS founder wanting non-dilutive capital stack,What Canadian government grant programs are actually worth applying to if you're a B2B SaaS company past $5M ARR?,canadian government grants B2B saas startup non-dilutive,newly aware and confused,5.0,non_dilutive_financing,Non-dilutive financing for startups,Regenerated 2026-04-19
gen_1776624791_00262,SaaS Founder / CEO,commercial,commercial,close growth financing quickly,"SaaS CEO, pipeline deal needs capital now",I need growth capital in under 30 days. Which non-dilutive financing types can actually close that fast for SaaS?,fast closing non-dilutive financing saas 30 days,time-pressed and direct,5.0,non_dilutive_financing,Non-dilutive financing for startups,Regenerated 2026-04-19
gen_1776624791_00263,SaaS Founder / CEO,educational,informational,understand non-amortizing loan mechanics,"SaaS founder, first time seeing non-amortizing structures",A lender offered me a non-amortizing loan — I've never seen this before. How does repayment actually work?,non-amortizing loan saas startup how repayment works,newly aware and confused,5.0,non_dilutive_financing,Non-dilutive financing for startups,Regenerated 2026-04-19
gen_1776624791_00264,SaaS Founder / CEO,research,informational,stack debt on top of existing VC,"VC-backed SaaS, $8M ARR, extending runway",Already have VC money on the cap table. Will taking on venture debt now complicate my next equity raise?,venture debt with vc on cap table next equity round,curious and exploratory,5.0,non_dilutive_financing,Non-dilutive financing for startups,Regenerated 2026-04-19
gen_1776624791_00265,SaaS Founder / CEO,research,commercial,compare lender speed and diligence,SaaS CEO evaluating multiple debt term sheets,Got term sheets from two growth lenders. What diligence questions should I ask to tell which one will actually move fast?,venture debt lender diligence speed term sheet saas,time-pressed and direct,5.0,non_dilutive_financing,Non-dilutive financing for startups,Regenerated 2026-04-19
gen_1776624791_00266,SaaS Founder / CEO,educational,informational,assess SR&ED as non-dilutive source,Canadian SaaS founder building non-dilutive capital stack,Can SR&ED tax credits be used as collateral or advance financing? I'm trying to pull every non-dilutive lever available.,SR&ED tax credit financing advance collateral saas canada,curious and exploratory,5.0,non_dilutive_financing,Non-dilutive financing for startups,Regenerated 2026-04-19
gen_1776624791_00267,SaaS Founder / CEO,educational,informational,understand minimum ARR for venture debt,"SaaS founder at $4M ARR, pre-qualifying for debt",I'm close to $5M ARR but not there yet. Do venture debt lenders have hard ARR minimums or is it more flexible?,venture debt minimum ARR requirement saas eligibility,newly aware and confused,5.0,non_dilutive_financing,Non-dilutive financing for startups,Regenerated 2026-04-19
gen_1776624791_00268,SaaS Founder / CEO,educational,informational,understand venture debt covenant risk,"B2B SaaS founder, considering first debt facility","What financial covenants do venture debt lenders typically require, and which ones are most likely to trip up a SaaS company?",venture debt covenants saas company risks,detail-oriented and planning ahead,5.0,non_dilutive_financing,Non-dilutive financing for startups,Regenerated 2026-04-19
gen_1776624791_00269,SaaS Founder / CEO,educational,informational,evaluate unitranche vs term loan structures,SaaS founder comparing credit structures for growth capital,I keep seeing unitranche mentioned alongside standard term loans. What's the practical difference for a SaaS company borrowing growth capital?,unitranche vs term loan saas growth capital,detail-oriented and planning ahead,5.0,non_dilutive_financing,Non-dilutive financing for startups,Regenerated 2026-04-19
gen_1776624791_00270,SaaS Founder / CEO,support,informational,find non-dilutive capital without personal guarantee,"B2B SaaS CEO, first-time debt borrower","Do venture debt lenders for SaaS typically require personal guarantees, or is the loan secured against the business alone?",venture debt personal guarantee saas lender,emotional and looking for support,5.0,non_dilutive_financing,Non-dilutive financing for startups,Regenerated 2026-04-19
gen_1776624791_00271,SaaS Founder / CEO,research,informational,calculate true cost of venture debt,SaaS founder modeling debt vs equity dilution,Trying to model the real all-in cost of a venture debt facility — what fees and charges beyond the interest rate should I be including?,venture debt true cost fees saas all-in rate,detail-oriented and planning ahead,5.0,non_dilutive_financing,Non-dilutive financing for startups,Regenerated 2026-04-19
gen_1776624791_00272,SaaS Founder / CEO,research,commercial,assess lender speed to close,SaaS CEO needing capital within weeks not months,How long does it realistically take a growth debt lender to go from first conversation to funded for a SaaS company?,venture debt time to close saas lender timeline,time-pressed and direct,5.0,non_dilutive_financing,Non-dilutive financing for startups,Regenerated 2026-04-19
gen_1776624791_00273,SaaS Founder / CEO,educational,informational,understand second lien debt implications,SaaS founder with existing bank line exploring more debt,Already have a bank operating line. What does taking on a second lien growth facility actually mean for my existing lender relationship?,second lien debt saas existing bank line implications,detail-oriented and planning ahead,5.0,non_dilutive_financing,Non-dilutive financing for startups,Regenerated 2026-04-19
gen_1776624791_00274,SaaS Founder / CEO,navigational,commercial,find non-dilutive financing for Canadian SaaS,"Canadian B2B SaaS CEO, $6M ARR, growth stage",What non-dilutive financing options exist specifically for Canadian SaaS companies that don't want to tap US-only lenders?,non-dilutive financing canadian saas company growth,time-pressed and direct,5.0,non_dilutive_financing,Non-dilutive financing for startups,Regenerated 2026-04-19
gen_1776624791_00275,SaaS Founder / CEO,educational,informational,understand how lenders value ARR as collateral,"SaaS founder, mostly recurring subscription revenue",How do growth lenders actually underwrite ARR — do they treat all recurring revenue the same or does contract length change the math?,how lenders underwrite saas arr recurring revenue collateral,detail-oriented and planning ahead,5.0,non_dilutive_financing,Non-dilutive financing for startups,Regenerated 2026-04-19
gen_1776624791_00276,SaaS Founder / CEO,support,commercial,"cope with equity raise fatigue, explore debt","SaaS CEO post-Series A, burned out on fundraising",I'm exhausted from equity fundraising and just want to grow without another round. Is venture debt a realistic path at $5M ARR?,venture debt alternative to equity raise saas 5m arr,emotional and looking for support,5.0,non_dilutive_financing,Non-dilutive financing for startups,Regenerated 2026-04-19
gen_1776624791_00277,SaaS Founder / CEO,research,commercial,evaluate warrant-free venture debt options,"B2B SaaS CEO, $7M ARR, comparing lender terms","Some growth lenders waive warrants entirely — is that actually common, or am I trading something else for it?",venture debt warrant free saas lender terms,skeptical and comparing options,5.0,non_dilutive_financing,Non-dilutive financing for startups,Regenerated 2026-04-19
gen_1776624791_00278,Startup CFO / VP Finance,educational,informational,understand unitranche vs second lien tradeoffs,"CFO at Series B SaaS, first venture debt raise","Unitranche versus second lien for a growth-stage SaaS — what actually changes in terms, covenants, and lender control?",unitranche vs second lien venture debt saas terms,curious and exploratory,5.0,venture_debt_terms,Venture debt terms and structures,Regenerated 2026-04-19
gen_1776624791_00279,Startup CFO / VP Finance,educational,informational,decode warrant coverage in term sheets,"CFO reviewing first venture debt term sheet, confused by warrant language",Term sheet landed and the warrant coverage clause is murky. How do I calculate actual dilution cost from warrant coverage?,warrant coverage venture debt term sheet dilution calculation,frustrated and overwhelmed,5.0,venture_debt_terms,Venture debt terms and structures,Regenerated 2026-04-19
gen_1776624791_00280,Startup CFO / VP Finance,research,informational,evaluate non-amortizing loan structure,VP Finance comparing amortizing vs interest-only venture debt,What's the real cash flow difference between a non-amortizing venture loan and a standard amortizing structure over four years?,non-amortizing venture debt vs amortizing cash flow impact,skeptical and comparing options,5.0,venture_debt_terms,Venture debt terms and structures,Regenerated 2026-04-19
gen_1776624791_00281,Startup CFO / VP Finance,support,informational,negotiate financial covenants in venture debt,"CFO at $8M ARR SaaS, closing venture debt deal","Which financial covenants in venture debt are actually negotiable, and which ones should I push back on hardest?",venture debt financial covenants negotiable saas,frustrated and overwhelmed,5.0,venture_debt_terms,Venture debt terms and structures,Regenerated 2026-04-19
gen_1776624791_00282,Startup CFO / VP Finance,research,commercial,compare operating line vs term loan for SaaS,CFO evaluating debt structure for working capital vs growth,Operating line or term loan for a B2B SaaS at $6M ARR — how do the structures and repayment terms actually differ?,operating line vs term loan venture debt b2b saas,skeptical and comparing options,5.0,venture_debt_terms,Venture debt terms and structures,Regenerated 2026-04-19
gen_1776624791_00283,Startup CFO / VP Finance,educational,informational,understand MAC clause risk in venture debt,CFO stress-testing downside scenarios before signing,"How broadly do lenders define material adverse change clauses in venture debt, and when have they actually been triggered?",material adverse change clause venture debt lender trigger,skeptical and comparing options,5.0,venture_debt_terms,Venture debt terms and structures,Regenerated 2026-04-19
gen_1776624791_00284,Startup CFO / VP Finance,research,commercial,find warrant-free venture debt options,Founder-friendly CFO prioritizing minimal dilution,"Are warrant-free venture debt structures common, or do most lenders still insist on equity kickers regardless of company profile?",warrant free venture debt options saas lenders,curious and exploratory,5.0,venture_debt_terms,Venture debt terms and structures,Regenerated 2026-04-19
gen_1776624791_00285,Startup CFO / VP Finance,support,informational,understand prepayment penalties in venture debt,CFO modeling early repayment if Series C closes early,"If we close a Series C early, how punishing are typical prepayment penalties on a three-year venture debt facility?",prepayment penalty venture debt early repayment saas,frustrated and overwhelmed,5.0,venture_debt_terms,Venture debt terms and structures,Regenerated 2026-04-19
gen_1776624791_00286,Startup CFO / VP Finance,educational,informational,compare five-year vs three-year venture debt terms,CFO weighing term length against flexibility and total cost,Longer venture debt terms mean lower monthly payments but more exposure. Is a five-year term ever worth it for SaaS?,five year venture debt term saas tradeoffs cost,curious and exploratory,5.0,venture_debt_terms,Venture debt terms and structures,Regenerated 2026-04-19
gen_1776624791_00287,Startup CFO / VP Finance,navigational,navigational,identify venture debt lenders for Canadian SaaS,CFO at Toronto-based SaaS shortlisting debt providers,Looking for venture debt lenders actively doing deals for Canadian SaaS companies — who's actually active in this market?,venture debt lenders canadian saas companies active,skeptical and comparing options,5.0,venture_debt_terms,Venture debt terms and structures,Regenerated 2026-04-19
gen_1776624791_00288,Startup CFO / VP Finance,educational,informational,understand PIK interest mechanics,SaaS CFO evaluating venture debt term sheet with PIK option,Got a term sheet with PIK interest toggle. How does deferred interest actually compound and what does it cost me at exit?,PIK interest venture debt mechanics cost at exit,detail-oriented and planning ahead,5.0,venture_debt_terms,Venture debt terms and structures,Regenerated 2026-04-19
gen_1776624791_00289,Startup CFO / VP Finance,educational,informational,decode revenue covenant triggers,VP Finance reviewing covenants on $8M ARR SaaS,Our term sheet has a minimum ARR covenant with a cure period. What triggers a technical default and how fast does it escalate?,minimum ARR covenant technical default venture debt cure period,frustrated and overwhelmed,5.0,venture_debt_terms,Venture debt terms and structures,Regenerated 2026-04-19
gen_1776624791_00290,Startup CFO / VP Finance,research,commercial,compare unitranche pricing to blended stack,CFO modeling cost of capital across two term sheets,Trying to model true cost of a unitranche facility versus a senior-junior stack. Which ends up cheaper after fees and warrants?,unitranche vs senior junior debt stack cost of capital comparison,detail-oriented and planning ahead,5.0,venture_debt_terms,Venture debt terms and structures,Regenerated 2026-04-19
gen_1776624791_00291,Startup CFO / VP Finance,educational,informational,negotiate draw period flexibility,Series B CFO closing venture debt before uncertain macro period,"Lender is offering a 6-month draw window. Is 12 months standard, and what's the actual argument for pushing that longer?",venture debt draw period length negotiation standard terms,detail-oriented and planning ahead,5.0,venture_debt_terms,Venture debt terms and structures,Regenerated 2026-04-19
gen_1776624791_00292,Startup CFO / VP Finance,support,informational,understand lender control rights at default,Stressed CFO who just received a covenant waiver request,We're close to breaching a liquidity covenant. What rights does the lender actually gain once we're in default — and can they accelerate?,venture debt lender rights covenant breach acceleration default,frustrated and overwhelmed,5.0,venture_debt_terms,Venture debt terms and structures,Regenerated 2026-04-19
gen_1776624791_00293,Startup CFO / VP Finance,research,commercial,evaluate interest rate structures in venture debt,VP Finance comparing fixed vs floating rate facilities,"Some lenders quote prime-plus floating, others fixed. For a 4-year facility, which structure actually protects us more in a rate cycle?",venture debt fixed vs floating interest rate 4 year facility,detail-oriented and planning ahead,5.0,venture_debt_terms,Venture debt terms and structures,Regenerated 2026-04-19
gen_1776624791_00294,Startup CFO / VP Finance,navigational,navigational,find venture debt providers for B2B SaaS,Series B CFO starting lender outreach in North America,I'm building a shortlist of venture debt lenders focused on B2B SaaS above $5M ARR. Where do I even start looking?,venture debt lenders B2B SaaS 5M ARR North America,frustrated and overwhelmed,5.0,venture_debt_terms,Venture debt terms and structures,Regenerated 2026-04-19
gen_1776624791_00295,Startup CFO / VP Finance,support,informational,assess second lien risk to equity holders,CFO presenting debt options to board ahead of equity raise,Board keeps asking how second lien debt affects them in a downside scenario. How do I explain lien priority risk without panic?,second lien venture debt equity holder risk downside scenario,emotional and looking for support,5.0,venture_debt_terms,Venture debt terms and structures,Regenerated 2026-04-19
gen_1776624791_00296,Startup CFO / VP Finance,educational,informational,benchmark end-of-term payment structures,VP Finance comparing balloon payments across venture debt offers,"Two lenders have different end-of-term fees — one calls it a final payment, one a success fee. Are these the same thing structurally?",venture debt end of term fee vs success fee balloon payment structure,detail-oriented and planning ahead,5.0,venture_debt_terms,Venture debt terms and structures,Regenerated 2026-04-19
gen_1776624791_00297,Startup CFO / VP Finance,research,commercial,evaluate venture debt timing relative to equity round,CFO deciding whether to take debt before or after Series C,Closing a Series C in four months. Does pulling venture debt now versus post-close change the terms or lender leverage meaningfully?,venture debt before vs after equity round timing terms impact,detail-oriented and planning ahead,5.0,venture_debt_terms,Venture debt terms and structures,Regenerated 2026-04-19
gen_1776624791_00298,Startup CFO / VP Finance,research,commercial,understand warrant coverage negotiation,"CFO evaluating term sheets, warrant dilution concern","Lender wants 1% warrant coverage on a $10M facility. Is that negotiable, and what leverage do I actually have?",venture debt warrant coverage negotiation term sheet,skeptical and comparing options,5.0,venture_debt_terms,Venture debt terms and structures,Regenerated 2026-04-19
gen_1776624791_00299,Startup CFO / VP Finance,educational,informational,decode amortization schedule impact on cash flow,VP Finance modeling debt service on growth-stage SaaS,Non-amortizing versus straight-line repayment — how much does the structure actually shift my free cash flow picture over three years?,non-amortizing venture debt vs straight line amortization cash flow saas,curious and exploratory,5.0,venture_debt_terms,Venture debt terms and structures,Regenerated 2026-04-19
gen_1776624791_00300,Startup CFO / VP Finance,navigational,navigational,find venture debt lenders with flexible covenant structures,"CFO shortlisting lenders, burned by rigid covenants before",Looking for venture debt providers known for lighter covenants on B2B SaaS deals. Where do I find that comparison?,venture debt lenders flexible covenants B2B SaaS,frustrated and overwhelmed,5.0,venture_debt_terms,Venture debt terms and structures,Regenerated 2026-04-19
gen_1776624791_00301,SaaS Founder / CEO,educational,informational,understand warrant impact on debt deals,SaaS CEO evaluating non-dilutive financing options,How much equity dilution do warrants in a typical venture debt deal actually cost me over a 3-year term?,warrant coverage venture debt dilution cost saas,skeptical and comparing options,5.0,runway_extension,Extending startup runway,Regenerated 2026-04-19
gen_1776624791_00302,SaaS Founder / CEO,research,commercial,find non-dilutive capital sources SaaS,"Series A SaaS CEO, $5M ARR, avoiding dilution",At $5M ARR and don't want to give up more equity yet. What non-dilutive financing options exist specifically for SaaS?,non-dilutive financing options SaaS 5M ARR,time-pressed and direct,5.0,runway_extension,Extending startup runway,Regenerated 2026-04-19
gen_1776624791_00303,SaaS Founder / CEO,educational,informational,evaluate venture debt ARR eligibility,SaaS founder just crossed $5M ARR threshold,"Just crossed $5M ARR. Am I actually eligible for venture debt now, or do lenders want more traction than that?",venture debt eligibility minimum ARR SaaS requirements,skeptical and comparing options,5.0,runway_extension,Extending startup runway,Regenerated 2026-04-19
gen_1776624791_00304,SaaS Founder / CEO,educational,informational,compare non-amortizing vs term loan structure,SaaS CEO negotiating first debt facility,What's the real difference between a non-amortizing loan and a standard term loan for a SaaS company's cash flow?,non-amortizing loan vs term loan SaaS cash flow,skeptical and comparing options,5.0,runway_extension,Extending startup runway,Regenerated 2026-04-19
gen_1776624791_00305,SaaS Founder / CEO,educational,informational,prepare for lender due diligence,"SaaS founder, first venture debt application",First time applying for venture debt. What financial metrics and documents do lenders typically want upfront from SaaS founders?,venture debt due diligence documents metrics SaaS,time-pressed and direct,5.0,runway_extension,Extending startup runway,Regenerated 2026-04-19
gen_1776624791_00306,SaaS Founder / CEO,navigational,navigational,find venture debt lenders in Canada,"Canadian SaaS CEO, $7M ARR, seeking growth capital",Canadian SaaS company at $7M ARR looking for venture debt. Where do I find lenders that actually operate here?,venture debt lenders Canada SaaS growth capital,time-pressed and direct,5.0,runway_extension,Extending startup runway,Regenerated 2026-04-19
gen_1776624791_00307,SaaS Founder / CEO,support,commercial,weigh fundraising timing against debt financing,"SaaS CEO, 12 months runway, uncertain market",Market feels tough for raising right now. Should I take on debt to wait it out or push through a raise anyway?,debt financing vs equity raise down market SaaS timing,emotional and looking for support,5.0,runway_extension,Extending startup runway,Regenerated 2026-04-19
gen_1776624791_00308,SaaS Founder / CEO,educational,informational,understand warrant-free debt tradeoffs,"B2B SaaS CEO, $6M ARR, comparing debt structures","Some venture debt deals skip warrants entirely. What do lenders take instead, and is it actually worth it?",warrant free venture debt SaaS tradeoffs,curious and exploratory,5.0,runway_extension,Extending startup runway,Regenerated 2026-04-19
gen_1776624791_00309,SaaS Founder / CEO,educational,informational,evaluate unitranche loan for SaaS,founder weighing debt structures before term sheet,Keep seeing 'unitranche' in venture debt conversations. How does it work and is it right for a $7M ARR SaaS?,unitranche loan SaaS startup explained,curious and exploratory,5.0,runway_extension,Extending startup runway,Regenerated 2026-04-19
gen_1776624791_00310,SaaS Founder / CEO,support,informational,cut burn without killing growth,"SaaS CEO, 9 months runway, board pressure mounting",Need to cut burn fast but can't gut sales or product. Which operating costs do SaaS founders trim first without slowing growth?,reduce burn rate SaaS without cutting growth,time-pressed and direct,5.0,runway_extension,Extending startup runway,Regenerated 2026-04-19
gen_1776624791_00311,SaaS Founder / CEO,research,informational,assess debt capacity relative to ARR,"B2B SaaS, $8M ARR, first time exploring debt","How much venture debt can a SaaS company realistically raise relative to ARR, and what caps it?",venture debt amount SaaS ARR multiple limit,curious and exploratory,5.0,runway_extension,Extending startup runway,Regenerated 2026-04-19
gen_1776624791_00312,SaaS Founder / CEO,educational,informational,speed up revenue from existing customers,"SaaS founder, runway tightening, acquisition too slow",New logo acquisition is too slow right now. What expansion revenue moves actually close within 60 days for B2B SaaS?,expansion revenue tactics B2B SaaS fast,time-pressed and direct,5.0,runway_extension,Extending startup runway,Regenerated 2026-04-19
gen_1776624791_00313,SaaS Founder / CEO,navigational,navigational,find venture debt lenders in Canada,"Canadian SaaS founder, $5M ARR, wants non-dilutive capital",Looking for venture debt options for a Canadian B2B SaaS company. Who are the actual lenders operating here?,venture debt lenders Canada B2B SaaS,time-pressed and direct,5.0,runway_extension,Extending startup runway,Regenerated 2026-04-19
gen_1776624791_00314,SaaS Founder / CEO,research,commercial,compare debt vs down round tradeoffs,"SaaS CEO, flat growth, valuation dropped since last raise",Valuation is down since our last round. Is taking on debt to avoid a down round actually the right call?,venture debt vs down round SaaS tradeoffs,frustrated and overwhelmed,5.0,runway_extension,Extending startup runway,Regenerated 2026-04-19
gen_1776624791_00315,SaaS Founder / CEO,educational,informational,understand operating line of credit for SaaS,founder unfamiliar with revolving credit structures,"What's an operating line of credit actually used for in SaaS, and how is it different from a term loan?",operating line of credit vs term loan SaaS,curious and exploratory,5.0,runway_extension,Extending startup runway,Regenerated 2026-04-19
gen_1776624791_00316,SaaS Founder / CEO,research,commercial,negotiate venture debt term sheet,"SaaS CEO with first term sheet, unsure what to push on",Got my first venture debt term sheet. Which terms are actually negotiable and which ones do lenders never budge on?,venture debt term sheet negotiable terms SaaS founder,frustrated and overwhelmed,5.0,runway_extension,Extending startup runway,Regenerated 2026-04-19
gen_1776624791_00317,SaaS Founder / CEO,educational,informational,understand warrant-free debt tradeoffs,"B2B SaaS founder, $6M ARR, equity-sensitive",Warrant-free venture debt sounds ideal but there has to be a catch. What do lenders offset it with structurally?,warrant free venture debt tradeoffs SaaS lender terms,curious and exploratory,5.0,runway_extension,Extending startup runway,Regenerated 2026-04-19
gen_1776624791_00318,SaaS Founder / CEO,navigational,navigational,find venture debt lenders in US and Canada,"Founder with US entity and Canadian ops, $7M ARR",Operating in both the US and Canada — which venture debt lenders actually cover both markets for B2B SaaS?,venture debt lenders US Canada B2B SaaS cross border,time-pressed and direct,5.0,runway_extension,Extending startup runway,Regenerated 2026-04-19
gen_1776624791_00319,SaaS Founder / CEO,educational,informational,compare second lien vs term loan structure,"SaaS CEO evaluating first debt raise, $8M ARR",Second lien versus a straight term loan for a first-time debt raise — what actually changes from a founder's perspective?,second lien vs term loan SaaS venture debt comparison,curious and exploratory,5.0,runway_extension,Extending startup runway,Regenerated 2026-04-19
gen_1776624791_00320,SaaS Founder / CEO,research,commercial,determine minimum ARR for venture debt eligibility,"Early growth SaaS founder, $4.5M ARR, planning ahead",Planning a debt raise 6 months out. Is there a hard ARR floor where venture debt lenders actually take you seriously?,minimum ARR venture debt eligibility SaaS lender threshold,detail-oriented and planning ahead,5.0,runway_extension,Extending startup runway,Regenerated 2026-04-19
gen_1776624791_00321,SaaS Founder / CEO,commercial,commercial,understand speed of venture debt close,"SaaS founder, urgent runway need, comparing options",How fast can a venture debt deal realistically close from first call to cash in the account for a SaaS company?,venture debt close timeline speed SaaS funding,time-pressed and direct,5.0,runway_extension,Extending startup runway,Regenerated 2026-04-19
gen_1776624791_00322,Startup CFO / VP Finance,educational,informational,understand ARR-based lending criteria,"CFO at B2B SaaS, $6M ARR, evaluating debt options",What ARR thresholds and growth rates do venture lenders actually require before they'll underwrite a SaaS deal?,ARR based lending criteria B2B SaaS venture debt,practical and ready to act,5.0,saas_growth_financing,SaaS growth financing,Regenerated 2026-04-19
gen_1776624791_00323,Startup CFO / VP Finance,research,commercial,compare unitranche vs second lien structures,VP Finance comparing debt structures pre-Series B,Unitranche versus second lien for a growth-stage SaaS — how do the cost of capital and covenant packages actually differ?,unitranche vs second lien SaaS growth financing cost of capital,practical and ready to act,5.0,saas_growth_financing,SaaS growth financing,Regenerated 2026-04-19
gen_1776624791_00324,Startup CFO / VP Finance,educational,informational,evaluate non-amortizing loan tradeoffs,"CFO managing cash flow, $8M ARR, scaling sales team",Non-amortizing venture debt sounds ideal for cash preservation — what's the catch and when does it backfire?,non-amortizing venture debt SaaS tradeoffs cash flow,skeptical and comparing options,5.0,saas_growth_financing,SaaS growth financing,Regenerated 2026-04-19
gen_1776624791_00325,Startup CFO / VP Finance,support,informational,decode MRR covenant mechanics,"VP Finance, first venture debt deal, nervous about covenants","I'm trying to understand MRR-based covenants — how are minimums set, and what triggers a technical default in practice?",MRR covenant structure venture debt SaaS technical default,emotional and looking for support,5.0,saas_growth_financing,SaaS growth financing,Regenerated 2026-04-19
gen_1776624791_00326,Startup CFO / VP Finance,commercial,commercial,find warrant-free venture debt providers,"CFO prioritizing non-dilutive capital, Series A SaaS",Looking for venture lenders that don't take warrants — do warrant-free term loans exist and what do they cost?,warrant free venture debt SaaS term loan providers,practical and ready to act,5.0,saas_growth_financing,SaaS growth financing,Regenerated 2026-04-19
gen_1776624791_00327,Startup CFO / VP Finance,research,commercial,assess operating line vs term loan fit,"VP Finance, lumpy ARR, evaluating revolving credit",Our ARR is lumpy due to annual contracts. Does a revolving operating line make more sense than a straight term loan here?,SaaS operating line of credit vs term loan ARR lumpy revenue,time-pressed and direct,5.0,saas_growth_financing,SaaS growth financing,Regenerated 2026-04-19
gen_1776624791_00328,Startup CFO / VP Finance,research,informational,benchmark venture debt term lengths,CFO modeling 3- vs 5-year debt scenarios at Series A,What term lengths are realistic for SaaS venture debt right now — and does a 5-year structure actually close in this market?,venture debt term length SaaS 5 year market 2024,time-pressed and direct,5.0,saas_growth_financing,SaaS growth financing,Regenerated 2026-04-19
gen_1776624791_00329,Startup CFO / VP Finance,educational,informational,understand growth metrics lenders prioritize,"VP Finance prepping lender pitch, $5M ARR, 90% NRR","Besides ARR, what SaaS metrics — NRR, CAC payback, churn — carry the most weight when venture lenders size a facility?",SaaS metrics venture debt underwriting NRR churn CAC payback,practical and ready to act,5.0,saas_growth_financing,SaaS growth financing,Regenerated 2026-04-19
gen_1776624791_00330,Startup CFO / VP Finance,navigational,navigational,navigate B2B SaaS lender shortlist,"CFO building vendor shortlist, $7M ARR, US and Canada ops",I need a shortlist of lenders that specialize in B2B SaaS with operations in both the US and Canada — where do I start?,B2B SaaS venture debt lenders US Canada growth stage,time-pressed and direct,5.0,saas_growth_financing,SaaS growth financing,Regenerated 2026-04-19
gen_1776624791_00331,Startup CFO / VP Finance,support,informational,manage team anxiety around debt covenants,"VP Finance, board nervous about covenant risk post-term-sheet",Our board is spooked by covenant risk after seeing the term sheet. How do I explain what's actually negotiable versus standard?,venture debt covenant negotiation SaaS term sheet board,emotional and looking for support,5.0,saas_growth_financing,SaaS growth financing,Regenerated 2026-04-19
gen_1776624791_00332,Startup CFO / VP Finance,educational,informational,understand ARR-based lending basics,first-time CFO evaluating non-bank debt options,I keep hearing 'ARR-based lending' but I'm fuzzy on how it actually works. How do lenders use ARR to size a loan?,ARR based lending SaaS how it works,newly aware and confused,5.0,saas_growth_financing,SaaS growth financing,Regenerated 2026-04-19
gen_1776624791_00333,Startup CFO / VP Finance,research,informational,evaluate dilution vs debt tradeoff,CFO weighing Series B equity against venture debt,At what point does taking on venture debt actually cost less than diluting founders and investors through another equity round?,venture debt vs equity dilution cost comparison SaaS,curious and exploratory,5.0,saas_growth_financing,SaaS growth financing,Regenerated 2026-04-19
gen_1776624791_00334,Startup CFO / VP Finance,educational,informational,decode venture debt term sheet language,VP Finance reviewing first-ever venture debt term sheet,Got our first venture debt term sheet and half the language is foreign to me. What clauses should I actually be worried about?,venture debt term sheet clauses SaaS CFO explained,newly aware and confused,5.0,saas_growth_financing,SaaS growth financing,Regenerated 2026-04-19
gen_1776624791_00335,Startup CFO / VP Finance,commercial,commercial,find lenders for sub-10M ARR SaaS,"CFO at $7M ARR B2B SaaS, pre-profitability","We're at $7M ARR and not yet profitable. Which types of lenders will actually talk to us, or are we too early?",venture debt lenders 7M ARR pre-profitable SaaS,emotional and looking for support,5.0,saas_growth_financing,SaaS growth financing,Regenerated 2026-04-19
gen_1776624791_00336,Startup CFO / VP Finance,research,informational,understand amortization impact on cash flow,VP Finance modeling debt scenarios for board,How much does a standard amortization schedule actually drag on monthly cash flow versus an interest-only structure for a $5M facility?,amortization vs interest only venture debt cash flow SaaS,curious and exploratory,5.0,saas_growth_financing,SaaS growth financing,Regenerated 2026-04-19
gen_1776624791_00337,Startup CFO / VP Finance,educational,informational,navigate lender due diligence process,"first-time debt raise, CFO unsure what to prepare",We've never raised debt before. What does a venture lender's due diligence process actually look like and how long does it take?,venture lender due diligence process SaaS timeline,newly aware and confused,5.0,saas_growth_financing,SaaS growth financing,Regenerated 2026-04-19
gen_1776624791_00338,Startup CFO / VP Finance,research,commercial,compare growth financing structures for SaaS,CFO shortlisting debt structures before lender meetings,"I'm trying to map out unitranche, operating lines, and term loans side by side — which structure fits which SaaS growth scenario?",unitranche operating line term loan SaaS comparison,curious and exploratory,5.0,saas_growth_financing,SaaS growth financing,Regenerated 2026-04-19
gen_1776624791_00339,Startup CFO / VP Finance,navigational,navigational,find B2B SaaS-specialized venture lenders,CFO building initial lender outreach list,Looking for lenders that genuinely specialize in B2B SaaS — not just tech generalists. Where do I find a focused list?,B2B SaaS specialist venture debt lenders list,curious and exploratory,5.0,saas_growth_financing,SaaS growth financing,Regenerated 2026-04-19
gen_1776624791_00340,Startup CFO / VP Finance,support,informational,cope with covenant breach anxiety,CFO stressed after missing an MRR milestone mid-deal,We just missed an MRR milestone mid-diligence and I'm panicking. How do lenders typically handle this — do deals actually fall apart?,missed MRR covenant venture debt deal at risk SaaS,emotional and looking for support,5.0,saas_growth_financing,SaaS growth financing,Regenerated 2026-04-19
gen_1776624791_00341,Startup CFO / VP Finance,research,commercial,assess NRR impact on borrowing capacity,CFO with strong NRR preparing lender pitch,Our NRR is 130% but ARR is only $6M. Does strong net revenue retention actually move the needle on how much a lender will offer?,net revenue retention impact venture debt facility size SaaS,curious and exploratory,5.0,saas_growth_financing,SaaS growth financing,Regenerated 2026-04-19
gen_1776624791_00342,Startup CFO / VP Finance,educational,informational,understand warrant coverage in venture debt,"CFO evaluating term sheets, wants to minimize dilution",Some venture debt term sheets include warrants and some don't. How much dilution should I expect and is it negotiable?,venture debt warrant coverage dilution saas negotiable,detail-oriented and planning ahead,5.0,saas_growth_financing,SaaS growth financing,Regenerated 2026-04-19
gen_1776624791_00343,Startup CFO / VP Finance,research,commercial,evaluate second lien vs unitranche structure,"Series B SaaS CFO, existing senior debt, evaluating incremental financing","Already have senior debt in place. Does a second lien facility make sense on top of it, or is unitranche cleaner?",second lien vs unitranche saas venture debt structure,detail-oriented and planning ahead,5.0,saas_growth_financing,SaaS growth financing,Regenerated 2026-04-19
gen_1776624791_00344,Startup CFO / VP Finance,support,informational,assess lender MRR covenant triggers,"VP Finance, growth slowing, worried about covenant breach",Our MRR growth has flattened for two months. How strict are MRR-based covenants and what actually triggers a default?,MRR covenant trigger default venture debt saas,time-pressed and direct,5.0,saas_growth_financing,SaaS growth financing,Regenerated 2026-04-19
gen_1776624791_00345,Startup CFO / VP Finance,research,commercial,find ARR thresholds lenders require,"CFO at $4M ARR, planning for debt raise in 6 months",We're approaching $5M ARR. Is that the floor most growth lenders need before they'll even open a conversation?,minimum ARR venture debt saas lender threshold,newly aware and confused,5.0,saas_growth_financing,SaaS growth financing,Regenerated 2026-04-19
gen_1776624791_00346,Startup CFO / VP Finance,educational,informational,understand operating line of credit for SaaS,"First-time debt CFO, unfamiliar with revolving structures",I keep seeing 'operating line of credit' mentioned alongside term loans for SaaS. How does it actually work and when would I draw on it?,operating line of credit saas how it works,newly aware and confused,5.0,saas_growth_financing,SaaS growth financing,Regenerated 2026-04-19
gen_1776624791_00347,Startup CFO / VP Finance,research,commercial,benchmark cost of capital for SaaS debt,CFO comparing debt pricing across multiple term sheets,Getting term sheets with rates ranging from 9% to 16%. What's a reasonable cost of capital benchmark for B2B SaaS debt right now?,venture debt interest rate benchmark B2B SaaS 2024,time-pressed and direct,5.0,saas_growth_financing,SaaS growth financing,Regenerated 2026-04-19
gen_1776624791_00348,Startup CFO / VP Finance,educational,informational,evaluate 5-year term loan for SaaS,CFO weighing longer tenor against flexibility needs,A lender is offering a 5-year term. Sounds appealing but what are the actual trade-offs of locking into that long a structure for a SaaS company?,5 year term loan saas trade-offs venture debt,detail-oriented and planning ahead,5.0,saas_growth_financing,SaaS growth financing,Regenerated 2026-04-19
gen_1776624791_00349,Startup CFO / VP Finance,navigational,navigational,locate specialized B2B SaaS debt lenders Canada,"Canadian SaaS CFO, $9M ARR, planning growth financing round",Looking for lenders specifically focused on B2B SaaS in Canada — not generalist banks. Where do I actually find that shortlist?,B2B SaaS venture debt lenders Canada specialized,time-pressed and direct,5.0,saas_growth_financing,SaaS growth financing,Regenerated 2026-04-19
gen_1776624791_00350,Startup CFO / VP Finance,educational,informational,understand churn impact on loan sizing,CFO with elevated logo churn preparing lender conversations,Our gross logo churn is higher than we'd like. How much does churn rate actually affect how a lender sizes a facility against our ARR?,churn rate impact venture debt loan sizing ARR saas,newly aware and confused,5.0,saas_growth_financing,SaaS growth financing,Regenerated 2026-04-19
gen_1776624791_00351,Startup CFO / VP Finance,educational,informational,understand ARR-based facility sizing mechanics,"CFO at $7M ARR SaaS, first venture debt raise",How do growth lenders actually size a facility against ARR — is it a flat multiple or does net revenue retention change the math?,ARR multiple venture debt facility sizing SaaS net revenue retention,practical and ready to act,5.0,saas_growth_financing,SaaS growth financing,Regenerated 2026-04-19
gen_1776624791_00352,Startup CFO / VP Finance,research,commercial,evaluate unitranche structure for SaaS,"VP Finance comparing debt structures, no existing debt",Unitranche keeps coming up in term sheets. Is it actually cheaper all-in than a senior plus mezz stack for a $10M ARR SaaS?,unitranche vs senior mezz debt SaaS cost of capital comparison,skeptical and comparing options,5.0,saas_growth_financing,SaaS growth financing,Regenerated 2026-04-19
gen_1776624791_00353,Startup CFO / VP Finance,support,informational,decode financial covenants in SaaS debt,"CFO reviewing first term sheet, unfamiliar with covenant structures",Term sheet has ARR growth and minimum liquidity covenants. I'm nervous — how much operational headroom do these typically leave?,SaaS venture debt covenants ARR growth minimum liquidity headroom,emotional and looking for support,5.0,saas_growth_financing,SaaS growth financing,Regenerated 2026-04-19
gen_1776624791_00354,Startup CFO / VP Finance,navigational,navigational,find specialized SaaS debt lenders US,"CFO at US B2B SaaS, $6M ARR, ready to close",Looking for lenders that actually specialize in B2B SaaS debt in the US — not generalist commercial banks. Where does that shortlist live?,B2B SaaS specialized venture debt lenders US growth financing,practical and ready to act,5.0,saas_growth_financing,SaaS growth financing,Regenerated 2026-04-19
gen_1776624791_00355,Startup CFO / VP Finance,research,commercial,assess prepayment penalty impact on SaaS debt,VP Finance modeling exit or fundraise scenarios within 24 months,"If we raise an equity round or get acquired early, how punishing are typical prepayment penalties on a venture debt facility?",venture debt prepayment penalty SaaS early repayment acquisition equity round,skeptical and comparing options,5.0,saas_growth_financing,SaaS growth financing,Regenerated 2026-04-19
gen_1776624791_00356,VC / Board Advisor,research,commercial,evaluate venture debt lender friendliness,VC board advisor vetting lenders for portfolio SaaS company,I'm advising a portfolio founder on debt financing. What signals separate genuinely founder-friendly lenders from ones that look friendly upfront?,founder friendly venture debt lenders signals terms,practical and ready to act,5.0,runway_extension,Extending startup runway,Regenerated 2026-04-19
gen_1776624791_00357,VC / Board Advisor,research,informational,assess bridge round versus debt tradeoffs,VC advising SaaS company between Series A and B,Trying to decide whether to push founders toward a bridge round or non-dilutive debt. What tilts the decision one way?,bridge round vs venture debt SaaS between rounds,practical and ready to act,5.0,runway_extension,Extending startup runway,Regenerated 2026-04-19
gen_1776624791_00358,VC / Board Advisor,educational,informational,identify covenants that harm portfolio companies,board advisor reviewing debt term sheet for first time,Never closely read a venture debt term sheet before. Which covenants tend to hurt SaaS companies most when growth slows?,venture debt covenants SaaS risks growth slowdown,newly aware and confused,5.0,runway_extension,Extending startup runway,Regenerated 2026-04-19
gen_1776624791_00359,VC / Board Advisor,commercial,commercial,find venture debt lenders active in Canada,"VC advising Canadian B2B SaaS, $6M ARR",Looking for non-dilutive lenders actively writing checks for Canadian B2B SaaS companies around $6M ARR. Who's actually in this market?,venture debt lenders Canada B2B SaaS non-dilutive,practical and ready to act,5.0,runway_extension,Extending startup runway,Regenerated 2026-04-19
gen_1776624791_00360,VC / Board Advisor,educational,informational,understand amortization impact on SaaS cash flow,"board advisor new to debt structures, reviewing term sheet",I keep seeing amortizing versus non-amortizing debt in term sheets. How much does that distinction actually affect monthly cash flow for SaaS?,amortizing vs non-amortizing venture debt SaaS cash flow impact,newly aware and confused,5.0,runway_extension,Extending startup runway,Regenerated 2026-04-19
gen_1776624791_00361,VC / Board Advisor,educational,informational,compare unitranche versus term loan structures,"VC board member, unfamiliar with unitranche debt","Someone mentioned unitranche as an option for our portfolio company. How is that different from a standard term loan, practically speaking?",unitranche vs term loan difference startup financing,newly aware and confused,5.0,runway_extension,Extending startup runway,Regenerated 2026-04-19
gen_1776624791_00362,VC / Board Advisor,research,informational,evaluate warrant-free debt tradeoffs,"VC advisor, reviewing term sheets for portfolio SaaS company",Some lenders offer warrant-free debt structures. What do founders actually give up elsewhere in the terms to get that?,warrant free venture debt tradeoffs saas term sheet,curious and exploratory,5.0,runway_extension,Extending startup runway,Regenerated 2026-04-19
gen_1776624791_00363,VC / Board Advisor,commercial,commercial,find active venture debt lenders US UK,"VC board member, portfolio company operating across US and UK",Need a lender writing venture debt deals in both the US and UK for a B2B SaaS company. Who's actually active in both markets?,venture debt lenders B2B SaaS US UK active,time-pressed and direct,5.0,runway_extension,Extending startup runway,Regenerated 2026-04-19
gen_1776624791_00364,VC / Board Advisor,educational,informational,understand second lien debt structure,"board advisor, unfamiliar with layered debt structures",A term sheet mentions second lien debt and I'm not clear on what that means for a founder's existing obligations. Can you explain?,second lien venture debt explained startup financing,newly aware and confused,5.0,runway_extension,Extending startup runway,Regenerated 2026-04-19
gen_1776624791_00365,SaaS Founder / CEO,educational,informational,understand ARR-based lending eligibility,"B2B SaaS founder, $5M ARR, pre-diligence","At what ARR does a SaaS company actually become attractive to non-dilutive lenders, and does growth rate matter more?",ARR threshold saas non-dilutive lender eligibility growth rate,skeptical and comparing options,5.0,saas_growth_financing,SaaS growth financing,Regenerated 2026-04-19
gen_1776624791_00366,SaaS Founder / CEO,research,commercial,compare warrant vs warrant-free venture debt,"SaaS CEO evaluating term sheets, equity-sensitive","Some venture debt offers include warrants, some don't. How much should I actually care about that difference?",venture debt warrants vs warrant free saas founder impact,skeptical and comparing options,5.0,saas_growth_financing,SaaS growth financing,Regenerated 2026-04-19
gen_1776624791_00367,SaaS Founder / CEO,navigational,navigational,find lenders focused on B2B SaaS,"SaaS founder, $7M ARR, wants non-dilutive capital","Where do I find lenders that actually specialize in B2B SaaS, not just generic tech lending?",B2B SaaS specialist venture debt lenders growth financing,frustrated and overwhelmed,5.0,saas_growth_financing,SaaS growth financing,Regenerated 2026-04-19
gen_1776624791_00368,SaaS Founder / CEO,educational,informational,decode MRR covenant risks in term sheets,SaaS CEO reviewing first venture debt offer,My term sheet has MRR covenants but no explanation of what triggers a breach. Is that standard or a red flag?,MRR covenant breach trigger venture debt term sheet saas,frustrated and overwhelmed,5.0,saas_growth_financing,SaaS growth financing,Regenerated 2026-04-19
gen_1776624791_00369,SaaS Founder / CEO,educational,informational,understand unitranche loan structure for SaaS,SaaS founder unfamiliar with credit structures,I keep seeing 'unitranche' in growth lending materials. What does it actually mean for a SaaS company borrowing $5M?,unitranche loan structure saas growth financing explained,frustrated and overwhelmed,5.0,saas_growth_financing,SaaS growth financing,Regenerated 2026-04-19
gen_1776624791_00370,SaaS Founder / CEO,research,commercial,assess lender speed and process timelines,SaaS CEO needing capital in 60 days,How long does venture debt diligence realistically take from first call to funding for a SaaS company with clean metrics?,venture debt timeline diligence to funding saas,frustrated and overwhelmed,5.0,saas_growth_financing,SaaS growth financing,Regenerated 2026-04-19
gen_1776624791_00371,SaaS Founder / CEO,educational,informational,understand non-amortizing loan benefits for SaaS,SaaS founder worried about cash flow pressure,"A non-amortizing loan sounds better for SaaS cash flow, but what's the actual catch I'm not seeing?",non-amortizing loan saas cash flow tradeoffs growth financing,skeptical and comparing options,5.0,saas_growth_financing,SaaS growth financing,Regenerated 2026-04-19
gen_1776624791_00372,SaaS Founder / CEO,support,navigational,find peer founder experiences with venture debt,SaaS CEO feeling isolated in financing decision,I just want to hear from other SaaS founders who took venture debt — what did you wish you'd known before signing?,saas founder venture debt experience lessons regrets,emotional and looking for support,5.0,saas_growth_financing,SaaS growth financing,Regenerated 2026-04-19
gen_1776624791_00373,SaaS Founder / CEO,research,commercial,evaluate operating line vs term loan for SaaS,SaaS CEO choosing between credit structures,Operating line or term loan for a $6M ARR SaaS company trying to fund go-to-market without touching equity?,operating line vs term loan saas ARR go-to-market financing,skeptical and comparing options,5.0,saas_growth_financing,SaaS growth financing,Regenerated 2026-04-19
gen_1776624791_00374,SaaS Founder / CEO,educational,informational,understand ARR-based loan sizing,"B2B SaaS CEO, $7M ARR, pre-diligence",How do lenders actually calculate how much they'll give a SaaS company — is it a multiple of ARR or MRR?,SaaS ARR multiple loan sizing venture debt,curious and exploratory,5.0,saas_growth_financing,SaaS growth financing,Regenerated 2026-04-19
gen_1776624791_00375,SaaS Founder / CEO,educational,informational,evaluate growth metrics lenders prioritize,"SaaS founder, $6M ARR, moderate churn","Which metrics do SaaS-focused lenders actually stress-test — NRR, churn, CAC payback, or all of them?",SaaS lender diligence metrics NRR churn CAC,practical and ready to act,5.0,saas_growth_financing,SaaS growth financing,Regenerated 2026-04-19
gen_1776624791_00376,SaaS Founder / CEO,navigational,navigational,find B2B SaaS venture debt lenders,"CEO exploring non-dilutive options, US or Canada",Looking for lenders that specifically finance B2B SaaS at $5M ARR and up — who should I be talking to?,B2B SaaS venture debt lenders 5M ARR,practical and ready to act,5.0,saas_growth_financing,SaaS growth financing,Regenerated 2026-04-19
gen_1776624791_00377,SaaS Founder / CEO,support,informational,assess debt risk on covenant breach,"SaaS founder, nervous about downside scenarios",I'm scared of taking debt and missing a revenue covenant. What actually happens to a SaaS company that breaches one?,SaaS revenue covenant breach consequences venture debt,emotional and looking for support,5.0,saas_growth_financing,SaaS growth financing,Regenerated 2026-04-19
gen_1776624791_00378,SaaS Founder / CEO,research,commercial,compare dilution cost of equity vs debt,"Series B decision, $9M ARR, strong growth",Trying to quantify the real dilution cost of raising equity versus paying interest on growth debt at my stage.,equity dilution vs venture debt cost SaaS founder,curious and exploratory,5.0,saas_growth_financing,SaaS growth financing,Regenerated 2026-04-19
gen_1776624791_00379,SaaS Founder / CEO,educational,informational,understand prepayment penalties in SaaS debt,SaaS CEO reviewing first term sheet,My term sheet mentions a prepayment fee but buries the math. How do these penalties typically work on SaaS growth loans?,prepayment penalty SaaS venture debt term sheet,practical and ready to act,5.0,saas_growth_financing,SaaS growth financing,Regenerated 2026-04-19
gen_1776624791_00380,SaaS Founder / CEO,research,commercial,gauge lender appetite during slow growth,"SaaS founder, growth slowed to 15% YoY",Growth slowed to 15% this year — do non-dilutive SaaS lenders walk away at that rate or is there still a deal?,SaaS slow growth venture debt lender appetite,emotional and looking for support,5.0,saas_growth_financing,SaaS growth financing,Regenerated 2026-04-19
gen_1776624791_00381,SaaS Founder / CEO,educational,informational,evaluate five-year term loan fit for SaaS,Founder weighing long vs short loan structures,"Does a five-year term on a SaaS growth loan actually make sense, or does the business change too fast to commit that long?",5 year term loan SaaS growth financing pros cons,curious and exploratory,5.0,saas_growth_financing,SaaS growth financing,Regenerated 2026-04-19
gen_1776624791_00382,SaaS Founder / CEO,research,commercial,decide between venture debt and revenue-based financing,"B2B SaaS CEO, $5M ARR, evaluating structures",Revenue-based financing versus straight venture debt for a $5M ARR SaaS — which structure actually fits better and why?,revenue based financing vs venture debt SaaS 5M ARR,practical and ready to act,5.0,saas_growth_financing,SaaS growth financing,Regenerated 2026-04-19
gen_1776624791_00383,SaaS Founder / CEO,support,informational,understand second lien debt implications,"SaaS founder with existing bank line, adding growth debt","Already have a bank credit line. If I layer in growth debt, what does second lien actually mean for me if things go sideways?",second lien debt SaaS existing credit line risk,emotional and looking for support,5.0,saas_growth_financing,SaaS growth financing,Regenerated 2026-04-19
gen_1776624791_00384,SaaS Founder / CEO,research,informational,understand warrant-free debt tradeoffs,"B2B SaaS CEO, $7M ARR, equity-sensitive",Some growth lenders waive warrants entirely. What do I give up elsewhere in the term sheet when that happens?,warrant free venture debt saas tradeoffs term sheet,skeptical and comparing options,5.0,saas_growth_financing,SaaS growth financing,Regenerated 2026-04-19
gen_1776624791_00385,SaaS Founder / CEO,educational,informational,evaluate non-dilutive capital timing,"SaaS founder post-Series A, 18mo runway, considering options",Is there a wrong time in a SaaS company's lifecycle to take on growth debt instead of raising a priced round?,when to take venture debt vs equity round saas,skeptical and comparing options,5.0,saas_growth_financing,SaaS growth financing,Regenerated 2026-04-19
gen_1776624791_00386,SaaS Founder / CEO,navigational,navigational,find unitranche lenders for SaaS,"B2B SaaS CEO, $6M ARR, wants single-lender structure",Looking for lenders offering unitranche structures specifically to B2B SaaS companies — who actually does this at scale?,unitranche lender b2b saas growth financing,skeptical and comparing options,5.0,saas_growth_financing,SaaS growth financing,Regenerated 2026-04-19
gen_1776624791_00387,SaaS Founder / CEO,educational,informational,decode non-amortizing loan mechanics,SaaS founder unfamiliar with non-amortizing debt structures,Non-amortizing SaaS loans keep coming up in term sheets. How does repayment actually work versus a standard amortizing loan?,non amortizing loan saas how repayment works,frustrated and overwhelmed,5.0,saas_growth_financing,SaaS growth financing,Regenerated 2026-04-19
gen_1776624791_00388,SaaS Founder / CEO,research,commercial,assess lender speed to close,"CEO needs capital fast, comparing SaaS-focused lenders",I need growth capital in under 60 days. How fast do SaaS-focused debt lenders typically move from term sheet to close?,saas venture debt time to close term sheet funding speed,frustrated and overwhelmed,5.0,saas_growth_financing,SaaS growth financing,Regenerated 2026-04-19
gen_1776624791_00389,SaaS Founder / CEO,support,informational,understand MRR covenant risk,"SaaS CEO, seasonal revenue dips, worried about covenants",Our MRR dips seasonally every Q1. How do lenders typically handle that in covenant structures without triggering a default?,mrr covenant seasonal revenue saas debt lender default,frustrated and overwhelmed,5.0,saas_growth_financing,SaaS growth financing,Regenerated 2026-04-19
gen_1776624791_00390,SaaS Founder / CEO,educational,informational,evaluate operating line for SaaS,"B2B SaaS founder, $8M ARR, needs flexible liquidity","Does an operating line of credit actually make sense for a SaaS business, or is it structured for product companies?",operating line of credit b2b saas company fit,skeptical and comparing options,5.0,saas_growth_financing,SaaS growth financing,Regenerated 2026-04-19
gen_1776624791_00391,SaaS Founder / CEO,navigational,navigational,find ARR-based lenders in Canada,"Canadian SaaS CEO, $5M ARR, wants domestic lender",Canadian B2B SaaS at $5M ARR — which lenders here actually underwrite on ARR rather than hard assets?,arr based saas lender canada non dilutive growth debt,skeptical and comparing options,5.0,saas_growth_financing,SaaS growth financing,Regenerated 2026-04-19
gen_1776624791_00392,SaaS Founder / CEO,support,informational,cope with debt financing anxiety,"first-time SaaS founder, no prior debt experience",Never taken on debt before and the whole process feels overwhelming. What do founders wish they'd known before their first growth loan?,saas founder first venture debt advice lessons learned,emotional and looking for support,5.0,saas_growth_financing,SaaS growth financing,Regenerated 2026-04-19
gen_1776624791_00393,SaaS Founder / CEO,research,commercial,compare lender flexibility on covenants,"SaaS CEO negotiating terms, growth stage unpredictable",Some SaaS lenders market themselves as founder-friendly. What covenant flexibility actually separates them from the stricter ones?,saas venture debt founder friendly covenant flexibility lender comparison,skeptical and comparing options,5.0,saas_growth_financing,SaaS growth financing,Regenerated 2026-04-19
gen_1776624791_00394,SaaS Founder / CEO,educational,informational,decode warrant coverage in term sheets,"first-time debt borrower, confused by term sheet",Term sheet just landed with warrant coverage baked in — how much equity exposure am I actually signing away here?,warrant coverage venture debt term sheet SaaS equity impact,frustrated and overwhelmed,5.0,saas_growth_financing,SaaS growth financing,Regenerated 2026-04-19
gen_1776624791_00395,SaaS Founder / CEO,research,commercial,find growth lenders using MRR as collateral,"SaaS founder, no hard assets, recurring revenue only",Which types of lenders treat contracted MRR as collateral instead of requiring physical assets from a SaaS business?,MRR collateral SaaS lenders recurring revenue based loans,curious and exploratory,5.0,saas_growth_financing,SaaS growth financing,Regenerated 2026-04-19
gen_1776624791_00396,SaaS Founder / CEO,research,commercial,compare second lien vs unitranche for SaaS,"CEO with existing bank line, exploring additional capital",Already have a bank revolver in place — does second lien debt or unitranche make more sense on top of that?,second lien vs unitranche SaaS existing bank line,practical and ready to act,5.0,saas_growth_financing,SaaS growth financing,Regenerated 2026-04-19
gen_1776624791_00397,SaaS Founder / CEO,support,informational,understand how churn affects debt eligibility,"SaaS founder, net revenue retention around 105%",My NRR is 105% but gross churn is higher than I'd like. Does gross churn kill a venture debt application?,churn impact venture debt eligibility SaaS net revenue retention,frustrated and overwhelmed,5.0,saas_growth_financing,SaaS growth financing,Regenerated 2026-04-19
gen_1776624791_00398,SaaS Founder / CEO,educational,informational,evaluate 5-year term loan fit for SaaS,"scaling SaaS, wants long runway without frequent refinancing","Are 5-year term loans actually common in SaaS growth lending, or is that a marketing term for something shorter?",5 year term loan SaaS growth debt lender options,skeptical and comparing options,5.0,saas_growth_financing,SaaS growth financing,Regenerated 2026-04-19
gen_1776624791_00399,SaaS Founder / CEO,navigational,navigational,locate venture debt lenders active in the UK,"UK-based B2B SaaS, $5M ARR, limited local options",I'm a UK SaaS founder at $5M ARR — which venture debt lenders are actually active and closing deals there?,venture debt lenders UK B2B SaaS growth financing,practical and ready to act,5.0,saas_growth_financing,SaaS growth financing,Regenerated 2026-04-19
gen_1776624791_00400,SaaS Founder / CEO,educational,informational,understand prepayment penalty impact on flexibility,"SaaS CEO, may want to refinance or exit early","If we get acquired or refinance early, how painful are prepayment penalties typically structured in SaaS growth loans?",prepayment penalty SaaS growth loan early exit refinance,curious and exploratory,5.0,saas_growth_financing,SaaS growth financing,Regenerated 2026-04-19
gen_1776624791_00401,SaaS Founder / CEO,educational,informational,assess how lenders size loan against ARR,SaaS founder trying to forecast maximum debt capacity,I'm trying to figure out how much debt capacity I have — what multiple of ARR do growth lenders typically offer SaaS companies?,ARR multiple SaaS venture debt loan sizing capacity,frustrated and overwhelmed,5.0,saas_growth_financing,SaaS growth financing,Regenerated 2026-04-19
gen_1776624791_00402,SaaS Founder / CEO,educational,informational,understand non-amortizing SaaS debt structure,"B2B SaaS CEO, $8M ARR, evaluating growth debt options",Non-amortizing loans keep showing up in SaaS debt pitches. How do they actually work and when do they make sense?,non-amortizing venture debt SaaS how it works,practical and ready to act,5.0,saas_growth_financing,SaaS growth financing,Regenerated 2026-04-19
gen_1776624791_00403,Healthcare / Vertical SaaS Operator,educational,informational,understand venture debt fit for healthcare SaaS,"healthcare SaaS operator, unfamiliar with venture debt",I run a healthcare SaaS platform. Is venture debt even a realistic option for regulated health tech companies?,venture debt healthcare SaaS regulated health tech financing,skeptical and comparing options,5.0,healthcare_saas_financing,Healthcare tech and vertical SaaS financing,Regenerated 2026-04-19
gen_1776624791_00404,Healthcare / Vertical SaaS Operator,commercial,commercial,assess non-dilutive capital for vertical SaaS,"vertical SaaS operator at $6M ARR, considering growth capital",Looking for non-dilutive growth capital for a vertical SaaS business at $6M ARR. What structures actually make sense?,non-dilutive capital vertical SaaS 6M ARR growth financing,practical and ready to act,5.0,healthcare_saas_financing,Healthcare tech and vertical SaaS financing,Regenerated 2026-04-19
gen_1776624791_00405,Healthcare / Vertical SaaS Operator,educational,informational,understand how payer mix affects lending eligibility,"healthcare SaaS with mixed payer revenue, exploring debt",Our revenue is split between insurance reimbursements and direct SaaS subscriptions. Do lenders treat those revenue streams differently?,healthcare SaaS payer mix revenue lending eligibility debt,skeptical and comparing options,5.0,healthcare_saas_financing,Healthcare tech and vertical SaaS financing,Regenerated 2026-04-19
gen_1776624791_00406,Healthcare / Vertical SaaS Operator,navigational,navigational,find lenders specializing in health tech SaaS,health tech operator ready to start lender conversations,Which types of lenders actually understand health tech SaaS — not just generic software metrics but the sector's nuances?,lenders health tech SaaS sector specialist growth financing,practical and ready to act,5.0,healthcare_saas_financing,Healthcare tech and vertical SaaS financing,Regenerated 2026-04-19
gen_1776624791_00407,Healthcare / Vertical SaaS Operator,support,informational,gauge risk of debt in healthcare regulatory environment,healthcare SaaS founder anxious about compliance exposure,Taking on debt feels risky when one regulatory change can flip our revenue model overnight. How do other health tech founders handle that?,healthcare SaaS debt risk regulatory change revenue model,emotional and looking for support,5.0,healthcare_saas_financing,Healthcare tech and vertical SaaS financing,Regenerated 2026-04-19
gen_1776624791_00408,Healthcare / Vertical SaaS Operator,research,commercial,compare equity vs debt for vertical SaaS expansion,vertical SaaS operator expanding to second industry segment,We're expanding our vertical SaaS into a second segment. Does debt or equity make more sense for funding a land-and-expand move?,vertical SaaS expansion equity vs debt land and expand,skeptical and comparing options,5.0,healthcare_saas_financing,Healthcare tech and vertical SaaS financing,Regenerated 2026-04-19
gen_1776624791_00409,Healthcare / Vertical SaaS Operator,educational,informational,understand warrant-free debt options for SaaS,healthcare SaaS operator protective of cap table,"I've heard some venture lenders take warrants and some don't. How common is warrant-free debt, and what's the tradeoff?",warrant free venture debt SaaS tradeoffs growth lending,practical and ready to act,5.0,healthcare_saas_financing,Healthcare tech and vertical SaaS financing,Regenerated 2026-04-19
gen_1776624791_00410,Healthcare / Vertical SaaS Operator,support,informational,validate debt timing post-product-market fit,"vertical SaaS at early growth stage, just hit PMF","Just hit product-market fit in our niche. Is this too early to explore debt financing, or do lenders care more about revenue than stage?",debt financing early stage vertical SaaS product market fit ARR,emotional and looking for support,5.0,healthcare_saas_financing,Healthcare tech and vertical SaaS financing,Regenerated 2026-04-19
gen_1776624791_00411,Healthcare / Vertical SaaS Operator,commercial,commercial,evaluate debt capital for healthcare SaaS sales cycle gap,"healthcare SaaS with long enterprise sales cycles, cash pressure",Healthcare enterprise deals take 9-12 months to close. Can debt financing bridge that cash gap without killing our growth plans?,healthcare SaaS long sales cycle cash gap debt bridge financing,practical and ready to act,5.0,healthcare_saas_financing,Healthcare tech and vertical SaaS financing,Regenerated 2026-04-19
gen_1776624791_00412,Canadian Investor (Private Credit),educational,informational,understand Canadian private credit basics,retail investor new to alternative fixed income,I keep hearing about private credit as a bond alternative. How does it actually work for Canadian retail investors?,private credit explained Canadian retail investors alternative fixed income,newly aware and confused,5.0,canadian_private_credit,Canadian private credit market,Regenerated 2026-04-19
gen_1776624791_00413,Canadian Investor (Private Credit),research,informational,gauge Canadian private credit market size,institutional investor benchmarking allocation decisions,"How large is the Canadian private credit market right now, and how fast has it grown over the last five years?",Canadian private credit market size growth 2024,time-pressed and direct,5.0,canadian_private_credit,Canadian private credit market,Regenerated 2026-04-19
gen_1776624791_00414,Canadian Investor (Private Credit),research,commercial,compare venture debt funds to direct lending funds,Canadian investor evaluating private credit sub-strategies,"Venture debt funds versus direct lending funds — for a Canadian investor, which actually delivers better risk-adjusted yield?",venture debt fund vs direct lending fund Canada yield comparison,skeptical and comparing options,5.0,canadian_private_credit,Canadian private credit market,Regenerated 2026-04-19
gen_1776624791_00415,Canadian Investor (Private Credit),navigational,navigational,find Canadian venture debt fund managers,accredited investor building private credit allocation,Looking for a shortlist of Canadian fund managers running venture debt or tech-focused private credit strategies. Where do I start?,Canadian venture debt fund managers private credit tech,time-pressed and direct,5.0,canadian_private_credit,Canadian private credit market,Regenerated 2026-04-19
gen_1776624791_00416,Canadian Investor (Private Credit),educational,informational,understand RRSP eligibility for private credit funds,Canadian retail investor optimizing registered account holdings,"Can Canadian private credit funds be held inside an RRSP or TFSA, or are they locked out of registered accounts?",private credit fund RRSP TFSA eligible Canada,newly aware and confused,5.0,canadian_private_credit,Canadian private credit market,Regenerated 2026-04-19
gen_1776624791_00417,Canadian Investor (Private Credit),research,informational,evaluate default risk in venture debt funds,skeptical institutional investor stress-testing private credit,Venture debt funds sound attractive on paper — but what's the realistic default rate when tech borrowers hit a downturn?,venture debt fund default rate tech downturn Canada,skeptical and comparing options,5.0,canadian_private_credit,Canadian private credit market,Regenerated 2026-04-19
gen_1776624791_00418,Canadian Investor (Private Credit),research,informational,compare Canadian vs US private credit returns,Canadian pension-style investor evaluating geography allocation,"Do Canadian private credit funds historically yield less than US equivalents, or is the gap negligible after currency hedging?",Canadian private credit fund returns vs US private credit yield comparison,skeptical and comparing options,5.0,canadian_private_credit,Canadian private credit market,Regenerated 2026-04-19
gen_1776624791_00419,Canadian Investor (Private Credit),educational,informational,understand accredited investor rules for private credit,high-net-worth individual new to alternative investments Canada,I'm trying to figure out what the accredited investor threshold is in Canada to access private credit funds. What qualifies me?,accredited investor threshold Canada private credit fund access,newly aware and confused,5.0,canadian_private_credit,Canadian private credit market,Regenerated 2026-04-19
gen_1776624791_00420,Canadian Investor (Private Credit),commercial,commercial,assess liquidity terms of Canadian private credit funds,investor comparing lock-up periods before committing capital,What are typical lock-up and redemption terms for Canadian private credit funds — am I locking in for years or quarters?,Canadian private credit fund lock-up redemption terms liquidity,time-pressed and direct,5.0,canadian_private_credit,Canadian private credit market,Regenerated 2026-04-19
gen_1776624791_00421,Canadian Investor (Private Credit),research,commercial,evaluate fund manager track record criteria,institutional allocator conducting private credit due diligence,"When vetting a Canadian venture debt fund manager, which track record metrics matter most beyond headline IRR?",venture debt fund manager due diligence track record metrics Canada,skeptical and comparing options,5.0,canadian_private_credit,Canadian private credit market,Regenerated 2026-04-19
gen_1776624791_00422,Canadian Investor (Private Credit),educational,informational,understand Canadian private credit regulation,retail investor evaluating alternative fixed income access,How does OSFI or provincial securities law actually shape what private credit funds can offer Canadian retail investors?,Canadian private credit fund regulation retail investor OSFI securities law,detail-oriented and planning ahead,5.0,canadian_private_credit,Canadian private credit market,Regenerated 2026-04-19
gen_1776624791_00423,Canadian Investor (Private Credit),research,commercial,assess venture debt fund fee structures,Canadian investor comparing fund economics before committing,Management fees and carry on Canadian venture debt funds — are the structures closer to PE or traditional fixed income?,Canadian venture debt fund fee structure management fee carry,skeptical and comparing options,5.0,canadian_private_credit,Canadian private credit market,Regenerated 2026-04-19
gen_1776624791_00424,Canadian Investor (Private Credit),research,informational,evaluate Canadian private credit vs public bonds,"portfolio diversification, moving away from rate-sensitive bonds",I'm rotating out of investment-grade bonds. Does Canadian private credit actually reduce duration risk or just swap it for illiquidity?,Canadian private credit vs investment grade bonds duration illiquidity risk,skeptical and comparing options,5.0,canadian_private_credit,Canadian private credit market,Regenerated 2026-04-19
gen_1776624791_00425,Canadian Investor (Private Credit),support,informational,find Canadian venture debt fund due diligence checklist,accredited investor preparing first private credit allocation,"Before wiring money into a Canadian venture debt fund, what documents and disclosures should I demand from the manager?",Canadian venture debt fund due diligence checklist investor documents,detail-oriented and planning ahead,5.0,canadian_private_credit,Canadian private credit market,Regenerated 2026-04-19
gen_1776624791_00426,Canadian Investor (Private Credit),educational,informational,understand how venture debt funds generate yield,Canadian investor unfamiliar with tech lending mechanics,"Where does the actual yield come from in a venture debt fund — interest, fees, warrants? How does that split typically look?",venture debt fund yield sources interest fees warrants breakdown,detail-oriented and planning ahead,5.0,canadian_private_credit,Canadian private credit market,Regenerated 2026-04-19
gen_1776624791_00427,Canadian Investor (Private Credit),research,commercial,compare Canadian private credit fund vintages,institutional allocator benchmarking manager performance over time,How do Canadian private credit fund vintages from 2018–2021 compare on net returns now that rates have moved so sharply?,Canadian private credit fund vintage performance 2018 2021 net returns,skeptical and comparing options,5.0,canadian_private_credit,Canadian private credit market,Regenerated 2026-04-19
gen_1776624791_00428,Canadian Investor (Private Credit),navigational,navigational,locate Canadian venture debt fund investor portals,accredited investor ready to request fund materials,Looking for Canadian venture debt or tech-focused private credit funds that publish investor materials or take LP inquiries online.,Canadian venture debt private credit fund LP investor portal online,practical and ready to act,5.0,canadian_private_credit,Canadian private credit market,Regenerated 2026-04-19
gen_1776624791_00429,Canadian Investor (Private Credit),educational,commercial,size appropriate private credit portfolio allocation,Canadian retail investor building first alternative allocation,"For a $500K portfolio, what percentage in Canadian private credit is defensible without overloading on illiquidity and concentration risk?",Canadian private credit portfolio allocation percentage illiquidity retail investor,practical and ready to act,5.0,canadian_private_credit,Canadian private credit market,Regenerated 2026-04-19
gen_1776624791_00430,Canadian Investor (Private Credit),educational,informational,understand venture debt as asset class,Canadian investor new to private credit,I'm exploring private credit alternatives. How does venture debt actually work as an investable asset class?,venture debt asset class private credit investor Canada,detail-oriented and planning ahead,5.0,private_credit_investing,Private credit and venture debt funds,Regenerated 2026-04-19
gen_1776624791_00431,Canadian Investor (Private Credit),research,informational,benchmark yield expectations venture debt funds,Canadian investor comparing fixed income alternatives,What kind of net yields should I realistically expect from a venture debt fund compared to investment-grade bonds?,venture debt fund net yield expectations private credit Canada,detail-oriented and planning ahead,5.0,private_credit_investing,Private credit and venture debt funds,Regenerated 2026-04-19
gen_1776624791_00432,Canadian Investor (Private Credit),research,informational,assess default risk in venture debt portfolios,institutional investor evaluating downside scenarios,"How often do venture debt borrowers default, and what recovery rates do lenders typically see when they do?",venture debt default rate recovery rate private credit portfolio,detail-oriented and planning ahead,5.0,private_credit_investing,Private credit and venture debt funds,Regenerated 2026-04-19
gen_1776624791_00433,Canadian Investor (Private Credit),research,commercial,evaluate venture debt fund manager track record,Canadian investor doing fund manager due diligence,What metrics actually matter when evaluating a venture debt fund manager's track record before committing capital?,venture debt fund manager due diligence track record metrics,detail-oriented and planning ahead,5.0,private_credit_investing,Private credit and venture debt funds,Regenerated 2026-04-19
gen_1776624791_00434,Canadian Investor (Private Credit),research,commercial,compare private credit fund structures Canada,retail investor weighing LP fund vs direct lending,Trying to decide between an LP fund structure and direct lending exposure for private credit. Which suits smaller Canadian investors?,private credit LP fund vs direct lending Canada retail investor,practical and ready to act,5.0,private_credit_investing,Private credit and venture debt funds,Regenerated 2026-04-19
gen_1776624791_00435,Canadian Investor (Private Credit),navigational,navigational,find Canadian venture debt funds to invest in,accredited investor ready to allocate to private credit,Looking for Canadian-domiciled venture debt funds open to accredited investors right now. Where do I find them?,Canadian venture debt fund accredited investor private credit,time-pressed and direct,5.0,private_credit_investing,Private credit and venture debt funds,Regenerated 2026-04-19
gen_1776624791_00436,Canadian Investor (Private Credit),educational,informational,understand tax treatment private credit funds Canada,Canadian investor planning RRSP or TFSA allocation,"Can venture debt fund returns be held inside a TFSA or RRSP, and how is the income taxed if held outside?",private credit fund TFSA RRSP tax treatment Canada,detail-oriented and planning ahead,5.0,private_credit_investing,Private credit and venture debt funds,Regenerated 2026-04-19
gen_1776624791_00437,Canadian Investor (Private Credit),research,commercial,add private credit to diversified portfolio,Canadian investor with equity-heavy allocation,My portfolio is equity-heavy. Does adding a venture debt fund actually reduce correlation risk or just add illiquidity?,venture debt fund portfolio diversification correlation risk private credit,practical and ready to act,5.0,private_credit_investing,Private credit and venture debt funds,Regenerated 2026-04-19
gen_1776624791_00438,Canadian Investor (Private Credit),educational,informational,evaluate liquidity terms in private credit funds,investor concerned about lock-up periods,What are typical lock-up periods and redemption windows for private credit funds focused on tech lending?,private credit fund lock up period redemption liquidity terms,time-pressed and direct,5.0,private_credit_investing,Private credit and venture debt funds,Regenerated 2026-04-19
gen_1776624791_00439,Canadian Investor (Private Credit),educational,informational,understand warrant and fee economics in venture debt,investor analyzing fund return drivers,How much of a venture debt fund's return comes from warrants versus interest and fees? I want to understand the yield breakdown.,venture debt fund return breakdown warrants interest fees yield,detail-oriented and planning ahead,5.0,private_credit_investing,Private credit and venture debt funds,Regenerated 2026-04-19
gen_1776624791_00440,Canadian Investor (Private Credit),educational,informational,understand venture debt fund risk profile,"Canadian accredited investor, first private credit allocation",I'm new to private credit. How does the risk profile of a venture debt fund differ from traditional fixed income?,venture debt fund risk profile vs fixed income canada,curious and exploratory,5.0,private_credit_investing,Private credit and venture debt funds,Regenerated 2026-04-19
gen_1776624791_00441,Canadian Investor (Private Credit),research,informational,assess tech lending portfolio concentration risk,"institutional investor, evaluating sector-specific private credit",Venture debt funds lend mostly to tech companies — does that sector concentration create meaningful portfolio risk for Canadian investors?,venture debt fund sector concentration risk tech lending,detail-oriented and planning ahead,5.0,private_credit_investing,Private credit and venture debt funds,Regenerated 2026-04-19
gen_1776624791_00442,Canadian Investor (Private Credit),research,commercial,compare venture debt to private equity returns,"Canadian LP, already holds private equity, exploring debt alternatives","Already have private equity exposure. Does venture debt actually offer better risk-adjusted returns, or just lower upside?",venture debt vs private equity risk adjusted returns canada,practical and ready to act,5.0,private_credit_investing,Private credit and venture debt funds,Regenerated 2026-04-19
gen_1776624791_00443,Canadian Investor (Private Credit),educational,informational,evaluate fund manager due diligence criteria,"accredited investor, shortlisting venture debt fund managers",What specific due diligence questions should I ask a venture debt fund manager before committing capital?,venture debt fund manager due diligence questions investors,detail-oriented and planning ahead,5.0,private_credit_investing,Private credit and venture debt funds,Regenerated 2026-04-19
gen_1776624791_00444,Canadian Investor (Private Credit),educational,informational,understand how venture debt funds generate yield,"retail accredited investor, unfamiliar with tech lending mechanics","I don't fully understand how venture debt funds make money. Is yield driven mainly by interest rates, fees, or something else?",how venture debt funds generate yield interest fees,curious and exploratory,5.0,private_credit_investing,Private credit and venture debt funds,Regenerated 2026-04-19
gen_1776624791_00445,Canadian Investor (Private Credit),commercial,commercial,find minimum investment thresholds for private credit funds,"high-net-worth individual, exploring first private credit commitment",What are typical minimum investment sizes for Canadian venture debt funds — are they accessible below $500K?,canadian venture debt fund minimum investment accredited investor,practical and ready to act,5.0,private_credit_investing,Private credit and venture debt funds,Regenerated 2026-04-19
gen_1776624791_00446,Canadian Investor (Private Credit),research,informational,understand vintage year impact on fund performance,"institutional allocator, reviewing historical private credit data",Does vintage year significantly affect venture debt fund returns the way it does for private equity? Looking at historical patterns.,venture debt fund vintage year performance private credit history,detail-oriented and planning ahead,5.0,private_credit_investing,Private credit and venture debt funds,Regenerated 2026-04-19
gen_1776624791_00447,Canadian Investor (Private Credit),educational,informational,assess Canadian private credit regulatory environment,"accredited investor, concerned about fund structure and oversight","How are Canadian venture debt funds regulated, and what investor protections actually exist for private credit fund LPs?",canadian private credit fund regulation investor protections LP,curious and exploratory,5.0,private_credit_investing,Private credit and venture debt funds,Regenerated 2026-04-19
gen_1776624791_00448,Canadian Investor (Private Credit),research,commercial,compare open-ended vs closed-ended private credit structures,"Canadian family office, prioritizing liquidity flexibility",Open-ended versus closed-ended venture debt fund — which structure actually suits investors who might need liquidity within five years?,open ended closed ended private credit fund structure liquidity,detail-oriented and planning ahead,5.0,private_credit_investing,Private credit and venture debt funds,Regenerated 2026-04-19
gen_1776624791_00449,Canadian Investor (Private Credit),navigational,navigational,locate venture debt fund investment opportunities Canada,"accredited investor, ready to allocate, needs credible sources","Where do Canadian accredited investors actually find and access venture debt fund opportunities — through advisors, platforms, or direct?",where to invest venture debt fund canada accredited investor access,practical and ready to act,5.0,private_credit_investing,Private credit and venture debt funds,Regenerated 2026-04-19
gen_1776624791_00450,Canadian Investor (Private Credit),research,informational,understand venture debt fund yield benchmarks,Canadian investor comparing private credit to public bonds,What net yield should I realistically expect from a Canadian venture debt fund compared to investment-grade bonds right now?,venture debt fund yield vs investment grade bonds canada,practical and ready to act,5.0,private_credit_investing,Private credit and venture debt funds,Regenerated 2026-04-19
gen_1776624791_00451,Canadian Investor (Private Credit),research,informational,evaluate default rates in venture debt,institutional investor stressed about tech sector exposure,Tech valuations dropped hard — how have venture debt funds actually performed on defaults over the last three years?,venture debt fund default rates tech downturn performance,frustrated and overwhelmed,5.0,private_credit_investing,Private credit and venture debt funds,Regenerated 2026-04-19
gen_1776624791_00452,Canadian Investor (Private Credit),commercial,commercial,assess fund manager track record criteria,Canadian accredited investor shortlisting private credit managers,Shortlisting venture debt fund managers — what track record metrics matter most beyond headline IRR?,venture debt fund manager track record evaluation metrics,time-pressed and direct,5.0,private_credit_investing,Private credit and venture debt funds,Regenerated 2026-04-19
gen_1776624791_00453,Canadian Investor (Private Credit),educational,informational,understand warrants impact on fund returns,Canadian LP evaluating venture debt fund economics,How much do warrant kickers actually contribute to total returns in a venture debt fund — meaningful or mostly marketing?,warrant kickers venture debt fund returns contribution,practical and ready to act,5.0,private_credit_investing,Private credit and venture debt funds,Regenerated 2026-04-19
gen_1776624791_00454,Canadian Investor (Private Credit),educational,informational,compare private credit fund structures Canada,investor allocating to alternatives for the first time,There are so many private credit fund types — where does venture debt actually sit on the risk-return spectrum in Canada?,private credit fund types risk return spectrum canada venture debt,frustrated and overwhelmed,5.0,private_credit_investing,Private credit and venture debt funds,Regenerated 2026-04-19
gen_1776624791_00455,Canadian Investor (Private Credit),commercial,commercial,find Canadian venture debt fund options,"accredited investor ready to allocate, needs specific options",Looking to allocate to venture debt this quarter — which Canadian-domiciled private credit funds focus specifically on tech lending?,canadian venture debt fund tech lending private credit,time-pressed and direct,5.0,private_credit_investing,Private credit and venture debt funds,Regenerated 2026-04-19
gen_1776624791_00456,Canadian Investor (Private Credit),educational,informational,understand loss protection mechanisms in venture debt,risk-averse LP worried about downside in tech lending,"If a borrower defaults in a venture debt portfolio, what security or collateral actually protects fund investors from losses?",venture debt fund borrower default collateral protection investors,frustrated and overwhelmed,5.0,private_credit_investing,Private credit and venture debt funds,Regenerated 2026-04-19
gen_1776624791_00457,Canadian Investor (Private Credit),research,commercial,evaluate venture debt allocation size for portfolio,Canadian HNW investor building alternatives sleeve,Building an alternatives sleeve — what percentage allocation to venture debt makes sense alongside private equity and real estate?,venture debt portfolio allocation alternatives private equity real estate,practical and ready to act,5.0,private_credit_investing,Private credit and venture debt funds,Regenerated 2026-04-19
