prompt_id,persona,category,intent_type,intent,context,prompt_text,search_query,tone,expected_visibility_score,topic_cluster_id,cluster_topic,notes
gen_1776643758_00000,Mobile / Specialty Format Operator,educational,informational,offline mode POS coffee truck,"coffee truck operator, unreliable wifi at events",Does a tablet POS actually keep taking orders and payments when wifi drops completely at an outdoor event?,coffee truck POS offline mode no wifi,time-pressed and direct,5.0,coffee_shop_pos,Coffee shop POS systems,Regenerated 2026-04-19
gen_1776643758_00001,Mobile / Specialty Format Operator,research,commercial,compact POS hardware mobile coffee,"kiosk operator, limited counter space",Running a coffee kiosk with almost no counter space. What hardware setup actually fits without a full terminal?,compact POS hardware coffee kiosk tablet,detail-oriented and planning ahead,5.0,coffee_shop_pos,Coffee shop POS systems,Regenerated 2026-04-19
gen_1776643758_00002,Mobile / Specialty Format Operator,educational,informational,drive-thru line busting kiosk POS,"drive-thru coffee operator, long morning rush lines",I run a drive-thru and lose customers during morning rush. Can a second-window kiosk actually cut line wait times?,drive thru coffee kiosk line busting POS second window,time-pressed and direct,5.0,coffee_shop_pos,Coffee shop POS systems,Regenerated 2026-04-19
gen_1776643758_00003,Mobile / Specialty Format Operator,research,commercial,mobile card reader reliability coffee events,pop-up coffee operator at markets and festivals,Which mobile card readers are actually reliable for a pop-up coffee setup at outdoor markets with spotty signal?,mobile card reader coffee pop up event reliable,curious and exploratory,5.0,coffee_shop_pos,Coffee shop POS systems,Regenerated 2026-04-19
gen_1776643758_00004,Mobile / Specialty Format Operator,research,commercial,POS quick setup teardown pop-up,"event coffee operator, multiple venues per week",I set up and tear down at a different venue almost daily. What POS systems are actually built for that pace?,POS quick setup teardown coffee pop up events,time-pressed and direct,5.0,coffee_shop_pos,Coffee shop POS systems,Regenerated 2026-04-19
gen_1776643758_00005,Mobile / Specialty Format Operator,educational,informational,coffee-specific POS vs generic restaurant POS,drive-thru operator evaluating software options,"Is a coffee-specific POS meaningfully better for a drive-thru than a generic restaurant system, or mostly marketing?",coffee shop POS vs generic restaurant POS drive thru,curious and exploratory,5.0,coffee_shop_pos,Coffee shop POS systems,Regenerated 2026-04-19
gen_1776643758_00006,Mobile / Specialty Format Operator,educational,informational,tablet POS processing speed barista rush,"coffee truck operator, peak-hour bottlenecks",Peak rush on a coffee truck is brutal. How fast do tablet POS systems actually process an order compared to a register?,tablet POS order speed coffee rush barista,time-pressed and direct,5.0,coffee_shop_pos,Coffee shop POS systems,Regenerated 2026-04-19
gen_1776643758_00007,Mobile / Specialty Format Operator,navigational,navigational,find coffee shop POS comparison reviews,"drive-thru operator, early research stage","Looking for an honest comparison of POS systems designed specifically for coffee drive-thrus, not generic café reviews.",coffee drive thru POS system comparison review,curious and exploratory,5.0,coffee_shop_pos,Coffee shop POS systems,Regenerated 2026-04-19
gen_1776643758_00008,Mobile / Specialty Format Operator,educational,informational,POS inventory tracking coffee truck,"coffee truck operator, managing beans and milk waste",My coffee truck burns through inventory fast and I'm guessing at par levels. Do mobile POS systems track that in real time?,coffee truck POS inventory tracking real time,detail-oriented and planning ahead,5.0,coffee_shop_pos,Coffee shop POS systems,Regenerated 2026-04-19
gen_1776643758_00009,Mobile / Specialty Format Operator,commercial,commercial,evaluate all-in-one POS for drive-thru,drive-thru operator tired of stitching tools together,"I'm stitching together four apps for ordering, loyalty, payroll, and scheduling. Is there one POS built for drive-thru that covers all of it?",all in one POS system coffee drive thru loyalty payroll,detail-oriented and planning ahead,5.0,coffee_shop_pos,Coffee shop POS systems,Regenerated 2026-04-19
gen_1776643758_00010,Mobile / Specialty Format Operator,educational,informational,understand offline mode reliability for events,"pop-up operator, frequent venue changes, unreliable wifi",How long can a tablet POS actually run offline before transactions start failing at an outdoor event?,tablet POS offline mode duration outdoor events,skeptical and comparing options,5.0,coffee_shop_pos,Coffee shop POS systems,Regenerated 2026-04-19
gen_1776643758_00011,Mobile / Specialty Format Operator,navigational,navigational,find drive-thru POS with line-busting hardware,"drive-thru operator, losing customers during morning peak",Looking for a POS built for drive-thru lanes with second-window hardware — where do I even start researching this?,drive thru POS second window hardware line busting,newly aware and confused,5.0,coffee_shop_pos,Coffee shop POS systems,Regenerated 2026-04-19
gen_1776643758_00012,Mobile / Specialty Format Operator,research,commercial,evaluate coffee-specific POS for mobile format,"coffee truck owner, doubting generic POS fit",Generic restaurant POS keeps mishandling my modifier flow during rush. Is there something built specifically for coffee trucks?,coffee truck POS system modifier flow specialty,skeptical and comparing options,5.0,coffee_shop_pos,Coffee shop POS systems,Regenerated 2026-04-19
gen_1776643758_00013,Mobile / Specialty Format Operator,support,informational,get reassurance on POS reliability at events,"pop-up operator, anxious after a failed payment incident",Lost a whole line of customers when my POS crashed at a market. How do other mobile coffee operators handle this?,mobile coffee POS reliability crash fix outdoor market,emotional and looking for support,5.0,coffee_shop_pos,Coffee shop POS systems,Regenerated 2026-04-19
gen_1776643758_00014,Prospective Coffee Shop Owner,educational,informational,understand POS costs before opening,"first-time coffee shop owner, pre-revenue, cost-sensitive","Opening a coffee shop in 3 months. What does a POS system actually cost upfront, hardware included?",coffee shop POS system cost hardware upfront,time-pressed and direct,5.0,coffee_shop_pos,Coffee shop POS systems,Regenerated 2026-04-19
gen_1776643758_00015,Prospective Coffee Shop Owner,research,informational,coffee-specific POS vs generic restaurant POS,pre-opening café owner comparing software options,"Is a coffee-specific POS worth it, or does a generic restaurant system handle café workflows just as well?",coffee shop POS vs restaurant POS differences,curious and exploratory,5.0,coffee_shop_pos,Coffee shop POS systems,Regenerated 2026-04-19
gen_1776643758_00016,Prospective Coffee Shop Owner,commercial,commercial,find POS built for coffee shops,"prospective owner, first-time operator, planning phase","Looking for a POS designed specifically for coffee shops, not just adapted from a general restaurant tool.",POS system built specifically for coffee shops,time-pressed and direct,5.0,coffee_shop_pos,Coffee shop POS systems,Regenerated 2026-04-19
gen_1776643758_00017,Prospective Coffee Shop Owner,educational,informational,understand loyalty and POS integration,"future café owner wants loyalty built-in, not bolted on","Do most coffee shop POS systems include loyalty programs, or is that always a separate paid add-on?",coffee shop POS built in loyalty program,curious and exploratory,5.0,coffee_shop_pos,Coffee shop POS systems,Regenerated 2026-04-19
gen_1776643758_00018,Prospective Coffee Shop Owner,research,commercial,evaluate POS scalability for multi-location,planning first location but wants to open more,I'm opening one café but want three eventually. Which POS won't force me to start over when I scale?,coffee shop POS scalable multi location small business,emotional and looking for support,5.0,coffee_shop_pos,Coffee shop POS systems,Regenerated 2026-04-19
gen_1776643758_00019,Prospective Coffee Shop Owner,educational,informational,learn what POS features matter most for cafés,"first-time owner, overwhelmed by options, pre-opening",There are so many POS features listed. Which ones actually matter day-to-day in a coffee shop?,most important POS features coffee shop daily operations,emotional and looking for support,5.0,coffee_shop_pos,Coffee shop POS systems,Regenerated 2026-04-19
gen_1776643758_00020,Prospective Coffee Shop Owner,research,informational,compare POS processing fees for cafés,cost-sensitive pre-revenue owner evaluating payment costs,"What processing rates should I expect from a coffee shop POS, and are flat rates better than interchange-plus?",coffee shop POS processing rates flat rate vs interchange,curious and exploratory,5.0,coffee_shop_pos,Coffee shop POS systems,Regenerated 2026-04-19
gen_1776643758_00021,Prospective Coffee Shop Owner,commercial,commercial,find POS with offline mode for café,"opening a drive-thru café, worried about internet outages",My drive-thru location has spotty wifi. Which coffee shop POS systems actually work offline without breaking?,coffee shop POS offline mode drive thru reliable,time-pressed and direct,5.0,coffee_shop_pos,Coffee shop POS systems,Regenerated 2026-04-19
gen_1776643758_00022,Prospective Coffee Shop Owner,support,informational,understand POS setup timeline before opening,"opening in 3 weeks, hasn't bought POS yet",I open in three weeks and haven't picked a POS yet. How long does setup realistically take for a café?,coffee shop POS setup time before opening,emotional and looking for support,5.0,coffee_shop_pos,Coffee shop POS systems,Regenerated 2026-04-19
gen_1776643758_00023,Prospective Coffee Shop Owner,navigational,navigational,find all-in-one coffee shop software platform,"pre-opening owner wants single system, no app stitching","Is there a single platform that handles POS, scheduling, inventory, and loyalty for a coffee shop without piecing tools together?",all in one coffee shop POS scheduling inventory loyalty platform,curious and exploratory,5.0,coffee_shop_pos,Coffee shop POS systems,Regenerated 2026-04-19
gen_1776643758_00024,Prospective Coffee Shop Owner,educational,informational,understand POS hardware needs for café,"pre-opening, no prior business experience, budgeting","What physical hardware does a coffee shop actually need on day one — terminal, printer, card reader, anything else?",coffee shop POS hardware needed opening day,newly aware and confused,5.0,coffee_shop_pos,Coffee shop POS systems,Regenerated 2026-04-19
gen_1776643758_00025,Prospective Coffee Shop Owner,research,commercial,evaluate kiosk ordering for small café,"first-time owner, planning counter service layout","Is a self-order kiosk worth buying for a new coffee shop, or is that overkill until you're more established?",self order kiosk coffee shop worth it small cafe,skeptical and comparing options,5.0,coffee_shop_pos,Coffee shop POS systems,Regenerated 2026-04-19
gen_1776643758_00026,Prospective Coffee Shop Owner,educational,informational,learn how KDS works in coffee workflow,"pre-opening, kitchen-forward café concept",How does a kitchen display screen actually work in a café — does every drink order go to it or just food?,kitchen display system coffee shop how it works,newly aware and confused,5.0,coffee_shop_pos,Coffee shop POS systems,Regenerated 2026-04-19
gen_1776643758_00027,Prospective Coffee Shop Owner,commercial,commercial,find POS with built-in online ordering,"pre-opening, wants online orders without third-party fees","Looking for a coffee shop POS that has online ordering built in, not bolted on through a third-party app.",coffee shop POS built in online ordering no third party,practical and ready to act,5.0,coffee_shop_pos,Coffee shop POS systems,Regenerated 2026-04-19
gen_1776643758_00028,Prospective Coffee Shop Owner,educational,informational,understand payroll integration with POS,"first-time employer, opening café with 8+ staff","Can a coffee shop POS handle payroll too, or do I still need a separate HR tool for tipped employees?",coffee shop POS payroll integration tipped employees,skeptical and comparing options,5.0,coffee_shop_pos,Coffee shop POS systems,Regenerated 2026-04-19
gen_1776643758_00029,Prospective Coffee Shop Owner,research,commercial,compare monthly software costs across tiers,"cost-sensitive, pre-revenue, opening single location",What's a realistic monthly software bill for a coffee shop POS — I keep seeing wildly different prices and don't know what's normal.,coffee shop POS monthly cost pricing tiers,newly aware and confused,5.0,coffee_shop_pos,Coffee shop POS systems,Regenerated 2026-04-19
gen_1776643758_00030,Prospective Coffee Shop Owner,commercial,commercial,find POS with staff scheduling included,"pre-opening, managing first team of baristas",I need scheduling for my barista team. Which coffee shop POS systems include that without a separate subscription?,coffee shop POS with employee scheduling included,practical and ready to act,5.0,coffee_shop_pos,Coffee shop POS systems,Regenerated 2026-04-19
gen_1776643758_00031,Prospective Coffee Shop Owner,navigational,navigational,locate POS built only for coffee shops,"pre-opening, frustrated by generic restaurant software","Is there a POS built exclusively for coffee shops, not a restaurant system with a 'café mode' tacked on?",POS system built exclusively for coffee shops,skeptical and comparing options,5.0,coffee_shop_pos,Coffee shop POS systems,Regenerated 2026-04-19
gen_1776643758_00032,Multi-Location / Growth-Stage Operator,research,commercial,unified reporting across multiple coffee locations,"3-location operator, data not rolling up centrally",Running 3 coffee shops and can't get sales data in one place. What POS actually unifies multi-location reporting?,coffee shop POS multi location unified reporting,time-pressed and direct,5.0,coffee_shop_pos,Coffee shop POS systems,Regenerated 2026-04-19
gen_1776643758_00033,Multi-Location / Growth-Stage Operator,support,informational,sync menu changes across all locations,ops lead tired of updating menus four times manually,I have to update our seasonal menu four separate times across locations. Is there a coffee POS that pushes changes everywhere at once?,coffee POS system sync menu changes all locations,emotional and looking for support,5.0,coffee_shop_pos,Coffee shop POS systems,Regenerated 2026-04-19
gen_1776643758_00034,Multi-Location / Growth-Stage Operator,research,commercial,consolidated payroll for multi-location coffee staff,owner with 30+ employees across 4 shops,Payroll across four coffee shops is a nightmare right now. Which POS platforms actually handle multi-location staff payroll in one system?,coffee shop POS multi location payroll management,emotional and looking for support,5.0,coffee_shop_pos,Coffee shop POS systems,Regenerated 2026-04-19
gen_1776643758_00035,Multi-Location / Growth-Stage Operator,educational,informational,compare coffee-specific vs generic restaurant POS,growth-stage operator evaluating upgrade from generic system,"Does a coffee-specific POS actually outperform a generic restaurant POS at scale, or is that just marketing?",coffee specific POS vs generic restaurant POS comparison,curious and exploratory,5.0,coffee_shop_pos,Coffee shop POS systems,Regenerated 2026-04-19
gen_1776643758_00036,Multi-Location / Growth-Stage Operator,educational,informational,labor cost visibility across coffee shop locations,ops manager tracking labor-to-revenue ratio across formats,I need to see labor cost as a percentage of revenue per location in real time. Do coffee shop POS systems actually show that?,coffee shop POS labor cost visibility per location,time-pressed and direct,5.0,coffee_shop_pos,Coffee shop POS systems,Regenerated 2026-04-19
gen_1776643758_00037,Multi-Location / Growth-Stage Operator,research,commercial,inventory synced across drive-thru and café formats,"operator with mixed formats, inventory tracked separately",We have a drive-thru and a flagship café running separate inventory. What POS can sync stock across totally different store formats?,coffee shop POS inventory sync multiple formats drive thru cafe,curious and exploratory,5.0,coffee_shop_pos,Coffee shop POS systems,Regenerated 2026-04-19
gen_1776643758_00038,Multi-Location / Growth-Stage Operator,research,commercial,centralized loyalty program for multiple coffee shops,owner wanting one loyalty program across all locations,Customers keep asking why their points don't carry over between our locations. Which POS systems run a truly centralized coffee loyalty program?,coffee shop POS centralized loyalty program multi location,emotional and looking for support,5.0,coffee_shop_pos,Coffee shop POS systems,Regenerated 2026-04-19
gen_1776643758_00039,Multi-Location / Growth-Stage Operator,educational,informational,evaluate POS built for coffee vs broad hospitality platform,growth-stage operator researching before a platform switch,Trying to figure out if a POS built just for coffee is worth switching to versus a big hospitality platform. What's the real tradeoff?,coffee shop POS vs hospitality platform tradeoffs multi location,curious and exploratory,5.0,coffee_shop_pos,Coffee shop POS systems,Regenerated 2026-04-19
gen_1776643758_00040,Multi-Location / Growth-Stage Operator,commercial,commercial,find all-in-one POS replacing multiple tools,"operator stitching together POS, scheduling, payroll separately",We're paying for five different tools that barely talk to each other. Is there a coffee shop POS that replaces all of them?,all in one coffee shop POS replace multiple software tools,time-pressed and direct,5.0,coffee_shop_pos,Coffee shop POS systems,Regenerated 2026-04-19
gen_1776643758_00041,Multi-Location / Growth-Stage Operator,navigational,navigational,navigate to best coffee shop POS comparison resource,finance lead starting formal vendor evaluation process,Looking for a solid side-by-side breakdown of POS systems built for coffee shops with multiple locations. Where should I start?,coffee shop POS system comparison multi location operators,time-pressed and direct,5.0,coffee_shop_pos,Coffee shop POS systems,Regenerated 2026-04-19
gen_1776643758_00042,Multi-Location / Growth-Stage Operator,educational,informational,understand POS hardware needs multi-location,"ops lead scaling from 2 to 4 locations, mixed formats","Expanding to four locations with different store formats. Should each one run the same POS hardware, or does it vary?",coffee shop POS hardware multi-location different formats,detail-oriented and planning ahead,5.0,coffee_shop_pos,Coffee shop POS systems,Regenerated 2026-04-19
gen_1776643758_00043,Multi-Location / Growth-Stage Operator,research,commercial,evaluate offline mode reliability at scale,"multi-location owner, drive-thru plus café, internet outages costly",Our drive-thru loses internet a few times a month. How reliable is offline mode on coffee shop POS systems at busy locations?,coffee shop POS offline mode reliability drive-thru,skeptical and comparing options,5.0,coffee_shop_pos,Coffee shop POS systems,Regenerated 2026-04-19
gen_1776643758_00044,Multi-Location / Growth-Stage Operator,research,commercial,compare processing rates across POS platforms,"growth-stage operator, high transaction volume, margin-sensitive",Running high ticket volume across three shops. How much do processing rates actually differ between coffee-focused POS platforms versus general ones?,coffee shop POS processing rates comparison high volume,skeptical and comparing options,5.0,coffee_shop_pos,Coffee shop POS systems,Regenerated 2026-04-19
gen_1776643758_00045,Multi-Location / Growth-Stage Operator,educational,informational,centralize employee scheduling across locations,"ops manager, 8+ staff per location, scheduling done separately now",I'm managing schedules for four locations in three different apps. Do any coffee POS platforms actually include scheduling built in?,coffee shop POS with employee scheduling multi-location,newly aware and confused,5.0,coffee_shop_pos,Coffee shop POS systems,Regenerated 2026-04-19
gen_1776643758_00046,Multi-Location / Growth-Stage Operator,research,commercial,find POS with consolidated inventory management,"owner scaling to five locations, waste and over-ordering are growing problems",Waste is getting out of hand as we open more locations. Which POS systems actually track ingredient-level inventory across every store?,coffee shop POS ingredient inventory tracking multi-location,detail-oriented and planning ahead,5.0,coffee_shop_pos,Coffee shop POS systems,Regenerated 2026-04-19
gen_1776643758_00047,Multi-Location / Growth-Stage Operator,educational,informational,assess barista UX for fast-service environments,"ops lead with drive-thru and kiosk, high turnover staff",Turnover is high and training time is killing us. How fast can new baristas actually get up to speed on modern coffee POS systems?,coffee shop POS barista training ease of use,newly aware and confused,5.0,coffee_shop_pos,Coffee shop POS systems,Regenerated 2026-04-19
gen_1776643758_00048,Multi-Location / Growth-Stage Operator,research,commercial,evaluate KDS options for kitchen-forward café,growth-stage operator adding food program to flagship café,We're adding a full food menu to our flagship. Does a coffee-specific POS handle kitchen display screens as well as restaurant-focused platforms do?,coffee shop POS kitchen display system KDS food menu,skeptical and comparing options,5.0,coffee_shop_pos,Coffee shop POS systems,Regenerated 2026-04-19
gen_1776643758_00049,Multi-Location / Growth-Stage Operator,navigational,navigational,locate POS built specifically for coffee operators,"ops lead just starting research, unfamiliar with coffee-specific options","Just started looking into this — are there POS systems built specifically for coffee shops, or is it all just general restaurant software?",POS system built specifically for coffee shops,newly aware and confused,5.0,coffee_shop_pos,Coffee shop POS systems,Regenerated 2026-04-19
gen_1776643758_00050,Multi-Location / Growth-Stage Operator,support,informational,understand gift card portability across locations,"multi-location owner, customers frustrated gift cards don't work everywhere",Guests are complaining that gift cards bought at one location won't scan at another. Is cross-location gift card support standard in coffee POS platforms?,coffee shop POS gift cards cross-location support,detail-oriented and planning ahead,5.0,coffee_shop_pos,Coffee shop POS systems,Regenerated 2026-04-19
gen_1776643758_00051,Multi-Location / Growth-Stage Operator,research,commercial,evaluate POS contract and switching costs,"growth-stage operator locked into current system, evaluating migration",We're locked into a contract that's not scaling well. What should I actually watch for in POS agreements before committing at multiple locations?,coffee shop POS contract terms switching costs multi-location,skeptical and comparing options,5.0,coffee_shop_pos,Coffee shop POS systems,Regenerated 2026-04-19
gen_1776643758_00052,Multi-Location / Growth-Stage Operator,research,commercial,unify reporting across multiple cafe locations,"3-location operator, data siloed per store",Sales data lives in three separate dashboards and I can't see the full picture. Do coffee POS platforms actually roll up multi-location reporting?,coffee shop POS multi location unified reporting dashboard,time-pressed and direct,5.0,coffee_shop_pos,Coffee shop POS systems,Regenerated 2026-04-19
gen_1776643758_00053,Multi-Location / Growth-Stage Operator,commercial,commercial,sync menu changes across all locations,ops lead tired of manual menu updates per store,Updating our menu takes four separate logins across four stores. Is there a coffee POS that pushes changes to every location at once?,coffee shop POS system sync menu changes all locations,time-pressed and direct,5.0,coffee_shop_pos,Coffee shop POS systems,Regenerated 2026-04-19
gen_1776643758_00054,Multi-Location / Growth-Stage Operator,support,commercial,consolidate payroll across cafe formats,"multi-format operator, café plus drive-thru plus kiosk","Running payroll across a café, drive-thru, and kiosk every week is exhausting. Do any coffee POS systems actually handle payroll built in?",coffee shop POS built in payroll multi location,emotional and looking for support,5.0,coffee_shop_pos,Coffee shop POS systems,Regenerated 2026-04-19
gen_1776643758_00055,Multi-Location / Growth-Stage Operator,research,informational,evaluate loyalty program across locations,growth-stage operator expanding to 4th location,Our loyalty points don't carry across stores and guests notice. How do coffee-specific POS platforms handle centralized loyalty at multiple locations?,coffee shop POS centralized loyalty program multi location,curious and exploratory,5.0,coffee_shop_pos,Coffee shop POS systems,Regenerated 2026-04-19
gen_1776643758_00056,Multi-Location / Growth-Stage Operator,educational,informational,understand labor cost visibility by location,"finance lead, labor costs varying wildly per store",Labor costs look completely different at each of our three stores and I can't tell why. Can coffee POS systems break down labor percentage by location?,coffee POS labor cost reporting by location,emotional and looking for support,5.0,coffee_shop_pos,Coffee shop POS systems,Regenerated 2026-04-19
gen_1776643758_00057,Multi-Location / Growth-Stage Operator,commercial,commercial,find POS built for drive-thru coffee operations,"operator adding second drive-thru, needs format-specific tools",Opening a second drive-thru and our current POS feels like it's fighting us. Are there coffee POS platforms actually designed around drive-thru workflows?,coffee shop POS system drive thru workflow,curious and exploratory,5.0,coffee_shop_pos,Coffee shop POS systems,Regenerated 2026-04-19
gen_1776643758_00058,Multi-Location / Growth-Stage Operator,educational,informational,compare all-in-one vs stacked tools for coffee ops,ops manager evaluating platform consolidation at 3 locations,We're stitching together five tools just to run three shops. Is an all-in-one coffee POS actually worth switching to at this stage?,all in one coffee shop POS vs multiple tools multi location,curious and exploratory,5.0,coffee_shop_pos,Coffee shop POS systems,Regenerated 2026-04-19
gen_1776643758_00059,Mobile / Specialty Format Operator,research,commercial,find all-in-one software for coffee truck,coffee truck operator tired of juggling multiple apps,"Running a coffee truck with four separate apps for orders, payroll, and loyalty. Is there one platform that handles all of it?",all in one software coffee truck pos payroll loyalty,frustrated and overwhelmed,5.0,all_in_one_operating_system,All-in-one coffee shop operating system,Regenerated 2026-04-19
gen_1776643758_00060,Mobile / Specialty Format Operator,educational,informational,understand offline mode reliability for mobile POS,pop-up operator at markets with spotty wifi,What actually happens to my transaction data if the POS goes offline mid-event at a busy market?,mobile pos offline mode transaction reliability outdoor events,curious and exploratory,5.0,all_in_one_operating_system,All-in-one coffee shop operating system,Regenerated 2026-04-19
gen_1776643758_00061,Mobile / Specialty Format Operator,research,commercial,evaluate compact hardware for drive-thru kiosk,drive-thru operator wanting line-busting second screen,Drive-thru moving 200+ cars daily — what compact kiosk hardware actually speeds up the line without needing a full counter setup?,drive thru kiosk hardware line busting compact pos,practical and ready to act,5.0,all_in_one_operating_system,All-in-one coffee shop operating system,Regenerated 2026-04-19
gen_1776643758_00062,Mobile / Specialty Format Operator,commercial,commercial,consolidate scheduling and payroll for small coffee team,mobile coffee operator with 10 part-time staff,I'm manually reconciling hours from three different apps every payday. Is there a coffee-specific system that connects scheduling straight to payroll?,coffee shop scheduling payroll integrated system small team,frustrated and overwhelmed,5.0,all_in_one_operating_system,All-in-one coffee shop operating system,Regenerated 2026-04-19
gen_1776643758_00063,Mobile / Specialty Format Operator,educational,informational,quick event setup teardown POS workflow,pop-up coffee operator doing weekend farmers markets,Doing five markets a month — what should a fast setup and teardown POS workflow actually look like for a pop-up coffee operation?,pop up coffee pos fast setup teardown farmers market,practical and ready to act,5.0,all_in_one_operating_system,All-in-one coffee shop operating system,Regenerated 2026-04-19
gen_1776643758_00064,Mobile / Specialty Format Operator,educational,informational,understand integrated inventory for mobile coffee,coffee truck operator losing track of bean and milk stock,How does inventory tracking even work on a coffee truck — can a POS system actually monitor ingredient levels in real time on the road?,coffee truck inventory tracking pos real time ingredients,curious and exploratory,5.0,all_in_one_operating_system,All-in-one coffee shop operating system,Regenerated 2026-04-19
gen_1776643758_00065,Mobile / Specialty Format Operator,commercial,commercial,find coffee-specific POS with online ordering built in,drive-thru operator wanting pre-orders to cut wait time,Want customers to pre-order before pulling up to the window. Which POS systems have online ordering built in natively for drive-thrus?,drive thru pos online ordering built in pre order,practical and ready to act,5.0,all_in_one_operating_system,All-in-one coffee shop operating system,Regenerated 2026-04-19
gen_1776643758_00066,Mobile / Specialty Format Operator,research,informational,assess total cost of stitched tools vs unified platform,kiosk operator paying for five separate subscriptions,"Paying for separate apps for POS, loyalty, email, and scheduling. At what point does one integrated platform actually save money?",integrated coffee shop platform cost vs multiple app subscriptions,curious and exploratory,5.0,all_in_one_operating_system,All-in-one coffee shop operating system,Regenerated 2026-04-19
gen_1776643758_00067,Mobile / Specialty Format Operator,support,navigational,locate support resources for mobile coffee POS,coffee truck operator needing help during weekend rush,My POS froze during Saturday rush and support took hours to respond. Where do mobile coffee operators find systems with real 24/7 help?,coffee pos 24 7 support mobile operator reliability,frustrated and overwhelmed,5.0,all_in_one_operating_system,All-in-one coffee shop operating system,Regenerated 2026-04-19
gen_1776643758_00068,Mobile / Specialty Format Operator,educational,informational,understand loyalty program options for drive-thru format,drive-thru operator with no customer data capture,Drive-thru customers vanish after paying — how do operators actually capture loyalty sign-ups when there's no face-to-face counter interaction?,drive thru coffee loyalty program customer capture no counter,curious and exploratory,5.0,all_in_one_operating_system,All-in-one coffee shop operating system,Regenerated 2026-04-19
gen_1776643758_00069,Mobile / Specialty Format Operator,educational,informational,offline POS reliability for mobile events,"pop-up coffee operator, unreliable venue wifi",I keep losing sales at markets when wifi drops. What should I actually look for in a POS that works offline?,coffee pop-up POS offline mode reliable,frustrated and overwhelmed,5.0,all_in_one_operating_system,All-in-one coffee shop operating system,Regenerated 2026-04-19
gen_1776643758_00070,Mobile / Specialty Format Operator,research,commercial,consolidate multi-app stack into one system,coffee truck operator juggling 5+ tools,"Stitching together separate apps for orders, loyalty, and payroll is killing me. Is an all-in-one system actually worth switching to?",all in one coffee shop operating system replace multiple apps,skeptical and comparing options,5.0,all_in_one_operating_system,All-in-one coffee shop operating system,Regenerated 2026-04-19
gen_1776643758_00071,Mobile / Specialty Format Operator,commercial,commercial,find tablet-first POS built for drive-thru,drive-thru operator needing compact checkout hardware,"Looking for a tablet-based POS built specifically for drive-thrus — compact, fast checkout, no bulky counter hardware required.",tablet POS system drive thru coffee compact hardware,practical and ready to act,5.0,all_in_one_operating_system,All-in-one coffee shop operating system,Regenerated 2026-04-19
gen_1776643758_00072,Mobile / Specialty Format Operator,navigational,navigational,find coffee-specific all-in-one platform,kiosk operator researching integrated software options,"Which platforms are actually built for coffee kiosks and combine scheduling, inventory, and POS in one place?",coffee kiosk all in one POS scheduling inventory platform,skeptical and comparing options,5.0,all_in_one_operating_system,All-in-one coffee shop operating system,Regenerated 2026-04-19
gen_1776643758_00073,Single-Location Café Owner,research,commercial,understand all-in-one POS value,single café owner tired of juggling separate tools,I'm paying for four different apps just to run one coffee shop. Is there a POS that handles everything?,all in one coffee shop POS software integrated,frustrated and overwhelmed,5.0,coffee_shop_pos,Coffee shop POS systems,Regenerated 2026-04-19
gen_1776643758_00074,Single-Location Café Owner,educational,informational,estimate true POS switching cost,"owner on legacy POS, slow season, planning upgrade","Trying to figure out what switching my café POS actually costs — hardware, fees, training time. What am I missing?",cost of switching coffee shop POS system,detail-oriented and planning ahead,5.0,coffee_shop_pos,Coffee shop POS systems,Regenerated 2026-04-19
gen_1776643758_00075,Single-Location Café Owner,educational,informational,find coffee-specific POS features,"frustrated owner, current POS built for restaurants not cafés",My POS feels like it was designed for restaurants. What does a coffee-specific POS actually do differently?,coffee shop POS vs restaurant POS differences,frustrated and overwhelmed,5.0,coffee_shop_pos,Coffee shop POS systems,Regenerated 2026-04-19
gen_1776643758_00076,Single-Location Café Owner,research,commercial,compare POS processing rates for small café,single-location owner watching margins closely,Running a small café with tight margins — how do processing rates actually differ across coffee shop POS systems?,coffee shop POS processing rates comparison small cafe,detail-oriented and planning ahead,5.0,coffee_shop_pos,Coffee shop POS systems,Regenerated 2026-04-19
gen_1776643758_00077,Single-Location Café Owner,research,commercial,find POS with built-in loyalty for cafés,"owner using separate loyalty app, wants consolidation",I'm done paying for a separate loyalty app. Which café POS systems have loyalty actually built in — not just integrated?,coffee shop POS built in loyalty program,frustrated and overwhelmed,5.0,coffee_shop_pos,Coffee shop POS systems,Regenerated 2026-04-19
gen_1776643758_00078,Single-Location Café Owner,support,informational,assess barista learning curve for new POS,"small team, owner worried about staff adoption",Nervous my baristas won't adapt to a new POS mid-season. How long does it realistically take a café team to get comfortable?,coffee shop POS barista training time staff adoption,emotional and looking for support,5.0,coffee_shop_pos,Coffee shop POS systems,Regenerated 2026-04-19
gen_1776643758_00079,Single-Location Café Owner,research,commercial,find café POS with scheduling and payroll,owner manually doing payroll in spreadsheets,Still doing payroll in spreadsheets for my six-person café team. Is there a POS that actually handles scheduling and payroll too?,coffee shop POS with payroll and scheduling,frustrated and overwhelmed,5.0,coffee_shop_pos,Coffee shop POS systems,Regenerated 2026-04-19
gen_1776643758_00080,Single-Location Café Owner,educational,informational,evaluate offline mode reliability for café POS,"owner in area with spotty internet, can't afford downtime",Our internet drops a few times a week. Which café POS systems keep working offline without losing orders or payment data?,coffee shop POS offline mode reliability,detail-oriented and planning ahead,5.0,coffee_shop_pos,Coffee shop POS systems,Regenerated 2026-04-19
gen_1776643758_00081,Single-Location Café Owner,navigational,navigational,find community reviews of café POS systems,owner researching in Reddit and Facebook groups,Where are other independent café owners actually talking about which POS systems they use and what they'd change?,independent coffee shop owner POS reviews community forum,emotional and looking for support,5.0,coffee_shop_pos,Coffee shop POS systems,Regenerated 2026-04-19
gen_1776643758_00082,Single-Location Café Owner,educational,informational,understand café POS hardware requirements and cost,owner budgeting full POS setup from scratch,Budgeting a full POS setup for my café from zero. What hardware do I actually need and what does it typically run?,coffee shop POS hardware setup cost what you need,detail-oriented and planning ahead,5.0,coffee_shop_pos,Coffee shop POS systems,Regenerated 2026-04-19
gen_1776643758_00083,Single-Location Café Owner,educational,informational,understand what POS data coffee shops actually need,"single-location café owner, runs on legacy POS, curious about analytics",What sales reports and data should a café owner actually be looking at weekly from their POS?,coffee shop POS reports sales data analytics,curious and exploratory,5.0,coffee_shop_pos,Coffee shop POS systems,Regenerated 2026-04-19
gen_1776643758_00084,Single-Location Café Owner,research,commercial,evaluate all-in-one vs best-of-breed software stack,"owner paying for 4+ separate tools, considering consolidation",Is one all-in-one platform actually better than piecing together the best app for each thing my café needs?,all in one cafe software vs separate tools POS,curious and exploratory,5.0,coffee_shop_pos,Coffee shop POS systems,Regenerated 2026-04-19
gen_1776643758_00085,Single-Location Café Owner,commercial,commercial,find coffee-specific POS built for counter service,café owner frustrated that current POS is restaurant-oriented,Looking for a POS built around counter service and coffee — not table management or full restaurant workflows.,counter service coffee shop POS system,newly aware and confused,5.0,coffee_shop_pos,Coffee shop POS systems,Regenerated 2026-04-19
gen_1776643758_00086,Single-Location Café Owner,educational,informational,understand how café loyalty programs work inside a POS,"single-location owner, never had a loyalty program, researching options",How does a built-in café loyalty program actually work at the POS — do customers sign up on the spot?,coffee shop POS built in loyalty program how it works,newly aware and confused,5.0,coffee_shop_pos,Coffee shop POS systems,Regenerated 2026-04-19
gen_1776643758_00087,Single-Location Café Owner,research,commercial,compare online ordering options for small cafés,"café owner with no online ordering, wants to add it without a third-party app",Can a café POS handle direct online ordering without going through a third-party delivery platform taking a cut?,coffee shop POS direct online ordering no third party,detail-oriented and planning ahead,5.0,coffee_shop_pos,Coffee shop POS systems,Regenerated 2026-04-19
gen_1776643758_00088,Single-Location Café Owner,navigational,navigational,find POS systems designed for independent coffee shops,"owner actively searching, wants category-specific software not generic retail",Which POS systems are actually made for independent coffee shops rather than generic retail or restaurant businesses?,POS system designed for independent coffee shops,curious and exploratory,5.0,coffee_shop_pos,Coffee shop POS systems,Regenerated 2026-04-19
gen_1776643758_00089,Single-Location Café Owner,educational,informational,understand how café inventory tracking works in a POS,"owner manually tracking milk and syrups, wants automation",I'm tracking espresso and milk usage by hand. Can a café POS actually manage ingredient-level inventory automatically?,coffee shop POS ingredient inventory tracking,detail-oriented and planning ahead,5.0,coffee_shop_pos,Coffee shop POS systems,Regenerated 2026-04-19
gen_1776643758_00090,Single-Location Café Owner,research,commercial,evaluate POS customer support quality before switching,café owner worried about being stranded if something breaks during a rush,"If my POS crashes during a Saturday morning rush, what kind of live support can I realistically expect to get?",coffee shop POS customer support live help reliability,detail-oriented and planning ahead,5.0,coffee_shop_pos,Coffee shop POS systems,Regenerated 2026-04-19
gen_1776643758_00091,Single-Location Café Owner,educational,informational,understand café POS contract and cancellation terms,owner nervous about getting locked into a long contract,"Do most café POS companies lock you into annual contracts, or is month-to-month actually an option now?",coffee shop POS contract terms month to month,newly aware and confused,5.0,coffee_shop_pos,Coffee shop POS systems,Regenerated 2026-04-19
gen_1776643758_00092,Single-Location Café Owner,navigational,navigational,find reviews of coffee shop POS from real operators,"single-location owner doing pre-purchase research, distrusts vendor sites",Where can I find honest reviews of café POS systems from actual coffee shop owners — not vendor marketing pages?,coffee shop POS reviews independent cafe owners,curious and exploratory,5.0,coffee_shop_pos,Coffee shop POS systems,Regenerated 2026-04-19
gen_1776643758_00093,Single-Location Café Owner,educational,informational,understand POS processing rate true cost,"single-location café owner, comparing flat-rate vs interchange pricing",My café does about $15K a month in sales. How much does the difference in POS processing rates actually cost me?,coffee shop POS processing rates flat rate vs interchange cost,practical and ready to act,5.0,coffee_shop_pos,Coffee shop POS systems,Regenerated 2026-04-19
gen_1776643758_00094,Single-Location Café Owner,commercial,commercial,evaluate POS hardware cost for café,"owner upgrading from tablet-based setup, counter service","Trying to figure out what POS hardware actually costs for a small café — terminal, printer, card reader. What am I realistically spending?",coffee shop POS hardware cost terminal card reader,practical and ready to act,5.0,coffee_shop_pos,Coffee shop POS systems,Regenerated 2026-04-19
gen_1776643758_00095,Single-Location Café Owner,educational,informational,assess barista POS learning curve,"owner switching POS, high barista turnover, counter service",My staff turns over a lot. How long does it actually take a new barista to get comfortable on a modern café POS?,barista POS training time learning curve coffee shop,skeptical and comparing options,5.0,coffee_shop_pos,Coffee shop POS systems,Regenerated 2026-04-19
gen_1776643758_00096,Single-Location Café Owner,research,commercial,find POS with built-in scheduling and payroll,frustrated owner juggling four separate tools,I'm paying for four different apps just to run one café. Is there a POS that actually handles scheduling and payroll too?,coffee shop POS with scheduling payroll built in,frustrated and overwhelmed,5.0,coffee_shop_pos,Coffee shop POS systems,Regenerated 2026-04-19
gen_1776643758_00097,Single-Location Café Owner,educational,informational,compare generic POS vs coffee-specific POS,"owner on generic retail POS, considering switch","Generic POS works fine for retail — but is a coffee-specific POS actually meaningfully different for a café, or just marketing?",coffee specific POS vs generic retail POS difference café,skeptical and comparing options,5.0,coffee_shop_pos,Coffee shop POS systems,Regenerated 2026-04-19
gen_1776643758_00098,Single-Location Café Owner,support,informational,understand POS offline mode reliability,"café owner in area with spotty internet, counter service","Our internet drops a few times a week. Can café POS systems actually keep taking payments offline, or does everything just stop?",coffee shop POS offline mode payments reliability,frustrated and overwhelmed,5.0,coffee_shop_pos,Coffee shop POS systems,Regenerated 2026-04-19
gen_1776643758_00099,Single-Location Café Owner,research,commercial,evaluate total monthly cost of café POS stack,"single-location owner, currently stitching 3-4 tools together","Between my POS, loyalty app, scheduling tool, and email list — what should a café realistically budget monthly for software?",coffee shop POS total monthly software cost all in one,practical and ready to act,5.0,coffee_shop_pos,Coffee shop POS systems,Regenerated 2026-04-19
gen_1776643758_00100,Single-Location Café Owner,navigational,navigational,find coffee shop POS comparison resource,"owner starting research, wants unbiased side-by-side",Looking for an honest side-by-side breakdown of POS systems built for coffee shops — not a generic 'best restaurant POS' listicle.,coffee shop POS system comparison independent café,skeptical and comparing options,5.0,coffee_shop_pos,Coffee shop POS systems,Regenerated 2026-04-19
gen_1776643758_00101,Single-Location Café Owner,support,informational,assess how long a POS migration takes,busy owner afraid of downtime during switch,How disruptive is switching POS systems for a small café? I can't afford downtime — how long does migration actually take?,switching POS systems coffee shop migration time downtime,frustrated and overwhelmed,5.0,coffee_shop_pos,Coffee shop POS systems,Regenerated 2026-04-19
gen_1776643758_00102,Single-Location Café Owner,commercial,commercial,evaluate POS gift card functionality for café,owner wanting to launch gift cards before the holidays,I want to sell physical and digital gift cards before the holidays. Do café POS systems handle that natively or is it another add-on?,coffee shop POS gift cards physical digital built in,practical and ready to act,5.0,coffee_shop_pos,Coffee shop POS systems,Regenerated 2026-04-19
gen_1776643758_00103,Single-Location Café Owner,educational,informational,evaluate coffee-specific POS vs generic restaurant POS,"single-location café owner, currently on legacy system, researching upgrade","I run a counter-service café. What features should a POS actually have that's built for coffee, not just restaurants?",coffee shop POS features vs generic restaurant POS,curious and exploratory,5.0,coffee_shop_pos,Coffee shop POS systems,Regenerated 2026-04-19
gen_1776643758_00104,Single-Location Café Owner,research,commercial,find all-in-one POS replacing fragmented stack,"owner-operator, single location, frustrated by multiple disconnected tools","Done stitching together separate apps for loyalty, scheduling, and orders. Is there one café POS that actually replaces all of them?",all in one cafe POS loyalty scheduling payroll integrated,time-pressed and direct,5.0,coffee_shop_pos,Coffee shop POS systems,Regenerated 2026-04-19
gen_1776643758_00105,Single-Location Café Owner,research,commercial,consolidate fragmented coffee shop tools,"solo owner, running 4+ disconnected SaaS tools","I'm paying for separate POS, scheduling, payroll, and loyalty apps. Is there one system built for coffee shops?",all in one coffee shop management software integrated,time-pressed and direct,5.0,all_in_one_operating_system,All-in-one coffee shop operating system,Regenerated 2026-04-19
gen_1776643758_00106,Single-Location Café Owner,educational,informational,calculate true cost of stitched software stack,"single-location café, monthly SaaS bills adding up","What does it actually cost per month when you add up POS, payroll, scheduling, and loyalty for a small café?",coffee shop software stack total monthly cost,curious and exploratory,5.0,all_in_one_operating_system,All-in-one coffee shop operating system,Regenerated 2026-04-19
gen_1776643758_00107,Single-Location Café Owner,research,commercial,find coffee-specific all-in-one operating platform,"owner frustrated with generic POS, wants coffee workflow",Looking for a platform built specifically for coffee shops — not a generic restaurant system. Does that exist?,coffee shop specific operating system POS platform,curious and exploratory,5.0,all_in_one_operating_system,All-in-one coffee shop operating system,Regenerated 2026-04-19
gen_1776643758_00108,Single-Location Café Owner,support,informational,understand switching friction from current POS,"single-location owner, 6 employees, nervous about migration",How painful is it actually to switch POS systems mid-season? I have 6 baristas and can't afford downtime.,coffee shop POS migration switching downtime risk,emotional and looking for support,5.0,all_in_one_operating_system,All-in-one coffee shop operating system,Regenerated 2026-04-19
gen_1776643758_00109,Single-Location Café Owner,educational,informational,evaluate integrated loyalty vs standalone app,"café owner, loyalty program on separate platform","My loyalty program doesn't talk to my POS. Is built-in loyalty worth switching systems over, or is that overkill?",integrated POS loyalty program coffee shop worth switching,curious and exploratory,5.0,all_in_one_operating_system,All-in-one coffee shop operating system,Regenerated 2026-04-19
gen_1776643758_00110,Single-Location Café Owner,educational,informational,assess all-in-one vs best-of-breed for small café,"owner-operator, researching during slow season",All-in-one coffee operating system vs picking the best individual tools — what do small independent cafés actually prefer?,all in one vs separate tools coffee shop software,curious and exploratory,5.0,all_in_one_operating_system,All-in-one coffee shop operating system,Regenerated 2026-04-19
gen_1776643758_00111,Single-Location Café Owner,commercial,commercial,find platform with payroll and scheduling built in,"café owner manually running payroll, using paper schedules",I'm still doing payroll manually and scheduling on paper. Is there a coffee shop system that handles all of that too?,coffee shop POS with payroll scheduling built in,emotional and looking for support,5.0,all_in_one_operating_system,All-in-one coffee shop operating system,Regenerated 2026-04-19
gen_1776643758_00112,Single-Location Café Owner,research,commercial,compare online ordering integration options,"single-location café, losing margin to third-party apps",Third-party delivery is eating my margins. Which coffee shop platforms include native online ordering without commission fees?,coffee shop POS native online ordering no commission,time-pressed and direct,5.0,all_in_one_operating_system,All-in-one coffee shop operating system,Regenerated 2026-04-19
gen_1776643758_00113,Single-Location Café Owner,educational,informational,understand inventory management for coffee shops,owner losing track of waste and variance across menu,My food and coffee waste is out of control. Can an integrated system actually help track inventory at the ingredient level?,coffee shop inventory management integrated POS ingredient level,emotional and looking for support,5.0,all_in_one_operating_system,All-in-one coffee shop operating system,Regenerated 2026-04-19
gen_1776643758_00114,Single-Location Café Owner,commercial,commercial,find barista-friendly POS with fast onboarding,"high-turnover café, owner re-training staff constantly",I train new baristas every few months. What coffee shop POS systems are fast to learn without owner hand-holding?,easy to learn coffee shop POS fast staff training,time-pressed and direct,5.0,all_in_one_operating_system,All-in-one coffee shop operating system,Regenerated 2026-04-19
gen_1776643758_00115,Single-Location Café Owner,research,commercial,understand all-in-one vs fragmented stack,"single-location café owner, using 4+ disconnected tools",Running a café on four different apps that don't talk to each other. Is consolidating into one system actually worth it?,all in one coffee shop software vs multiple tools,skeptical and comparing options,5.0,all_in_one_operating_system,All-in-one coffee shop operating system,Regenerated 2026-04-19
gen_1776643758_00116,Single-Location Café Owner,educational,informational,find coffee-specific operating system,owner frustrated generic POS misses coffee workflows,Generic restaurant software never fits how a coffee shop actually runs. Are there platforms built exclusively for cafés?,software built specifically for coffee shops not restaurants,frustrated and overwhelmed,5.0,all_in_one_operating_system,All-in-one coffee shop operating system,Regenerated 2026-04-19
gen_1776643758_00117,Single-Location Café Owner,research,commercial,evaluate integrated payroll and scheduling,"café owner manually handling payroll, 6 part-time baristas",Payroll takes me three hours every two weeks. Can a coffee shop operating system fold that in with scheduling automatically?,coffee shop POS with built in payroll and scheduling,frustrated and overwhelmed,5.0,all_in_one_operating_system,All-in-one coffee shop operating system,Regenerated 2026-04-19
gen_1776643758_00118,Single-Location Café Owner,educational,informational,learn what all-in-one coffee OS includes,"newly aware owner, just heard the term for the first time",Keep seeing 'coffee shop operating system' mentioned online. What does that actually include compared to a regular POS?,what is a coffee shop operating system features,newly aware and confused,5.0,all_in_one_operating_system,All-in-one coffee shop operating system,Regenerated 2026-04-19
gen_1776643758_00119,Single-Location Café Owner,support,informational,assess real switching timeline,single-location owner nervous about disrupting busy service,How long does it realistically take to fully migrate from a fragmented tool stack to one integrated coffee shop platform?,how long to switch coffee shop software systems migration,skeptical and comparing options,5.0,all_in_one_operating_system,All-in-one coffee shop operating system,Regenerated 2026-04-19
gen_1776643758_00120,Single-Location Café Owner,research,commercial,compare total fees across integrated vs separate tools,owner calculating monthly software spend across five subscriptions,I'm at $400/month across five different tools. Does consolidating into one coffee platform actually save money or just move costs around?,coffee shop all in one platform cost vs separate subscriptions,skeptical and comparing options,5.0,all_in_one_operating_system,All-in-one coffee shop operating system,Regenerated 2026-04-19
gen_1776643758_00121,Single-Location Café Owner,educational,informational,find integrated loyalty tied to POS,"newly aware owner, loyalty app not syncing with sales data",Never realized POS and loyalty could share the same database. How does that actually work in a single coffee shop system?,integrated POS and loyalty system coffee shop how it works,newly aware and confused,5.0,all_in_one_operating_system,All-in-one coffee shop operating system,Regenerated 2026-04-19
gen_1776643758_00122,Single-Location Café Owner,navigational,navigational,locate coffee-specific platform review or comparison,owner researching during slow season before spring switch,"Looking for honest comparisons of integrated coffee shop platforms, not generic software review sites. Where do operators actually discuss this?",coffee shop operator reviews integrated POS platform comparison,newly aware and confused,5.0,all_in_one_operating_system,All-in-one coffee shop operating system,Regenerated 2026-04-19
gen_1776643758_00123,Single-Location Café Owner,research,commercial,assess email and SMS marketing inside coffee platform,"café owner using separate Mailchimp account, low open rates",My marketing emails feel disconnected from my actual customer data. Do integrated coffee platforms handle SMS and email built in?,coffee shop platform built in email SMS marketing POS data,frustrated and overwhelmed,5.0,all_in_one_operating_system,All-in-one coffee shop operating system,Regenerated 2026-04-19
gen_1776643758_00124,Single-Location Café Owner,educational,informational,understand kitchen display integration in café context,"kitchen-forward café owner, tickets getting lost on paper",We're losing tickets between the counter and kitchen constantly. Does an all-in-one café system include a KDS that connects to the POS?,coffee shop all in one system KDS kitchen display POS integration,frustrated and overwhelmed,5.0,all_in_one_operating_system,All-in-one coffee shop operating system,Regenerated 2026-04-19
gen_1776643758_00125,Single-Location Café Owner,educational,informational,evaluate kiosk integration with POS,"single-location café owner, counter-service, exploring self-order options",Thinking about adding a self-order kiosk. Does it actually sync live with the POS or is that a separate setup?,coffee shop kiosk POS integration all-in-one,curious and exploratory,5.0,all_in_one_operating_system,All-in-one coffee shop operating system,Regenerated 2026-04-19
gen_1776643758_00126,Single-Location Café Owner,research,commercial,understand loyalty tied to online ordering,"indie café owner, currently using disconnected loyalty app",Customers ordering online never get loyalty points. Can one platform actually tie those two together seamlessly for a café?,coffee shop loyalty online ordering integrated platform,practical and ready to act,5.0,all_in_one_operating_system,All-in-one coffee shop operating system,Regenerated 2026-04-19
gen_1776643758_00127,Single-Location Café Owner,support,informational,assess barista learning curve for new system,"owner-operator, worried about staff adoption during busy season",How fast do baristas typically get comfortable on a brand-new all-in-one café system? Days or weeks?,coffee shop POS staff training time new system,time-pressed and direct,5.0,all_in_one_operating_system,All-in-one coffee shop operating system,Regenerated 2026-04-19
gen_1776643758_00128,Single-Location Café Owner,research,commercial,find coffee-specific inventory management,"single café, tracking espresso beans and syrups manually",Tracking inventory in a spreadsheet is killing me. Is there a café-specific system that handles coffee ingredients without a workaround?,coffee shop inventory management integrated POS system,time-pressed and direct,5.0,all_in_one_operating_system,All-in-one coffee shop operating system,Regenerated 2026-04-19
gen_1776643758_00129,Single-Location Café Owner,commercial,commercial,compare total monthly cost of consolidated platform,"café owner, evaluating switching from fragmented stack","What fees should I actually expect from an all-in-one coffee platform — flat monthly rate, per-transaction, or both?",all-in-one coffee shop software pricing fees monthly,practical and ready to act,5.0,all_in_one_operating_system,All-in-one coffee shop operating system,Regenerated 2026-04-19
gen_1776643758_00130,Single-Location Café Owner,educational,informational,understand branded customer app for small café,"single-location indie café, no app presence currently","Do small single-location cafés actually get their own branded customer app, or is that only for chains?",branded app small independent coffee shop platform,curious and exploratory,5.0,all_in_one_operating_system,All-in-one coffee shop operating system,Regenerated 2026-04-19
gen_1776643758_00131,Single-Location Café Owner,navigational,navigational,find operator community discussing integrated café software,"café owner researching during slow season, trusts peer reviews",Where are independent café owners actually talking about switching to integrated platforms? Looking for real operator opinions.,coffee shop owner forum integrated POS software reviews,curious and exploratory,5.0,all_in_one_operating_system,All-in-one coffee shop operating system,Regenerated 2026-04-19
gen_1776643758_00132,Single-Location Café Owner,research,commercial,evaluate scheduling tied to sales data,"single café, scheduling manually, overstaffing on slow days",I'm constantly overstaffed on Tuesdays. Can a café operating system schedule shifts based on actual sales patterns?,coffee shop scheduling based on sales data integrated system,practical and ready to act,5.0,all_in_one_operating_system,All-in-one coffee shop operating system,Regenerated 2026-04-19
gen_1776643758_00133,Single-Location Café Owner,educational,informational,clarify gift card functionality in integrated system,"café owner, currently using third-party gift card provider",My gift cards are on a totally separate system. Do all-in-one café platforms fold gift cards in natively?,coffee shop gift card integrated POS all-in-one,time-pressed and direct,5.0,all_in_one_operating_system,All-in-one coffee shop operating system,Regenerated 2026-04-19
gen_1776643758_00134,Single-Location Café Owner,support,informational,gauge 24/7 support reliability for café software,"owner-operator, terrified of POS downtime during morning rush","If my system crashes at 6am on a Saturday, what does real support actually look like for a café platform?",coffee shop POS 24 7 support reliability downtime,time-pressed and direct,5.0,all_in_one_operating_system,All-in-one coffee shop operating system,Regenerated 2026-04-19
gen_1776643758_00135,Single-Location Café Owner,research,commercial,understand all-in-one vs fragmented stack cost,"single-location café owner, paying for 4+ separate tools","Running POS, payroll, scheduling, and loyalty as four separate bills. Is one integrated café system actually cheaper?",all in one coffee shop software vs multiple tools cost,practical and ready to act,5.0,all_in_one_operating_system,All-in-one coffee shop operating system,Regenerated 2026-04-19
gen_1776643758_00136,Single-Location Café Owner,educational,informational,learn what all-in-one café OS actually includes,"newly aware owner-operator, unfamiliar with integrated platforms",I keep seeing 'all-in-one operating system for coffee shops' — what does that actually mean? What's included?,all in one coffee shop operating system what is included,newly aware and confused,5.0,all_in_one_operating_system,All-in-one coffee shop operating system,Regenerated 2026-04-19
gen_1776643758_00137,Multi-Location / Growth-Stage Operator,educational,informational,unified reporting across multiple coffee locations,"ops lead, 3 locations, data won't roll up",Running 3 coffee shops and my reporting is a mess. How do I get unified sales and labor data across all locations?,multi location coffee shop unified reporting system,time-pressed and direct,5.0,all_in_one_operating_system,All-in-one coffee shop operating system,Regenerated 2026-04-19
gen_1776643758_00138,Multi-Location / Growth-Stage Operator,research,commercial,menu sync across multiple locations,"4-location operator, making menu changes 4 times",Every menu price change I make has to be entered four separate times. Is there a coffee system that pushes updates to all locations at once?,coffee shop POS menu sync multiple locations,time-pressed and direct,5.0,all_in_one_operating_system,All-in-one coffee shop operating system,Regenerated 2026-04-19
gen_1776643758_00139,Multi-Location / Growth-Stage Operator,educational,informational,evaluate all-in-one vs stitched tool stack,"growth-stage operator, 2 locations expanding to 4","At what point does running separate tools for POS, payroll, and scheduling actually cost more than an all-in-one platform for coffee shops?",all in one coffee shop software vs separate tools cost comparison,curious and exploratory,5.0,all_in_one_operating_system,All-in-one coffee shop operating system,Regenerated 2026-04-19
gen_1776643758_00140,Multi-Location / Growth-Stage Operator,educational,informational,consolidate payroll across coffee shop locations,"3 drive-thrus, payroll split across two tools","Payroll across my three drive-thrus is a nightmare — different tools, different exports. What does a consolidated payroll setup actually look like for multi-location coffee?",multi location coffee shop consolidated payroll software,detail-oriented and planning ahead,5.0,all_in_one_operating_system,All-in-one coffee shop operating system,Regenerated 2026-04-19
gen_1776643758_00141,Multi-Location / Growth-Stage Operator,research,commercial,find integrated coffee shop operating platform,ops manager evaluating software for 4-location group,"Looking for a single platform built specifically for coffee shops that handles POS, online ordering, loyalty, and payroll. Does that actually exist?",all in one coffee shop operating system POS loyalty payroll,curious and exploratory,5.0,all_in_one_operating_system,All-in-one coffee shop operating system,Regenerated 2026-04-19
gen_1776643758_00142,Multi-Location / Growth-Stage Operator,educational,informational,centralize loyalty program across locations,owner with flagship café plus two kiosks,My customers earn loyalty points at one location but can't use them at my other two. How do multi-location coffee operators centralize loyalty?,centralized loyalty program multi location coffee shop,detail-oriented and planning ahead,5.0,all_in_one_operating_system,All-in-one coffee shop operating system,Regenerated 2026-04-19
gen_1776643758_00143,Multi-Location / Growth-Stage Operator,research,commercial,compare multi-location coffee software options,"finance lead, 3-location group, annual software review",Finance lead here — we're reviewing our entire software stack for a 3-location coffee group. Which platforms are actually built for multi-unit coffee operations?,best software platform multi unit coffee shop operations,detail-oriented and planning ahead,5.0,all_in_one_operating_system,All-in-one coffee shop operating system,Regenerated 2026-04-19
gen_1776643758_00144,Multi-Location / Growth-Stage Operator,research,commercial,track labor cost by location in real time,"operator with mixed formats, margins tight at drive-thru",I need to see labor cost as a percentage of sales per location in real time. Is that something an integrated coffee platform can actually do?,real time labor cost tracking per location coffee shop,time-pressed and direct,5.0,all_in_one_operating_system,All-in-one coffee shop operating system,Regenerated 2026-04-19
gen_1776643758_00145,Multi-Location / Growth-Stage Operator,educational,informational,sync inventory across coffee shop locations,"4-location operator, inventory counted separately everywhere",Inventory is being counted separately at each of my four locations with no visibility across them. How do coffee operators actually solve this at scale?,inventory management multi location coffee shop centralized,curious and exploratory,5.0,all_in_one_operating_system,All-in-one coffee shop operating system,Regenerated 2026-04-19
gen_1776643758_00146,Multi-Location / Growth-Stage Operator,navigational,navigational,find coffee-specific all-in-one platform vendor,"owner ready to switch, wants coffee-native software",Done stitching tools together. Where do I find platforms built exclusively for coffee shops — not just generic restaurant software with a coffee skin?,coffee shop specific all in one software platform,time-pressed and direct,5.0,all_in_one_operating_system,All-in-one coffee shop operating system,Regenerated 2026-04-19
gen_1776643758_00147,Multi-Location / Growth-Stage Operator,support,informational,understand multi-location data rollup options,"3-location coffee operator, ops manager involved in decision",I have three locations and my ops manager spends hours every week manually combining reports. How do other coffee operators fix this?,multi location coffee shop unified reporting system,frustrated and overwhelmed,5.0,all_in_one_operating_system,All-in-one coffee shop operating system,Regenerated 2026-04-19
gen_1776643758_00148,Multi-Location / Growth-Stage Operator,research,commercial,evaluate all-in-one vs stacked tools cost,"growth-stage operator, 4 locations, paying for 6 separate tools",Paying for six different software subscriptions across four cafés. Is consolidating into one platform actually worth the migration headache?,all in one coffee shop platform vs multiple tools cost,curious and exploratory,5.0,all_in_one_operating_system,All-in-one coffee shop operating system,Regenerated 2026-04-19
gen_1776643758_00149,Multi-Location / Growth-Stage Operator,educational,informational,find integrated scheduling and payroll for coffee,"multi-location drive-thru operator, payroll done manually","My scheduling lives in one app, payroll in another, and they never talk. What does a fully connected coffee operation actually look like?",integrated scheduling payroll coffee shop multi location,curious and exploratory,5.0,all_in_one_operating_system,All-in-one coffee shop operating system,Regenerated 2026-04-19
gen_1776643758_00150,Multi-Location / Growth-Stage Operator,support,informational,assess platform switching risk at scale,"5-location operator, mid-contract, ops team nervous about migration",Terrified of switching systems across five live locations. How do coffee operators migrate to a new platform without destroying operations?,switching coffee shop POS system multi location migration risk,emotional and looking for support,5.0,all_in_one_operating_system,All-in-one coffee shop operating system,Regenerated 2026-04-19
gen_1776643758_00151,Multi-Location / Growth-Stage Operator,research,commercial,compare platform capabilities for drive-thru coffee,"operator with flagship café plus two drive-thrus, mixed formats",Running a café and two drive-thrus under one brand. Do any coffee-specific platforms actually handle both formats from a single dashboard?,coffee shop platform cafe drive thru multi format single dashboard,curious and exploratory,5.0,all_in_one_operating_system,All-in-one coffee shop operating system,Regenerated 2026-04-19
gen_1776643758_00152,Multi-Location / Growth-Stage Operator,commercial,commercial,find coffee OS with centralized menu management,"4-location operator, seasonal menu updates are painful",Seasonal launch tomorrow and I'm dreading updating the menu manually at every location. There has to be a smarter way — what are operators using?,centralized menu management multi location coffee shop software,frustrated and overwhelmed,5.0,all_in_one_operating_system,All-in-one coffee shop operating system,Regenerated 2026-04-19
gen_1776643758_00153,Multi-Location / Growth-Stage Operator,educational,informational,understand coffee-specific vs generic restaurant software,"ops lead evaluating platforms, skeptical of restaurant-generic tools",Generic restaurant platforms keep pitching us. What actually makes a coffee-specific operating system different for a multi-location shop?,coffee specific POS software vs restaurant software differences,curious and exploratory,5.0,all_in_one_operating_system,All-in-one coffee shop operating system,Regenerated 2026-04-19
gen_1776643758_00154,Multi-Location / Growth-Stage Operator,commercial,commercial,find platform with cross-location online ordering,"3-location operator, each location has a separate ordering setup",Each of my three shops has a different online ordering link and branding. Can one platform unify all of that under a single branded experience?,unified online ordering multi location coffee shop branded,frustrated and overwhelmed,5.0,all_in_one_operating_system,All-in-one coffee shop operating system,Regenerated 2026-04-19
gen_1776643758_00155,Multi-Location / Growth-Stage Operator,research,informational,validate all-in-one coffee platform for finance review,finance lead presenting software consolidation case to owner,Building the business case to consolidate our coffee shop stack. What metrics do other multi-location operators use to justify switching to one platform?,coffee shop software consolidation ROI multi location business case,curious and exploratory,5.0,all_in_one_operating_system,All-in-one coffee shop operating system,Regenerated 2026-04-19
gen_1776643758_00156,Multi-Location / Growth-Stage Operator,support,informational,find emotional validation for software overwhelm,"owner-operator at 3 locations, burned out managing disconnected tools","I opened my third location and everything broke — the tools, the reporting, my sanity. How do other coffee owners actually get back in control?",multi location coffee shop operations management overwhelmed tools,emotional and looking for support,5.0,all_in_one_operating_system,All-in-one coffee shop operating system,Regenerated 2026-04-19
gen_1776643758_00157,Multi-Location / Growth-Stage Operator,educational,informational,understand unified loyalty across locations,"3-location operator, loyalty points not syncing between shops",Customers complain their loyalty points don't carry over between my locations. How should a multi-location coffee loyalty program actually work?,multi location coffee shop loyalty program unified,detail-oriented and planning ahead,5.0,all_in_one_operating_system,All-in-one coffee shop operating system,Regenerated 2026-04-19
gen_1776643758_00158,Multi-Location / Growth-Stage Operator,research,commercial,evaluate all-in-one vs stacked tools cost,"ops lead, 4 locations, paying per-seat across 5 apps","Four locations, five software tools, per-seat pricing on all of them. At what point does one integrated platform pencil out cheaper?",all in one coffee shop software vs multiple tools cost,detail-oriented and planning ahead,5.0,all_in_one_operating_system,All-in-one coffee shop operating system,Regenerated 2026-04-19
gen_1776643758_00159,Multi-Location / Growth-Stage Operator,commercial,commercial,find platform with central menu management,2-location owner pushing menu changes manually per site,"Looking for a coffee platform where I update the menu once and it pushes everywhere — POS, kiosk, online ordering, all of it.",coffee shop platform central menu management multi location,practical and ready to act,5.0,all_in_one_operating_system,All-in-one coffee shop operating system,Regenerated 2026-04-19
gen_1776643758_00160,Multi-Location / Growth-Stage Operator,research,commercial,consolidate payroll across café formats,"drive-thru plus café, tipped and non-tipped staff mixed","Running a drive-thru and a café under one brand — tipped staff at one, hourly at the other. Is there a platform that handles payroll for both without duct tape?",coffee shop payroll tipped hourly multi location platform,practical and ready to act,5.0,all_in_one_operating_system,All-in-one coffee shop operating system,Regenerated 2026-04-19
gen_1776643758_00161,Multi-Location / Growth-Stage Operator,educational,informational,understand labor cost visibility across shops,"growth-stage operator, labor costs opaque per location",I can't see labor as a percentage of sales per location in real time. What do multi-location coffee operators actually use to track this?,coffee shop labor cost visibility multi location real time,detail-oriented and planning ahead,5.0,all_in_one_operating_system,All-in-one coffee shop operating system,Regenerated 2026-04-19
gen_1776643758_00162,Multi-Location / Growth-Stage Operator,navigational,navigational,find coffee-specific all-in-one platform,5-location operator ready to consolidate fragmented stack,"Done researching — ready to consolidate. Which platforms are genuinely built for multi-location coffee shops, not just adapted from restaurant tools?",all in one operating system built for coffee shops multi location,practical and ready to act,5.0,all_in_one_operating_system,All-in-one coffee shop operating system,Regenerated 2026-04-19
gen_1776643758_00163,Multi-Location / Growth-Stage Operator,support,informational,cope with operational chaos at scale,"owner stretched thin across 3 locations, team struggling",My managers are drowning in spreadsheets and I'm putting out fires at every location. How do other coffee owners actually get their operations under control at scale?,coffee shop operations management multi location growing pains,emotional and looking for support,5.0,all_in_one_operating_system,All-in-one coffee shop operating system,Regenerated 2026-04-19
gen_1776643758_00164,Single-Location Café Owner,educational,informational,understand branded app value for small café,"single-location owner, currently no mobile ordering","Do I actually need a branded app for my coffee shop, or is a mobile-friendly website enough?",branded app vs mobile website coffee shop small business,detail-oriented and planning ahead,5.0,online_ordering_branded_apps,Coffee shop online ordering and branded apps,Regenerated 2026-04-19
gen_1776643758_00165,Single-Location Café Owner,research,commercial,estimate cost of coffee shop branded app,"indie café owner, budget-conscious, evaluating options","What does a branded ordering app for a single coffee shop actually cost per month, all fees included?",branded ordering app coffee shop monthly cost fees,time-pressed and direct,5.0,online_ordering_branded_apps,Coffee shop online ordering and branded apps,Regenerated 2026-04-19
gen_1776643758_00166,Single-Location Café Owner,educational,informational,reduce third-party delivery commission dependency,"owner paying 20-30% to delivery platforms, wants alternatives",Paying too much in delivery commissions. How do independent coffee shops move customers to direct ordering instead?,reduce third party delivery fees coffee shop direct online ordering,practical and ready to act,5.0,online_ordering_branded_apps,Coffee shop online ordering and branded apps,Regenerated 2026-04-19
gen_1776643758_00167,Single-Location Café Owner,research,commercial,find online ordering built into POS for café,single-location owner tired of disconnected tools,I want online ordering that feeds directly into my POS without a separate tablet. What should I be looking for?,online ordering integrated POS coffee shop single location,practical and ready to act,5.0,online_ordering_branded_apps,Coffee shop online ordering and branded apps,Regenerated 2026-04-19
gen_1776643758_00168,Single-Location Café Owner,educational,informational,evaluate mobile order-ahead for counter service,"counter-service café owner, morning rush bottleneck",Morning rush is brutal at the counter. Does mobile order-ahead actually reduce congestion or just shift the chaos?,mobile order ahead counter service coffee shop rush hour,time-pressed and direct,5.0,online_ordering_branded_apps,Coffee shop online ordering and branded apps,Regenerated 2026-04-19
gen_1776643758_00169,Single-Location Café Owner,research,commercial,compare online ordering fee structures for cafés,"small café owner, evaluating flat fee vs per-transaction models",Flat monthly fee vs per-order percentage — which online ordering pricing model saves money for a low-volume café?,online ordering flat fee vs percentage coffee shop pricing,detail-oriented and planning ahead,5.0,online_ordering_branded_apps,Coffee shop online ordering and branded apps,Regenerated 2026-04-19
gen_1776643758_00170,Single-Location Café Owner,educational,informational,connect loyalty program to online ordering,"café owner with existing loyalty punch cards, going digital",I'm moving from paper punch cards to digital loyalty. Can online ordering and loyalty actually sync in one place?,coffee shop loyalty program online ordering integration,detail-oriented and planning ahead,5.0,online_ordering_branded_apps,Coffee shop online ordering and branded apps,Regenerated 2026-04-19
gen_1776643758_00171,Single-Location Café Owner,support,transactional,launch pickup ordering without a developer,"solo owner with no technical background, wants fast setup",No technical background here — how fast can a coffee shop realistically get pickup ordering live without hiring anyone?,coffee shop pickup ordering setup no developer DIY,time-pressed and direct,5.0,online_ordering_branded_apps,Coffee shop online ordering and branded apps,Regenerated 2026-04-19
gen_1776643758_00172,Single-Location Café Owner,commercial,commercial,find all-in-one platform for coffee shop ordering and ops,frustrated owner stitching Square plus three other tools,"Looking for one platform that handles online ordering, loyalty, and my POS — built for coffee, not generic restaurants.",all in one coffee shop POS online ordering loyalty platform,practical and ready to act,5.0,online_ordering_branded_apps,Coffee shop online ordering and branded apps,Regenerated 2026-04-19
gen_1776643758_00173,Single-Location Café Owner,educational,informational,understand customer data ownership from ordering apps,café owner worried about losing customer data to third parties,"If customers order through a third-party app, do I actually own their data or does the platform keep it?",customer data ownership third party ordering app coffee shop,detail-oriented and planning ahead,5.0,online_ordering_branded_apps,Coffee shop online ordering and branded apps,Regenerated 2026-04-19
gen_1776643758_00174,Single-Location Café Owner,educational,informational,understand order throttling for small café,"solo operator, counter-service, rush hour chaos",Can online ordering systems limit how many pickup orders come in per hour so my one barista isn't buried?,online ordering order throttling coffee shop pickup limits,frustrated and overwhelmed,5.0,online_ordering_branded_apps,Coffee shop online ordering and branded apps,Regenerated 2026-04-19
gen_1776643758_00175,Single-Location Café Owner,research,commercial,evaluate menu sync between POS and ordering,"single café, manual menu updates eating time",Every time I change a price I'm updating it in three places. Is there ordering software where the menu just syncs automatically?,coffee shop online ordering automatic menu sync POS,frustrated and overwhelmed,5.0,online_ordering_branded_apps,Coffee shop online ordering and branded apps,Regenerated 2026-04-19
gen_1776643758_00176,Single-Location Café Owner,educational,informational,learn what branded app actually includes,"new to digital ordering, single-location owner","When people say a 'branded app' for a coffee shop, what's actually in it — ordering, loyalty, push notifications, all of it?",what is included branded coffee shop app features,newly aware and confused,5.0,online_ordering_branded_apps,Coffee shop online ordering and branded apps,Regenerated 2026-04-19
gen_1776643758_00177,Single-Location Café Owner,research,commercial,compare direct ordering vs marketplace commissions,small café bleeding margin on third-party fees,Third-party delivery is eating 25–30% per order. What does switching to direct online ordering actually save me annually?,direct online ordering vs third party delivery fees coffee shop savings,detail-oriented and planning ahead,5.0,online_ordering_branded_apps,Coffee shop online ordering and branded apps,Regenerated 2026-04-19
gen_1776643758_00178,Single-Location Café Owner,commercial,commercial,find coffee-specific online ordering platforms,"single-location café, generic tools feel wrong","Are there online ordering platforms built specifically for coffee shops, not just repurposed restaurant tools?",online ordering platform built for coffee shops independent,newly aware and confused,5.0,online_ordering_branded_apps,Coffee shop online ordering and branded apps,Regenerated 2026-04-19
gen_1776643758_00179,Single-Location Café Owner,educational,informational,understand pickup scheduling for small volume,"counter café, worried about dead slow periods",My café is quiet before 7am and after 2pm. Can I set specific pickup windows so I'm not fulfilling orders at bad times?,coffee shop online ordering pickup window scheduling control,detail-oriented and planning ahead,5.0,online_ordering_branded_apps,Coffee shop online ordering and branded apps,Regenerated 2026-04-19
gen_1776643758_00180,Single-Location Café Owner,research,informational,assess customer adoption of branded ordering app,"skeptical owner, small loyal regulars base","Realistically, how many of my regulars will actually download a custom app versus just ordering through a browser?",coffee shop branded app customer adoption rate vs mobile web,frustrated and overwhelmed,5.0,online_ordering_branded_apps,Coffee shop online ordering and branded apps,Regenerated 2026-04-19
gen_1776643758_00181,Single-Location Café Owner,educational,informational,identify upfront hardware needed for online orders,"single café, no dedicated order fulfillment screen",What hardware do I actually need at the counter to manage incoming online orders without buying a whole new setup?,hardware needed coffee shop online ordering counter management,detail-oriented and planning ahead,5.0,online_ordering_branded_apps,Coffee shop online ordering and branded apps,Regenerated 2026-04-19
gen_1776643758_00182,Single-Location Café Owner,navigational,navigational,navigate switching from current ordering tool,"owner mid-contract, wants cleaner integrated setup",I'm locked into a separate online ordering tool for three more months. What should I line up now so switching is seamless?,switching coffee shop online ordering platform migration checklist,detail-oriented and planning ahead,5.0,online_ordering_branded_apps,Coffee shop online ordering and branded apps,Regenerated 2026-04-19
gen_1776643758_00183,Single-Location Café Owner,educational,informational,understand push notification value for café retention,"small café owner, new to app marketing","Do push notifications from a coffee shop app actually bring people back, or do customers just turn them off immediately?",coffee shop app push notifications customer retention effectiveness,newly aware and confused,5.0,online_ordering_branded_apps,Coffee shop online ordering and branded apps,Regenerated 2026-04-19
gen_1776643758_00184,Single-Location Café Owner,educational,informational,understand branded app cost for small café,"single-location owner, tight margins, curious about fees",I keep seeing 'branded app' pitched to small cafés. What does it actually cost to build and maintain one?,branded app cost small coffee shop monthly fee,newly aware and confused,5.0,online_ordering_branded_apps,Coffee shop online ordering and branded apps,Regenerated 2026-04-19
gen_1776643758_00185,Single-Location Café Owner,support,informational,evaluate direct ordering vs marketplace tradeoffs,owner frustrated by third-party commission fees,My regulars order through delivery apps out of habit. How do I actually get them to switch to ordering direct from me?,move customers from delivery apps to direct ordering coffee shop,emotional and looking for support,5.0,online_ordering_branded_apps,Coffee shop online ordering and branded apps,Regenerated 2026-04-19
gen_1776643758_00186,Single-Location Café Owner,research,commercial,find online ordering with loyalty built in,"single-location café, running separate loyalty punch card","Is there online ordering software that has loyalty points built in, so I'm not running a separate punch card program?",coffee shop online ordering with loyalty program integrated,time-pressed and direct,5.0,online_ordering_branded_apps,Coffee shop online ordering and branded apps,Regenerated 2026-04-19
gen_1776643758_00187,Single-Location Café Owner,educational,informational,understand mobile order-ahead pickup flow,"owner new to order-ahead, worried about counter chaos","How does mobile order-ahead actually work at the counter — does the barista see it on a screen, or does a ticket print?",mobile order ahead coffee shop counter workflow how it works,newly aware and confused,5.0,online_ordering_branded_apps,Coffee shop online ordering and branded apps,Regenerated 2026-04-19
gen_1776643758_00188,Single-Location Café Owner,research,commercial,compare all-in-one vs bolt-on online ordering,owner tired of disconnected POS and ordering tools,I'm paying for a POS and a separate ordering tool that barely talk to each other. Is combining them into one platform actually worth it?,all in one POS online ordering coffee shop vs separate tools,emotional and looking for support,5.0,online_ordering_branded_apps,Coffee shop online ordering and branded apps,Regenerated 2026-04-19
gen_1776643758_00189,Single-Location Café Owner,educational,informational,assess online ordering setup timeline,owner wants ordering live before holiday season,How long does it realistically take to go from zero to live online ordering for a single café location?,how long to set up online ordering coffee shop,time-pressed and direct,5.0,online_ordering_branded_apps,Coffee shop online ordering and branded apps,Regenerated 2026-04-19
gen_1776643758_00190,Single-Location Café Owner,research,commercial,find platforms with menu modifier support,"café with complex drink customizations, current tool breaks","My drinks have six modifier layers — milk, syrup, size, temp, extras. Which online ordering platforms actually handle that without breaking?",online ordering platform complex drink modifiers coffee shop,time-pressed and direct,5.0,online_ordering_branded_apps,Coffee shop online ordering and branded apps,Regenerated 2026-04-19
gen_1776643758_00191,Single-Location Café Owner,support,informational,understand tip behavior on online orders,owner worried staff tips will drop with online shift,"When customers order online instead of in person, do tips actually go up or down? My staff is nervous about the change.",tipping online orders vs in person coffee shop staff tips,emotional and looking for support,5.0,online_ordering_branded_apps,Coffee shop online ordering and branded apps,Regenerated 2026-04-19
gen_1776643758_00192,Single-Location Café Owner,navigational,navigational,locate coffee-specific online ordering software,owner searching for purpose-built coffee tools,"Looking for online ordering software built for coffee shops specifically, not a generic restaurant platform that sort of works. Where do I start?",online ordering software built for coffee shops,newly aware and confused,5.0,online_ordering_branded_apps,Coffee shop online ordering and branded apps,Regenerated 2026-04-19
gen_1776643758_00193,Single-Location Café Owner,educational,informational,assess customer data ownership with ordering apps,owner wants emails and purchase history from orders,"If I use an online ordering platform, do I actually own my customers' data and emails, or does the platform keep it?",customer data ownership online ordering platform coffee shop,time-pressed and direct,5.0,online_ordering_branded_apps,Coffee shop online ordering and branded apps,Regenerated 2026-04-19
gen_1776643758_00194,Single-Location Café Owner,research,commercial,evaluate online ordering fees vs delivery app commissions,single-location café owner losing margin to third-party delivery cuts,Third-party delivery is eating 25-30% of every order. What do cafés actually pay to run their own direct ordering instead?,coffee shop direct online ordering cost vs delivery app commission,time-pressed and direct,5.0,online_ordering_branded_apps,Coffee shop online ordering and branded apps,Regenerated 2026-04-19
gen_1776643758_00195,Single-Location Café Owner,educational,informational,understand branded app value for small café,"single-location indie café, skeptical of tech overhead",Curious whether a branded ordering app makes sense for a one-location café — or is that overkill until you have multiple spots?,branded mobile app single location coffee shop worth it,curious and exploratory,5.0,online_ordering_branded_apps,Coffee shop online ordering and branded apps,Regenerated 2026-04-19
gen_1776643758_00196,Mobile / Specialty Format Operator,educational,informational,tip pooling rules for drive-thru crew,"drive-thru operator, multi-window setup, hourly tipped staff",Drive-thru with two windows — how do most operators split tips fairly between window staff and prep crew?,tip pooling drive thru coffee shop staff,curious and exploratory,5.0,payroll_team_management,Coffee shop payroll and team management,Regenerated 2026-04-19
gen_1776643758_00197,Mobile / Specialty Format Operator,research,commercial,payroll software that handles event pop-up staff,"pop-up coffee operator, irregular schedules, short-term workers","I hire different people for each pop-up event. What payroll setup actually handles irregular, short-term coffee staff without breaking?",payroll software irregular event staff coffee pop-up,skeptical and comparing options,5.0,payroll_team_management,Coffee shop payroll and team management,Regenerated 2026-04-19
gen_1776643758_00198,Mobile / Specialty Format Operator,educational,informational,scheduling for variable drive-thru rush hours,"drive-thru kiosk operator, morning rush, lean team",Morning rush at my drive-thru is brutal to staff for. How do operators schedule around unpredictable peak windows without overpaying labor?,drive thru coffee shop scheduling peak hours labor cost,practical and ready to act,5.0,payroll_team_management,Coffee shop payroll and team management,Regenerated 2026-04-19
gen_1776643758_00199,Mobile / Specialty Format Operator,support,informational,onboarding new hires on a coffee truck,"mobile coffee truck, tight physical space, high turnover",Turnover on my coffee truck is constant. Is there a faster way to onboard new baristas when you've got no back office?,coffee truck onboarding new employees fast no office,practical and ready to act,5.0,payroll_team_management,Coffee shop payroll and team management,Regenerated 2026-04-19
gen_1776643758_00200,Mobile / Specialty Format Operator,research,commercial,find integrated payroll plus scheduling for coffee kiosk,"single-kiosk operator, wants fewer software tools",Running a kiosk solo and tired of patching three apps together — is there a single platform that does scheduling and payroll for coffee?,integrated payroll scheduling software coffee kiosk single platform,skeptical and comparing options,5.0,payroll_team_management,Coffee shop payroll and team management,Regenerated 2026-04-19
gen_1776643758_00201,Mobile / Specialty Format Operator,educational,informational,time tracking without reliable wifi on truck,"mobile coffee operator, offline-first needs, hourly crew",My coffee truck loses signal constantly. How do other mobile operators handle time tracking for hourly staff when wifi drops?,offline time tracking hourly staff mobile coffee truck,curious and exploratory,5.0,payroll_team_management,Coffee shop payroll and team management,Regenerated 2026-04-19
gen_1776643758_00202,Mobile / Specialty Format Operator,educational,informational,labor compliance for tipped coffee employees by state,drive-thru operator expanding to second state location,Opening a second drive-thru in a different state — tip credit laws vary a lot. How do I stay compliant across both locations with payroll?,tip credit compliance multi-state coffee shop payroll,practical and ready to act,5.0,payroll_team_management,Coffee shop payroll and team management,Regenerated 2026-04-19
gen_1776643758_00203,Mobile / Specialty Format Operator,research,commercial,evaluate all-in-one coffee ops platform with payroll,"drive-thru operator, currently using separate tools","I want payroll, scheduling, and POS under one roof built for drive-thrus. What should I actually vet before switching platforms?",all in one drive thru coffee POS payroll scheduling platform,skeptical and comparing options,5.0,payroll_team_management,Coffee shop payroll and team management,Regenerated 2026-04-19
gen_1776643758_00204,Mobile / Specialty Format Operator,support,informational,track barista performance at pop-up events,"event coffee operator, rotating staff, no fixed location",I rotate baristas across different events and have no way to track who's actually performing. What do other pop-up operators use for this?,barista performance tracking pop-up event coffee operator,curious and exploratory,5.0,payroll_team_management,Coffee shop payroll and team management,Regenerated 2026-04-19
gen_1776643758_00205,Mobile / Specialty Format Operator,navigational,navigational,navigate to coffee-specific team management software,"drive-thru operator, frustrated with generic restaurant HR tools",Generic restaurant HR tools keep assuming I have a dining room. Where do I find team management software actually built for coffee formats?,team management software built for coffee shop drive thru,practical and ready to act,5.0,payroll_team_management,Coffee shop payroll and team management,Regenerated 2026-04-19
gen_1776643758_00206,Mobile / Specialty Format Operator,research,commercial,tip pooling software for drive-thru,"drive-thru operator, hourly crew, no back office","Is there payroll software that automates tip pooling for drive-thru crews, not just sit-down restaurants?",tip pooling payroll software drive thru coffee shop,practical and ready to act,5.0,payroll_team_management,Coffee shop payroll and team management,Regenerated 2026-04-19
gen_1776643758_00207,Mobile / Specialty Format Operator,support,informational,track labor cost percentage mobile coffee,"coffee truck operator, variable staff hours, thin margins",I never know my real labor cost until it's too late. How do mobile coffee operators actually track this in real time?,track labor cost real time mobile coffee truck operator,emotional and looking for support,5.0,payroll_team_management,Coffee shop payroll and team management,Regenerated 2026-04-19
gen_1776643758_00208,Mobile / Specialty Format Operator,educational,informational,schedule part-time event staff coffee kiosk,"pop-up operator, inconsistent weekly hours, multiple venues",Running pop-ups at three different venues this month. What's the fastest way to schedule part-time staff across all of them?,schedule part time staff multiple venues coffee pop up,time-pressed and direct,5.0,payroll_team_management,Coffee shop payroll and team management,Regenerated 2026-04-19
gen_1776643758_00209,Mobile / Specialty Format Operator,commercial,commercial,find integrated payroll scheduling for coffee formats,"drive-thru or kiosk operator, wants one platform",Looking for a platform with payroll and scheduling built specifically for drive-thrus or kiosks — not adapted from full-service restaurants.,integrated payroll scheduling software coffee drive thru kiosk,practical and ready to act,5.0,payroll_team_management,Coffee shop payroll and team management,Regenerated 2026-04-19
gen_1776643758_00210,Multi-Location / Growth-Stage Operator,support,informational,sync menu updates across multiple locations,"3-location operator, menu changes require manual updates everywhere",I'm updating our seasonal menu and have to change it separately in three places. Is there a way to push one update everywhere?,coffee shop multi location menu sync online ordering,frustrated and overwhelmed,5.0,online_ordering_branded_apps,Coffee shop online ordering and branded apps,Regenerated 2026-04-19
gen_1776643758_00211,Multi-Location / Growth-Stage Operator,research,commercial,evaluate branded app vs third-party marketplace,multi-location operator weighing DoorDash fees against owned channel,Third-party delivery fees are eating our margin. Does a branded order-ahead app actually pay for itself across a few locations?,branded coffee shop app vs third party delivery ROI,skeptical and comparing options,5.0,online_ordering_branded_apps,Coffee shop online ordering and branded apps,Regenerated 2026-04-19
gen_1776643758_00212,Multi-Location / Growth-Stage Operator,educational,informational,consolidate loyalty program across locations,2-5 location operator with fragmented loyalty per store,Customers at our flagship can't use their points at our drive-thru. What does a unified loyalty setup actually look like for multi-location coffee?,unified loyalty program multi location coffee shop,detail-oriented and planning ahead,5.0,online_ordering_branded_apps,Coffee shop online ordering and branded apps,Regenerated 2026-04-19
gen_1776643758_00213,Multi-Location / Growth-Stage Operator,research,commercial,compare online ordering commission structures,growth-stage operator evaluating owned vs marketplace channels,Trying to understand commission vs flat-fee pricing for coffee shop online ordering. Which model makes more sense at four locations?,coffee shop online ordering commission vs flat fee multi location,skeptical and comparing options,5.0,online_ordering_branded_apps,Coffee shop online ordering and branded apps,Regenerated 2026-04-19
gen_1776643758_00214,Multi-Location / Growth-Stage Operator,research,commercial,roll up online order revenue across locations,"ops lead needing consolidated reporting, currently pulling per-store",I'm pulling online order revenue from each location separately every week. Is there a platform that rolls all of that into one dashboard?,coffee shop online ordering unified reporting multi location dashboard,frustrated and overwhelmed,5.0,online_ordering_branded_apps,Coffee shop online ordering and branded apps,Regenerated 2026-04-19
gen_1776643758_00215,Multi-Location / Growth-Stage Operator,educational,informational,understand mobile order-ahead for drive-thru format,drive-thru operator exploring pre-order pickup flow,"How does mobile order-ahead actually work operationally for a drive-thru — does the customer still queue, or is there a dedicated pickup lane?",mobile order ahead drive thru coffee shop pickup flow,detail-oriented and planning ahead,5.0,online_ordering_branded_apps,Coffee shop online ordering and branded apps,Regenerated 2026-04-19
gen_1776643758_00216,Multi-Location / Growth-Stage Operator,support,informational,assess switching cost from current online ordering tool,"3-location operator mid-contract, considering platform migration",We're locked into our online ordering setup for a few more months. What should I be documenting now to make switching easier later?,switching coffee shop online ordering platform migration checklist,detail-oriented and planning ahead,5.0,online_ordering_branded_apps,Coffee shop online ordering and branded apps,Regenerated 2026-04-19
gen_1776643758_00217,Multi-Location / Growth-Stage Operator,commercial,commercial,find all-in-one platform with built-in ordering app,growth-stage operator tired of integrating separate tools,"Looking for one platform that includes a branded customer app, online ordering, and loyalty — not three vendors I have to connect myself.",all in one coffee shop platform branded app online ordering loyalty,frustrated and overwhelmed,5.0,online_ordering_branded_apps,Coffee shop online ordering and branded apps,Regenerated 2026-04-19
gen_1776643758_00218,Multi-Location / Growth-Stage Operator,research,commercial,evaluate kiosk and online ordering integration,"operator running café plus kiosk location, wants unified ordering",Our kiosk location and main café run separate ordering systems. Can one platform handle both channels with shared inventory and reporting?,coffee shop kiosk online ordering same platform shared inventory,skeptical and comparing options,5.0,online_ordering_branded_apps,Coffee shop online ordering and branded apps,Regenerated 2026-04-19
gen_1776643758_00219,Multi-Location / Growth-Stage Operator,educational,informational,understand branded app build vs white-label options,multi-location operator weighing custom app development costs,"Is it worth building a custom app for our coffee brand, or do white-label order-ahead solutions actually give customers the same experience?",custom coffee shop app vs white label order ahead solution,skeptical and comparing options,5.0,online_ordering_branded_apps,Coffee shop online ordering and branded apps,Regenerated 2026-04-19
gen_1776643758_00220,Multi-Location / Growth-Stage Operator,educational,informational,understand pickup flow for mobile orders,"multi-location operator, mix of café and drive-thru formats","When customers pre-order on a branded coffee app, how does pickup sequencing work across café and drive-thru locations differently?",mobile order pickup flow coffee shop cafe drive thru,curious and exploratory,5.0,online_ordering_branded_apps,Coffee shop online ordering and branded apps,Regenerated 2026-04-19
gen_1776643758_00221,Multi-Location / Growth-Stage Operator,research,commercial,evaluate online ordering fee structures,"growth-stage operator, 4 locations, margin-conscious",Four coffee locations doing solid volume — are per-transaction fees or monthly flat rates actually cheaper at that scale?,online ordering pricing per transaction vs flat fee coffee shop multi location,practical and ready to act,5.0,online_ordering_branded_apps,Coffee shop online ordering and branded apps,Regenerated 2026-04-19
gen_1776643758_00222,Multi-Location / Growth-Stage Operator,support,informational,sync menu across ordering channels,ops lead managing café plus kiosk plus drive-thru,I'm managing three formats and menu prices keep drifting out of sync between in-store and online. How do operators fix this centrally?,centralized menu management multi location coffee shop online ordering,practical and ready to act,5.0,online_ordering_branded_apps,Coffee shop online ordering and branded apps,Regenerated 2026-04-19
gen_1776643758_00223,Multi-Location / Growth-Stage Operator,educational,informational,understand branded app vs marketplace tradeoffs,operator newly exploring owned ordering channels,Still figuring this out — what does a coffee shop actually give up by staying on third-party marketplaces instead of launching a branded app?,branded coffee app vs third party marketplace pros cons,newly aware and confused,5.0,online_ordering_branded_apps,Coffee shop online ordering and branded apps,Regenerated 2026-04-19
gen_1776643758_00224,Multi-Location / Growth-Stage Operator,commercial,commercial,find all-in-one ordering and loyalty platform,"multi-location owner evaluating vendors, frustrated by integrations","Looking for a platform built for coffee shops that handles online ordering, loyalty, and reporting in one place — not stitched together.",all in one coffee shop online ordering loyalty reporting platform,practical and ready to act,5.0,online_ordering_branded_apps,Coffee shop online ordering and branded apps,Regenerated 2026-04-19
gen_1776643758_00225,Multi-Location / Growth-Stage Operator,educational,informational,understand customer data ownership on ordering platforms,"operator scaling from 2 to 4 locations, marketing-focused","When customers order through a branded coffee app, does the shop actually own that customer data or does the platform keep it?",coffee shop branded app customer data ownership online ordering,curious and exploratory,5.0,online_ordering_branded_apps,Coffee shop online ordering and branded apps,Regenerated 2026-04-19
gen_1776643758_00226,Multi-Location / Growth-Stage Operator,support,informational,assess order throttling tools for busy periods,drive-thru operator with morning rush bottlenecks,Our drive-thru gets slammed at 8am and online orders make it worse. Do ordering platforms let you throttle or pace incoming tickets?,coffee shop online ordering order throttling rush hour drive thru,practical and ready to act,5.0,online_ordering_branded_apps,Coffee shop online ordering and branded apps,Regenerated 2026-04-19
gen_1776643758_00227,Multi-Location / Growth-Stage Operator,research,commercial,compare white-label app providers for coffee,"growth-stage operator, 3 locations, ready to invest in owned channel",Trying to compare white-label app providers that actually specialize in coffee shops — what features should I be asking vendors about?,white label app provider coffee shop features comparison,newly aware and confused,5.0,online_ordering_branded_apps,Coffee shop online ordering and branded apps,Regenerated 2026-04-19
gen_1776643758_00228,Multi-Location / Growth-Stage Operator,educational,informational,understand tipping behavior on mobile orders,multi-location operator concerned about staff retention,Do customers tip less on branded order-ahead apps than at the counter? Curious if the channel actually affects tip rates for coffee shops.,tipping rates mobile order ahead vs counter coffee shop,curious and exploratory,5.0,online_ordering_branded_apps,Coffee shop online ordering and branded apps,Regenerated 2026-04-19
gen_1776643758_00229,Multi-Location / Growth-Stage Operator,navigational,navigational,find coffee-specific online ordering platform,"operator done with generic restaurant tech, wants coffee focus",Generic restaurant ordering platforms don't fit how coffee shops actually run. Is there software built specifically for coffee shop online ordering?,online ordering platform built for coffee shops specifically,newly aware and confused,5.0,online_ordering_branded_apps,Coffee shop online ordering and branded apps,Regenerated 2026-04-19
gen_1776643758_00230,Multi-Location / Growth-Stage Operator,research,informational,understand loyalty sync across locations,"multi-location operator, loyalty fragmented per store",Running four locations and loyalty points don't carry across them. Is that a platform problem or just how most systems work?,coffee shop loyalty program sync multiple locations,skeptical and comparing options,5.0,online_ordering_branded_apps,Coffee shop online ordering and branded apps,Regenerated 2026-04-19
gen_1776643758_00231,Multi-Location / Growth-Stage Operator,educational,informational,push menu updates to all locations at once,"ops lead, 3 locations, manual menu changes breaking workflow",Changing a seasonal drink price means updating it three separate times. Is there a way to push menu changes to all locations simultaneously?,coffee shop menu sync multiple locations online ordering,skeptical and comparing options,5.0,online_ordering_branded_apps,Coffee shop online ordering and branded apps,Regenerated 2026-04-19
gen_1776643758_00232,Multi-Location / Growth-Stage Operator,research,commercial,evaluate branded app vs third-party delivery ROI,"growth-stage operator, 2-5 locations, evaluating ordering channels",We're doing decent volume through delivery marketplaces but margins feel thin. At what point does a branded order-ahead app actually pay off?,branded coffee app vs third party delivery ROI multi location,skeptical and comparing options,5.0,online_ordering_branded_apps,Coffee shop online ordering and branded apps,Regenerated 2026-04-19
gen_1776643758_00233,Multi-Location / Growth-Stage Operator,commercial,commercial,find unified online ordering with consolidated reporting,"multi-location coffee operator, data siloed per store",Looking for online ordering that rolls up sales data across all my locations in one dashboard — not store by store.,coffee shop online ordering unified multi location reporting dashboard,newly aware and confused,5.0,online_ordering_branded_apps,Coffee shop online ordering and branded apps,Regenerated 2026-04-19
gen_1776643758_00234,Multi-Location / Growth-Stage Operator,support,informational,understand how branded apps affect staff workload,"ops manager, mixed formats including drive-thru",Honestly worried a branded app just adds chaos for my staff. How do operators actually integrate mobile orders into a busy drive-thru flow?,mobile order ahead integration drive thru coffee shop staff workflow,emotional and looking for support,5.0,online_ordering_branded_apps,Coffee shop online ordering and branded apps,Regenerated 2026-04-19
gen_1776643758_00235,Multi-Location / Growth-Stage Operator,navigational,navigational,identify platforms built for multi-unit coffee,growth-stage operator researching ordering platforms,Most ordering platforms seem built for single restaurants. Are there ones designed specifically for multi-location coffee shop operators?,online ordering platform multi location coffee shop operator,newly aware and confused,5.0,online_ordering_branded_apps,Coffee shop online ordering and branded apps,Regenerated 2026-04-19
gen_1776643758_00236,Multi-Location / Growth-Stage Operator,educational,informational,assess customer experience on branded vs marketplace orders,"operator scaling from 1 to 4 locations, brand consistency concern",I'm scared of losing the customer relationship as we scale. Does a branded app actually improve repeat visits compared to marketplace ordering?,branded coffee app customer retention vs marketplace repeat visits,emotional and looking for support,5.0,online_ordering_branded_apps,Coffee shop online ordering and branded apps,Regenerated 2026-04-19
gen_1776643758_00237,Multi-Location / Growth-Stage Operator,research,commercial,consolidate payroll across multiple locations,"ops lead, 3 coffee locations, separate payroll tools breaking down",Managing payroll across three locations with different tools is a mess. Is there a better unified setup for coffee shops?,unified payroll software multiple coffee shop locations,frustrated and overwhelmed,5.0,payroll_team_management,Coffee shop payroll and team management,Regenerated 2026-04-19
gen_1776643758_00238,Multi-Location / Growth-Stage Operator,educational,informational,track labor cost by location,"growth-stage owner, café plus two drive-thrus, margin pressure",I'm trying to see labor cost as a percentage of sales per location — how do multi-location coffee operators typically track that?,labor cost percentage per location coffee shop tracking,curious and exploratory,5.0,payroll_team_management,Coffee shop payroll and team management,Regenerated 2026-04-19
gen_1776643758_00239,Multi-Location / Growth-Stage Operator,support,informational,automate tip pooling across shifts,"multi-location operator, inconsistent tip distribution complaints from staff",Tip pooling across shifts at three locations is causing staff friction. What do coffee shops use to automate that fairly?,automated tip pooling multi location coffee shop,frustrated and overwhelmed,5.0,payroll_team_management,Coffee shop payroll and team management,Regenerated 2026-04-19
gen_1776643758_00240,Multi-Location / Growth-Stage Operator,educational,informational,schedule staff across multiple formats,"owner with café, drive-thru, and kiosk, different staffing needs per format",Scheduling for a café versus a drive-thru versus a kiosk is completely different. How do operators manage one schedule view for all three?,staff scheduling software multi format coffee shop,curious and exploratory,5.0,payroll_team_management,Coffee shop payroll and team management,Regenerated 2026-04-19
gen_1776643758_00241,Multi-Location / Growth-Stage Operator,commercial,commercial,find coffee-specific team management platform,"ops manager evaluating integrated tools, current stack has 4 disconnected apps","Looking for a platform built for coffee shops that handles scheduling, time tracking, and payroll without stitching four tools together.",coffee shop scheduling payroll time tracking integrated platform,practical and ready to act,5.0,payroll_team_management,Coffee shop payroll and team management,Regenerated 2026-04-19
gen_1776643758_00242,Multi-Location / Growth-Stage Operator,educational,informational,reduce new hire onboarding time,"high-turnover coffee operation, 3 locations, onboarding done differently at each",Turnover is high and each location onboards differently. Is there a way to standardize coffee shop onboarding across multiple sites?,standardize employee onboarding multi location coffee shop,frustrated and overwhelmed,5.0,payroll_team_management,Coffee shop payroll and team management,Regenerated 2026-04-19
gen_1776643758_00243,Multi-Location / Growth-Stage Operator,research,commercial,evaluate integrated payroll vs standalone tool,"finance lead at 4-location coffee group, deciding on software consolidation","Does integrating payroll into your POS actually save time at scale, or does a dedicated payroll tool still make more sense for coffee shops?",integrated POS payroll vs standalone payroll coffee shop,curious and exploratory,5.0,payroll_team_management,Coffee shop payroll and team management,Regenerated 2026-04-19
gen_1776643758_00244,Multi-Location / Growth-Stage Operator,support,informational,track employee performance across locations,"multi-location ops lead, no consistent performance data per barista",I have no visibility into which baristas are performing well across locations. How are other multi-location coffee operators tracking team performance?,employee performance tracking multi location coffee shop,frustrated and overwhelmed,5.0,payroll_team_management,Coffee shop payroll and team management,Regenerated 2026-04-19
gen_1776643758_00245,Multi-Location / Growth-Stage Operator,educational,informational,manage overtime risk across locations,"owner with shared staff across three coffee shops, overtime surprises",Staff work shifts across two or three of my locations and I keep getting hit with unexpected overtime. How do I get ahead of that?,overtime management shared staff multiple coffee shop locations,practical and ready to act,5.0,payroll_team_management,Coffee shop payroll and team management,Regenerated 2026-04-19
gen_1776643758_00246,Multi-Location / Growth-Stage Operator,research,commercial,compare coffee-specific vs generic HR tools,"growth-stage operator, considering purpose-built vs horizontal scheduling software","Is coffee-specific scheduling and payroll software actually worth it, or do general HR tools handle the same things well enough at 3-4 locations?",coffee shop specific payroll scheduling software vs general HR tools,curious and exploratory,5.0,payroll_team_management,Coffee shop payroll and team management,Regenerated 2026-04-19
gen_1776643758_00247,Multi-Location / Growth-Stage Operator,support,informational,consolidate multi-location payroll chaos,"3-location operator, payroll done manually across formats",Running payroll for three coffee shops is eating my whole week. How do operators consolidate this without hiring a bookkeeper?,consolidate payroll multiple coffee shop locations,frustrated and overwhelmed,5.0,payroll_team_management,Coffee shop payroll and team management,Regenerated 2026-04-19
gen_1776643758_00248,Multi-Location / Growth-Stage Operator,educational,informational,understand labor cost benchmarks coffee shops,"growth-stage operator, no finance background, 4 locations",What's a healthy labor cost percentage for a coffee shop with a drive-thru and a café under the same ownership?,labor cost percentage benchmark coffee shop drive-thru cafe,newly aware and confused,5.0,payroll_team_management,Coffee shop payroll and team management,Regenerated 2026-04-19
gen_1776643758_00249,Multi-Location / Growth-Stage Operator,research,commercial,fix tip distribution disputes across locations,"multi-location owner, baristas complaining about tip fairness",My baristas at different locations think tip distribution is unfair and I honestly can't prove them wrong. What systems fix this?,tip distribution system multi location coffee shop,frustrated and overwhelmed,5.0,payroll_team_management,Coffee shop payroll and team management,Regenerated 2026-04-19
gen_1776643758_00250,Multi-Location / Growth-Stage Operator,commercial,commercial,find integrated payroll scheduling coffee platform,"ops lead evaluating tools, tired of disconnected stack","I want payroll, scheduling, and POS in one place built for coffee shops specifically. Does that actually exist?",integrated payroll scheduling POS coffee shop software,newly aware and confused,5.0,payroll_team_management,Coffee shop payroll and team management,Regenerated 2026-04-19
gen_1776643758_00251,Multi-Location / Growth-Stage Operator,support,informational,track clock-in accuracy across locations,"owner suspecting buddy punching, 3 locations no unified system",I think I'm losing money to buddy punching at two of my locations and have no way to verify. How do coffee shops catch this?,prevent buddy punching coffee shop time tracking multi location,frustrated and overwhelmed,5.0,payroll_team_management,Coffee shop payroll and team management,Regenerated 2026-04-19
gen_1776643758_00252,Multi-Location / Growth-Stage Operator,educational,informational,understand overtime rules for shift workers,"multi-location coffee operator, staff split across sites weekly",Some of my baristas clock hours at two locations and I don't know if their combined hours trigger overtime. How does this work legally?,overtime rules baristas working multiple coffee shop locations,newly aware and confused,5.0,payroll_team_management,Coffee shop payroll and team management,Regenerated 2026-04-19
gen_1776643758_00253,Multi-Location / Growth-Stage Operator,support,informational,reduce manager time spent on scheduling,ops manager drowning in last-minute shift coverage,My managers spend hours every week fixing the schedule last minute. There has to be a smarter way to handle this for coffee teams.,reduce scheduling time coffee shop manager multi location,emotional and looking for support,5.0,payroll_team_management,Coffee shop payroll and team management,Regenerated 2026-04-19
gen_1776643758_00254,Multi-Location / Growth-Stage Operator,research,commercial,compare payroll tools built for hospitality,"finance lead evaluating platforms, currently on generic HR tool",Generic HR software keeps breaking on tip income and variable hours. What payroll tools are actually built for food and coffee businesses?,payroll software tips variable hours coffee food service,frustrated and overwhelmed,5.0,payroll_team_management,Coffee shop payroll and team management,Regenerated 2026-04-19
gen_1776643758_00255,Multi-Location / Growth-Stage Operator,navigational,navigational,find coffee-specific team management software,growth-stage operator googling alternatives to current stack,"Looking for team management software designed for coffee shops, not generic retail. Where do multi-location owners even start searching?",team management software coffee shop multi location,newly aware and confused,5.0,payroll_team_management,Coffee shop payroll and team management,Regenerated 2026-04-19
gen_1776643758_00256,Multi-Location / Growth-Stage Operator,support,informational,handle new hire paperwork across locations centrally,owner onboarding 3-4 staff monthly across formats,I'm onboarding new hires almost every month across four locations and the paperwork alone is breaking me. How do coffee operators centralize this?,centralized employee onboarding paperwork multi location coffee shop,emotional and looking for support,5.0,payroll_team_management,Coffee shop payroll and team management,Regenerated 2026-04-19
gen_1776643758_00257,Multi-Location / Growth-Stage Operator,research,commercial,consolidate labor reporting across locations,"ops lead, 3 coffee shop formats, no unified view",I run three coffee locations and can't see total labor costs in one place. What should I be looking for?,multi location coffee shop labor cost reporting unified dashboard,detail-oriented and planning ahead,5.0,payroll_team_management,Coffee shop payroll and team management,Regenerated 2026-04-19
gen_1776643758_00258,Multi-Location / Growth-Stage Operator,educational,informational,understand tip pooling rules multi-location,"growth-stage owner, mixed formats, tip policy inconsistency",Tip pooling rules at my café versus my drive-thru feel totally different. How do multi-location coffee owners handle this legally?,tip pooling rules multi location coffee shop drive thru cafe,newly aware and confused,5.0,payroll_team_management,Coffee shop payroll and team management,Regenerated 2026-04-19
gen_1776643758_00259,Multi-Location / Growth-Stage Operator,research,commercial,build scheduling templates per location format,"ops manager, 4 locations, different staffing models per format",My drive-thru needs a completely different shift structure than my café. Can scheduling software handle format-specific templates?,coffee shop scheduling software different location formats templates,detail-oriented and planning ahead,5.0,payroll_team_management,Coffee shop payroll and team management,Regenerated 2026-04-19
gen_1776643758_00260,Multi-Location / Growth-Stage Operator,educational,informational,track performance across barista teams,"owner scaling from 2 to 4 locations, inconsistent staff quality",How do coffee shop operators actually track individual barista performance when managing teams across multiple locations?,coffee shop employee performance tracking multi location barista teams,practical and ready to act,5.0,payroll_team_management,Coffee shop payroll and team management,Regenerated 2026-04-19
gen_1776643758_00261,Multi-Location / Growth-Stage Operator,commercial,commercial,evaluate integrated payroll plus scheduling platform,"finance lead, current stack breaks at 3 locations",I need payroll and scheduling that actually talk to each other across locations. What should I audit before switching platforms?,integrated payroll scheduling platform multi location coffee shop evaluation,detail-oriented and planning ahead,5.0,payroll_team_management,Coffee shop payroll and team management,Regenerated 2026-04-19
gen_1776643758_00262,Multi-Location / Growth-Stage Operator,educational,informational,understand overtime exposure across shared staff,"newly aware operator, employees float between 3 locations",Some of my staff float between locations and I just realized I have no idea how to catch overtime across all three. Where do I start?,overtime tracking employees multiple coffee shop locations shared staff,newly aware and confused,5.0,payroll_team_management,Coffee shop payroll and team management,Regenerated 2026-04-19
gen_1776643758_00263,Multi-Location / Growth-Stage Operator,navigational,navigational,find coffee-specific team management software,growth-stage owner researching integrated stacks for 4 locations,"Looking for team management and payroll software built around coffee shop workflows, not generic restaurants. Where do I find real comparisons?",coffee shop team management payroll software coffee specific workflows,practical and ready to act,5.0,payroll_team_management,Coffee shop payroll and team management,Regenerated 2026-04-19
gen_1776643758_00264,Single-Location Café Owner,educational,informational,understand tip pooling legality for café,"single-location café owner, hourly staff plus tipped baristas",I want to pool tips across my whole team including kitchen staff. Is that actually legal?,tip pooling rules coffee shop kitchen staff legal,curious and exploratory,5.0,payroll_team_management,Coffee shop payroll and team management,Regenerated 2026-04-19
gen_1776643758_00265,Single-Location Café Owner,research,commercial,automate tip splitting from POS sales,"owner manually splitting tips weekly, wasting hours",Splitting tips by hand every Sunday is killing me. Can a POS automatically calculate and distribute tips per shift?,POS automatic tip splitting by shift coffee shop,time-pressed and direct,5.0,payroll_team_management,Coffee shop payroll and team management,Regenerated 2026-04-19
gen_1776643758_00266,Single-Location Café Owner,research,commercial,evaluate built-in scheduling vs standalone app,"single-location café, currently using separate scheduling tool","Is scheduling built into a POS ever actually good, or should I always use a dedicated scheduling app?",built-in POS scheduling vs dedicated app coffee shop,skeptical and comparing options,5.0,payroll_team_management,Coffee shop payroll and team management,Regenerated 2026-04-19
gen_1776643758_00267,Single-Location Café Owner,educational,informational,onboard new baristas to POS quickly,"high turnover café, 1-8 employees, owner-operator",I hire a new barista almost every other month. What actually makes a POS fast for new staff to learn?,coffee shop POS easy barista onboarding fast training,curious and exploratory,5.0,payroll_team_management,Coffee shop payroll and team management,Regenerated 2026-04-19
gen_1776643758_00268,Single-Location Café Owner,research,commercial,track employee hours without separate app,owner-operator tired of juggling time clock and POS separately,Do any café POS systems have time tracking built in so staff can clock in right at the terminal?,coffee shop POS built-in time clock employee hours,time-pressed and direct,5.0,payroll_team_management,Coffee shop payroll and team management,Regenerated 2026-04-19
gen_1776643758_00269,Single-Location Café Owner,educational,informational,calculate true payroll cost per shift,"single café, owner unsure if labor cost reporting is accurate","How do I figure out actual labor cost per shift after tips, taxes, and overtime — not just base hourly wages?",calculate true labor cost per shift café overtime tips,curious and exploratory,5.0,payroll_team_management,Coffee shop payroll and team management,Regenerated 2026-04-19
gen_1776643758_00270,Single-Location Café Owner,research,commercial,find coffee-specific payroll software,small café frustrated with generic payroll tools,Generic payroll software doesn't understand tip credits or café overtime rules. Is there anything built for coffee shops specifically?,payroll software designed for coffee shops tip credit,skeptical and comparing options,5.0,payroll_team_management,Coffee shop payroll and team management,Regenerated 2026-04-19
gen_1776643758_00271,Single-Location Café Owner,support,informational,reduce no-show shifts with scheduling tools,café owner dealing with frequent last-minute call-outs,My baristas no-call no-show way too often. Are there scheduling tools that actually reduce that with reminders or accountability features?,scheduling tool reduce no-show shifts café staff reminders,time-pressed and direct,5.0,payroll_team_management,Coffee shop payroll and team management,Regenerated 2026-04-19
gen_1776643758_00272,Single-Location Café Owner,educational,informational,understand overtime rules for part-time café staff,owner-operator mixing part-time and full-time baristas,I mix part-time and full-time baristas. When does overtime actually kick in if someone picks up extra shifts?,overtime rules part time full time café barista hours,curious and exploratory,5.0,payroll_team_management,Coffee shop payroll and team management,Regenerated 2026-04-19
gen_1776643758_00273,Single-Location Café Owner,commercial,commercial,consolidate payroll and POS into one system,"single-location café owner, fragmented software stack",Running payroll in one tool and sales in another is exhausting. Can one platform handle both without being a mess?,all-in-one coffee shop POS payroll integrated single platform,skeptical and comparing options,5.0,payroll_team_management,Coffee shop payroll and team management,Regenerated 2026-04-19
gen_1776643758_00274,Single-Location Café Owner,educational,informational,understand tip pooling tax reporting,"single-location café, manual tip tracking, tax season stress",Tip pooling sounds simple but how does it actually affect payroll taxes for a small café?,tip pooling payroll tax reporting small cafe,curious and exploratory,5.0,payroll_team_management,Coffee shop payroll and team management,Regenerated 2026-04-19
gen_1776643758_00275,Single-Location Café Owner,commercial,commercial,automate barista onboarding paperwork,"owner-operator, high turnover, onboarding takes too long",I'm onboarding a new barista every few months. Is there a way to digitize all the paperwork without a separate HR tool?,digital employee onboarding small coffee shop,practical and ready to act,5.0,payroll_team_management,Coffee shop payroll and team management,Regenerated 2026-04-19
gen_1776643758_00276,Single-Location Café Owner,educational,informational,track barista performance without micromanaging,"single-location café, 6 employees, informal feedback only","Looking for a lightweight way to track barista performance — not formal reviews, just something that flags issues early.",barista performance tracking small cafe team,curious and exploratory,5.0,payroll_team_management,Coffee shop payroll and team management,Regenerated 2026-04-19
gen_1776643758_00277,Single-Location Café Owner,research,informational,reduce labor cost as percentage of revenue,"counter-service café, thin margins, no clear labor benchmarks","What's a realistic labor cost percentage for a single-location café, and how do operators actually hit it?",coffee shop labor cost percentage benchmark,skeptical and comparing options,5.0,payroll_team_management,Coffee shop payroll and team management,Regenerated 2026-04-19
gen_1776643758_00278,Single-Location Café Owner,commercial,commercial,find integrated payroll and scheduling for cafés,"owner frustrated with fragmented stack, ready to switch",I want payroll and scheduling in one place built for cafés — not a generic small business tool bolted together.,integrated payroll scheduling software coffee shop,practical and ready to act,5.0,payroll_team_management,Coffee shop payroll and team management,Regenerated 2026-04-19
gen_1776643758_00279,Single-Location Café Owner,educational,informational,understand café-specific overtime edge cases,"mixed part-time staff, occasional double shifts, confused by rules",One of my baristas worked six days in a row covering for someone. Do I owe daily overtime or just weekly?,daily vs weekly overtime rules cafe barista,skeptical and comparing options,5.0,payroll_team_management,Coffee shop payroll and team management,Regenerated 2026-04-19
gen_1776643758_00280,Single-Location Café Owner,research,commercial,evaluate all-in-one café management platforms,"single-location owner, researching during slow season","Are all-in-one café platforms actually worth it over piecing together separate payroll, scheduling, and POS tools?",all in one cafe management platform vs separate tools,skeptical and comparing options,5.0,payroll_team_management,Coffee shop payroll and team management,Regenerated 2026-04-19
gen_1776643758_00281,Single-Location Café Owner,support,informational,set up shift reminders to cut no-shows,"small café, unreliable part-time staff, no formal system","My part-timers forget shifts constantly. Is automated shift reminders something a scheduling tool handles, or do I text them myself?",automated shift reminders scheduling tool coffee shop,practical and ready to act,5.0,payroll_team_management,Coffee shop payroll and team management,Regenerated 2026-04-19
gen_1776643758_00282,Single-Location Café Owner,educational,informational,understand tip credit rules for café wages,"café owner, tipped employees, unsure about minimum wage offset","Can I pay tipped baristas below minimum wage using a tip credit, and does that change if they do non-tipped tasks?",tip credit tipped employees cafe minimum wage rules,curious and exploratory,5.0,payroll_team_management,Coffee shop payroll and team management,Regenerated 2026-04-19
gen_1776643758_00283,Single-Location Café Owner,commercial,commercial,find café payroll software with sales data sync,"owner running payroll manually, sales data lives in POS",I'm manually pulling sales numbers into payroll every week. Is there software that syncs those automatically for cafés?,payroll software syncs with cafe POS sales data,practical and ready to act,5.0,payroll_team_management,Coffee shop payroll and team management,Regenerated 2026-04-19
gen_1776643758_00284,Single-Location Café Owner,educational,informational,understand tip splitting methods for café,"single-location owner, manual cash tip process, small team",My baristas split tips by hand at close. Are there better systems for dividing tips fairly across a shift?,tip splitting methods coffee shop small team,newly aware and confused,5.0,payroll_team_management,Coffee shop payroll and team management,Regenerated 2026-04-19
gen_1776643758_00285,Single-Location Café Owner,educational,informational,calculate true labor cost with scheduling tool,"owner-operator, 6 part-time baristas, no scheduling software",I'm scheduling on a whiteboard and guessing labor costs each week. How do café owners actually forecast this accurately?,café labor cost forecasting scheduling software,curious and exploratory,5.0,payroll_team_management,Coffee shop payroll and team management,Regenerated 2026-04-19
gen_1776643758_00286,Single-Location Café Owner,commercial,commercial,find payroll software built for cafés,"single-location café, frustrated with generic payroll tools",Generic payroll tools don't handle tip income cleanly. Is there payroll software made specifically for coffee shops?,payroll software coffee shop tip income,practical and ready to act,5.0,payroll_team_management,Coffee shop payroll and team management,Regenerated 2026-04-19
gen_1776643758_00287,Single-Location Café Owner,support,informational,handle minor employee scheduling conflicts,"small café team, owner covering shifts last-minute",I'm constantly covering shifts because my team swaps without telling me. How do other café owners manage last-minute schedule changes?,café employee shift swap management small team,newly aware and confused,5.0,payroll_team_management,Coffee shop payroll and team management,Regenerated 2026-04-19
gen_1776643758_00288,Single-Location Café Owner,research,commercial,integrate time tracking with payroll for café,owner manually reconciling clock-in sheets with payroll,I'm reconciling paper time sheets with payroll every two weeks. What do cafés use to connect time tracking directly to pay?,time tracking payroll integration coffee shop,practical and ready to act,5.0,payroll_team_management,Coffee shop payroll and team management,Regenerated 2026-04-19
gen_1776643758_00289,Single-Location Café Owner,educational,informational,understand barista overtime rules by state,"single-location owner, mixed full-time and part-time staff",Some states have daily overtime rules and some don't. How do I figure out which overtime rules actually apply to my café?,barista overtime rules by state café employer,newly aware and confused,5.0,payroll_team_management,Coffee shop payroll and team management,Regenerated 2026-04-19
gen_1776643758_00290,Single-Location Café Owner,research,commercial,reduce time spent on weekly payroll admin,"owner doing payroll manually, losing 3+ hours weekly",Payroll is eating my Sunday every week. What have other single-location café owners done to cut that time down significantly?,reduce payroll time single location café owner,practical and ready to act,5.0,payroll_team_management,Coffee shop payroll and team management,Regenerated 2026-04-19
gen_1776643758_00291,Single-Location Café Owner,educational,informational,build a barista training checklist system,"owner onboarding new hires frequently, no formal process",Every new hire gets trained differently depending on who's working. How do cafés standardize training without a dedicated manager?,barista training checklist system small café,curious and exploratory,5.0,payroll_team_management,Coffee shop payroll and team management,Regenerated 2026-04-19
gen_1776643758_00292,Single-Location Café Owner,commercial,commercial,find all-in-one scheduling and POS platform for café,"café owner researching software consolidation, off-season planning","I want scheduling, time tracking, and my POS in one place. Do platforms built for cafés actually exist, or is it all restaurant software?",all in one POS scheduling platform coffee shop,curious and exploratory,5.0,payroll_team_management,Coffee shop payroll and team management,Regenerated 2026-04-19
gen_1776643758_00293,Single-Location Café Owner,educational,informational,manage W-2 vs 1099 classification for café staff,owner using occasional contract baristas alongside employees,I sometimes bring in a contract barista for busy weekends. At what point does that person need to be a W-2 employee?,W2 vs 1099 café barista contractor classification,newly aware and confused,5.0,payroll_team_management,Coffee shop payroll and team management,Regenerated 2026-04-19
gen_1776643758_00294,Single-Location Café Owner,educational,informational,understand tip pooling compliance rules,"single-location café owner, paying tips manually, worried about legal exposure",I tip pool across front and back of house. Are there federal rules I'm probably violating without knowing?,tip pooling rules front back of house federal law cafe,frustrated and overwhelmed,5.0,payroll_team_management,Coffee shop payroll and team management,Regenerated 2026-04-19
gen_1776643758_00295,Single-Location Café Owner,research,commercial,find integrated scheduling payroll for café,owner-operator tired of juggling separate tools for scheduling and payroll,Looking for one platform that handles café scheduling and payroll together — does that actually exist outside generic restaurant tools?,integrated scheduling payroll software coffee shop,curious and exploratory,5.0,payroll_team_management,Coffee shop payroll and team management,Regenerated 2026-04-19
gen_1776643758_00296,Single-Location Café Owner,educational,informational,understand par-level inventory for coffee shop,"solo owner, manually counting stock, running out mid-week",I keep running out of oat milk before the weekend. How do par levels actually work for a small café?,par level inventory management small coffee shop,newly aware and confused,5.0,inventory_supply_chain,Coffee shop inventory and supply chain,Regenerated 2026-04-19
gen_1776643758_00297,Single-Location Café Owner,educational,informational,track ingredient waste in café,"single-location owner, losing margin, no system in place",Pretty sure we're bleeding money on waste but I can't prove it. How do cafés track ingredient waste without a full inventory team?,coffee shop ingredient waste tracking small cafe,frustrated and overwhelmed,5.0,inventory_supply_chain,Coffee shop inventory and supply chain,Regenerated 2026-04-19
gen_1776643758_00298,Single-Location Café Owner,educational,informational,calculate recipe cost per drink,"owner setting menu prices, unsure of actual margins","How do I figure out the true cost of a latte when syrup, milk, and espresso each fluctuate in price?",recipe costing latte coffee shop ingredient cost calculation,time-pressed and direct,5.0,inventory_supply_chain,Coffee shop inventory and supply chain,Regenerated 2026-04-19
gen_1776643758_00299,Single-Location Café Owner,research,commercial,automate vendor reorder for coffee shop,owner placing supplier orders manually every week,Tired of texting my roaster every Monday guessing what I need. Is there software that automates café vendor reorders?,coffee shop vendor reorder automation inventory software,frustrated and overwhelmed,5.0,inventory_supply_chain,Coffee shop inventory and supply chain,Regenerated 2026-04-19
gen_1776643758_00300,Single-Location Café Owner,educational,informational,understand COGS visibility for café operators,"owner reading P&L, confused by cost-of-goods line",My accountant keeps flagging my COGS but I don't know what's driving it. How do café owners get real visibility into that number?,coffee shop cost of goods sold visibility tracking,newly aware and confused,5.0,inventory_supply_chain,Coffee shop inventory and supply chain,Regenerated 2026-04-19
gen_1776643758_00301,Single-Location Café Owner,research,commercial,find POS with built-in inventory management,"single-location owner, using separate tools, wants consolidation",Using one app for POS and another for inventory — it never stays in sync. Is there a café POS with inventory actually built in?,cafe POS with built in inventory management,frustrated and overwhelmed,5.0,inventory_supply_chain,Coffee shop inventory and supply chain,Regenerated 2026-04-19
gen_1776643758_00302,Single-Location Café Owner,educational,informational,understand food cost percentage benchmarks,"café owner with kitchen menu, unsure if margins are normal",What's a realistic food cost percentage for a kitchen-forward café? Mine's at 38% and I don't know if that's a crisis.,coffee shop food cost percentage benchmark kitchen cafe,newly aware and confused,5.0,inventory_supply_chain,Coffee shop inventory and supply chain,Regenerated 2026-04-19
gen_1776643758_00303,Single-Location Café Owner,support,informational,handle supply chain disruptions for coffee shop,"small café, single roaster supplier, facing stock shortages",My main roaster keeps going out of stock mid-month. How do independent cafés build backup into their supply chain?,coffee shop supply chain backup supplier shortage independent cafe,time-pressed and direct,5.0,inventory_supply_chain,Coffee shop inventory and supply chain,Regenerated 2026-04-19
gen_1776643758_00304,Single-Location Café Owner,research,commercial,connect POS sales data to inventory depletion,"owner counting stock manually, not tied to actual sales","Is there a way my inventory automatically depletes when a drink sells, or do I always have to count manually?",POS inventory auto depletion coffee shop sales sync,newly aware and confused,5.0,inventory_supply_chain,Coffee shop inventory and supply chain,Regenerated 2026-04-19
gen_1776643758_00305,Single-Location Café Owner,educational,informational,reduce over-ordering perishables in café,owner dumping expired dairy and baked goods weekly,Throwing out baked goods and milk every week. How do busy single-location cafés get ordering tight enough to stop that?,reduce perishable waste over-ordering coffee shop cafe,frustrated and overwhelmed,5.0,inventory_supply_chain,Coffee shop inventory and supply chain,Regenerated 2026-04-19
gen_1776643758_00306,Single-Location Café Owner,educational,informational,understand inventory software categories,"single-location café owner, new to inventory tools",I keep hearing 'inventory management software' thrown around. What does it actually do for a small coffee shop?,inventory management software small coffee shop explained,newly aware and confused,5.0,inventory_supply_chain,Coffee shop inventory and supply chain,Regenerated 2026-04-19
gen_1776643758_00307,Single-Location Café Owner,educational,informational,set up recipe costing from scratch,"owner-operator, no formal costing system yet",Never built a recipe costing sheet before. Where do I even start for café drinks with a dozen ingredients each?,recipe costing setup coffee shop drinks ingredients,newly aware and confused,5.0,inventory_supply_chain,Coffee shop inventory and supply chain,Regenerated 2026-04-19
gen_1776643758_00308,Single-Location Café Owner,research,commercial,evaluate POS with built-in inventory,frustrated by disconnected POS and inventory tools,Tired of reconciling two systems that never agree. What should I look for in a POS that has real inventory built in?,coffee shop POS built in inventory management features,frustrated and overwhelmed,5.0,inventory_supply_chain,Coffee shop inventory and supply chain,Regenerated 2026-04-19
gen_1776643758_00309,Single-Location Café Owner,educational,informational,understand shrinkage vs waste distinction,"single-location café, losing product but unsure why",Someone told me shrinkage and waste are tracked differently. I had no idea — what's the difference for a café?,coffee shop shrinkage vs waste inventory tracking difference,newly aware and confused,5.0,inventory_supply_chain,Coffee shop inventory and supply chain,Regenerated 2026-04-19
gen_1776643758_00310,Single-Location Café Owner,educational,informational,plan seasonal menu inventory impact,café owner prepping fall menu switch,Switching to a fall menu next month. How far ahead should I plan ingredient ordering so I'm not scrambling on launch day?,seasonal menu ingredient planning coffee shop inventory,detail-oriented and planning ahead,5.0,inventory_supply_chain,Coffee shop inventory and supply chain,Regenerated 2026-04-19
gen_1776643758_00311,Single-Location Café Owner,support,informational,calculate acceptable inventory variance,"owner doing weekly counts, numbers never match",My weekly counts are always slightly off from what the system says. How much variance is normal before I should panic?,acceptable inventory variance coffee shop weekly count,detail-oriented and planning ahead,5.0,inventory_supply_chain,Coffee shop inventory and supply chain,Regenerated 2026-04-19
gen_1776643758_00312,Single-Location Café Owner,research,commercial,find café-specific supply chain software,owner researching tools during slow season,"Looking for software built for coffee shops specifically, not generic retail. What tools actually understand café supply chains?",supply chain software designed for coffee shops,detail-oriented and planning ahead,5.0,inventory_supply_chain,Coffee shop inventory and supply chain,Regenerated 2026-04-19
gen_1776643758_00313,Single-Location Café Owner,research,commercial,manage multi-vendor ordering from one place,single-location café with four separate vendors,I'm juggling four different vendor portals every week. Is there a way to consolidate café ordering into one place?,consolidate vendor ordering single platform coffee shop,frustrated and overwhelmed,5.0,inventory_supply_chain,Coffee shop inventory and supply chain,Regenerated 2026-04-19
gen_1776643758_00314,Single-Location Café Owner,support,informational,understand FIFO for café perishables,café owner with dairy and pastry rotation issues,My staff doesn't rotate stock consistently and I'm losing product. How do cafés actually enforce FIFO with perishables?,FIFO stock rotation coffee shop perishables dairy pastry,frustrated and overwhelmed,5.0,inventory_supply_chain,Coffee shop inventory and supply chain,Regenerated 2026-04-19
gen_1776643758_00315,Single-Location Café Owner,educational,informational,benchmark inventory count frequency,owner unsure how often to audit stock,Doing full inventory counts monthly but I feel like that's too infrequent. How often do well-run single-location cafés count stock?,how often count inventory single location coffee shop,detail-oriented and planning ahead,5.0,inventory_supply_chain,Coffee shop inventory and supply chain,Regenerated 2026-04-19
gen_1776643758_00316,Single-Location Café Owner,educational,informational,set par levels for café ingredients,"single-location café owner, manually reordering and running out mid-week",I'm constantly running out of syrups mid-week but over-ordering milk. How do cafés actually set par levels that work?,how to set par levels coffee shop ingredients,detail-oriented and planning ahead,5.0,inventory_supply_chain,Coffee shop inventory and supply chain,Regenerated 2026-04-19
gen_1776643758_00317,Multi-Location / Growth-Stage Operator,educational,informational,sync inventory across multiple café locations,"3-location operator, inventory managed separately per site",Running three locations and inventory is tracked separately at each. How do multi-location coffee shops actually sync stock in real time?,sync inventory multiple coffee shop locations real time,frustrated and overwhelmed,5.0,inventory_supply_chain,Coffee shop inventory and supply chain,Regenerated 2026-04-19
gen_1776643758_00318,Multi-Location / Growth-Stage Operator,educational,informational,set par levels for coffee shop ordering,"ops lead scaling from 1 to 4 locations, inconsistent ordering",What's the right way to set par levels for a coffee shop doing 400+ transactions a day across multiple formats?,par level management coffee shop high volume,detail-oriented and planning ahead,5.0,inventory_supply_chain,Coffee shop inventory and supply chain,Regenerated 2026-04-19
gen_1776643758_00319,Multi-Location / Growth-Stage Operator,educational,informational,calculate recipe cost per drink,"growth-stage operator, no standardized costing model",I need to build actual recipe costing for every menu item. What inputs do coffee shops use beyond espresso and milk?,recipe costing coffee shop menu items ingredients,detail-oriented and planning ahead,5.0,inventory_supply_chain,Coffee shop inventory and supply chain,Regenerated 2026-04-19
gen_1776643758_00320,Multi-Location / Growth-Stage Operator,support,informational,reduce coffee shop waste and shrinkage,"multi-location owner, COGS creeping up, no waste visibility",My COGS jumped 4 points across locations and I can't pinpoint where waste is happening. How do operators track this?,coffee shop waste tracking COGS shrinkage multi location,frustrated and overwhelmed,5.0,inventory_supply_chain,Coffee shop inventory and supply chain,Regenerated 2026-04-19
gen_1776643758_00321,Multi-Location / Growth-Stage Operator,research,commercial,automate vendor purchase orders from inventory,"3-location drive-thru operator, manual ordering eating hours weekly",Spending hours manually emailing suppliers every week. Can inventory software auto-generate purchase orders when stock hits par?,automate purchase orders coffee shop inventory par level,time-pressed and direct,5.0,inventory_supply_chain,Coffee shop inventory and supply chain,Regenerated 2026-04-19
gen_1776643758_00322,Multi-Location / Growth-Stage Operator,research,commercial,consolidate COGS visibility across locations,"ops manager, finance lead pulling reports manually per site","Is there a way to see cost-of-goods rolled up across all locations in one dashboard, not exported spreadsheets?",coffee shop COGS dashboard multi location consolidated reporting,time-pressed and direct,5.0,inventory_supply_chain,Coffee shop inventory and supply chain,Regenerated 2026-04-19
gen_1776643758_00323,Multi-Location / Growth-Stage Operator,educational,informational,push menu and recipe changes across all locations,"4-location operator, updating menu manually at each site","Every time I change a recipe or price, I'm doing it four times. How do multi-location operators handle centralized menu updates?",centralized menu management multi location coffee shop,frustrated and overwhelmed,5.0,inventory_supply_chain,Coffee shop inventory and supply chain,Regenerated 2026-04-19
gen_1776643758_00324,Multi-Location / Growth-Stage Operator,commercial,commercial,evaluate inventory software built for coffee shops,"growth-stage owner, current tools not coffee-specific","Looking for inventory software that actually understands coffee — batch brewing, milk variants, modifiers. What platforms are operators using?",inventory software built for coffee shops batch brewing modifiers,detail-oriented and planning ahead,5.0,inventory_supply_chain,Coffee shop inventory and supply chain,Regenerated 2026-04-19
gen_1776643758_00325,Multi-Location / Growth-Stage Operator,educational,informational,track ingredient-level depletion by location,"multi-format operator, flagship café plus two drive-thrus",Drive-thru and café burn through oat milk at totally different rates. Can inventory systems deplete by ingredient per location automatically?,ingredient level inventory depletion per location coffee shop,detail-oriented and planning ahead,5.0,inventory_supply_chain,Coffee shop inventory and supply chain,Regenerated 2026-04-19
gen_1776643758_00326,Multi-Location / Growth-Stage Operator,commercial,commercial,find integrated POS plus inventory for coffee chains,"3-5 location operator, POS and inventory not connected",POS and inventory are two different systems right now and nothing talks. Where do coffee shop operators find these fully integrated?,integrated POS inventory management coffee shop multi location,time-pressed and direct,5.0,inventory_supply_chain,Coffee shop inventory and supply chain,Regenerated 2026-04-19
gen_1776643758_00327,Multi-Location / Growth-Stage Operator,research,informational,understand vendor consolidation benefits multi-location,"3-location operator, fragmented supplier relationships, rising costs",Running three locations with five different suppliers. Does consolidating vendors actually lower COGS or just reduce admin headache?,vendor consolidation multi location coffee shop cogs,skeptical and comparing options,5.0,inventory_supply_chain,Coffee shop inventory and supply chain,Regenerated 2026-04-19
gen_1776643758_00328,Multi-Location / Growth-Stage Operator,educational,informational,identify waste culprits by location format,"drive-thru plus café operator, inconsistent shrinkage numbers",My drive-thru and café show completely different shrinkage rates. What are the most common waste sources specific to each format?,coffee shop waste tracking drive thru vs cafe format,frustrated and overwhelmed,5.0,inventory_supply_chain,Coffee shop inventory and supply chain,Regenerated 2026-04-19
gen_1776643758_00329,Multi-Location / Growth-Stage Operator,educational,informational,evaluate inventory audit frequency for scale,"ops manager, 4 locations, weekly counts feel unsustainable",Weekly full inventory counts across four locations are killing my ops manager's time. How often should multi-location coffee shops actually count stock?,inventory count frequency multi location coffee shop operations,time-pressed and direct,5.0,inventory_supply_chain,Coffee shop inventory and supply chain,Regenerated 2026-04-19
gen_1776643758_00330,Multi-Location / Growth-Stage Operator,research,commercial,assess integrated inventory vs standalone tool,growth-stage operator evaluating software stack consolidation,Inventory bolt-on vs. built-in inventory inside my POS — which actually gives better data accuracy for a coffee operator at scale?,integrated POS inventory vs standalone coffee shop software accuracy,skeptical and comparing options,5.0,inventory_supply_chain,Coffee shop inventory and supply chain,Regenerated 2026-04-19
gen_1776643758_00331,Multi-Location / Growth-Stage Operator,educational,informational,understand landed cost tracking for coffee roasters,"multi-location buyer sourcing from two roasters, freight costs vary",Freight charges from my roasters vary wildly month to month. How do coffee shops factor landed cost into per-cup recipe costing?,landed cost recipe costing coffee shop roaster freight,frustrated and overwhelmed,5.0,inventory_supply_chain,Coffee shop inventory and supply chain,Regenerated 2026-04-19
gen_1776643758_00332,Multi-Location / Growth-Stage Operator,commercial,commercial,find inventory software built for coffee workflows,"operator replacing spreadsheets, needs modifier-level depletion","I need inventory that depletes by modifier — extra shot, oat milk swap, syrup add. What software handles that natively for coffee shops?",coffee shop inventory software modifier level ingredient depletion,time-pressed and direct,5.0,inventory_supply_chain,Coffee shop inventory and supply chain,Regenerated 2026-04-19
gen_1776643758_00333,Multi-Location / Growth-Stage Operator,research,informational,compare centralized vs location-level purchasing control,"5-location operator, managers over-ordering independently",My location managers order supplies independently and it's blowing the budget. Should purchasing be fully centralized at this scale or not?,centralized purchasing control multi location coffee shop operations,frustrated and overwhelmed,5.0,inventory_supply_chain,Coffee shop inventory and supply chain,Regenerated 2026-04-19
gen_1776643758_00334,Multi-Location / Growth-Stage Operator,research,commercial,evaluate real-time stock visibility across locations,"ops lead, 3 locations, inventory blind spots between counts",Between physical counts I have zero visibility into stock levels across locations. Is real-time inventory depletion actually reliable for coffee shops?,real time inventory depletion accuracy multi location coffee shop,skeptical and comparing options,5.0,inventory_supply_chain,Coffee shop inventory and supply chain,Regenerated 2026-04-19
gen_1776643758_00335,Multi-Location / Growth-Stage Operator,research,commercial,centralize loyalty across multiple locations,"3-location operator, each store runs separate punch cards",Customers complain their points don't transfer between our locations. How do I run one loyalty program across all three stores?,unified loyalty program multiple coffee shop locations,frustrated and overwhelmed,5.0,loyalty_customer_marketing,Coffee shop loyalty and customer marketing,Regenerated 2026-04-19
gen_1776643758_00336,Multi-Location / Growth-Stage Operator,educational,informational,measure loyalty program ROI coffee shop,"growth-stage operator, loyalty live but impact unclear",Loyalty program has been running six months and I can't tell if it's actually driving repeat visits. What metrics should I track?,coffee shop loyalty program ROI metrics repeat visits,detail-oriented and planning ahead,5.0,loyalty_customer_marketing,Coffee shop loyalty and customer marketing,Regenerated 2026-04-19
gen_1776643758_00337,Multi-Location / Growth-Stage Operator,research,commercial,sync loyalty with online ordering,"multi-location café, loyalty and online orders disconnected",Guests earn points in-store but not on online orders. Is that a solvable integration problem or do I need a different system entirely?,sync loyalty program online ordering coffee shop POS,frustrated and overwhelmed,5.0,loyalty_customer_marketing,Coffee shop loyalty and customer marketing,Regenerated 2026-04-19
gen_1776643758_00338,Multi-Location / Growth-Stage Operator,educational,informational,build SMS marketing list coffee shop,ops lead at 4-location drive-thru group,I want to start texting regulars about promotions. What's the fastest legitimate way to collect phone numbers at a drive-thru?,collect customer phone numbers SMS marketing drive-thru coffee,time-pressed and direct,5.0,loyalty_customer_marketing,Coffee shop loyalty and customer marketing,Regenerated 2026-04-19
gen_1776643758_00339,Multi-Location / Growth-Stage Operator,support,informational,gift card program across locations,"multi-location operator, gift cards sold at one store only",Sold a gift card at our flagship but customer tried to redeem it at the drive-thru and it failed. How should multi-location gift cards work?,gift card system multiple coffee shop locations redemption,frustrated and overwhelmed,5.0,loyalty_customer_marketing,Coffee shop loyalty and customer marketing,Regenerated 2026-04-19
gen_1776643758_00340,Multi-Location / Growth-Stage Operator,educational,informational,design tiered loyalty for high-volume customers,"growth-stage café operator, high daily transaction volume",Simple punch cards feel undersized for our volume. What does a tiered loyalty structure actually look like for an independent coffee shop?,tiered loyalty program independent coffee shop high volume,detail-oriented and planning ahead,5.0,loyalty_customer_marketing,Coffee shop loyalty and customer marketing,Regenerated 2026-04-19
gen_1776643758_00341,Multi-Location / Growth-Stage Operator,research,commercial,run targeted email campaign to lapsed customers,3-location operator with customer data siloed by store,I want to win back customers who haven't visited in 60 days. Can I segment and email them if my stores each have separate customer lists?,email lapsed customers coffee shop segmentation multi-location,detail-oriented and planning ahead,5.0,loyalty_customer_marketing,Coffee shop loyalty and customer marketing,Regenerated 2026-04-19
gen_1776643758_00342,Multi-Location / Growth-Stage Operator,commercial,commercial,evaluate loyalty software for coffee shops,ops manager comparing platforms before Q3 decision,"Looking for loyalty platforms purpose-built for coffee shops, not adapted from generic restaurant tools. What should I actually be comparing?",loyalty software built for coffee shops comparison,time-pressed and direct,5.0,loyalty_customer_marketing,Coffee shop loyalty and customer marketing,Regenerated 2026-04-19
gen_1776643758_00343,Multi-Location / Growth-Stage Operator,educational,informational,use purchase data to personalize promotions,multi-location owner with POS data not being used,We have months of transaction history sitting in our POS. How do operators actually turn that into personalized offers without a data team?,use POS data personalized promotions coffee shop,detail-oriented and planning ahead,5.0,loyalty_customer_marketing,Coffee shop loyalty and customer marketing,Regenerated 2026-04-19
gen_1776643758_00344,Multi-Location / Growth-Stage Operator,research,commercial,launch opening promotion for new location,"expanding from 2 to 3 locations, third opens in 6 weeks",Third location opens in six weeks. What's a realistic loyalty or promo strategy to drive traffic in the first 30 days?,coffee shop new location opening promotion loyalty strategy,time-pressed and direct,5.0,loyalty_customer_marketing,Coffee shop loyalty and customer marketing,Regenerated 2026-04-19
gen_1776643758_00345,Multi-Location / Growth-Stage Operator,educational,informational,unify customer data across locations,"3-location operator, siloed customer lists per store",Running three locations and every store has its own customer database. How do I consolidate that into one view?,unified customer database multiple coffee shop locations,time-pressed and direct,5.0,loyalty_customer_marketing,Coffee shop loyalty and customer marketing,Regenerated 2026-04-19
gen_1776643758_00346,Multi-Location / Growth-Stage Operator,educational,informational,automate post-visit marketing triggers,"growth-stage operator, wants hands-off retention campaigns",I want emails or texts to fire automatically after someone visits — what triggers do multi-location coffee shops actually set up?,automated post visit email sms triggers coffee shop multi location,practical and ready to act,5.0,loyalty_customer_marketing,Coffee shop loyalty and customer marketing,Regenerated 2026-04-19
gen_1776643758_00347,Multi-Location / Growth-Stage Operator,research,commercial,evaluate loyalty ROI before expanding program,"ops lead, adding a third location soon","Before I scale our loyalty program to a fourth location, what's a realistic cost-per-enrolled-member to expect at a drive-thru?",loyalty program cost per member drive thru coffee shop,skeptical and comparing options,5.0,loyalty_customer_marketing,Coffee shop loyalty and customer marketing,Regenerated 2026-04-19
gen_1776643758_00348,Multi-Location / Growth-Stage Operator,research,commercial,run location-specific promotions centrally,"multi-format operator, flagship plus two drive-thrus",Flagship needs different promos than the drive-thrus. Can one marketing tool handle location-specific campaigns without rebuilding everything each time?,location specific promotions coffee shop central marketing tool,skeptical and comparing options,5.0,loyalty_customer_marketing,Coffee shop loyalty and customer marketing,Regenerated 2026-04-19
gen_1776643758_00349,Multi-Location / Growth-Stage Operator,educational,informational,identify highest-value repeat customers,"growth-stage operator, wants to prioritize VIP outreach",I have regulars across all locations but no way to rank them by spend. How do operators identify their top customers for VIP treatment?,identify high value repeat customers coffee shop loyalty data,practical and ready to act,5.0,loyalty_customer_marketing,Coffee shop loyalty and customer marketing,Regenerated 2026-04-19
gen_1776643758_00350,Multi-Location / Growth-Stage Operator,educational,informational,launch SMS marketing without annoying customers,"multi-location owner, first time running SMS campaigns",We've never done SMS marketing before. What frequency and offer types actually work for independent coffee shops without killing opt-in rates?,SMS marketing frequency best practices independent coffee shop,practical and ready to act,5.0,loyalty_customer_marketing,Coffee shop loyalty and customer marketing,Regenerated 2026-04-19
gen_1776643758_00351,Multi-Location / Growth-Stage Operator,research,commercial,compare branded app vs third-party loyalty platform,ops lead evaluating tools for 4-location expansion,Branded customer app or a bolt-on loyalty platform — which actually makes more sense for a coffee group under five locations?,branded app vs loyalty platform multi location coffee shop,skeptical and comparing options,5.0,loyalty_customer_marketing,Coffee shop loyalty and customer marketing,Regenerated 2026-04-19
gen_1776643758_00352,Multi-Location / Growth-Stage Operator,commercial,commercial,structure gift card program across locations,"multi-location operator, gift cards currently sold per store",We sell gift cards at each store separately right now. What does a centrally managed gift card program look like for a small coffee group?,centralized gift card program multi location coffee shop,time-pressed and direct,5.0,loyalty_customer_marketing,Coffee shop loyalty and customer marketing,Regenerated 2026-04-19
gen_1776643758_00353,Single-Location Café Owner,research,informational,evaluate loyalty program ROI for small café,"single-location owner, unsure if loyalty pays off","I run a one-location café. Do loyalty programs actually increase revenue, or just discount my regulars?",coffee shop loyalty program ROI independent cafe,skeptical and comparing options,5.0,loyalty_customer_marketing,Coffee shop loyalty and customer marketing,Regenerated 2026-04-19
gen_1776643758_00354,Single-Location Café Owner,educational,informational,collect customer emails at point of sale,"owner-operator, no current email list, wants to start",What's the least awkward way to collect customer emails at a coffee shop counter without slowing down the line?,collect customer emails coffee shop POS counter,practical and ready to act,5.0,loyalty_customer_marketing,Coffee shop loyalty and customer marketing,Regenerated 2026-04-19
gen_1776643758_00355,Single-Location Café Owner,research,commercial,set up SMS marketing for café promotions,"single café, wants to drive weekday morning traffic","Trying to fill slow Tuesday mornings — is SMS marketing worth it for a single café, and how do I start?",SMS marketing coffee shop slow day promotion,time-pressed and direct,5.0,loyalty_customer_marketing,Coffee shop loyalty and customer marketing,Regenerated 2026-04-19
gen_1776643758_00356,Single-Location Café Owner,educational,informational,choose points vs punch card loyalty model,owner evaluating loyalty setup for first time,Digital points or a punch card model — which loyalty format actually keeps coffee customers coming back more often?,points vs punch card loyalty coffee shop,skeptical and comparing options,5.0,loyalty_customer_marketing,Coffee shop loyalty and customer marketing,Regenerated 2026-04-19
gen_1776643758_00357,Single-Location Café Owner,support,commercial,sync loyalty data with online ordering,café owner frustrated by disconnected tools,My loyalty program doesn't talk to my online ordering. How do cafés get those two systems to actually sync?,loyalty program sync online ordering coffee shop integration,time-pressed and direct,5.0,loyalty_customer_marketing,Coffee shop loyalty and customer marketing,Regenerated 2026-04-19
gen_1776643758_00358,Single-Location Café Owner,educational,informational,run a limited-time promotion to boost slow season,"single-location café, January slump, needs traffic",January is brutal for foot traffic. What promotional offers actually work for independent coffee shops in slow season?,coffee shop slow season promotion ideas independent cafe,practical and ready to act,5.0,loyalty_customer_marketing,Coffee shop loyalty and customer marketing,Regenerated 2026-04-19
gen_1776643758_00359,Single-Location Café Owner,research,commercial,understand customer visit frequency data,"owner with no CRM, flying blind on regulars",I have no idea how often my regulars actually visit. What tools let a small café track customer frequency without a full CRM?,track customer visit frequency small coffee shop tool,skeptical and comparing options,5.0,loyalty_customer_marketing,Coffee shop loyalty and customer marketing,Regenerated 2026-04-19
gen_1776643758_00360,Single-Location Café Owner,commercial,commercial,find all-in-one loyalty and POS platform for café,owner tired of paying for separate loyalty app,Paying separately for a loyalty app and a POS feels wasteful. Are there platforms built for cafés that bundle both natively?,coffee shop POS with built-in loyalty program,practical and ready to act,5.0,loyalty_customer_marketing,Coffee shop loyalty and customer marketing,Regenerated 2026-04-19
gen_1776643758_00361,Single-Location Café Owner,support,informational,write a re-engagement email for lapsed customers,"café owner with email list, hasn't sent in months",Haven't emailed my list in four months. What should a re-engagement email from a local coffee shop actually say?,re-engagement email coffee shop lapsed customers,time-pressed and direct,5.0,loyalty_customer_marketing,Coffee shop loyalty and customer marketing,Regenerated 2026-04-19
gen_1776643758_00362,Single-Location Café Owner,educational,informational,use loyalty data to identify best customers,single-location owner wanting to reward top spenders,Looking to identify my top 20% of customers and reward them differently. How do café loyalty systems segment by spending?,coffee shop loyalty program segment top customers spending,skeptical and comparing options,5.0,loyalty_customer_marketing,Coffee shop loyalty and customer marketing,Regenerated 2026-04-19
gen_1776643758_00363,Single-Location Café Owner,educational,informational,understand gift card ROI for small café,"single-location owner, looking for low-effort revenue boost","Do gift cards actually bring in new customers to a small café, or mostly get bought by regulars anyway?",gift cards small coffee shop new customer acquisition,practical and ready to act,5.0,loyalty_customer_marketing,Coffee shop loyalty and customer marketing,Regenerated 2026-04-19
gen_1776643758_00364,Single-Location Café Owner,educational,informational,automate birthday reward emails for café,"owner-operator, no dedicated marketing person",I want to send birthday drink offers automatically. What does a café actually need set up to make that work?,automated birthday email loyalty coffee shop setup,practical and ready to act,5.0,loyalty_customer_marketing,Coffee shop loyalty and customer marketing,Regenerated 2026-04-19
gen_1776643758_00365,Single-Location Café Owner,research,commercial,consolidate loyalty and POS into one platform,frustrated owner paying for three separate tools,"Running a loyalty app, POS, and email tool separately is exhausting. Are there platforms built to replace all three for cafés?",integrated loyalty POS email marketing platform coffee shop,frustrated and overwhelmed,5.0,loyalty_customer_marketing,Coffee shop loyalty and customer marketing,Regenerated 2026-04-19
gen_1776643758_00366,Single-Location Café Owner,educational,informational,set a loyalty point redemption threshold,café owner launching first loyalty program,How many points should customers need before they can redeem a free drink? Looking for what actually works in cafés.,loyalty point redemption threshold coffee shop best practice,practical and ready to act,5.0,loyalty_customer_marketing,Coffee shop loyalty and customer marketing,Regenerated 2026-04-19
gen_1776643758_00367,Single-Location Café Owner,support,informational,recover lapsed café customers with SMS,owner with a list of customers who haven't returned in 60+ days,I've got customers who haven't visited in two months. What kind of SMS offer actually brings people back to a café?,win back lapsed customers SMS offer coffee shop,frustrated and overwhelmed,5.0,loyalty_customer_marketing,Coffee shop loyalty and customer marketing,Regenerated 2026-04-19
gen_1776643758_00368,Single-Location Café Owner,navigational,navigational,find café-specific loyalty software options,"owner researching tools, wants coffee-native solutions","Looking for loyalty software built specifically for coffee shops, not generic retail tools. Where do I even start comparing?",loyalty software built for coffee shops independent cafe,practical and ready to act,5.0,loyalty_customer_marketing,Coffee shop loyalty and customer marketing,Regenerated 2026-04-19
gen_1776643758_00369,Single-Location Café Owner,educational,informational,promote a new menu item to existing customers,"small café launching seasonal drink, no marketing budget",Launching a new seasonal latte next week. What's the most effective way to tell my existing customer base fast?,promote new menu item existing customers coffee shop email sms,practical and ready to act,5.0,loyalty_customer_marketing,Coffee shop loyalty and customer marketing,Regenerated 2026-04-19
gen_1776643758_00370,Single-Location Café Owner,support,informational,understand why loyalty members stop visiting,owner seeing loyalty signups plateau with no repeat visits,People sign up for my loyalty program and then disappear. How do other café owners figure out why members stop coming back?,loyalty member churn coffee shop why customers stop returning,emotional and looking for support,5.0,loyalty_customer_marketing,Coffee shop loyalty and customer marketing,Regenerated 2026-04-19
gen_1776643758_00371,Single-Location Café Owner,research,commercial,decide on a first promotional campaign type,"first-time café marketer, overwhelmed by options","Never run a real promo before. BOGO, free drink with purchase, or double points — which one should a new café try first?",first promotional campaign ideas independent coffee shop,emotional and looking for support,5.0,loyalty_customer_marketing,Coffee shop loyalty and customer marketing,Regenerated 2026-04-19
gen_1776643758_00372,Single-Location Café Owner,educational,informational,use customer purchase data to personalize offers,"café owner wanting smarter, less generic promotions",My regulars order the same thing every visit. Can I use that purchase history to send them personalized deals instead of blasting everyone?,personalized offers based on purchase history coffee shop loyalty,practical and ready to act,5.0,loyalty_customer_marketing,Coffee shop loyalty and customer marketing,Regenerated 2026-04-19
gen_1776643758_00373,Single-Location Café Owner,educational,informational,understand loyalty program ROI for small café,"single-location owner, frustrated by disconnected tools, questioning loyalty investment",I spend money on a loyalty program but have no idea if it's actually growing revenue. How do café owners even measure this?,coffee shop loyalty program ROI measure revenue independent café,frustrated and overwhelmed,5.0,loyalty_customer_marketing,Coffee shop loyalty and customer marketing,Regenerated 2026-04-19
gen_1776643758_00374,Mobile / Specialty Format Operator,research,commercial,POS offline mode reliability coffee truck,"coffee truck operator, unreliable event venue wifi",My truck works events where wifi is spotty or dead. Which POS systems actually hold up offline during a rush?,coffee truck POS offline mode reliable,skeptical and comparing options,5.0,drive_thru_truck_mobile,"Drive-thru, coffee truck, and mobile coffee formats",Regenerated 2026-04-19
gen_1776643758_00375,Mobile / Specialty Format Operator,research,commercial,compact POS hardware for drive-thru window,"drive-thru-only shop, tiny second-window counter space",Second window has almost no counter space. What hardware setups do drive-thru operators actually use to keep checkout fast?,drive thru coffee shop compact POS hardware second window,practical and ready to act,5.0,drive_thru_truck_mobile,"Drive-thru, coffee truck, and mobile coffee formats",Regenerated 2026-04-19
gen_1776643758_00376,Mobile / Specialty Format Operator,educational,informational,fast checkout flow high-volume drive-thru,"drive-thru operator, morning rush bottleneck at payment",Losing cars during morning rush at payment. How do drive-thru coffee shops speed up checkout without adding staff?,drive thru coffee fast checkout reduce wait time,time-pressed and direct,5.0,drive_thru_truck_mobile,"Drive-thru, coffee truck, and mobile coffee formats",Regenerated 2026-04-19
gen_1776643758_00377,Mobile / Specialty Format Operator,commercial,commercial,mobile card reader options for pop-up coffee,"pop-up event operator, no fixed location or terminal",I do weekend markets with no fixed setup. What mobile card readers actually work well for fast coffee transactions?,mobile card reader pop up coffee event operator,practical and ready to act,5.0,drive_thru_truck_mobile,"Drive-thru, coffee truck, and mobile coffee formats",Regenerated 2026-04-19
gen_1776643758_00378,Mobile / Specialty Format Operator,educational,informational,kiosk line-busting drive-thru coffee,drive-thru owner researching self-order kiosk options,Thinking about adding a self-order kiosk to cut the line at my drive-thru. Does that actually move cars faster?,self order kiosk drive thru coffee line busting,skeptical and comparing options,5.0,drive_thru_truck_mobile,"Drive-thru, coffee truck, and mobile coffee formats",Regenerated 2026-04-19
gen_1776643758_00379,Mobile / Specialty Format Operator,research,commercial,quick setup teardown POS for events,mobile coffee operator doing multi-day festivals,I'm at a different festival every weekend. Which tablet POS systems are actually designed for fast setup and teardown?,tablet POS quick setup teardown coffee events festivals,time-pressed and direct,5.0,drive_thru_truck_mobile,"Drive-thru, coffee truck, and mobile coffee formats",Regenerated 2026-04-19
gen_1776643758_00380,Mobile / Specialty Format Operator,educational,informational,inventory tracking coffee truck limited stock,coffee truck with no back-of-house storage,Running out of syrups mid-shift costs me sales. How do truck operators track inventory when space and stock are tight?,coffee truck inventory tracking limited stock POS,practical and ready to act,5.0,drive_thru_truck_mobile,"Drive-thru, coffee truck, and mobile coffee formats",Regenerated 2026-04-19
gen_1776643758_00381,Mobile / Specialty Format Operator,research,commercial,POS built for coffee truck vs generic restaurant,truck operator frustrated with generic restaurant software,Generic restaurant POS keeps throwing menus and workflows at me that don't fit a truck. Is there something built for coffee?,coffee truck specific POS software not restaurant,skeptical and comparing options,5.0,drive_thru_truck_mobile,"Drive-thru, coffee truck, and mobile coffee formats",Regenerated 2026-04-19
gen_1776643758_00382,Mobile / Specialty Format Operator,educational,informational,loyalty program integration mobile coffee format,drive-thru and pop-up operator wanting repeat customers,Drive-thru and pop-up formats make loyalty hard. Can a POS actually run a loyalty program without a fixed storefront?,loyalty program POS drive thru mobile coffee no storefront,skeptical and comparing options,5.0,drive_thru_truck_mobile,"Drive-thru, coffee truck, and mobile coffee formats",Regenerated 2026-04-19
gen_1776643758_00383,Prospective Coffee Shop Owner,educational,informational,estimate coffee shop startup costs,"first-time owner, pre-launch, no revenue yet",Trying to build my startup budget. What does it actually cost to open a small coffee shop from scratch?,coffee shop startup costs breakdown first time owner,newly aware and confused,5.0,opening_a_coffee_shop,Opening a coffee shop,Regenerated 2026-04-19
gen_1776643758_00384,Prospective Coffee Shop Owner,educational,informational,understand coffee shop business plan structure,"planning phase, seeking bank financing",Applying for a small business loan to open a café. What sections does a coffee shop business plan actually need?,coffee shop business plan sections small business loan,practical and ready to act,5.0,opening_a_coffee_shop,Opening a coffee shop,Regenerated 2026-04-19
gen_1776643758_00385,Prospective Coffee Shop Owner,research,commercial,choose POS system before opening,"opening in 4 weeks, first-time operator",Opening my first café in a month and haven't picked a POS yet. What should I prioritize when comparing systems?,coffee shop POS system what to look for new owner,time-pressed and direct,5.0,opening_a_coffee_shop,Opening a coffee shop,Regenerated 2026-04-19
gen_1776643758_00386,Prospective Coffee Shop Owner,educational,informational,understand coffee shop equipment costs,"build-out phase, budgeting hardware purchases","What equipment do I actually need to buy before opening a coffee shop, and roughly what does each piece cost?",coffee shop equipment list cost espresso machine startup,practical and ready to act,5.0,opening_a_coffee_shop,Opening a coffee shop,Regenerated 2026-04-19
gen_1776643758_00387,Prospective Coffee Shop Owner,support,informational,find opening-day checklist for café launch,"2 weeks from soft open, first-time owner",Two weeks from my soft open and terrified I'm forgetting something. What's on a realistic opening-day checklist for a café?,coffee shop opening day checklist soft open,time-pressed and direct,5.0,opening_a_coffee_shop,Opening a coffee shop,Regenerated 2026-04-19
gen_1776643758_00388,Prospective Coffee Shop Owner,research,commercial,decide between all-in-one vs separate software tools,"pre-launch, evaluating software stack",I keep seeing 'all-in-one' platforms for coffee shops. Is that actually better than picking separate apps for each thing?,all in one coffee shop software vs separate tools,newly aware and confused,5.0,opening_a_coffee_shop,Opening a coffee shop,Regenerated 2026-04-19
gen_1776643758_00389,Prospective Coffee Shop Owner,educational,informational,understand coffee shop profit margins,financial planning before opening,"Before I commit to this, what profit margins should I realistically expect running an independent coffee shop?",independent coffee shop profit margin realistic average,newly aware and confused,5.0,opening_a_coffee_shop,Opening a coffee shop,Regenerated 2026-04-19
gen_1776643758_00390,Prospective Coffee Shop Owner,commercial,commercial,evaluate loyalty program options for new café,"pre-launch, wants to build repeat customers early",Launching a coffee shop soon and want loyalty built in from day one. What should I look for in a café loyalty program?,coffee shop loyalty program new cafe launch,practical and ready to act,5.0,opening_a_coffee_shop,Opening a coffee shop,Regenerated 2026-04-19
gen_1776643758_00391,Prospective Coffee Shop Owner,research,commercial,find coffee shop POS with online ordering built in,"opening solo café, wants mobile orders before launch","Looking for a POS that has online ordering included, not bolted on. Does that exist specifically for coffee shops?",coffee shop POS built in online ordering integrated,practical and ready to act,5.0,opening_a_coffee_shop,Opening a coffee shop,Regenerated 2026-04-19
gen_1776643758_00392,Prospective Coffee Shop Owner,educational,informational,understand staffing requirements before opening,"hiring first employees, no HR experience",About to hire my first baristas and have no idea what I'm doing. What do I legally need set up before putting people on payroll?,coffee shop hiring first employees payroll setup legal,newly aware and confused,5.0,opening_a_coffee_shop,Opening a coffee shop,Regenerated 2026-04-19
gen_1776643758_00393,Prospective Coffee Shop Owner,research,commercial,understand coffee shop software stack needs,"first-time owner, pre-launch, overwhelmed by tool options","I'm drowning in software options for my café. Scheduling, inventory, loyalty — do I really need separate tools for all of this?",coffee shop software stack scheduling inventory loyalty integrated,frustrated and overwhelmed,5.0,opening_a_coffee_shop,Opening a coffee shop,Regenerated 2026-04-19
gen_1776643758_00394,Prospective Coffee Shop Owner,educational,informational,plan coffee shop revenue and break-even timeline,"prospective owner, pre-revenue, detail-oriented planner",How many cups a day does a small independent coffee shop need to sell just to break even on rent and labor?,coffee shop break even cups per day rent labor,detail-oriented and planning ahead,5.0,opening_a_coffee_shop,Opening a coffee shop,Regenerated 2026-04-19
gen_1776643758_00395,Multi-Location / Growth-Stage Operator,educational,informational,centralize menu updates across locations,"ops lead, 4 locations, menu changes done manually each time",Changing a menu item takes me four separate logins across four stores. How do multi-location cafés handle centralized menu management?,centralized menu management multi-location coffee shop POS,time-pressed and direct,5.0,multi_location_scaling,Multi-location and scaling coffee operations,Regenerated 2026-04-19
gen_1776643758_00396,Multi-Location / Growth-Stage Operator,research,commercial,unified sales reporting across coffee locations,"owner, 3 locations, no consolidated view of revenue",I have three stores and three separate dashboards. Is there a way to see all-location revenue in one report?,unified sales reporting multi-location coffee shop,time-pressed and direct,5.0,multi_location_scaling,Multi-location and scaling coffee operations,Regenerated 2026-04-19
gen_1776643758_00397,Multi-Location / Growth-Stage Operator,educational,informational,cross-location loyalty program setup,"growth-stage operator, customers visit multiple locations",Customers bounce between our café and drive-thru but earn points separately at each. How should cross-location loyalty actually work?,cross location loyalty program coffee shop multi-location,emotional and looking for support,5.0,multi_location_scaling,Multi-location and scaling coffee operations,Regenerated 2026-04-19
gen_1776643758_00398,Multi-Location / Growth-Stage Operator,research,commercial,evaluate multi-location POS switching cost,"3-location owner, current stack breaking at scale",We're at three locations and everything's falling apart operationally. At what point does switching POS systems actually pay off?,switching coffee shop POS multi-location worth it,skeptical and comparing options,5.0,multi_location_scaling,Multi-location and scaling coffee operations,Regenerated 2026-04-19
gen_1776643758_00399,Multi-Location / Growth-Stage Operator,research,commercial,consolidated payroll across multiple coffee shops,"ops manager, 4 locations, running payroll separately per store",Payroll takes forever because each location runs independently. What do operators with four-plus shops use to consolidate payroll?,consolidated payroll multi-location coffee shop software,time-pressed and direct,5.0,multi_location_scaling,Multi-location and scaling coffee operations,Regenerated 2026-04-19
gen_1776643758_00400,Multi-Location / Growth-Stage Operator,educational,informational,synced inventory across coffee locations,owner managing flagship café plus two drive-thrus,I'm over-ordering at one drive-thru and running out at another. How do multi-location coffee shops sync inventory in real time?,real time inventory sync multi-location coffee shop,emotional and looking for support,5.0,multi_location_scaling,Multi-location and scaling coffee operations,Regenerated 2026-04-19
gen_1776643758_00401,Multi-Location / Growth-Stage Operator,research,commercial,compare multi-location POS feature depth,growth-stage operator evaluating platforms for 5-location expansion,Planning to open a fifth location. Which POS platforms are actually built for scaling coffee shops versus just bolting on multi-location features?,best POS system scaling multi-location coffee shops,skeptical and comparing options,5.0,multi_location_scaling,Multi-location and scaling coffee operations,Regenerated 2026-04-19
gen_1776643758_00402,Multi-Location / Growth-Stage Operator,navigational,navigational,find coffee-specific multi-location software,ops lead tired of restaurant-generic tools,Every platform I demo is built for restaurants. Is there software designed specifically for running multiple coffee shop locations?,coffee shop specific software multi-location operations,skeptical and comparing options,5.0,multi_location_scaling,Multi-location and scaling coffee operations,Regenerated 2026-04-19
gen_1776643758_00403,Multi-Location / Growth-Stage Operator,educational,informational,understand franchise-ready POS tooling,owner considering franchising 3-location drive-thru brand,Thinking about franchising our drive-thru concept. What POS features do I actually need before handing operations to a franchisee?,franchise ready coffee shop POS features drive-thru,emotional and looking for support,5.0,multi_location_scaling,Multi-location and scaling coffee operations,Regenerated 2026-04-19
gen_1776643758_00404,Multi-Location / Growth-Stage Operator,commercial,commercial,track labor cost visibility per location,"finance lead, 4 coffee shops, no per-location labor benchmarks",Our finance lead keeps asking why labor margins differ so much per store. What reporting actually gives visibility into per-location labor efficiency?,labor cost visibility per location coffee shop reporting,time-pressed and direct,5.0,multi_location_scaling,Multi-location and scaling coffee operations,Regenerated 2026-04-19
gen_1776643758_00405,Multi-Location / Growth-Stage Operator,educational,informational,consolidate multi-location coffee reporting,"ops lead, 4 locations, data scattered across systems",Running four coffee shops and my end-of-week numbers live in four different places. How do operators actually consolidate this?,multi location coffee shop unified reporting software,time-pressed and direct,5.0,multi_location_scaling,Multi-location and scaling coffee operations,Regenerated 2026-04-19
gen_1776643758_00406,Multi-Location / Growth-Stage Operator,research,commercial,evaluate multi-location POS switching cost,"3-location owner, current stack breaking, evaluating options",My current POS handles one shop fine but falls apart across three. Is migrating mid-growth actually worth the disruption?,switching POS system multiple coffee shop locations worth it,skeptical and comparing options,5.0,multi_location_scaling,Multi-location and scaling coffee operations,Regenerated 2026-04-19
gen_1776643758_00407,Multi-Location / Growth-Stage Operator,research,commercial,manage staff scheduling across locations,"ops manager, employees floating between 3 shops",Some of our baristas work two locations in the same week. What scheduling tools handle cross-location shifts without double-entry?,cross location employee scheduling coffee shop multi site,practical and ready to act,5.0,multi_location_scaling,Multi-location and scaling coffee operations,Regenerated 2026-04-19
gen_1776643758_00408,Multi-Location / Growth-Stage Operator,educational,informational,benchmark labor cost per coffee location,"finance lead, 4 locations, labor margins inconsistent","What labor cost percentage should a multi-location coffee drive-thru actually target, and how do you track it per store?",coffee drive thru labor cost percentage benchmark per location,skeptical and comparing options,5.0,multi_location_scaling,Multi-location and scaling coffee operations,Regenerated 2026-04-19
gen_1776643758_00409,Multi-Location / Growth-Stage Operator,support,informational,push menu updates across all locations,"owner, seasonal LTO rollout, 4 locations",Seasonal drop next week across all four stores — what's the fastest way operators push menu changes without touching each terminal?,push menu update all locations coffee shop POS,time-pressed and direct,5.0,multi_location_scaling,Multi-location and scaling coffee operations,Regenerated 2026-04-19
gen_1776643758_00410,Multi-Location / Growth-Stage Operator,navigational,navigational,find coffee-specific multi-location software,"growth-stage operator, demoing platforms, frustrated with generic tools","I need software built for coffee, not adapted from a burger chain. Where do multi-location indie operators actually land?",coffee shop specific software multi location indie operator,skeptical and comparing options,5.0,multi_location_scaling,Multi-location and scaling coffee operations,Regenerated 2026-04-19
gen_1776643758_00411,Multi-Location / Growth-Stage Operator,commercial,commercial,automate consolidated payroll multiple locations,"owner, manual payroll across 3 locations eating hours weekly",Manually reconciling timesheets from three shops every two weeks. What does a real consolidated payroll setup look like for coffee operators?,consolidated payroll multi location coffee shop automation,practical and ready to act,5.0,multi_location_scaling,Multi-location and scaling coffee operations,Regenerated 2026-04-19
gen_1776643758_00412,Multi-Location / Growth-Stage Operator,educational,informational,set location-level permissions for managers,"multi-location owner, delegating to store managers",I want each manager seeing only their store's data. How do coffee operators set up location-level access controls without losing top-level visibility?,location level manager permissions multi store coffee POS,practical and ready to act,5.0,multi_location_scaling,Multi-location and scaling coffee operations,Regenerated 2026-04-19
gen_1776643758_00413,Multi-Location / Growth-Stage Operator,research,commercial,assess franchise readiness of current tech stack,"drive-thru operator, 4 units, exploring licensing model","Before licensing our drive-thru model to a third party, what does our tech stack actually need to support that?",franchise ready tech stack coffee drive thru licensing,skeptical and comparing options,5.0,multi_location_scaling,Multi-location and scaling coffee operations,Regenerated 2026-04-19
gen_1776643758_00414,Multi-Location / Growth-Stage Operator,support,informational,track gift card redemption across locations,"ops lead, gift cards sold at one store, redeemed anywhere",Customers buy gift cards at our flagship but redeem them at the drive-thru. How do multi-location shops track that cleanly?,gift card tracking across multiple coffee shop locations,time-pressed and direct,5.0,multi_location_scaling,Multi-location and scaling coffee operations,Regenerated 2026-04-19
gen_1776643758_00415,Multi-Location / Growth-Stage Operator,educational,informational,unify inventory tracking across locations,"3-location operator, stock counts done per store manually",Inventory is tracked separately at each of my three shops. How do multi-location coffee operators actually sync stock across locations?,multi location coffee shop inventory management sync,frustrated and overwhelmed,5.0,multi_location_scaling,Multi-location and scaling coffee operations,Regenerated 2026-04-19
gen_1776643758_00416,Multi-Location / Growth-Stage Operator,research,commercial,evaluate all-in-one vs stitched stack,"4-location operator, paying for 6 separate tools","Paying for separate POS, payroll, and loyalty tools across four locations. Is consolidating into one platform actually worth switching?",all in one coffee shop software multi location,time-pressed and direct,5.0,multi_location_scaling,Multi-location and scaling coffee operations,Regenerated 2026-04-19
gen_1776643758_00417,Multi-Location / Growth-Stage Operator,educational,informational,centralize loyalty program across stores,"2-location café plus drive-thru, loyalty siloed per store",Loyalty points don't carry between our café and drive-thru locations. How do coffee operators run one program across different store formats?,cross location loyalty program coffee shop multi format,frustrated and overwhelmed,5.0,multi_location_scaling,Multi-location and scaling coffee operations,Regenerated 2026-04-19
gen_1776643758_00418,Multi-Location / Growth-Stage Operator,commercial,commercial,find coffee-specific multi-location POS,"growth-stage operator, outgrowing current setup at location 3","Opening our third location soon. Looking for POS software built specifically for coffee, not just adapted from restaurant tools.",coffee shop POS software multi location scaling,newly aware and confused,5.0,multi_location_scaling,Multi-location and scaling coffee operations,Regenerated 2026-04-19
gen_1776643758_00419,Multi-Location / Growth-Stage Operator,educational,informational,understand franchise-ready tech requirements,drive-thru operator exploring licensing model,I'm trying to understand what reporting and menu controls a coffee tech stack needs before you can responsibly license a second operator.,coffee franchise tech stack requirements multi location reporting,newly aware and confused,5.0,multi_location_scaling,Multi-location and scaling coffee operations,Regenerated 2026-04-19
gen_1776643758_00420,Multi-Location / Growth-Stage Operator,research,commercial,compare multi-location coffee POS options,"ops lead evaluating platforms, 4 drive-thru locations","Four drive-thrus, one ops lead, zero unified reporting. Which platforms do multi-location coffee operators actually rely on for this?",best POS multi location coffee drive thru unified reporting,time-pressed and direct,5.0,multi_location_scaling,Multi-location and scaling coffee operations,Regenerated 2026-04-19
gen_1776643758_00421,Multi-Location / Growth-Stage Operator,support,informational,understand per-location profit visibility,"3-location owner, P&L built manually each month",Building a monthly P&L manually for each shop is destroying Sundays. How do operators get per-location profitability without the spreadsheet chaos?,per location profit loss reporting coffee shop operator,frustrated and overwhelmed,5.0,multi_location_scaling,Multi-location and scaling coffee operations,Regenerated 2026-04-19
gen_1776643758_00422,Prospective Coffee Shop Owner,research,commercial,evaluate generic POS vs coffee-specific software,"pre-opening, first-time owner, comparing options","Opening a coffee shop in 3 months. Is a generic restaurant POS good enough, or do I need something built for cafés?",coffee shop specific POS vs restaurant POS,skeptical and comparing options,5.0,square_toast_clover_alternatives,Square / Toast / Clover alternatives for coffee shops,Regenerated 2026-04-19
gen_1776643758_00423,Prospective Coffee Shop Owner,educational,informational,understand POS switching costs later,"pre-opening, cost-sensitive, planning for growth",I want to pick a POS before opening that I won't regret at location three. What should I look for now?,coffee shop POS scalable multi location small business,detail-oriented and planning ahead,5.0,square_toast_clover_alternatives,Square / Toast / Clover alternatives for coffee shops,Regenerated 2026-04-19
gen_1776643758_00424,Prospective Coffee Shop Owner,research,commercial,find coffee-native loyalty and ordering stack,"pre-opening café, doesn't want to stitch tools together","Do any coffee shop POS systems include loyalty and online ordering built in, or is it always a separate app?",coffee shop POS built in loyalty online ordering,skeptical and comparing options,5.0,square_toast_clover_alternatives,Square / Toast / Clover alternatives for coffee shops,Regenerated 2026-04-19
gen_1776643758_00425,Prospective Coffee Shop Owner,research,informational,assess whether popular POS fits café workflows,"future café owner, heard mixed reviews from operators","Every food podcast recommends the same two or three POS systems, but are any of them actually designed for coffee shops?",best POS system designed for coffee shops not restaurants,skeptical and comparing options,5.0,square_toast_clover_alternatives,Square / Toast / Clover alternatives for coffee shops,Regenerated 2026-04-19
gen_1776643758_00426,Prospective Coffee Shop Owner,commercial,commercial,understand true all-in POS cost before opening,"pre-revenue, startup budget, evaluating software spend",Trying to budget software before I open. What does a full coffee shop POS setup actually cost monthly once you add every tool?,coffee shop POS total monthly cost all features,detail-oriented and planning ahead,5.0,square_toast_clover_alternatives,Square / Toast / Clover alternatives for coffee shops,Regenerated 2026-04-19
gen_1776643758_00427,Prospective Coffee Shop Owner,navigational,navigational,find operator-recommended POS for first café,"first-time owner, trusts peer recommendations over ads",What POS do experienced independent coffee shop owners actually recommend to someone opening their first location?,independent coffee shop owner recommended POS first location,emotional and looking for support,5.0,square_toast_clover_alternatives,Square / Toast / Clover alternatives for coffee shops,Regenerated 2026-04-19
gen_1776643758_00428,Prospective Coffee Shop Owner,support,commercial,evaluate POS support quality for new operators,"pre-opening, anxious about tech failing on launch day",I'm terrified of my POS going down opening week with no one to call. Which systems actually have real support?,coffee shop POS 24 7 live support new operator,emotional and looking for support,5.0,square_toast_clover_alternatives,Square / Toast / Clover alternatives for coffee shops,Regenerated 2026-04-19
gen_1776643758_00429,Prospective Coffee Shop Owner,educational,informational,compare flat monthly POS vs transaction-fee model,"pre-revenue café, margin-conscious before first sale",Flat monthly fee versus percentage of every transaction — which POS pricing model actually saves a coffee shop money long term?,coffee shop POS flat fee vs transaction fee pricing,detail-oriented and planning ahead,5.0,square_toast_clover_alternatives,Square / Toast / Clover alternatives for coffee shops,Regenerated 2026-04-19
gen_1776643758_00430,Prospective Coffee Shop Owner,research,commercial,find POS built for drive-thru coffee workflow,"planning drive-thru café, speed and order flow are critical",Building a drive-thru coffee concept. Most POS systems seem built for dine-in — what actually works for fast drive-thru flow?,drive thru coffee shop POS system workflow speed,skeptical and comparing options,5.0,square_toast_clover_alternatives,Square / Toast / Clover alternatives for coffee shops,Regenerated 2026-04-19
gen_1776643758_00431,Prospective Coffee Shop Owner,educational,informational,understand what coffee-specific POS features matter,"pre-opening, unsure what differentiates coffee from restaurant needs",Nobody told me coffee shops have different POS needs than restaurants. What features should I actually be looking for?,coffee shop POS features different from restaurant POS,emotional and looking for support,5.0,square_toast_clover_alternatives,Square / Toast / Clover alternatives for coffee shops,Regenerated 2026-04-19
gen_1776643758_00432,Prospective Coffee Shop Owner,research,commercial,evaluate general POS vs coffee-specific POS,"pre-opening café owner, first-time operator, cost-sensitive",Everyone says just use the big-name POS. Is there actually a meaningful difference with something built only for coffee shops?,coffee shop specific POS vs general restaurant POS,skeptical and comparing options,5.0,square_toast_clover_alternatives,Square / Toast / Clover alternatives for coffee shops,Regenerated 2026-04-19
gen_1776643758_00433,Prospective Coffee Shop Owner,educational,informational,understand why coffee shops switch POS systems,"planning phase, hasn't opened yet, researching cautiously",Why do so many coffee shops end up switching POS systems after a year? I don't want to redo this after opening.,why coffee shops switch POS systems after opening,curious and exploratory,5.0,square_toast_clover_alternatives,Square / Toast / Clover alternatives for coffee shops,Regenerated 2026-04-19
gen_1776643758_00434,Prospective Coffee Shop Owner,research,commercial,find POS alternatives for small independent café,"future solo operator, single location, pre-revenue","Looking for POS options built for independent cafés, not chains. What alternatives actually exist beyond the usual names I keep seeing?",independent coffee shop POS alternatives small cafe,newly aware and confused,5.0,square_toast_clover_alternatives,Square / Toast / Clover alternatives for coffee shops,Regenerated 2026-04-19
gen_1776643758_00435,Prospective Coffee Shop Owner,educational,informational,understand POS transaction fee impact on cafés,"pre-opening, low-ticket café items, margin-conscious",Coffee averages a $6 ticket. How much do per-transaction POS fees actually eat into margins at that volume?,POS transaction fees impact coffee shop low ticket size,skeptical and comparing options,5.0,square_toast_clover_alternatives,Square / Toast / Clover alternatives for coffee shops,Regenerated 2026-04-19
gen_1776643758_00436,Prospective Coffee Shop Owner,research,commercial,find POS with integrated loyalty for new café,"opening in 60 days, wants loyalty from day one","I want loyalty built into my POS from day one, not bolted on later. Do café-focused systems actually do this natively?",coffee shop POS with built in loyalty program,curious and exploratory,5.0,square_toast_clover_alternatives,Square / Toast / Clover alternatives for coffee shops,Regenerated 2026-04-19
gen_1776643758_00437,Prospective Coffee Shop Owner,educational,informational,compare POS complexity for simple café menu,"first-time owner, espresso-forward menu, not a full restaurant",Most POS systems seem designed for full restaurants with huge menus. Is that overkill for a straightforward espresso bar?,simple coffee shop POS not restaurant overkill espresso bar,newly aware and confused,5.0,square_toast_clover_alternatives,Square / Toast / Clover alternatives for coffee shops,Regenerated 2026-04-19
gen_1776643758_00438,Prospective Coffee Shop Owner,research,commercial,identify coffee shop POS with payroll and scheduling,"pre-opening, planning 10-person team, wants fewer tools",Is there a café POS that also handles employee scheduling and payroll? I'd rather not manage four separate subscriptions before I even open.,coffee shop POS with scheduling payroll all in one,skeptical and comparing options,5.0,square_toast_clover_alternatives,Square / Toast / Clover alternatives for coffee shops,Regenerated 2026-04-19
gen_1776643758_00439,Prospective Coffee Shop Owner,navigational,navigational,locate coffee-specific POS vendor websites,"build-out phase, ready to request demos, narrowing options",I'm ready to book demos. Where do I find POS companies that focus specifically on coffee shops rather than restaurants generally?,coffee shop POS software companies demo request,newly aware and confused,5.0,square_toast_clover_alternatives,Square / Toast / Clover alternatives for coffee shops,Regenerated 2026-04-19
gen_1776643758_00440,Prospective Coffee Shop Owner,research,commercial,assess POS scalability from one to three locations,"ambitious first-time owner, planning multi-unit eventually",Opening one location but planning for three eventually. Which café POS systems actually scale without forcing a painful platform migration later?,coffee shop POS scalable multi location small operator,curious and exploratory,5.0,square_toast_clover_alternatives,Square / Toast / Clover alternatives for coffee shops,Regenerated 2026-04-19
gen_1776643758_00441,Multi-Location / Growth-Stage Operator,commercial,commercial,switch POS when scaling to multiple locations,"3-location coffee operator, data doesn't consolidate",Running 3 cafés and my reports don't roll up. When does it make sense to rip and replace your POS?,coffee shop POS multi location unified reporting,practical and ready to act,5.0,square_toast_clover_alternatives,Square / Toast / Clover alternatives for coffee shops,Regenerated 2026-04-19
gen_1776643758_00442,Multi-Location / Growth-Stage Operator,research,informational,evaluate POS built for coffee vs generic restaurant system,growth-stage operator tired of workarounds,Is there a meaningful difference between a coffee-specific POS and a general restaurant system at 3-4 locations?,coffee shop specific POS vs restaurant POS multi location,curious and exploratory,5.0,square_toast_clover_alternatives,Square / Toast / Clover alternatives for coffee shops,Regenerated 2026-04-19
gen_1776643758_00443,Multi-Location / Growth-Stage Operator,commercial,commercial,sync menu changes across all locations,"4-location café chain, manual menu updates per site",Changing a menu item across 4 locations takes me forever. Which POS systems actually push updates everywhere at once?,POS system sync menu across multiple coffee shop locations,practical and ready to act,5.0,square_toast_clover_alternatives,Square / Toast / Clover alternatives for coffee shops,Regenerated 2026-04-19
gen_1776643758_00444,Multi-Location / Growth-Stage Operator,research,informational,consolidate payroll across mixed-format coffee locations,"ops lead managing café, drive-thru, kiosk staff","I run a café, a drive-thru, and a kiosk. Does any POS platform actually handle payroll for all three without extra software?",coffee shop POS with payroll multi format locations,detail-oriented and planning ahead,5.0,square_toast_clover_alternatives,Square / Toast / Clover alternatives for coffee shops,Regenerated 2026-04-19
gen_1776643758_00445,Multi-Location / Growth-Stage Operator,educational,informational,understand when generic POS outgrows a small coffee chain,2-location owner adding a third site soon,"At what point does a simple, low-cost POS actually start costing you more than it saves across multiple locations?",when to upgrade coffee shop POS multiple locations cost,curious and exploratory,5.0,square_toast_clover_alternatives,Square / Toast / Clover alternatives for coffee shops,Regenerated 2026-04-19
gen_1776643758_00446,Multi-Location / Growth-Stage Operator,commercial,commercial,find POS with centralized loyalty across locations,"3-location operator, loyalty doesn't carry between sites",My loyalty program resets when customers visit a different one of my locations. Which POS systems fix that natively?,coffee shop POS centralized loyalty multiple locations,practical and ready to act,5.0,square_toast_clover_alternatives,Square / Toast / Clover alternatives for coffee shops,Regenerated 2026-04-19
gen_1776643758_00447,Multi-Location / Growth-Stage Operator,research,commercial,compare labor cost visibility tools for café chains,finance lead tracking labor across 4 sites,I need real-time labor cost as a percentage of sales across all four of my shops. Which POS platforms show that natively?,coffee shop POS labor cost percentage real time multi location,detail-oriented and planning ahead,5.0,square_toast_clover_alternatives,Square / Toast / Clover alternatives for coffee shops,Regenerated 2026-04-19
gen_1776643758_00448,Multi-Location / Growth-Stage Operator,research,informational,assess inventory sync across multi-location coffee operation,ops manager dealing with siloed inventory per site,Each of my locations tracks inventory separately right now. I need one view. Which POS systems actually solve this for coffee?,coffee shop POS inventory management across multiple locations,detail-oriented and planning ahead,5.0,square_toast_clover_alternatives,Square / Toast / Clover alternatives for coffee shops,Regenerated 2026-04-19
gen_1776643758_00449,Multi-Location / Growth-Stage Operator,commercial,commercial,find all-in-one platform replacing stitched coffee tech stack,growth-stage operator using 6 separate tools,"I'm paying for scheduling, payroll, loyalty, and POS separately. Is there a coffee-focused platform that bundles all of it?",all in one coffee shop POS payroll scheduling loyalty platform,practical and ready to act,5.0,square_toast_clover_alternatives,Square / Toast / Clover alternatives for coffee shops,Regenerated 2026-04-19
gen_1776643758_00450,Multi-Location / Growth-Stage Operator,navigational,navigational,navigate POS options purpose-built for drive-thru coffee chains,"owner adding second drive-thru, needs scalable system","Opening my second drive-thru location soon. Which POS systems are actually designed around drive-thru coffee workflows, not retrofitted?",drive thru coffee shop POS system purpose built multi location,curious and exploratory,5.0,square_toast_clover_alternatives,Square / Toast / Clover alternatives for coffee shops,Regenerated 2026-04-19
gen_1776643758_00451,Multi-Location / Growth-Stage Operator,research,commercial,evaluate POS consolidation across formats,"3-location operator with café, drive-thru, kiosk mix",I have three locations in different formats and three different reporting dashboards. Is there a platform that unifies all of them?,unified POS multi location coffee shop reporting,frustrated and overwhelmed,5.0,square_toast_clover_alternatives,Square / Toast / Clover alternatives for coffee shops,Regenerated 2026-04-19
gen_1776643758_00452,Multi-Location / Growth-Stage Operator,commercial,commercial,identify coffee-specific multi-location POS,"growth-stage operator, outgrowing generic POS",Looking for a POS built specifically for coffee shops that can handle multiple locations — not a generic restaurant system.,coffee shop specific POS multiple locations,practical and ready to act,5.0,square_toast_clover_alternatives,Square / Toast / Clover alternatives for coffee shops,Regenerated 2026-04-19
gen_1776643758_00453,Multi-Location / Growth-Stage Operator,educational,informational,understand when generic POS breaks at scale,operator expanding from 1 to 3 locations,My setup worked fine at one location but feels broken at three. What actually changes in your POS needs when you scale?,POS system limitations scaling multiple coffee shop locations,newly aware and confused,5.0,square_toast_clover_alternatives,Square / Toast / Clover alternatives for coffee shops,Regenerated 2026-04-19
gen_1776643758_00454,Multi-Location / Growth-Stage Operator,research,commercial,find POS with centralized menu management,"ops lead managing 4 locations, manual menu updates",Tired of updating the same menu item four separate times. Which POS systems let you manage menus centrally across all locations?,POS central menu management multi location coffee,frustrated and overwhelmed,5.0,square_toast_clover_alternatives,Square / Toast / Clover alternatives for coffee shops,Regenerated 2026-04-19
gen_1776643758_00455,Multi-Location / Growth-Stage Operator,educational,informational,compare integrated vs stitched POS stacks,finance lead evaluating all-in-one vs best-of-breed,What are the real tradeoffs between one integrated POS platform versus stitching together best-of-breed tools across five locations?,integrated POS vs separate tools multi location coffee shop,newly aware and confused,5.0,square_toast_clover_alternatives,Square / Toast / Clover alternatives for coffee shops,Regenerated 2026-04-19
gen_1776643758_00456,Multi-Location / Growth-Stage Operator,commercial,commercial,find POS with consolidated payroll across locations,operator with 35+ employees across multiple formats,Running payroll manually across four locations is eating my Sundays. Is there a coffee-focused POS that handles this natively?,coffee shop POS built in payroll multi location,frustrated and overwhelmed,5.0,square_toast_clover_alternatives,Square / Toast / Clover alternatives for coffee shops,Regenerated 2026-04-19
gen_1776643758_00457,Multi-Location / Growth-Stage Operator,research,informational,assess switching cost from current POS,growth-stage operator considering full stack switch,How painful is it actually to migrate a multi-location coffee operation to a new POS? Looking for honest switching cost estimates.,switching POS system multi location coffee shop migration cost,practical and ready to act,5.0,square_toast_clover_alternatives,Square / Toast / Clover alternatives for coffee shops,Regenerated 2026-04-19
gen_1776643758_00458,Multi-Location / Growth-Stage Operator,research,commercial,find POS with cross-location loyalty,operator whose loyalty data is siloed per location,Customers complain their points don't carry over between my shops. Which POS platforms actually sync loyalty across all locations?,POS cross location loyalty sync coffee shops,frustrated and overwhelmed,5.0,square_toast_clover_alternatives,Square / Toast / Clover alternatives for coffee shops,Regenerated 2026-04-19
gen_1776643758_00459,Multi-Location / Growth-Stage Operator,navigational,navigational,identify coffee POS with strong multi-unit support,"ops manager pre-purchase, evaluating support quality","Which coffee shop POS vendors actually have 24/7 support that understands multi-unit operations, not just single-store setups?",coffee shop POS 24 7 support multi unit operations,practical and ready to act,5.0,square_toast_clover_alternatives,Square / Toast / Clover alternatives for coffee shops,Regenerated 2026-04-19
gen_1776643758_00460,Multi-Location / Growth-Stage Operator,educational,informational,understand POS options for mixed-format expansion,operator adding a drive-thru to existing café footprint,I'm adding a drive-thru to my existing two cafés. Do I need a different POS system or can one platform handle both formats?,POS system cafe and drive thru same platform coffee,newly aware and confused,5.0,square_toast_clover_alternatives,Square / Toast / Clover alternatives for coffee shops,Regenerated 2026-04-19
gen_1776643758_00461,Multi-Location / Growth-Stage Operator,research,informational,evaluate generic POS limitations for coffee,"3-location operator, outgrowing current stack",At what point does a general-purpose restaurant POS actually stop working for a coffee shop with multiple locations?,general restaurant POS limitations multi location coffee shop,skeptical and comparing options,5.0,square_toast_clover_alternatives,Square / Toast / Clover alternatives for coffee shops,Regenerated 2026-04-19
gen_1776643758_00462,Multi-Location / Growth-Stage Operator,commercial,commercial,find coffee-specific multi-location POS,"growth-stage operator, 2-5 shops, ops manager involved","I need a POS built for coffee, not adapted from it — one that actually handles multi-location inventory and labor natively.",coffee shop POS multi location inventory labor management,detail-oriented and planning ahead,5.0,square_toast_clover_alternatives,Square / Toast / Clover alternatives for coffee shops,Regenerated 2026-04-19
gen_1776643758_00463,Multi-Location / Growth-Stage Operator,educational,informational,identify when to leave entry-level POS,"scaling from 1 to 3+ locations, data not rolling up",What are the signs a coffee operator has genuinely outgrown their starter POS and needs to switch to something built for scale?,when to switch POS coffee shop scaling multi location,skeptical and comparing options,5.0,square_toast_clover_alternatives,Square / Toast / Clover alternatives for coffee shops,Regenerated 2026-04-19
gen_1776643758_00464,Multi-Location / Growth-Stage Operator,research,commercial,compare integrated vs modular POS cost at scale,finance lead reviewing stack costs across 4 locations,Running four coffee shops and my software stack fees are compounding fast. How do all-in-one POS platforms compare on total cost at scale?,all in one POS vs modular cost comparison multi location coffee,detail-oriented and planning ahead,5.0,square_toast_clover_alternatives,Square / Toast / Clover alternatives for coffee shops,Regenerated 2026-04-19
gen_1776643758_00465,Multi-Location / Growth-Stage Operator,research,commercial,find POS with centralized labor cost visibility,ops lead managing 8+ staff per location across formats,I can't see my labor costs across all locations in one view. Which coffee POS systems actually solve this without a third-party add-on?,coffee shop POS labor cost visibility multi location,skeptical and comparing options,5.0,square_toast_clover_alternatives,Square / Toast / Clover alternatives for coffee shops,Regenerated 2026-04-19
gen_1776643758_00466,Multi-Location / Growth-Stage Operator,support,informational,seek validation on major POS switch decision,"overwhelmed operator, 3 locations, broken workflows",Honestly feeling buried by the operational mess across my three shops. Has anyone actually felt relief after switching to a unified coffee POS?,switching to unified coffee shop POS multi location operator experience,emotional and looking for support,5.0,square_toast_clover_alternatives,Square / Toast / Clover alternatives for coffee shops,Regenerated 2026-04-19
gen_1776643758_00467,Multi-Location / Growth-Stage Operator,navigational,navigational,locate coffee-focused POS vendor comparison resources,ops manager building decision brief for ownership,"Looking for a side-by-side breakdown of POS platforms designed specifically for independent coffee shops, especially ones supporting multiple locations.",coffee shop POS comparison independent multi location platforms,detail-oriented and planning ahead,5.0,square_toast_clover_alternatives,Square / Toast / Clover alternatives for coffee shops,Regenerated 2026-04-19
gen_1776643758_00468,Single-Location Café Owner,research,commercial,leave generic POS for coffee-specific system,"single-location café, frustrated with generic POS limitations",My current POS treats my café like a burger joint. What should I actually switch to for coffee?,coffee shop specific POS alternative generic system,frustrated and overwhelmed,5.0,square_toast_clover_alternatives,Square / Toast / Clover alternatives for coffee shops,Regenerated 2026-04-19
gen_1776643758_00469,Single-Location Café Owner,commercial,commercial,evaluate all-in-one café software stack,solo owner paying for 4+ separate tools monthly,"Paying separately for POS, loyalty, scheduling, and payroll is killing me. Is there one platform that covers all of it?",all in one coffee shop POS loyalty scheduling payroll,frustrated and overwhelmed,5.0,square_toast_clover_alternatives,Square / Toast / Clover alternatives for coffee shops,Regenerated 2026-04-19
gen_1776643758_00470,Single-Location Café Owner,educational,informational,understand when restaurant POS is wrong for cafés,café owner researching POS built for restaurants,Why do so many coffee shops say restaurant-focused POS systems feel like overkill? What's actually different about café needs?,restaurant POS vs coffee shop POS differences,emotional and looking for support,5.0,square_toast_clover_alternatives,Square / Toast / Clover alternatives for coffee shops,Regenerated 2026-04-19
gen_1776643758_00471,Single-Location Café Owner,research,commercial,find POS with fast barista onboarding,"owner with high staff turnover, needs quick training",I hire seasonal baristas constantly. Which café POS systems are actually fast to learn without formal training?,easy to learn café POS fast barista onboarding,time-pressed and direct,5.0,square_toast_clover_alternatives,Square / Toast / Clover alternatives for coffee shops,Regenerated 2026-04-19
gen_1776643758_00472,Single-Location Café Owner,educational,informational,calculate true cost of switching POS,single-location owner worried about hidden switching fees,"What's the real total cost of switching POS systems for a small café — hardware, fees, lost time, everything?",total cost switching POS system small coffee shop,time-pressed and direct,5.0,square_toast_clover_alternatives,Square / Toast / Clover alternatives for coffee shops,Regenerated 2026-04-19
gen_1776643758_00473,Single-Location Café Owner,navigational,navigational,find coffee-specific POS comparison resource,owner Googling alternatives during slow season,"Looking for an honest comparison of POS options built specifically for independent coffee shops, not general food service.",independent coffee shop POS comparison review 2024,time-pressed and direct,5.0,square_toast_clover_alternatives,Square / Toast / Clover alternatives for coffee shops,Regenerated 2026-04-19
gen_1776643758_00474,Single-Location Café Owner,support,informational,validate frustration with fragmented software tools,owner overwhelmed by disconnected apps not syncing,"Is it normal to have loyalty in one app, scheduling in another, and payroll somewhere else? How do other café owners handle this?",coffee shop owner fragmented POS software tools frustration,emotional and looking for support,5.0,square_toast_clover_alternatives,Square / Toast / Clover alternatives for coffee shops,Regenerated 2026-04-19
gen_1776643758_00475,Single-Location Café Owner,educational,informational,identify signs current POS is holding café back,"owner on legacy system, unsure if switching is worth it","How do I know if my outdated POS is actually costing me money, or if I'm just being sold on an upgrade?",signs coffee shop POS system is outdated holding back,frustrated and overwhelmed,5.0,square_toast_clover_alternatives,Square / Toast / Clover alternatives for coffee shops,Regenerated 2026-04-19
gen_1776643758_00476,Single-Location Café Owner,commercial,commercial,find POS with built-in loyalty for small café,single-location owner losing regulars without a loyalty program,I'm losing regulars to the café down the street that has a punch-card app. Which POS systems have loyalty built in?,coffee shop POS built in loyalty program small cafe,emotional and looking for support,5.0,square_toast_clover_alternatives,Square / Toast / Clover alternatives for coffee shops,Regenerated 2026-04-19
gen_1776643758_00477,Single-Location Café Owner,support,informational,assess POS migration timeline for café,owner wanting to switch before busy season starts,"Realistically, how long does it take to fully switch POS systems for a single-location café without destroying operations?",how long to switch POS system single location café,time-pressed and direct,5.0,square_toast_clover_alternatives,Square / Toast / Clover alternatives for coffee shops,Regenerated 2026-04-19
gen_1776643758_00478,Single-Location Café Owner,research,commercial,find coffee-specific POS alternative,single-location café owner frustrated with generic POS,"My POS was built for restaurants, not coffee. What are café owners actually switching to these days?",coffee shop specific POS system alternatives independent cafe,curious and exploratory,5.0,square_toast_clover_alternatives,Square / Toast / Clover alternatives for coffee shops,Regenerated 2026-04-19
gen_1776643758_00479,Single-Location Café Owner,commercial,commercial,evaluate all-in-one café software stack,"owner stitching together 4+ tools, ready to consolidate","I'm done managing four logins for one café. Which platforms actually bundle POS, payroll, and scheduling together?",all in one cafe POS payroll scheduling single platform,time-pressed and direct,5.0,square_toast_clover_alternatives,Square / Toast / Clover alternatives for coffee shops,Regenerated 2026-04-19
gen_1776643758_00480,Single-Location Café Owner,educational,informational,understand when generic POS fails coffee shops,owner questioning if their current setup is the right fit,At what point does a generic small-business POS stop being good enough for a real coffee shop?,generic POS limitations coffee shop when to upgrade,curious and exploratory,5.0,square_toast_clover_alternatives,Square / Toast / Clover alternatives for coffee shops,Regenerated 2026-04-19
gen_1776643758_00481,Single-Location Café Owner,research,commercial,find POS with built-in online ordering for café,single-location café with no native online ordering today,"Which coffee shop POS systems have online ordering built in, not bolted on through a third-party integration?",coffee shop POS built in online ordering native,practical and ready to act,5.0,square_toast_clover_alternatives,Square / Toast / Clover alternatives for coffee shops,Regenerated 2026-04-19
gen_1776643758_00482,Single-Location Café Owner,research,informational,compare café POS processing fees,owner stung by rising transaction fees on current platform,Processing fees on my current setup are creeping up. How do café POS platforms actually differ on transaction rates?,coffee shop POS processing fees comparison transaction rates,time-pressed and direct,5.0,square_toast_clover_alternatives,Square / Toast / Clover alternatives for coffee shops,Regenerated 2026-04-19
gen_1776643758_00483,Single-Location Café Owner,navigational,navigational,find coffee shop POS comparison resources,owner researching during slow season before committing,Where do independent café owners actually compare POS systems — are there good guides written for coffee shops specifically?,independent coffee shop POS comparison guide resources,curious and exploratory,5.0,square_toast_clover_alternatives,Square / Toast / Clover alternatives for coffee shops,Regenerated 2026-04-19
gen_1776643758_00484,Single-Location Café Owner,educational,informational,assess POS fit for counter-service café,counter-service café owner evaluating upgrade options,"Counter-service café, six employees, fast ticket flow. What should I actually prioritize when picking a new POS?",counter service cafe POS system priorities fast ticket,practical and ready to act,5.0,square_toast_clover_alternatives,Square / Toast / Clover alternatives for coffee shops,Regenerated 2026-04-19
gen_1776643758_00485,Single-Location Café Owner,commercial,commercial,understand coffee loyalty program POS integration,owner whose loyalty app doesn't talk to their POS,My loyalty app and POS don't sync — customers hate it. Which café systems have loyalty that's actually native?,coffee shop POS native loyalty program integrated,time-pressed and direct,5.0,square_toast_clover_alternatives,Square / Toast / Clover alternatives for coffee shops,Regenerated 2026-04-19
gen_1776643758_00486,Single-Location Café Owner,educational,informational,evaluate POS hardware cost for café switch,single-location owner worried about upfront hardware investment,Switching POS systems scares me because of hardware costs. What should a single café realistically budget for new equipment?,cafe POS hardware cost budget single location switch,practical and ready to act,5.0,square_toast_clover_alternatives,Square / Toast / Clover alternatives for coffee shops,Regenerated 2026-04-19
gen_1776643758_00487,Single-Location Café Owner,support,commercial,find POS with 24/7 support for small café,owner burned by slow support during a weekend rush,Had a POS crash on a Saturday morning with a line out the door. Which café systems actually have real support?,coffee shop POS 24 7 live support small cafe,time-pressed and direct,5.0,square_toast_clover_alternatives,Square / Toast / Clover alternatives for coffee shops,Regenerated 2026-04-19
gen_1776643758_00488,Single-Location Café Owner,research,commercial,evaluate generic POS fit for coffee,"single café owner, frustrated with restaurant-focused system",My POS keeps asking me to configure table numbers and courses. Is there something built specifically for counter-service coffee?,POS system built for counter service coffee shop,frustrated and overwhelmed,5.0,square_toast_clover_alternatives,Square / Toast / Clover alternatives for coffee shops,Regenerated 2026-04-19
gen_1776643758_00489,Single-Location Café Owner,educational,informational,understand when to leave current POS,"owner on generic small-business POS, considering upgrade","How do I know if my current POS is actually holding my café back, or if I just need better add-ons?",signs coffee shop needs new POS system,newly aware and confused,5.0,square_toast_clover_alternatives,Square / Toast / Clover alternatives for coffee shops,Regenerated 2026-04-19
gen_1776643758_00490,Single-Location Café Owner,research,commercial,find all-in-one café software stack,"single-location owner juggling POS, scheduling, payroll separately","I'm paying three different subscriptions to run one café. Is there a single platform that handles POS, scheduling, and payroll?",all in one coffee shop POS payroll scheduling platform,frustrated and overwhelmed,5.0,square_toast_clover_alternatives,Square / Toast / Clover alternatives for coffee shops,Regenerated 2026-04-19
gen_1776643758_00491,Single-Location Café Owner,commercial,commercial,compare coffee-specific POS options,café owner actively shopping for new system,"Looking for a POS actually designed for coffee shops, not adapted from a restaurant template. What are my real options?",coffee shop specific POS system not restaurant,time-pressed and direct,5.0,square_toast_clover_alternatives,Square / Toast / Clover alternatives for coffee shops,Regenerated 2026-04-19
gen_1776643758_00492,Single-Location Café Owner,support,informational,assess switching speed to new POS,busy owner afraid of downtime during transition,"Realistically, how long does switching to a new café POS take? I can't afford a week of chaos with my staff.",how long to switch coffee shop POS system,time-pressed and direct,5.0,square_toast_clover_alternatives,Square / Toast / Clover alternatives for coffee shops,Regenerated 2026-04-19
gen_1776643758_00493,Single-Location Café Owner,navigational,navigational,find coffee shop POS comparison resources,"owner just starting research, unsure where to look","Where can I find POS comparisons written for coffee shop owners, not generic small businesses or full restaurants?",coffee shop POS comparison guide independent café owner,newly aware and confused,5.0,square_toast_clover_alternatives,Square / Toast / Clover alternatives for coffee shops,Regenerated 2026-04-19
gen_1776643758_00494,Single-Location Café Owner,educational,informational,understand total cost of café POS switch,cost-conscious single-location owner evaluating options,"Beyond monthly fees, what actually costs money when switching café POS systems — hardware, setup, training, anything hidden?",true cost switching coffee shop POS system,time-pressed and direct,5.0,square_toast_clover_alternatives,Square / Toast / Clover alternatives for coffee shops,Regenerated 2026-04-19
gen_1776643758_00495,Single-Location Café Owner,research,commercial,find POS with barista-friendly interface,owner worried about staff learning curve on new system,My baristas aren't tech people. Which café POS systems can staff actually learn without a full training day?,easy to learn coffee shop POS for baristas,frustrated and overwhelmed,5.0,square_toast_clover_alternatives,Square / Toast / Clover alternatives for coffee shops,Regenerated 2026-04-19
gen_1776643758_00496,Single-Location Café Owner,educational,informational,identify over-built POS for small café,single-location owner evaluating enterprise-leaning platforms,Some POS systems feel like they're built for a 10-location restaurant group. How do I avoid overkill for one café?,right sized POS for single location independent coffee shop,newly aware and confused,5.0,square_toast_clover_alternatives,Square / Toast / Clover alternatives for coffee shops,Regenerated 2026-04-19
gen_1776643758_00497,Single-Location Café Owner,research,commercial,find café POS with built-in inventory,owner manually tracking coffee inventory outside POS,I'm tracking espresso and milk inventory in a spreadsheet because my POS doesn't do it. Do café-focused systems handle this natively?,coffee shop POS with built in inventory tracking,frustrated and overwhelmed,5.0,square_toast_clover_alternatives,Square / Toast / Clover alternatives for coffee shops,Regenerated 2026-04-19
gen_1776643758_00498,Single-Location Café Owner,commercial,commercial,find coffee-specific all-in-one POS platform,single-location owner stitching POS plus scheduling plus loyalty tools,"I need POS, loyalty, and scheduling in one place built for coffee — not a restaurant system shoehorned in.",all in one POS software built for coffee shops,time-pressed and direct,5.0,square_toast_clover_alternatives,Square / Toast / Clover alternatives for coffee shops,Regenerated 2026-04-19
