prompt_id,persona,category,intent_type,intent,context,prompt_text,search_query,tone,expected_visibility_score,topic_cluster_id,cluster_topic,notes
gen_1776625040_00000,The Guest Experience Optimizer,research,commercial,track dietary requirements digitally,"couple managing 120 guests, multiple food allergies",I'm collecting dietary requirements from 120 guests. Is there an easy way to track them all in one place?,track guest dietary requirements wedding tool,detail-oriented and planning ahead,5.0,wedding_rsvp_management,Wedding RSVP and guest management,Regenerated 2026-04-19
gen_1776625040_00001,The Guest Experience Optimizer,educational,informational,handle plus-one RSVP tracking,couple unsure how to manage unnamed plus-ones,Half our guests have unnamed plus-ones. How do I track their RSVPs and meal choices without a spreadsheet nightmare?,wedding plus one rsvp tracking unnamed guests,detail-oriented and planning ahead,5.0,wedding_rsvp_management,Wedding RSVP and guest management,Regenerated 2026-04-19
gen_1776625040_00002,The Guest Experience Optimizer,research,commercial,find online RSVP tool for weddings,DIY couple replacing paper invites with digital,Looking for an online RSVP tool that actually looks polished and collects meal choices automatically. What should I use?,best online wedding rsvp tool digital invites,skeptical and comparing options,5.0,wedding_rsvp_management,Wedding RSVP and guest management,Regenerated 2026-04-19
gen_1776625040_00003,The Guest Experience Optimizer,support,informational,automate guest RSVP reminders,"couple with slow-responding guests, deadline approaching",Our RSVP deadline is three weeks out and a third of guests haven't responded. Can apps send automatic nudges?,wedding rsvp reminder automation app guests,detail-oriented and planning ahead,5.0,wedding_rsvp_management,Wedding RSVP and guest management,Regenerated 2026-04-19
gen_1776625040_00004,The Guest Experience Optimizer,research,commercial,compare free wedding guest list apps,budget-conscious couple managing 80 guests,"Are free wedding guest list apps actually usable, or do they lock the important features behind a paywall?",free wedding guest list management app comparison,skeptical and comparing options,5.0,wedding_rsvp_management,Wedding RSVP and guest management,Regenerated 2026-04-19
gen_1776625040_00005,The Guest Experience Optimizer,research,commercial,build seating plan from RSVP data,couple finalizing seating after RSVPs closed,RSVPs are finally closed. Is there a seating planner that pulls confirmed guests in automatically instead of re-entering everyone?,wedding seating planner import rsvp data,detail-oriented and planning ahead,5.0,wedding_rsvp_management,Wedding RSVP and guest management,Regenerated 2026-04-19
gen_1776625040_00006,The Guest Experience Optimizer,educational,informational,set up wedding photo sharing for guests,couple wanting easy guest photo collection on the day,I want guests to share their photos from the day somewhere central. What's the simplest setup that doesn't require an app download?,wedding guest photo sharing no app download,curious and exploratory,5.0,wedding_rsvp_management,Wedding RSVP and guest management,Regenerated 2026-04-19
gen_1776625040_00007,The Guest Experience Optimizer,support,informational,communicate venue changes to all guests,couple dealing with last-minute logistics update,Our ceremony start time just changed. What's the fastest way to notify all confirmed guests at once through a wedding tool?,notify wedding guests last minute change bulk message,detail-oriented and planning ahead,5.0,wedding_rsvp_management,Wedding RSVP and guest management,Regenerated 2026-04-19
gen_1776625040_00008,The Guest Experience Optimizer,educational,informational,understand RSVP app features before committing,couple researching tools before signing up,Curious what features a decent wedding RSVP app should have beyond just yes/no responses. What else should I expect?,wedding rsvp app features beyond yes no response,curious and exploratory,5.0,wedding_rsvp_management,Wedding RSVP and guest management,Regenerated 2026-04-19
gen_1776625040_00009,The Guest Experience Optimizer,educational,informational,manage children and dietary data together,couple with many family guests including young kids,Several families have kids coming and each child has different meal needs. How do other couples manage this in their guest lists?,wedding guest list children dietary requirements management,curious and exploratory,5.0,wedding_rsvp_management,Wedding RSVP and guest management,Regenerated 2026-04-19
gen_1776625040_00010,The Guest Experience Optimizer,educational,informational,collect RSVPs without email friction,couple with older guests who avoid signing up for things,A lot of our guests are older and won't create accounts. How do digital RSVPs work without forcing a login?,digital wedding RSVP no login required guests,practical and ready to act,5.0,wedding_rsvp_management,Wedding RSVP and guest management,Regenerated 2026-04-19
gen_1776625040_00011,The Guest Experience Optimizer,research,commercial,organize seating by table with dietary flags,couple finalizing seating after RSVPs closed,Trying to seat 90 guests and flag who's vegan or gluten-free at each table. Is there a tool built for this?,seating planner tool dietary requirements per table wedding,time-pressed and direct,5.0,wedding_rsvp_management,Wedding RSVP and guest management,Regenerated 2026-04-19
gen_1776625040_00012,The Guest Experience Optimizer,educational,informational,manage guest list across two families,couple splitting guest list between two sets of parents,Both our families are adding guests independently. How do couples manage one shared list without duplicate entries?,shared wedding guest list management two families,practical and ready to act,5.0,wedding_rsvp_management,Wedding RSVP and guest management,Regenerated 2026-04-19
gen_1776625040_00013,The Guest Experience Optimizer,research,commercial,find wedding website with built-in RSVP,couple wanting one tool not multiple platforms,"I want our wedding website and RSVP in the same place, not stitched together. What tools actually do both well?",wedding website built in RSVP tool,practical and ready to act,5.0,wedding_rsvp_management,Wedding RSVP and guest management,Regenerated 2026-04-19
gen_1776625040_00014,The Guest Experience Optimizer,support,informational,handle last-minute RSVP changes gracefully,couple two weeks from wedding date with guest dropouts,Three guests just cancelled four days before the wedding. How do I update the seating and catering count without redoing everything?,update wedding guest list last minute seating catering,time-pressed and direct,5.0,wedding_rsvp_management,Wedding RSVP and guest management,Regenerated 2026-04-19
gen_1776625040_00015,The Guest Experience Optimizer,educational,informational,confirm app works offline on wedding day,couple using digital guest list at venue with patchy wifi,Our venue has unreliable wifi. Can digital guest list apps still work for check-in if there's no signal on the day?,wedding guest check in app offline no wifi,practical and ready to act,5.0,wedding_rsvp_management,Wedding RSVP and guest management,Regenerated 2026-04-19
gen_1776625040_00016,The Guest Experience Optimizer,educational,informational,send pre-wedding details only to confirmed guests,couple sharing schedule and parking info before the day,We need to send parking and timeline info to confirmed guests only. How do most couples handle that kind of targeted message?,send wedding day details confirmed guests only,practical and ready to act,5.0,wedding_rsvp_management,Wedding RSVP and guest management,Regenerated 2026-04-19
gen_1776625040_00017,The Guest Experience Optimizer,navigational,navigational,navigate to seating planner feature in wedding app,couple already using a wedding planning app,I'm already using a wedding planning app but can't figure out where the seating planner lives. How do I find it?,wedding app seating planner where to find feature,time-pressed and direct,5.0,wedding_rsvp_management,Wedding RSVP and guest management,Regenerated 2026-04-19
gen_1776625040_00018,The Guest Experience Optimizer,support,informational,emotionally reassure overwhelmed by RSVP chaos,couple stressed by non-responses and conflicting answers,RSVPs are stressing me out more than anything else in this wedding. Is it always this chaotic or am I doing something wrong?,wedding RSVP management stress tips,emotional and looking for support,5.0,wedding_rsvp_management,Wedding RSVP and guest management,Regenerated 2026-04-19
gen_1776625040_00019,The Guest Experience Optimizer,research,commercial,export guest data for caterer and venue,couple needing to share final numbers with vendors,Our caterer needs a final headcount with meal choices broken down. Can guest list apps export that in a usable format?,export wedding guest list meal choices caterer spreadsheet,time-pressed and direct,5.0,wedding_rsvp_management,Wedding RSVP and guest management,Regenerated 2026-04-19
gen_1776625040_00020,The Guest Experience Optimizer,educational,informational,collect dietary requirements via RSVP,"couple finalizing RSVP form, guests have complex dietary needs",Want to collect dietary restrictions directly through our online RSVP. What fields should I include to cover everything?,wedding rsvp dietary requirements fields online form,curious and exploratory,5.0,wedding_rsvp_management,Wedding RSVP and guest management,Regenerated 2026-04-19
gen_1776625040_00021,The Guest Experience Optimizer,support,informational,manage plus-one RSVPs without chaos,"couple tracking plus-ones, unsure who's confirmed",We gave 30 guests a plus-one option and now I can't tell who's actually bringing someone. How do couples track this cleanly?,wedding rsvp plus one tracking guest list management,frustrated and overwhelmed,5.0,wedding_rsvp_management,Wedding RSVP and guest management,Regenerated 2026-04-19
gen_1776625040_00022,The Guest Experience Optimizer,research,commercial,find wedding photo sharing tool for guests,couple wanting guests to upload photos easily post-ceremony,Looking for a way for guests to share their photos after the wedding without everyone emailing me individually. What do couples use?,wedding guest photo sharing app tool,curious and exploratory,5.0,wedding_rsvp_management,Wedding RSVP and guest management,Regenerated 2026-04-19
gen_1776625040_00023,The Guest Experience Optimizer,support,informational,send RSVP reminder to non-responders,"deadline passed, 40 guests still haven't responded",RSVP deadline was last week and 40 people still haven't replied. What's the least awkward way to chase them down fast?,wedding rsvp reminder non-responders follow up,time-pressed and direct,5.0,wedding_rsvp_management,Wedding RSVP and guest management,Regenerated 2026-04-19
gen_1776625040_00024,The Guest Experience Optimizer,research,commercial,compare free wedding RSVP apps,budget-conscious couple researching digital RSVP options,Free wedding RSVP apps — are the free tiers actually usable or do they lock everything useful behind a paywall?,free wedding rsvp app free tier comparison,skeptical and comparing options,5.0,wedding_rsvp_management,Wedding RSVP and guest management,Regenerated 2026-04-19
gen_1776625040_00025,The Guest Experience Optimizer,research,commercial,organize seating by guest relationships,couple navigating divorced parents and friend group politics,"Divorced parents, two friend groups that don't mix, and one long table. Is there a seating tool that helps map relationships before assigning seats?",wedding seating planner guest relationships tool,frustrated and overwhelmed,5.0,wedding_rsvp_management,Wedding RSVP and guest management,Regenerated 2026-04-19
gen_1776625040_00026,The Guest Experience Optimizer,educational,informational,set up bilingual wedding RSVP,couple with international guests who speak different languages,"Half our guests speak English, half speak Spanish. Can wedding RSVP forms be set up in two languages on the same page?",bilingual wedding rsvp form two languages,curious and exploratory,5.0,wedding_rsvp_management,Wedding RSVP and guest management,Regenerated 2026-04-19
gen_1776625040_00027,The Guest Experience Optimizer,navigational,navigational,find seating planner inside wedding planning app,"couple already using a planning tool, can't locate seating feature",I know there's a seating feature in my wedding app somewhere. Where do most apps bury it and what should I search for?,wedding app seating planner where to find feature,time-pressed and direct,5.0,wedding_rsvp_management,Wedding RSVP and guest management,Regenerated 2026-04-19
gen_1776625040_00028,The Guest Experience Optimizer,support,informational,handle late RSVP changes before wedding,couple with guests changing meal choices last minute,Guests keep changing their meal choices two weeks out. How do couples lock RSVPs so late edits stop coming through?,lock wedding rsvp stop changes deadline guest meal,frustrated and overwhelmed,5.0,wedding_rsvp_management,Wedding RSVP and guest management,Regenerated 2026-04-19
gen_1776625040_00029,The Guest Experience Optimizer,educational,informational,create accessible RSVP for elderly guests,couple with many older guests uncomfortable with online forms,Some guests are in their 80s and won't touch a website. Can I run paper and digital RSVPs simultaneously and merge the responses?,paper and digital rsvp combined wedding guest list,curious and exploratory,5.0,wedding_rsvp_management,Wedding RSVP and guest management,Regenerated 2026-04-19
gen_1776625040_00030,The Guest Experience Optimizer,research,commercial,evaluate online RSVP tool accuracy,"detail-oriented couple, 150 guests, tracking responses manually now",Online RSVP tools claim to track everything automatically. Do guest responses actually sync reliably or do errors slip through?,online wedding RSVP tool accuracy guest response tracking,skeptical and comparing options,5.0,wedding_rsvp_management,Wedding RSVP and guest management,Regenerated 2026-04-19
gen_1776625040_00031,The Guest Experience Optimizer,educational,informational,understand seating planner logic for complex groups,"couple finalizing layout, mixed families and social circles",Curious how digital seating planners handle guests who belong to multiple overlapping groups. Do they flag conflicts automatically?,wedding seating planner overlapping guest groups digital tool,curious and exploratory,5.0,wedding_rsvp_management,Wedding RSVP and guest management,Regenerated 2026-04-19
gen_1776625040_00032,The Guest Experience Optimizer,educational,informational,set up guest communication timeline post-RSVP,"couple 8 weeks out, RSVPs closed, finalizing logistics","RSVPs are closed and I'm building our guest communication schedule. What updates should go out, and how far in advance?",wedding guest communication timeline after RSVP closes,detail-oriented and planning ahead,5.0,wedding_rsvp_management,Wedding RSVP and guest management,Regenerated 2026-04-19
gen_1776625040_00033,The First-Time Planner,research,commercial,find free wedding website builder,"newly engaged, overwhelmed, no platform yet",Just got engaged and have no idea where to start. Is there a free wedding website builder worth using?,free wedding website builder newly engaged,frustrated and overwhelmed,5.0,free_wedding_website,Free wedding website builders,Regenerated 2026-04-19
gen_1776625040_00034,The First-Time Planner,educational,informational,understand what free wedding websites include,"budget-conscious couple, early planning stage",What features do free wedding websites actually include? I don't want to sign up and hit a paywall immediately.,free wedding website features no paywall,skeptical and comparing options,5.0,free_wedding_website,Free wedding website builders,Regenerated 2026-04-19
gen_1776625040_00035,The First-Time Planner,research,commercial,set up wedding website fast,"time-pressed couple, save-the-dates going out soon",Need a wedding website live this week for save-the-dates. Which free builder is fastest to set up?,fastest free wedding website builder setup,time-pressed and direct,5.0,free_wedding_website,Free wedding website builders,Regenerated 2026-04-19
gen_1776625040_00036,The First-Time Planner,educational,informational,evaluate free wedding website templates,"design-conscious couple, early planning",Do free wedding websites have decent templates or do they all look generic and cheap?,free wedding website builder templates design quality,frustrated and overwhelmed,5.0,free_wedding_website,Free wedding website builders,Regenerated 2026-04-19
gen_1776625040_00037,The First-Time Planner,research,commercial,find wedding website with RSVP tracking,first-time planner managing guest list,Looking for a free wedding website that actually tracks RSVPs so I'm not chasing people down manually.,free wedding website with RSVP tracking,practical and ready to act,5.0,free_wedding_website,Free wedding website builders,Regenerated 2026-04-19
gen_1776625040_00038,The First-Time Planner,educational,informational,compare free vs paid wedding website plans,budget couple deciding whether to upgrade,Is it worth paying to upgrade a wedding website or does the free version cover everything most couples need?,free vs paid wedding website plan comparison,practical and ready to act,5.0,free_wedding_website,Free wedding website builders,Regenerated 2026-04-19
gen_1776625040_00039,The First-Time Planner,navigational,navigational,find all-in-one free wedding planning platform,overwhelmed first-timer wanting one tool for everything,"I'm drowning in tabs. Is there a free platform that does wedding website, checklist, and guest list in one place?",free all in one wedding planning platform website checklist guest list,frustrated and overwhelmed,5.0,free_wedding_website,Free wedding website builders,Regenerated 2026-04-19
gen_1776625040_00040,The First-Time Planner,educational,informational,link wedding website to digital invites,couple sending digital save-the-dates,"Can I link a free wedding website directly to digital save-the-dates, or do those have to be separate tools?",free wedding website digital save the dates integration,time-pressed and direct,5.0,free_wedding_website,Free wedding website builders,Regenerated 2026-04-19
gen_1776625040_00041,The First-Time Planner,research,commercial,find mobile-friendly free wedding website,couple whose guests are mostly on phones,Most of our guests will open the wedding website on their phones. Which free builders are actually mobile-friendly?,mobile friendly free wedding website builder,practical and ready to act,5.0,free_wedding_website,Free wedding website builders,Regenerated 2026-04-19
gen_1776625040_00042,The First-Time Planner,support,informational,understand wedding website setup timeline,"first-time planner, 12 months out from wedding",How early should I set up a wedding website? I just got engaged and don't know when to start.,when to set up wedding website how early,frustrated and overwhelmed,5.0,free_wedding_website,Free wedding website builders,Regenerated 2026-04-19
gen_1776625040_00043,The First-Time Planner,educational,informational,understand wedding website custom domain options,"newly engaged, confused by free vs paid features",Free wedding websites seem to come with weird URLs. Can I get a real custom domain without paying a fortune?,free wedding website custom domain options,newly aware and confused,5.0,free_wedding_website,Free wedding website builders,Regenerated 2026-04-19
gen_1776625040_00044,The First-Time Planner,research,commercial,find wedding website with planning tools included,"early planner, wants one app for everything",I'm just starting out and totally lost. Is there a free wedding website that also helps with planning checklists?,free wedding website with planning checklist tools,newly aware and confused,5.0,free_wedding_website,Free wedding website builders,Regenerated 2026-04-19
gen_1776625040_00045,The First-Time Planner,educational,informational,learn what to put on a wedding website,"first-time planner, just built a site, unsure what info to add",Built a free wedding website but don't know what to actually put on it. What pages do guests expect to see?,what to include on a wedding website pages,curious and exploratory,5.0,free_wedding_website,Free wedding website builders,Regenerated 2026-04-19
gen_1776625040_00046,The First-Time Planner,research,informational,compare free wedding website guest count limits,"couple with 150+ guests, worried about hitting caps",We have around 150 guests. Do free wedding websites cap how many RSVPs or guests you can manage?,free wedding website guest limit RSVP cap,detail-oriented and planning ahead,5.0,free_wedding_website,Free wedding website builders,Regenerated 2026-04-19
gen_1776625040_00047,The First-Time Planner,research,commercial,find password-protected free wedding website,"privacy-conscious couple, don't want public site","We want our wedding website private, not searchable online. Do any free builders let you password-protect the whole site?",free wedding website password protected private,detail-oriented and planning ahead,5.0,free_wedding_website,Free wedding website builders,Regenerated 2026-04-19
gen_1776625040_00048,The First-Time Planner,educational,informational,understand wedding website photo gallery limits,"photo-heavy couple, free plan, unsure about storage",Trying to figure out how many photos I can upload to a free wedding website before hitting a storage wall.,free wedding website photo upload limit storage,detail-oriented and planning ahead,5.0,free_wedding_website,Free wedding website builders,Regenerated 2026-04-19
gen_1776625040_00049,The First-Time Planner,educational,informational,discover free wedding website with registry integration,"newly engaged, setting up registry and website together","Can a free wedding website link to multiple gift registries, or is that only a paid feature on most platforms?",free wedding website gift registry integration,curious and exploratory,5.0,free_wedding_website,Free wedding website builders,Regenerated 2026-04-19
gen_1776625040_00050,The First-Time Planner,commercial,commercial,find best free wedding website for beginners,"not tech-savvy, just engaged, wants simple setup",Not great with tech at all. Which free wedding website builder is genuinely easy for a complete beginner to set up?,easiest free wedding website builder beginners,newly aware and confused,5.0,free_wedding_website,Free wedding website builders,Regenerated 2026-04-19
gen_1776625040_00051,The First-Time Planner,navigational,navigational,navigate to wedding website builder comparison,"early researcher, wants a side-by-side breakdown","Looking for a solid comparison of free wedding website builders — features, templates, limits all in one place.",free wedding website builder comparison features 2024,curious and exploratory,5.0,free_wedding_website,Free wedding website builders,Regenerated 2026-04-19
gen_1776625040_00052,The First-Time Planner,support,informational,understand when to share wedding website with guests,"first-time planner, site built, unsure on timing",My free wedding website is ready but I'm not sure when to actually share it. Should it go out with save-the-dates?,when to share wedding website with guests timing,newly aware and confused,5.0,free_wedding_website,Free wedding website builders,Regenerated 2026-04-19
gen_1776625040_00053,The First-Time Planner,research,informational,understand free wedding website limitations,"newly engaged, early planning, no platform chosen",Just got engaged and overwhelmed. What do free wedding websites actually NOT include that I'd eventually need?,free wedding website limitations what you dont get,skeptical and comparing options,5.0,free_wedding_website,Free wedding website builders,Regenerated 2026-04-19
gen_1776625040_00054,The First-Time Planner,research,commercial,find wedding website with RSVP tracking,"first-time planner, 120 guests, budget-conscious",I need a free wedding website that lets guests RSVP online. Does that actually work well on free plans?,free wedding website RSVP tracking online guests,practical and ready to act,5.0,free_wedding_website,Free wedding website builders,Regenerated 2026-04-19
gen_1776625040_00055,The First-Time Planner,research,commercial,find mobile-friendly wedding website builder,"couple in early planning, most guests use phones",Most of our guests will check our wedding site on their phones. Which free builders actually look good on mobile?,free wedding website builder mobile friendly templates,practical and ready to act,5.0,free_wedding_website,Free wedding website builders,Regenerated 2026-04-19
gen_1776625040_00056,The First-Time Planner,educational,informational,understand free vs paid wedding website value,"budget-conscious couple, planning first wedding","Honestly, is there any real reason to pay for a wedding website? Trying to figure out if free is enough.",free vs paid wedding website worth upgrading,skeptical and comparing options,5.0,free_wedding_website,Free wedding website builders,Regenerated 2026-04-19
gen_1776625040_00057,The First-Time Planner,commercial,commercial,choose wedding website with planning tools,"overwhelmed first-timer, wants all-in-one solution",I want a free wedding website that also helps me stay organised with planning. Do those kinds of platforms exist?,free wedding website with planning tools checklist,emotional and looking for support,5.0,free_wedding_website,Free wedding website builders,Regenerated 2026-04-19
gen_1776625040_00058,The First-Time Planner,research,commercial,find wedding website with best free templates,"aesthetic-focused couple, early planning stage",Free wedding website templates often look generic and cheap. Which platforms actually have designs worth using?,free wedding website beautiful templates designs,skeptical and comparing options,5.0,free_wedding_website,Free wedding website builders,Regenerated 2026-04-19
gen_1776625040_00059,The First-Time Planner,support,informational,set up wedding website quickly from scratch,"newly engaged, no prior planning experience",Just got engaged last week and need a wedding website up fast. Where do I even start with a free one?,how to set up free wedding website quickly beginners,emotional and looking for support,5.0,free_wedding_website,Free wedding website builders,Regenerated 2026-04-19
gen_1776625040_00060,The First-Time Planner,commercial,commercial,find free wedding website with digital invites,"eco-conscious couple, avoiding paper invitations",We want to skip paper entirely. Are there free wedding websites that let you send digital invites and save-the-dates too?,free wedding website digital invites save the dates,practical and ready to act,5.0,free_wedding_website,Free wedding website builders,Regenerated 2026-04-19
gen_1776625040_00061,The First-Time Planner,educational,informational,understand what info to collect via wedding website,"first-time planner, building guest list from scratch",Setting up my first wedding website and not sure what guest info to collect through it. What should I actually ask for?,wedding website what guest information to collect RSVP,emotional and looking for support,5.0,free_wedding_website,Free wedding website builders,Regenerated 2026-04-19
gen_1776625040_00062,The First-Time Planner,research,commercial,understand free wedding website limitations,"newly engaged, no platform chosen yet",Trying to understand what free wedding websites can actually do. Are they worth starting with or a waste of time?,free wedding website builder worth it features,skeptical and comparing options,5.0,free_wedding_website,Free wedding website builders,Regenerated 2026-04-19
gen_1776625040_00063,The First-Time Planner,research,commercial,find wedding website with planning tools,"early planner, wants all-in-one solution",I want one place to build my wedding site AND track my planning. Do free platforms actually combine both?,free wedding website with planning checklist tools,practical and ready to act,5.0,free_wedding_website,Free wedding website builders,Regenerated 2026-04-19
gen_1776625040_00064,The First-Time Planner,educational,informational,learn what to put on wedding website,"first-time planner, just set up a site",Just created my first wedding website and have no idea what pages to include. What do guests actually need to find?,what to include on a wedding website pages,frustrated and overwhelmed,5.0,free_wedding_website,Free wedding website builders,Regenerated 2026-04-19
gen_1776625040_00065,The First-Time Planner,research,commercial,compare free vs paid wedding website features,"budget-conscious couple, early planning stage",Looking at free wedding website plans — which features are genuinely free versus locked behind a paywall on most platforms?,free wedding website features vs paid upgrade comparison,skeptical and comparing options,5.0,free_wedding_website,Free wedding website builders,Regenerated 2026-04-19
gen_1776625040_00066,The First-Time Planner,commercial,transactional,set up wedding website quickly,"overwhelmed beginner, needs fast setup",I need a wedding website live within the hour. Which free builder is fastest to set up with zero experience?,easiest free wedding website builder quick setup,practical and ready to act,5.0,free_wedding_website,Free wedding website builders,Regenerated 2026-04-19
gen_1776625040_00067,The First-Time Planner,educational,informational,understand wedding website privacy settings,"first-time planner, concerned about public visibility",Do free wedding websites let me password-protect the site so only invited guests can see it?,free wedding website password protect privacy settings,practical and ready to act,5.0,free_wedding_website,Free wedding website builders,Regenerated 2026-04-19
gen_1776625040_00068,The First-Time Planner,research,commercial,find free wedding website with RSVP tracking,early planner managing guest list manually now,I'm drowning tracking RSVPs in a spreadsheet. Which free wedding websites actually manage guest responses in one place?,free wedding website RSVP tracking guest management,frustrated and overwhelmed,5.0,free_wedding_website,Free wedding website builders,Regenerated 2026-04-19
gen_1776625040_00069,The First-Time Planner,educational,informational,know when to launch wedding website,"newly engaged, unsure of planning timeline",How early should I get my wedding website up? Trying to figure out the right timing before sending save-the-dates.,when to launch wedding website before save the dates,practical and ready to act,5.0,free_wedding_website,Free wedding website builders,Regenerated 2026-04-19
gen_1776625040_00070,The First-Time Planner,support,commercial,find wedding website builder for non-tech users,"overwhelmed planner, not tech-savvy",I'm not good with tech at all. Which free wedding website builder is genuinely simple enough for a complete beginner?,easiest free wedding website builder beginners non-tech,frustrated and overwhelmed,5.0,free_wedding_website,Free wedding website builders,Regenerated 2026-04-19
gen_1776625040_00071,The First-Time Planner,research,informational,understand custom domain options on free plans,early planner wanting a professional-looking URL,Can I get a custom web address for my wedding site without paying? Or is that always a paid upgrade?,free wedding website custom domain free plan,skeptical and comparing options,5.0,free_wedding_website,Free wedding website builders,Regenerated 2026-04-19
gen_1776625040_00072,The First-Time Planner,research,commercial,evaluate free wedding website templates,"newly engaged, early planning stage, no platform chosen",Just got engaged and feeling overwhelmed. Do free wedding websites actually have nice-looking templates or do they all look cheap?,free wedding website templates design quality,skeptical and comparing options,5.0,free_wedding_website,Free wedding website builders,Regenerated 2026-04-19
gen_1776625040_00073,The First-Time Planner,support,informational,understand wedding website planning tools,"first-time planner, unsure where to start",I have no idea where to even begin planning. Can a free wedding website help me figure out what to do first?,free wedding website planning tools checklist beginner,emotional and looking for support,5.0,free_wedding_website,Free wedding website builders,Regenerated 2026-04-19
gen_1776625040_00074,The First-Time Planner,educational,informational,explore free wedding website guest features,"early planner, building guest list, 120 people",Curious what guests actually experience on a free wedding website — can they RSVP directly through it or is that a paid thing?,free wedding website guest RSVP features,curious and exploratory,5.0,free_wedding_website,Free wedding website builders,Regenerated 2026-04-19
gen_1776625040_00075,The First-Time Planner,navigational,navigational,find free all-in-one wedding planning platform,"overwhelmed first-timer, comparing free options",There are so many free wedding website builders out there. Which ones actually include planning tools beyond just a pretty page?,free wedding website builder with planning tools,skeptical and comparing options,5.0,free_wedding_website,Free wedding website builders,Regenerated 2026-04-19
gen_1776625040_00076,The Digital Invites Planner,research,informational,digital vs print wedding invitations,"engaged couple, early planning, budget-conscious",Trying to decide between digital and printed wedding invitations. What do most couples actually regret choosing?,digital vs print wedding invitations pros cons,skeptical and comparing options,5.0,digital_invitations,Digital wedding invitations,Regenerated 2026-04-19
gen_1776625040_00077,The Digital Invites Planner,educational,informational,wedding invitation etiquette online,couple worried about offending older guests,Is it rude to send digital wedding invitations to older relatives? How do people usually handle the etiquette?,digital wedding invitation etiquette older guests,newly aware and confused,5.0,digital_invitations,Digital wedding invitations,Regenerated 2026-04-19
gen_1776625040_00078,The Digital Invites Planner,commercial,commercial,find online wedding invitation maker,"DIY couple, no design experience, tight timeline",Looking for an online tool to design and send wedding invitations myself. What actually works without needing design skills?,online wedding invitation maker DIY easy,time-pressed and direct,5.0,digital_invitations,Digital wedding invitations,Regenerated 2026-04-19
gen_1776625040_00079,The Digital Invites Planner,educational,informational,save the date timing advice,"couple 10 months out, destination wedding",How far in advance should digital save the dates go out for a destination wedding?,how early send digital save the date destination wedding,newly aware and confused,5.0,digital_invitations,Digital wedding invitations,Regenerated 2026-04-19
gen_1776625040_00080,The Digital Invites Planner,research,informational,cost savings digital wedding invitations,couple comparing print quotes vs digital options,Print quotes for our invitations are insane. How much do couples actually save by going fully digital instead?,cost savings digital wedding invitations vs print,skeptical and comparing options,5.0,digital_invitations,Digital wedding invitations,Regenerated 2026-04-19
gen_1776625040_00081,The Digital Invites Planner,support,commercial,RSVP tracking with digital invites,"couple managing 150-guest list, stressed about responses",Sent digital invites to 150 people. What's the easiest way to actually track who's RSVPed and who hasn't?,RSVP tracking digital wedding invitations guest list,time-pressed and direct,5.0,digital_invitations,Digital wedding invitations,Regenerated 2026-04-19
gen_1776625040_00082,The Digital Invites Planner,educational,informational,photo wedding invitation design ideas,"couple wanting personal, visual invite style",What makes a photo wedding invitation look polished rather than like a cheap e-card?,photo wedding invitation design tips look professional,newly aware and confused,5.0,digital_invitations,Digital wedding invitations,Regenerated 2026-04-19
gen_1776625040_00083,The Digital Invites Planner,research,commercial,compare digital invitation platforms,"couple shortlisting tools, wants RSVP and design features",I need digital invites that handle RSVPs and look elegant. Which platforms are actually worth paying for?,best digital wedding invitation platforms RSVP design,skeptical and comparing options,5.0,digital_invitations,Digital wedding invitations,Regenerated 2026-04-19
gen_1776625040_00084,The Digital Invites Planner,educational,informational,send save the dates digitally,"couple new to wedding planning, just got engaged",Just got engaged and have no idea where to start. Can I send save the dates digitally before anything else is planned?,send digital save the dates early wedding planning,newly aware and confused,5.0,digital_invitations,Digital wedding invitations,Regenerated 2026-04-19
gen_1776625040_00085,The Digital Invites Planner,navigational,navigational,free digital wedding invitation tool,"budget couple, wants full features without paying upfront",Are there free digital wedding invitation tools that don't slap a watermark on everything or hide basic features?,free digital wedding invitation tool no watermark,time-pressed and direct,5.0,digital_invitations,Digital wedding invitations,Regenerated 2026-04-19
gen_1776625040_00086,The Digital Invites Planner,educational,informational,find digital invite wording examples,"engaged couple, unsure how to phrase online invitations","What should the wording actually say on a digital wedding invitation? Looking for real examples, not generic templates.",digital wedding invitation wording examples,time-pressed and direct,5.0,digital_invitations,Digital wedding invitations,Regenerated 2026-04-19
gen_1776625040_00087,The Digital Invites Planner,educational,informational,understand save the date timing,"newly engaged, local wedding, early planning stage",How early is too early to send a digital save the date? We just got engaged and guests are scattered across the country.,how early to send digital save the date,emotional and looking for support,5.0,digital_invitations,Digital wedding invitations,Regenerated 2026-04-19
gen_1776625040_00088,The Digital Invites Planner,research,commercial,choose between animated and static digital invites,"design-conscious couple, mid-planning, budget flexible",Animated digital invites or a clean static design — which actually impresses guests more for a formal wedding?,animated vs static digital wedding invitation formal,time-pressed and direct,5.0,digital_invitations,Digital wedding invitations,Regenerated 2026-04-19
gen_1776625040_00089,The Digital Invites Planner,support,informational,handle mixed digital and print guest list,couple sending digital invites but some guests need paper,Some of our guests genuinely won't open an email. Can I send digital to most people and print to a few without it looking inconsistent?,mixing digital and print wedding invitations etiquette,frustrated and overwhelmed,5.0,digital_invitations,Digital wedding invitations,Regenerated 2026-04-19
gen_1776625040_00090,The Digital Invites Planner,navigational,navigational,find digital save the date design inspiration,"couple with a boho aesthetic, early planning",Where do people actually find beautiful digital save the date designs? Pinterest feels outdated and I keep seeing the same layouts.,digital save the date design inspiration boho wedding,frustrated and overwhelmed,5.0,digital_invitations,Digital wedding invitations,Regenerated 2026-04-19
gen_1776625040_00091,The Digital Invites Planner,educational,informational,understand RSVP deadline etiquette for digital invites,"couple finalising guest list, caterer needs numbers",How much time should we give guests to RSVP when invitations are digital? Our caterer needs final numbers six weeks out.,RSVP deadline digital wedding invitations etiquette,time-pressed and direct,5.0,digital_invitations,Digital wedding invitations,Regenerated 2026-04-19
gen_1776625040_00092,The Digital Invites Planner,research,commercial,create cohesive digital invite suite,DIY couple wanting save the date and invite to match,"Is there a way to design matching save the dates and invitations digitally so everything looks like a cohesive set, not random pieces?",matching digital save the date and wedding invitation suite,emotional and looking for support,5.0,digital_invitations,Digital wedding invitations,Regenerated 2026-04-19
gen_1776625040_00093,The Digital Invites Planner,support,informational,decide on digital invites for formal black tie wedding,couple worried digital feels too casual for their event,Our wedding is black tie and I'm scared digital invitations will feel cheap. Can online invites actually read as formal and elegant?,digital invitations black tie formal wedding appropriate,emotional and looking for support,5.0,digital_invitations,Digital wedding invitations,Regenerated 2026-04-19
gen_1776625040_00094,The Digital Invites Planner,commercial,commercial,find platform with built-in RSVP and guest tracking,"overwhelmed couple, 200-person guest list, tight timeline",I need digital invites where RSVPs feed straight into a guest list automatically. Manually tracking 200 people in a spreadsheet is breaking me.,digital wedding invitation platform automatic RSVP guest tracking,frustrated and overwhelmed,5.0,digital_invitations,Digital wedding invitations,Regenerated 2026-04-19
gen_1776625040_00095,The Digital Invites Planner,support,informational,write follow-up message for non-responding guests,"couple two weeks past RSVP deadline, chasing responses",RSVP deadline passed and a third of our guests haven't responded to the digital invite. What do I actually say to nudge them without sounding rude?,follow up wedding RSVP no response digital invitation,frustrated and overwhelmed,5.0,digital_invitations,Digital wedding invitations,Regenerated 2026-04-19
gen_1776625040_00096,The Digital Invites Planner,research,informational,understand digital invite delivery rates,engaged couple worried emails land in spam,"How many guests actually open digital wedding invitations, or do most end up in spam folders?",digital wedding invitation email open rate spam,skeptical and comparing options,5.0,digital_invitations,Digital wedding invitations,Regenerated 2026-04-19
gen_1776625040_00097,The Digital Invites Planner,commercial,commercial,find free digital invitation platforms,"budget-conscious couple, early planning stage",Looking for a free tool to create and send digital wedding invitations — what actually works without a paywall?,free digital wedding invitation maker send online,skeptical and comparing options,5.0,digital_invitations,Digital wedding invitations,Regenerated 2026-04-19
gen_1776625040_00098,The Digital Invites Planner,support,informational,etiquette for digital invites older guests,couple with tech-averse older family members,Is it rude to send digital wedding invitations to elderly relatives who barely use smartphones?,digital wedding invitation etiquette older guests,emotional and looking for support,5.0,digital_invitations,Digital wedding invitations,Regenerated 2026-04-19
gen_1776625040_00099,The Digital Invites Planner,research,informational,compare digital vs print invitation costs,"200-guest wedding, tight budget",Trying to figure out real cost difference between printed and digital invitations for a 200-person wedding.,digital vs print wedding invitation cost comparison,skeptical and comparing options,5.0,digital_invitations,Digital wedding invitations,Regenerated 2026-04-19
gen_1776625040_00100,The Digital Invites Planner,commercial,commercial,design photo save the date digitally,"couple with engagement photos, want personal touch",We just got our engagement photos back — where can I design a digital save the date using our own pictures?,photo digital save the date design online,detail-oriented and planning ahead,5.0,digital_invitations,Digital wedding invitations,Regenerated 2026-04-19
gen_1776625040_00101,The Digital Invites Planner,educational,informational,understand digital invitation information to include,"first-time planner, destination wedding",What details are essential on a digital wedding invitation for a destination wedding guests need to travel to?,digital wedding invitation details destination wedding must include,detail-oriented and planning ahead,5.0,digital_invitations,Digital wedding invitations,Regenerated 2026-04-19
gen_1776625040_00102,The Digital Invites Planner,navigational,navigational,navigate to digital wedding invite tools,couple ready to start building invitations now,I'm ready to build our digital wedding invitations today — which type of platform should I search for first?,digital wedding invitation platform where to start,detail-oriented and planning ahead,5.0,digital_invitations,Digital wedding invitations,Regenerated 2026-04-19
gen_1776625040_00103,The Digital Invites Planner,support,informational,handle guest RSVPs through digital invites,couple anxious about tracking responses across channels,"Guests are texting, calling, and emailing their RSVPs instead of using the digital invite link. How do I handle this?",wedding guests ignoring digital RSVP link tracking responses,emotional and looking for support,5.0,digital_invitations,Digital wedding invitations,Regenerated 2026-04-19
gen_1776625040_00104,The Digital Invites Planner,educational,informational,personalise digital invitations for different groups,"couple with tiered guest list, ceremony vs reception only",Some guests are ceremony-only and some are full reception. Can I send different digital invitations to each group seamlessly?,send different digital wedding invitations guest groups,detail-oriented and planning ahead,5.0,digital_invitations,Digital wedding invitations,Regenerated 2026-04-19
gen_1776625040_00105,The Digital Invites Planner,support,informational,emotionally justify choosing digital over print,couple feeling guilty about skipping traditional paper,I feel weirdly guilty going fully digital for our invitations. Is this a normal feeling and does it actually matter?,digital only wedding invitations guilt skip paper traditional,emotional and looking for support,5.0,digital_invitations,Digital wedding invitations,Regenerated 2026-04-19
gen_1776625040_00106,The Digital Invites Planner,educational,informational,digital invitation wording guidance,"engaged couple, first time writing formal invitation copy",I have no idea how to word a digital wedding invitation. What's standard and what can we skip?,digital wedding invitation wording examples what to include,newly aware and confused,5.0,digital_invitations,Digital wedding invitations,Regenerated 2026-04-19
gen_1776625040_00107,The Digital Invites Planner,educational,informational,send digital save the date timing,"couple planning 12 months out, venue just booked",Just booked our venue for next October. How early should digital save the dates go out?,when to send digital save the date wedding timeline,practical and ready to act,5.0,digital_invitations,Digital wedding invitations,Regenerated 2026-04-19
gen_1776625040_00108,The Digital Invites Planner,research,informational,match invitation design to wedding theme,"couple planning a garden wedding, want cohesive visuals",Planning a garden wedding — how do I make sure our digital invitations actually feel cohesive with the theme?,digital wedding invitation design match wedding theme garden,practical and ready to act,5.0,digital_invitations,Digital wedding invitations,Regenerated 2026-04-19
gen_1776625040_00109,The Digital Invites Planner,commercial,commercial,find digital invitation platform with RSVP tracking,couple overwhelmed by managing responses across channels,Tired of chasing RSVPs everywhere. Is there a digital invitation tool that also tracks responses automatically?,digital wedding invitation platform with RSVP tracking,frustrated and overwhelmed,5.0,digital_invitations,Digital wedding invitations,Regenerated 2026-04-19
gen_1776625040_00110,The Digital Invites Planner,educational,informational,etiquette for digital plus printed invites mix,"couple sending print to older guests, digital to everyone else",We're sending printed invites to grandparents and digital to everyone else. Is that considered rude or totally fine?,wedding invitation etiquette mix print and digital guests,newly aware and confused,5.0,digital_invitations,Digital wedding invitations,Regenerated 2026-04-19
gen_1776625040_00111,The Digital Invites Planner,research,commercial,animated digital invitation options,couple wanting something more dynamic than a static design,Static digital invites feel boring to me. Are animated wedding invitations a real option and where do I find them?,animated digital wedding invitation maker options,practical and ready to act,5.0,digital_invitations,Digital wedding invitations,Regenerated 2026-04-19
gen_1776625040_00112,The Digital Invites Planner,support,informational,resend digital invitation without seeming pushy,"couple two weeks out, several guests haven't opened invite",A bunch of guests still haven't opened our digital invite two weeks later. How do I follow up without being annoying?,how to resend wedding digital invitation guests not opened,frustrated and overwhelmed,5.0,digital_invitations,Digital wedding invitations,Regenerated 2026-04-19
gen_1776625040_00113,The Digital Invites Planner,educational,informational,digital save the date vs invitation difference,newly engaged couple confused about sequence and purpose,"Do we need both a digital save the date and a formal invitation, or is one enough? What's the actual difference?",digital save the date vs wedding invitation difference do you need both,newly aware and confused,5.0,digital_invitations,Digital wedding invitations,Regenerated 2026-04-19
gen_1776625040_00114,The Digital Invites Planner,navigational,navigational,navigate to free wedding invitation designer,budget-conscious couple ready to start designing today,Looking for a free wedding invitation designer I can use right now — where should I actually go?,free digital wedding invitation designer tool online,practical and ready to act,5.0,digital_invitations,Digital wedding invitations,Regenerated 2026-04-19
gen_1776625040_00115,The Digital Invites Planner,support,informational,understand digital invitation deliverability issues,couple frustrated after guests report not receiving invites,Three guests say they never got our digital invitation. Why does this keep happening and how do we fix it?,digital wedding invitation not received deliverability issues fix,frustrated and overwhelmed,5.0,digital_invitations,Digital wedding invitations,Regenerated 2026-04-19
gen_1776625040_00116,The Digital Invites Planner,support,informational,understand digital invite etiquette for older guests,couple worried about offending traditionalist family members,My future in-laws think digital invitations are tacky. How do I handle the etiquette conversation without starting a family fight?,digital wedding invitation etiquette older guests traditionalist family,emotional and looking for support,5.0,digital_invitations,Digital wedding invitations,Regenerated 2026-04-19
gen_1776625040_00117,The Digital Invites Planner,commercial,commercial,find photo-based digital save the date options,recently engaged couple wanting to use engagement photos,Just got our engagement photos back and want to use them in a digital save the date. Where do I actually start?,photo digital save the date wedding online maker,newly aware and confused,5.0,digital_invitations,Digital wedding invitations,Regenerated 2026-04-19
gen_1776625040_00118,The Digital Invites Planner,research,informational,calculate savings of digital vs print invitations,budget-conscious couple with 150-person guest list,Roughly 150 guests — how much would I actually save going fully digital instead of printed wedding invitations?,digital vs print wedding invitations cost savings 150 guests,frustrated and overwhelmed,5.0,digital_invitations,Digital wedding invitations,Regenerated 2026-04-19
gen_1776625040_00119,The Digital Invites Planner,educational,informational,understand what info belongs on digital invite,first-time planner unsure of invitation content,I'm staring at a blank digital invitation template and genuinely don't know what details are supposed to go on it.,what information to include digital wedding invitation,newly aware and confused,5.0,digital_invitations,Digital wedding invitations,Regenerated 2026-04-19
gen_1776625040_00120,The Digital Invites Planner,navigational,commercial,find wedding website with built-in digital invites,couple wanting one tool for website and invitations together,"Is there a platform where the wedding website and digital invitations are actually connected, not two separate tools I have to manage?",wedding website with digital invitations integrated platform,frustrated and overwhelmed,5.0,digital_invitations,Digital wedding invitations,Regenerated 2026-04-19
gen_1776625040_00121,The Digital Invites Planner,support,informational,decide on digital invite design style,couple overwhelmed by too many template choices,There are thousands of digital invitation templates and I've been scrolling for hours. How do couples actually narrow it down?,how to choose digital wedding invitation design style,frustrated and overwhelmed,5.0,digital_invitations,Digital wedding invitations,Regenerated 2026-04-19
gen_1776625040_00122,The Digital Invites Planner,educational,informational,learn timing for digital save the date vs invitation,"couple with destination wedding, guests traveling interstate",Destination wedding with guests flying in — does the save the date timeline change when everyone needs to book travel?,destination wedding digital save the date timing travel guests,newly aware and confused,5.0,digital_invitations,Digital wedding invitations,Regenerated 2026-04-19
gen_1776625040_00123,The Digital Invites Planner,commercial,commercial,find free digital wedding invitation maker,newly engaged couple on tight budget exploring options,"Just got engaged and have basically no budget yet. Are there digital invitation tools that are actually free, not just free trials?",free digital wedding invitation maker no trial,newly aware and confused,5.0,digital_invitations,Digital wedding invitations,Regenerated 2026-04-19
gen_1776625040_00124,The Digital Invites Planner,educational,informational,understand RSVP collection via digital invitations,couple confused about how online RSVPs actually work,How do guests RSVP through a digital invitation — do they click something in the email or does it link to a separate form?,how RSVP works digital wedding invitation online,newly aware and confused,5.0,digital_invitations,Digital wedding invitations,Regenerated 2026-04-19
gen_1776625040_00125,The Digital Invites Planner,support,informational,cope with family pressure over digital invitation choice,couple being pushed toward printed invites by parents,Our parents keep insisting we need printed invitations. I love our digital design but I'm second-guessing everything now.,digital wedding invitations vs printed family pressure etiquette,emotional and looking for support,5.0,digital_invitations,Digital wedding invitations,Regenerated 2026-04-19
gen_1776625040_00126,The Digital Invites Planner,educational,informational,understand digital invite etiquette for formal wedding,"couple planning formal wedding, unsure if digital feels appropriate",Our wedding is pretty formal and I'm worried digital invitations will feel wrong. Is there an etiquette rule here?,digital wedding invitation etiquette formal wedding,detail-oriented and planning ahead,5.0,digital_invitations,Digital wedding invitations,Regenerated 2026-04-19
gen_1776625040_00127,The Digital Invites Planner,educational,informational,find digital save the date wording,"newly engaged couple, sending save the dates soon",What do you actually write on a digital save the date? Looking for wording that doesn't sound copy-pasted.,digital save the date wording examples wedding,time-pressed and direct,5.0,digital_invitations,Digital wedding invitations,Regenerated 2026-04-19
gen_1776625040_00128,The Digital Invites Planner,research,commercial,choose between animated and static digital invitations,design-focused couple comparing digital invite formats,Animated digital invitations look stunning but I'm not sure guests will engage with them. Are they worth it?,animated vs static digital wedding invitations,detail-oriented and planning ahead,5.0,digital_invitations,Digital wedding invitations,Regenerated 2026-04-19
gen_1776625040_00129,The Digital Invites Planner,support,informational,send digital invites to older non-tech-savvy guests,couple with elderly relatives uncomfortable with technology,Half our guest list are grandparents who barely use email. How do people handle digital invitations for older guests?,digital wedding invitations elderly guests non tech savvy,emotional and looking for support,5.0,digital_invitations,Digital wedding invitations,Regenerated 2026-04-19
gen_1776625040_00130,The Digital Invites Planner,commercial,commercial,find app combining digital invites and guest tracking,couple wanting one tool for invites and RSVPs,I need digital invitations that feed directly into RSVP tracking. Is there an app that actually does both together?,digital wedding invitation app with RSVP tracking,time-pressed and direct,5.0,digital_invitations,Digital wedding invitations,Regenerated 2026-04-19
gen_1776625040_00131,The First-Time Planner,educational,informational,build wedding planning timeline,"just engaged, no idea where to start",Just got engaged and have no clue where to begin. What's the right order to plan a wedding?,wedding planning timeline order of steps beginners,newly aware and confused,5.0,wedding_planning_tips,Wedding planning for beginners,Regenerated 2026-04-19
gen_1776625040_00132,The First-Time Planner,research,commercial,find wedding planning app,"DIY couple, want one tool to manage everything",Looking for an app that actually walks you through planning a wedding start to finish. What do people use?,best wedding planning app beginners all in one,curious and exploratory,5.0,wedding_planning_tips,Wedding planning for beginners,Regenerated 2026-04-19
gen_1776625040_00133,The First-Time Planner,educational,informational,set realistic wedding budget,"first-time planner, no budget set yet",We haven't set a wedding budget yet. How do couples usually figure out what to spend and where to cut?,how to set wedding budget first time couple,newly aware and confused,5.0,wedding_planning_tips,Wedding planning for beginners,Regenerated 2026-04-19
gen_1776625040_00134,The First-Time Planner,navigational,navigational,download wedding planning checklist,"overwhelmed couple, wants printable or digital list",Is there a solid wedding checklist that covers everything from booking vendors to the week before? Need something thorough.,complete wedding planning checklist downloadable,detail-oriented and planning ahead,5.0,wedding_planning_tips,Wedding planning for beginners,Regenerated 2026-04-19
gen_1776625040_00135,The First-Time Planner,educational,informational,know when to send wedding invites,"12 months out, guests traveling interstate",Some guests are flying in from interstate. How far in advance should I send save the dates versus actual invitations?,when to send save the dates wedding invitations timeline,detail-oriented and planning ahead,5.0,wedding_planning_tips,Wedding planning for beginners,Regenerated 2026-04-19
gen_1776625040_00136,The First-Time Planner,research,commercial,compare free wedding planning tools,"budget-conscious couple, not ready to pay yet","Are there free wedding planning tools that are actually useful, or do you always end up needing to pay for the good stuff?",free wedding planning tools worth using,curious and exploratory,5.0,wedding_planning_tips,Wedding planning for beginners,Regenerated 2026-04-19
gen_1776625040_00137,The First-Time Planner,educational,informational,plan wedding on tight budget,"couple with under $10k, still want something special",We want a real wedding but our budget is tight. What are the biggest areas where couples actually save money without it showing?,wedding on a budget tips save money without looking cheap,curious and exploratory,5.0,wedding_planning_tips,Wedding planning for beginners,Regenerated 2026-04-19
gen_1776625040_00138,The First-Time Planner,support,commercial,manage wedding guest list and RSVPs,"large guest list, worried about tracking responses",We have 120 guests and I'm already dreading tracking RSVPs. What's the easiest way to manage this without a spreadsheet nightmare?,wedding guest list RSVP tracking tool easy,detail-oriented and planning ahead,5.0,wedding_planning_tips,Wedding planning for beginners,Regenerated 2026-04-19
gen_1776625040_00139,The First-Time Planner,educational,informational,understand wedding transportation logistics,"venue is remote, guests unfamiliar with area",Our venue is pretty remote and guests won't know the area. How do couples usually handle transportation on the wedding day?,wedding guest transportation logistics remote venue,newly aware and confused,5.0,wedding_planning_tips,Wedding planning for beginners,Regenerated 2026-04-19
gen_1776625040_00140,The First-Time Planner,navigational,navigational,create wedding website for guests,"newly engaged, wants centralized info hub",I want one place where guests can find all our wedding info. How do couples set up a wedding website and what should it include?,wedding website setup what to include beginners,detail-oriented and planning ahead,5.0,wedding_planning_tips,Wedding planning for beginners,Regenerated 2026-04-19
gen_1776625040_00141,The First-Time Planner,educational,informational,understand wedding planning timeline,"newly engaged couple, no planning experience",How far in advance do couples actually need to start planning a wedding? I'm clueless on timing.,how early to start planning a wedding timeline,newly aware and confused,5.0,wedding_planning_tips,Wedding planning for beginners,Regenerated 2026-04-19
gen_1776625040_00142,The First-Time Planner,educational,informational,prioritize wedding vendor booking order,"early-stage planner, unsure what to lock in first","Which vendors do you have to book first, and which ones can wait? I keep getting conflicting advice.",wedding vendor booking order priority first,newly aware and confused,5.0,wedding_planning_tips,Wedding planning for beginners,Regenerated 2026-04-19
gen_1776625040_00143,The First-Time Planner,research,commercial,find wedding planning app with free tier,budget-conscious couple comparing digital tools,"Is there a wedding planning app with a genuinely useful free version, or are they all paywalled?",wedding planning app free version fully functional,skeptical and comparing options,5.0,wedding_planning_tips,Wedding planning for beginners,Regenerated 2026-04-19
gen_1776625040_00144,The First-Time Planner,educational,informational,build realistic wedding budget breakdown,"first-time planner, no benchmark for costs",What does a typical wedding budget actually look like broken down by category? I need a realistic starting point.,wedding budget breakdown by category percentage,newly aware and confused,5.0,wedding_planning_tips,Wedding planning for beginners,Regenerated 2026-04-19
gen_1776625040_00145,The First-Time Planner,research,commercial,compare digital vs paper wedding invites,couple weighing cost and guest experience,"Digital wedding invitations versus paper — do guests actually care, or is going digital totally fine now?",digital vs paper wedding invitations guest preference,skeptical and comparing options,5.0,wedding_planning_tips,Wedding planning for beginners,Regenerated 2026-04-19
gen_1776625040_00146,The First-Time Planner,support,informational,create wedding day seating plan,beginner planner dreading logistics of seating,I have 90 guests and no idea how to tackle seating. Where do you even start with a seating plan?,how to create wedding seating plan 100 guests,time-pressed and direct,5.0,wedding_planning_tips,Wedding planning for beginners,Regenerated 2026-04-19
gen_1776625040_00147,The First-Time Planner,navigational,navigational,find wedding planning checklist app,overwhelmed couple wanting guided task management,Looking for an app that gives me a checklist tied to my actual wedding date. Do those exist?,wedding checklist app tied to wedding date,time-pressed and direct,5.0,wedding_planning_tips,Wedding planning for beginners,Regenerated 2026-04-19
gen_1776625040_00148,The First-Time Planner,educational,informational,set guest list size early,couple with family pressure over invite numbers,How do couples decide on a final guest list number before they've even locked in a venue?,how to decide wedding guest list size early,newly aware and confused,5.0,wedding_planning_tips,Wedding planning for beginners,Regenerated 2026-04-19
gen_1776625040_00149,The First-Time Planner,research,commercial,evaluate all-in-one wedding planning platforms,couple comparing tools before committing to one,"I want one platform handling invites, RSVPs, and a wedding website. Which ones actually do all three well?",all in one wedding planning platform invites rsvp website,skeptical and comparing options,5.0,wedding_planning_tips,Wedding planning for beginners,Regenerated 2026-04-19
gen_1776625040_00150,The First-Time Planner,educational,informational,understand wedding ceremony vs reception timing,beginner unsure how to structure the wedding day,How long should a ceremony and reception actually run? I need to build a day-of timeline from scratch.,wedding ceremony reception timing how long day schedule,time-pressed and direct,5.0,wedding_planning_tips,Wedding planning for beginners,Regenerated 2026-04-19
gen_1776625040_00151,The First-Time Planner,educational,informational,understand wedding planning order of operations,"newly engaged, no idea where to start",Just got engaged and I'm completely lost. What's the actual order you're supposed to plan things in?,wedding planning order of steps for beginners,frustrated and overwhelmed,5.0,wedding_planning_tips,Wedding planning for beginners,Regenerated 2026-04-19
gen_1776625040_00152,The First-Time Planner,educational,informational,build realistic wedding budget from scratch,"first-time planner, no prior budget reference",I have a number in my head but no idea if it's realistic. How do couples actually build a wedding budget from zero?,how to build wedding budget from scratch beginner,frustrated and overwhelmed,5.0,wedding_planning_tips,Wedding planning for beginners,Regenerated 2026-04-19
gen_1776625040_00153,The First-Time Planner,educational,informational,find wedding planning checklist by month,"engaged couple, 12 months out",Is there a month-by-month wedding checklist that actually tells me what to do when? I need structure badly.,month by month wedding planning checklist 12 months,frustrated and overwhelmed,5.0,wedding_planning_tips,Wedding planning for beginners,Regenerated 2026-04-19
gen_1776625040_00154,The First-Time Planner,research,commercial,evaluate wedding planning apps for DIY couples,"early planner, comparing tool options","Which wedding planning apps are actually built for couples doing everything themselves, not just for people hiring planners?",best wedding planning app DIY couples self managed,curious and exploratory,5.0,wedding_planning_tips,Wedding planning for beginners,Regenerated 2026-04-19
gen_1776625040_00155,The First-Time Planner,educational,informational,understand save the date timing,"beginner planner, setting up invite timeline",How early do save the dates actually need to go out? I don't want to send them too late and lose guests.,how early to send save the dates wedding,practical and ready to act,5.0,wedding_planning_tips,Wedding planning for beginners,Regenerated 2026-04-19
gen_1776625040_00156,The First-Time Planner,commercial,commercial,find wedding website builder with RSVP tracking,couple wants all-in-one digital solution,Looking for a wedding website that also handles RSVPs automatically. Do free options for that actually exist?,free wedding website with RSVP tracking built in,curious and exploratory,5.0,wedding_planning_tips,Wedding planning for beginners,Regenerated 2026-04-19
gen_1776625040_00157,The First-Time Planner,educational,informational,decide on ceremony transport logistics,first-time planner managing guest travel,"Do couples usually arrange transport for guests between ceremony and reception, or is that totally optional?",wedding guest transportation between ceremony reception options,curious and exploratory,5.0,wedding_planning_tips,Wedding planning for beginners,Regenerated 2026-04-19
gen_1776625040_00158,The First-Time Planner,educational,informational,cut wedding costs without losing quality,"budget-conscious couple, early planning stage",We're trying to keep costs down without the wedding feeling cheap. Where do couples actually save money without it showing?,wedding budget cuts that don't look cheap tips,practical and ready to act,5.0,wedding_planning_tips,Wedding planning for beginners,Regenerated 2026-04-19
gen_1776625040_00159,The First-Time Planner,navigational,navigational,navigate wedding planning platform signup,"ready to commit to a tool, comparing free tiers",I'm ready to pick a wedding planning platform and just start. Which ones let me do the most before hitting a paywall?,wedding planning platform free tier comparison features,practical and ready to act,5.0,wedding_planning_tips,Wedding planning for beginners,Regenerated 2026-04-19
gen_1776625040_00160,The Comparison Shopper,research,commercial,compare free wedding website platforms,"recently engaged, evaluating multiple platforms before committing",Just got engaged and I'm comparing free wedding website builders. Which ones actually let you do everything without paying?,free wedding website builder comparison fully functional,skeptical and comparing options,5.0,free_wedding_website,Free wedding website builders,Regenerated 2026-04-19
gen_1776625040_00161,The Comparison Shopper,research,informational,identify truly free wedding website tools,engaged couple frustrated by paywalled features,Every wedding website I try hides the good stuff behind a paywall. Are any of them genuinely free?,truly free wedding website no paywall,frustrated and overwhelmed,5.0,free_wedding_website,Free wedding website builders,Regenerated 2026-04-19
gen_1776625040_00162,The Comparison Shopper,research,commercial,evaluate wedding website template quality,design-conscious couple comparing free tiers,Which free wedding website builders have templates that don't look cheap or generic?,free wedding website builder best templates design,skeptical and comparing options,5.0,free_wedding_website,Free wedding website builders,Regenerated 2026-04-19
gen_1776625040_00163,The Comparison Shopper,commercial,commercial,find wedding website with free RSVP tracking,"couple managing guest list, needs RSVP without upgrading",Looking for a free wedding website that includes RSVP tracking — not just the site but actual guest responses built in.,free wedding website with rsvp tracking included,practical and ready to act,5.0,free_wedding_website,Free wedding website builders,Regenerated 2026-04-19
gen_1776625040_00164,The Comparison Shopper,research,informational,understand wedding website pricing tiers,engaged couple researching before signing up,What do wedding website platforms actually charge once you upgrade? I want to know what I'm walking into.,wedding website platform pricing upgrade tiers cost,skeptical and comparing options,5.0,free_wedding_website,Free wedding website builders,Regenerated 2026-04-19
gen_1776625040_00165,The Comparison Shopper,commercial,commercial,find easiest wedding website to set up,"non-tech-savvy couple, short on time",I'm not great with tech and need a wedding website done fast. Which free builder is the easiest to set up?,easiest free wedding website builder to set up,frustrated and overwhelmed,5.0,free_wedding_website,Free wedding website builders,Regenerated 2026-04-19
gen_1776625040_00166,The Comparison Shopper,navigational,navigational,read reviews of free wedding website apps,comparison shopper reading user experiences,Where can I find honest reviews of free wedding website builders from couples who've actually used them?,free wedding website builder honest reviews couples,skeptical and comparing options,5.0,free_wedding_website,Free wedding website builders,Regenerated 2026-04-19
gen_1776625040_00167,The Comparison Shopper,educational,informational,compare digital invites across wedding platforms,couple wanting digital save-the-dates on free tier,"Do any free wedding website platforms include digital save-the-dates, or is that always a paid add-on?",free wedding website digital save the dates included,practical and ready to act,5.0,free_wedding_website,Free wedding website builders,Regenerated 2026-04-19
gen_1776625040_00168,The Comparison Shopper,research,commercial,find wedding website app with guest list tools,engaged couple overwhelmed by planning tools,There are so many wedding apps — which ones combine a free website with guest list management in one place?,wedding website app free guest list management combined,frustrated and overwhelmed,5.0,free_wedding_website,Free wedding website builders,Regenerated 2026-04-19
gen_1776625040_00169,The Comparison Shopper,educational,informational,decide on best free wedding website platform,couple ready to commit after comparison shopping,I've narrowed it down and I'm ready to pick a free wedding website. What should I check before creating an account?,choosing free wedding website platform what to check,practical and ready to act,5.0,free_wedding_website,Free wedding website builders,Regenerated 2026-04-19
gen_1776625040_00170,The Comparison Shopper,educational,informational,understand free vs paid wedding website tiers,"newly engaged, unsure what free actually covers",Free wedding websites keep mentioning upgrades everywhere. What features are realistically available without spending a cent?,free wedding website builder features no paywall,newly aware and confused,5.0,free_wedding_website,Free wedding website builders,Regenerated 2026-04-19
gen_1776625040_00171,The Comparison Shopper,research,commercial,find wedding website with custom domain free,"engaged couple, wants professional-looking URL","Can I get a custom domain on a free wedding website, or is that always locked behind a paid plan?",free wedding website custom domain included,detail-oriented and planning ahead,5.0,free_wedding_website,Free wedding website builders,Regenerated 2026-04-19
gen_1776625040_00172,The Comparison Shopper,research,commercial,compare wedding website mobile experience,"engaged couple, most guests are phone users",My guests will open our wedding site on their phones. Which free wedding website builders actually look good on mobile?,free wedding website mobile friendly templates,detail-oriented and planning ahead,5.0,free_wedding_website,Free wedding website builders,Regenerated 2026-04-19
gen_1776625040_00173,The Comparison Shopper,educational,informational,find wedding website with password protection free,"couple wants privacy, not tech-savvy",Do any free wedding websites let you password-protect the page so only guests can see it?,free wedding website password protected guest access,newly aware and confused,5.0,free_wedding_website,Free wedding website builders,Regenerated 2026-04-19
gen_1776625040_00174,The Comparison Shopper,research,commercial,evaluate seating chart tools in wedding apps,"detail-oriented planner, 120-guest wedding",I'm planning for 120 guests and need a seating tool. Which free wedding platforms actually include a seating planner?,free wedding website seating chart planner included,detail-oriented and planning ahead,5.0,free_wedding_website,Free wedding website builders,Regenerated 2026-04-19
gen_1776625040_00175,The Comparison Shopper,navigational,navigational,assess wedding website builder template variety,"visual couple, want design options before committing","Before I create an account anywhere, I want to browse templates. Which free wedding sites let you preview designs first?",free wedding website builder browse templates before signup,frustrated and overwhelmed,5.0,free_wedding_website,Free wedding website builders,Regenerated 2026-04-19
gen_1776625040_00176,The Comparison Shopper,educational,informational,compare wedding website guest limit restrictions,"large wedding, worried about platform caps","Do free wedding website plans cap how many guests you can add, or is the guest list always unlimited?",free wedding website guest list limit cap,detail-oriented and planning ahead,5.0,free_wedding_website,Free wedding website builders,Regenerated 2026-04-19
gen_1776625040_00177,The Comparison Shopper,research,commercial,find all-in-one free wedding planning platform,"overwhelmed newly engaged couple, wants one tool","I keep downloading separate apps for every wedding task. Is there a free platform that handles website, RSVPs, and checklist together?",free all in one wedding planning website RSVP checklist,frustrated and overwhelmed,5.0,free_wedding_website,Free wedding website builders,Regenerated 2026-04-19
gen_1776625040_00178,The Comparison Shopper,navigational,navigational,locate wedding website platform reviews by real couples,"skeptical shopper, distrusts platform marketing",Where are couples actually posting honest feedback about free wedding website builders — not just the platform's own testimonials?,honest couple reviews free wedding website platforms reddit,frustrated and overwhelmed,5.0,free_wedding_website,Free wedding website builders,Regenerated 2026-04-19
gen_1776625040_00179,The Comparison Shopper,educational,informational,understand wedding website setup time commitment,"busy engaged couple, limited time to build site","Realistically, how long does it take to get a free wedding website live and ready to share with guests?",how long to set up free wedding website,newly aware and confused,5.0,free_wedding_website,Free wedding website builders,Regenerated 2026-04-19
gen_1776625040_00180,The Comparison Shopper,research,commercial,identify truly free wedding website features,"recently engaged, skeptical of freemium upsells",Every wedding website platform says 'free' but then locks everything useful. Which ones are genuinely free with no catches?,truly free wedding website builder no upsell,frustrated and overwhelmed,5.0,free_wedding_website,Free wedding website builders,Regenerated 2026-04-19
gen_1776625040_00181,The Comparison Shopper,research,commercial,compare RSVP tracking on free plans,"engaged couple, 80+ guests, comparing platforms",I need RSVP tracking built into my wedding website for free. Which platforms actually include that without an upgrade?,free wedding website with RSVP tracking included,practical and ready to act,5.0,free_wedding_website,Free wedding website builders,Regenerated 2026-04-19
gen_1776625040_00182,The Comparison Shopper,educational,informational,evaluate wedding website template quality,"design-conscious couple, early platform evaluation","Are free wedding website templates actually pretty, or do they all look outdated unless you pay for premium designs?",free wedding website templates quality comparison,curious and exploratory,5.0,free_wedding_website,Free wedding website builders,Regenerated 2026-04-19
gen_1776625040_00183,The Comparison Shopper,research,commercial,find wedding website with digital invites included,couple wanting one platform for site and invites,Looking for a free wedding website that also handles digital save the dates. Does that combo exist on a free plan?,free wedding website digital save the dates included,curious and exploratory,5.0,free_wedding_website,Free wedding website builders,Regenerated 2026-04-19
gen_1776625040_00184,The Comparison Shopper,educational,informational,understand free vs paid wedding website differences,budget-conscious couple overwhelmed by pricing tiers,I've looked at four different wedding website platforms and can't figure out what free actually includes. How do I compare them fairly?,free vs paid wedding website plan comparison features,frustrated and overwhelmed,5.0,free_wedding_website,Free wedding website builders,Regenerated 2026-04-19
gen_1776625040_00185,The Comparison Shopper,commercial,commercial,find all-in-one free wedding planning platform,DIY couple juggling multiple wedding planning tools,"Is there a free platform that combines a wedding website, guest list, and planning checklist in one place?",free all in one wedding website guest list checklist,practical and ready to act,5.0,free_wedding_website,Free wedding website builders,Regenerated 2026-04-19
gen_1776625040_00186,The Comparison Shopper,navigational,navigational,navigate to wedding website platform reviews,comparison shopper reading third-party platform reviews,"Where can I find side-by-side reviews of free wedding website builders from real couples, not sponsored content?",free wedding website builder reviews real couples unsponsored,frustrated and overwhelmed,5.0,free_wedding_website,Free wedding website builders,Regenerated 2026-04-19
gen_1776625040_00187,The Comparison Shopper,educational,informational,assess how customizable free wedding websites are,"couple wanting a unique, personalized wedding site","How much can I actually customize a free wedding website — fonts, colors, layout — or is it all locked to one rigid template?",free wedding website customization options fonts colors layout,curious and exploratory,5.0,free_wedding_website,Free wedding website builders,Regenerated 2026-04-19
gen_1776625040_00188,The Comparison Shopper,commercial,commercial,pick a free wedding website platform today,"couple ready to commit, narrowing final options",I'm signing up for a free wedding website today. What should I check before choosing a platform so I don't regret it?,what to check before choosing free wedding website platform,practical and ready to act,5.0,free_wedding_website,Free wedding website builders,Regenerated 2026-04-19
gen_1776625040_00189,The Comparison Shopper,educational,informational,understand wedding website data privacy on free plans,privacy-aware couple sharing guest details online,"If I use a free wedding website, who owns my guest data? I'm nervous about sharing names and emails on a free platform.",free wedding website guest data privacy ownership,curious and exploratory,5.0,free_wedding_website,Free wedding website builders,Regenerated 2026-04-19
gen_1776625040_00190,The Comparison Shopper,educational,informational,understand free vs paid wedding website tiers,"newly engaged, overwhelmed by freemium platform pricing pages",Just got engaged and every wedding website platform's pricing page is confusing. What do free tiers actually include versus paid?,free wedding website builder what is included free tier,newly aware and confused,5.0,free_wedding_website,Free wedding website builders,Regenerated 2026-04-19
gen_1776625040_00191,The Comparison Shopper,research,commercial,find wedding website with free custom domain,"comparison shopper, wants branded URL without paying","Do any free wedding website builders let you use a custom domain, or is that always a paid upgrade?",free wedding website custom domain no cost,detail-oriented and planning ahead,5.0,free_wedding_website,Free wedding website builders,Regenerated 2026-04-19
gen_1776625040_00192,The Comparison Shopper,research,informational,evaluate free wedding website guest limits,"large wedding, 200+ guests, budget-conscious couple",We have 250 guests. Do free wedding website plans cap how many RSVPs or guests you can manage?,free wedding website guest limit RSVP cap,detail-oriented and planning ahead,5.0,free_wedding_website,Free wedding website builders,Regenerated 2026-04-19
gen_1776625040_00193,The Comparison Shopper,support,commercial,find most user-friendly free wedding website,"not tech-savvy, wants something quick to set up",I'm not great with technology. Which free wedding website builder is genuinely easy to set up without any design experience?,easiest free wedding website builder beginner,emotional and looking for support,5.0,free_wedding_website,Free wedding website builders,Regenerated 2026-04-19
gen_1776625040_00194,The Comparison Shopper,research,informational,compare free wedding website template variety,"design-focused couple, evaluating multiple platforms","How many templates do free wedding website plans typically offer, and do the options differ a lot between platforms?",free wedding website templates variety comparison,detail-oriented and planning ahead,5.0,free_wedding_website,Free wedding website builders,Regenerated 2026-04-19
gen_1776625040_00195,The Comparison Shopper,navigational,navigational,navigate to wedding website platform reviews,comparison shopper reading third-party review sites,Where do real couples post honest reviews of free wedding website platforms — not just the ones on the platform's own site?,honest couple reviews free wedding website platforms,newly aware and confused,5.0,free_wedding_website,Free wedding website builders,Regenerated 2026-04-19
gen_1776625040_00196,The Comparison Shopper,educational,informational,assess free wedding website ad-free experience,couple worried about ads appearing on their wedding site,Do free wedding websites show ads to my guests when they visit? That would feel really embarrassing on our wedding site.,free wedding website ads shown to guests,emotional and looking for support,5.0,free_wedding_website,Free wedding website builders,Regenerated 2026-04-19
gen_1776625040_00197,The Comparison Shopper,research,commercial,compare mobile experience of free wedding websites,"most guests will RSVP from phones, planning ahead",Most of our guests will open our wedding website on their phones. Which free platforms have the best mobile experience for guests?,free wedding website best mobile experience guests,detail-oriented and planning ahead,5.0,free_wedding_website,Free wedding website builders,Regenerated 2026-04-19
gen_1776625040_00198,The Comparison Shopper,educational,informational,understand wedding website builder upgrade triggers,budget couple wanting to avoid surprise paywalls,I want to stay on a free wedding website plan. What features usually hit a paywall right when you actually need them?,wedding website free plan paywall upgrade triggers,newly aware and confused,5.0,free_wedding_website,Free wedding website builders,Regenerated 2026-04-19
gen_1776625040_00199,The Comparison Shopper,commercial,commercial,find free wedding website with photo gallery,couple wanting to share engagement photos on site,We want to post our engagement photos on our wedding website for free. Which platforms include a photo gallery without upgrading?,free wedding website photo gallery included no upgrade,emotional and looking for support,5.0,free_wedding_website,Free wedding website builders,Regenerated 2026-04-19
gen_1776625040_00200,The Comparison Shopper,educational,informational,understand free vs paid wedding website value,"newly engaged, overwhelmed by platform options","Just got engaged and honestly have no idea where to start. Are free wedding websites actually good enough, or always lacking?",free wedding website builders worth it 2024,newly aware and confused,5.0,free_wedding_website,Free wedding website builders,Regenerated 2026-04-19
gen_1776625040_00201,The Comparison Shopper,research,commercial,find best free wedding website for RSVP tracking,"engaged couple, prioritizing guest management features","Which free wedding website platforms include real RSVP tracking — not just a contact form, but actual guest response management?",free wedding website RSVP tracking guest management,practical and ready to act,5.0,free_wedding_website,Free wedding website builders,Regenerated 2026-04-19
gen_1776625040_00202,The Comparison Shopper,research,commercial,compare free wedding website design quality,"design-conscious couple, evaluating template aesthetics","Some free wedding website templates look so dated. Which platforms have modern, elegant designs without forcing you to upgrade?",free wedding website modern elegant templates 2024,practical and ready to act,5.0,free_wedding_website,Free wedding website builders,Regenerated 2026-04-19
gen_1776625040_00203,The Comparison Shopper,research,informational,evaluate free wedding website password protection,"private couple, wants guest-only site access","Can I password-protect our wedding website so only invited guests see it, or is that feature locked behind a paid plan?",free wedding website password protection guests only,practical and ready to act,5.0,free_wedding_website,Free wedding website builders,Regenerated 2026-04-19
gen_1776625040_00204,The Comparison Shopper,commercial,commercial,find free wedding website with digital invites,couple wanting all-in-one free planning tool,I want one free platform that handles both the wedding website and digital save-the-dates. Does anything actually do both well?,free wedding website digital save the dates invites combined,practical and ready to act,5.0,free_wedding_website,Free wedding website builders,Regenerated 2026-04-19
gen_1776625040_00205,The Comparison Shopper,support,informational,understand emotional value of wedding website,"newly engaged, sentimental about sharing their story",We want guests to feel something when they visit our wedding website. Which free platforms let you really tell your love story?,free wedding website share love story personal,emotional and looking for support,5.0,free_wedding_website,Free wedding website builders,Regenerated 2026-04-19
gen_1776625040_00206,The Comparison Shopper,navigational,navigational,navigate to wedding website comparison review site,"engaged couple, actively researching before deciding",Where can I find a side-by-side feature comparison of the most popular free wedding website platforms right now?,free wedding website platform comparison feature list 2024,newly aware and confused,5.0,free_wedding_website,Free wedding website builders,Regenerated 2026-04-19
gen_1776625040_00207,The Comparison Shopper,research,commercial,assess free wedding website seating planner inclusion,couple managing complex reception layout,"Do any free wedding website platforms include a seating chart tool, or is that always something you pay extra for?",free wedding website seating chart planner included,practical and ready to act,5.0,free_wedding_website,Free wedding website builders,Regenerated 2026-04-19
gen_1776625040_00208,The Comparison Shopper,support,commercial,find emotionally reassuring free planning platform,"overwhelmed newly engaged couple, budget-conscious",Planning a wedding on a tight budget feels stressful. Is there a free wedding website that actually makes the whole process feel manageable?,free wedding website easy planning budget couple,emotional and looking for support,5.0,free_wedding_website,Free wedding website builders,Regenerated 2026-04-19
gen_1776625040_00209,The Comparison Shopper,research,commercial,evaluate free vs paid wedding website tiers,"recently engaged, unsure if free tier is enough",Free wedding website plans — what features do they actually cut compared to paid? Is upgrading worth it?,free vs paid wedding website features comparison,skeptical and comparing options,5.0,free_wedding_website,Free wedding website builders,Regenerated 2026-04-19
gen_1776625040_00210,The Comparison Shopper,research,commercial,find wedding website with guest list management,"engaged couple, needs more than just a pretty page",I need a free wedding website that also manages my guest list. Do any platforms bundle both without charging?,free wedding website guest list management tool,skeptical and comparing options,5.0,free_wedding_website,Free wedding website builders,Regenerated 2026-04-19
gen_1776625040_00211,The Comparison Shopper,commercial,commercial,understand wedding website platform pricing tiers,"comparison shopper, confused by freemium models",Every wedding website platform says it's free but hides costs somewhere. How do their pricing tiers actually compare?,wedding website platform pricing tiers hidden costs,frustrated and overwhelmed,5.0,free_wedding_website,Free wedding website builders,Regenerated 2026-04-19
gen_1776625040_00212,The Comparison Shopper,research,commercial,find most customizable free wedding website,"newly engaged, wants design flexibility without paying","Which free wedding website builder lets you customize fonts, colors, and layout without locking everything behind a paywall?",most customizable free wedding website builder,skeptical and comparing options,5.0,free_wedding_website,Free wedding website builders,Regenerated 2026-04-19
gen_1776625040_00213,The Comparison Shopper,research,informational,compare free wedding website mobile experience,"newly engaged, most guests are mobile users",Do free wedding websites actually look good on mobile? I've seen some that are awful on phones.,free wedding website mobile friendly comparison,frustrated and overwhelmed,5.0,free_wedding_website,Free wedding website builders,Regenerated 2026-04-19
gen_1776625040_00214,The Comparison Shopper,educational,informational,understand what a wedding website does,"newly engaged, unfamiliar with wedding planning tools",Just got engaged and keep seeing wedding websites mentioned. What do they actually do beyond showing the date and venue?,what does a wedding website do features explained,newly aware and confused,5.0,free_wedding_website,Free wedding website builders,Regenerated 2026-04-19
gen_1776625040_00215,The Comparison Shopper,research,commercial,find free wedding website with digital invites,"budget-conscious couple, going paperless",Looking for a free platform that handles both our wedding website and digital invitations. Are those features ever truly free?,free wedding website digital invitations included,skeptical and comparing options,5.0,free_wedding_website,Free wedding website builders,Regenerated 2026-04-19
gen_1776625040_00216,The Comparison Shopper,educational,informational,understand RSVP tracking on free plans,"newly engaged, overwhelmed by platform options","I keep seeing RSVP tracking listed as a feature, but is it ever actually free or always an upsell?",wedding website RSVP tracking free plan or paid,newly aware and confused,5.0,free_wedding_website,Free wedding website builders,Regenerated 2026-04-19
gen_1776625040_00217,The Comparison Shopper,research,commercial,compare free wedding website setup difficulty,"not tech-savvy couple, wants quick launch",Not great with tech. Which free wedding website platforms can I actually set up in under an hour without frustration?,easiest free wedding website setup beginners,frustrated and overwhelmed,5.0,free_wedding_website,Free wedding website builders,Regenerated 2026-04-19
gen_1776625040_00218,The Comparison Shopper,educational,informational,understand free wedding website limitations,"newly engaged, overwhelmed by platform options",Just started looking at wedding websites. How do I know if a free plan is actually enough or a trap?,free wedding website plan limitations what you get,newly aware and confused,5.0,free_wedding_website,Free wedding website builders,Regenerated 2026-04-19
gen_1776625040_00219,The Comparison Shopper,research,commercial,find best free wedding website templates,"engaged couple, style-conscious, budget-aware",Which free wedding website platforms have templates that don't look cheap or generic straight out of the box?,free wedding website best looking templates 2024,practical and ready to act,5.0,free_wedding_website,Free wedding website builders,Regenerated 2026-04-19
gen_1776625040_00220,The Comparison Shopper,research,commercial,compare free wedding website platforms features,"comparison shopper, reading reviews before deciding",Trying to pick a wedding website platform this week. Which free options include seating charts and RSVP in one place?,free wedding website seating chart RSVP all in one,time-pressed and direct,5.0,free_wedding_website,Free wedding website builders,Regenerated 2026-04-19
gen_1776625040_00221,The Comparison Shopper,navigational,navigational,find user reviews free wedding websites,"recently engaged, skeptical of marketing claims",Where can I find real couple reviews of free wedding website builders that aren't just paid testimonials?,honest user reviews free wedding website builders reddit,newly aware and confused,5.0,free_wedding_website,Free wedding website builders,Regenerated 2026-04-19
gen_1776625040_00222,The Comparison Shopper,educational,informational,evaluate free wedding website for international guests,couple with guests across multiple countries,We have guests in four countries. Do free wedding websites handle international RSVPs and time zone info properly?,free wedding website international guests RSVP time zones,practical and ready to act,5.0,free_wedding_website,Free wedding website builders,Regenerated 2026-04-19
gen_1776625040_00223,The Comparison Shopper,commercial,commercial,decide between free wedding website platforms quickly,"engaged couple, save-the-dates going out soon",Need to send save-the-dates in two weeks. Which free wedding website platform can I launch fastest without sacrificing design?,fastest free wedding website setup save the dates,time-pressed and direct,5.0,free_wedding_website,Free wedding website builders,Regenerated 2026-04-19
gen_1776625040_00224,The Comparison Shopper,educational,informational,find free wedding website builder,"recently engaged, budget-conscious, overwhelmed by options",Just got engaged and have no idea where to start. Are there actually free wedding website builders that don't look cheap?,free wedding website builder actually good,newly aware and confused,5.0,wedding_website_comparison,Wedding website platform comparisons,Regenerated 2026-04-19
gen_1776625040_00225,The Comparison Shopper,research,commercial,compare wedding website platform features,"engaged couple, evaluating multiple platforms side by side","Trying to pick a wedding website platform — which ones include RSVP tracking, guest lists, and digital invites all in one place?",wedding website platform RSVP guest list digital invites comparison,skeptical and comparing options,5.0,wedding_website_comparison,Wedding website platform comparisons,Regenerated 2026-04-19
gen_1776625040_00226,The Comparison Shopper,research,commercial,evaluate wedding website pricing tiers,"engaged couple, freemium vs paid decision",What do wedding website platforms actually lock behind a paywall? I want to know what's free vs paid before I commit.,wedding website platform free vs paid features pricing,skeptical and comparing options,5.0,wedding_website_comparison,Wedding website platform comparisons,Regenerated 2026-04-19
gen_1776625040_00227,The Comparison Shopper,commercial,commercial,find best wedding website templates,"design-focused couple, wants something that looks elevated","Which wedding website builders have the most beautiful, customizable templates? I don't want something that looks like everyone else's.",best wedding website templates customizable design,emotional and looking for support,5.0,wedding_website_comparison,Wedding website platform comparisons,Regenerated 2026-04-19
gen_1776625040_00228,The Comparison Shopper,navigational,navigational,read real reviews of wedding website platforms,"engaged couple, skeptical of marketing claims",Where can I find honest reviews of wedding website platforms from actual couples — not just sponsored blog posts?,honest wedding website platform reviews couples 2024,skeptical and comparing options,5.0,wedding_website_comparison,Wedding website platform comparisons,Regenerated 2026-04-19
gen_1776625040_00229,The Comparison Shopper,research,informational,identify top alternatives to major wedding platforms,"engaged couple, unhappy with mainstream options","The big wedding planning sites feel bloated and salesy. Are there simpler, cleaner alternatives for building a wedding website?",simple clean wedding website builder alternatives,skeptical and comparing options,5.0,wedding_website_comparison,Wedding website platform comparisons,Regenerated 2026-04-19
gen_1776625040_00230,The Comparison Shopper,educational,informational,understand wedding website platform for DIY couple,"DIY-minded couple, planning without a coordinator",We're doing everything ourselves with no wedding planner. Which website platform is easiest to set up and actually manage solo?,easiest wedding website platform DIY no planner,newly aware and confused,5.0,wedding_website_comparison,Wedding website platform comparisons,Regenerated 2026-04-19
gen_1776625040_00231,The Comparison Shopper,research,commercial,compare seating planner tools across platforms,"couple with large guest list, anxious about logistics",We have 180 guests and I'm already stressed about seating. Do any wedding website platforms include a built-in seating planner?,wedding website platform built in seating planner tool,emotional and looking for support,5.0,wedding_website_comparison,Wedding website platform comparisons,Regenerated 2026-04-19
gen_1776625040_00232,The Comparison Shopper,educational,informational,find wedding website platform with checklist feature,"recently engaged, wants an all-in-one planning tool",I want more than just a website — I need a platform with a wedding checklist tied to my actual date. Does that exist?,wedding website platform with planning checklist wedding date,newly aware and confused,5.0,wedding_website_comparison,Wedding website platform comparisons,Regenerated 2026-04-19
gen_1776625040_00233,The Comparison Shopper,support,commercial,decide between two wedding website platforms,"couple narrowed to final two options, ready to choose",Down to two wedding website platforms and can't decide. What features should actually matter most when making the final call?,how to choose wedding website platform key features,emotional and looking for support,5.0,wedding_website_comparison,Wedding website platform comparisons,Regenerated 2026-04-19
gen_1776625040_00234,The Comparison Shopper,research,commercial,evaluate free tier limitations wedding platforms,"recently engaged, budget-conscious, DIY couple",I keep seeing 'free forever' claims on wedding website platforms. How do I know what's actually free versus a bait-and-switch?,free wedding website platform truly free vs freemium,skeptical and comparing options,5.0,wedding_website_comparison,Wedding website platform comparisons,Regenerated 2026-04-19
gen_1776625040_00235,The Comparison Shopper,educational,informational,find wedding website with digital invites included,"newly engaged, wants all-in-one tool, no separate services","Do any wedding website platforms include digital save the dates and invites, or do I have to buy those separately?",wedding website platform digital invites save the dates included,frustrated and overwhelmed,5.0,wedding_website_comparison,Wedding website platform comparisons,Regenerated 2026-04-19
gen_1776625040_00236,The Comparison Shopper,research,commercial,compare wedding website template quality,"design-conscious couple, early research stage","Some wedding website templates look painfully generic. Which platforms are actually putting out modern, non-cookie-cutter designs?",wedding website modern templates design comparison 2024,skeptical and comparing options,5.0,wedding_website_comparison,Wedding website platform comparisons,Regenerated 2026-04-19
gen_1776625040_00237,The Comparison Shopper,support,informational,understand guest RSVP experience on wedding sites,"couple anxious about guest confusion, 150+ attendees",I'm terrified guests will be confused by the RSVP process. Which wedding website platforms make it dead simple for non-tech-savvy people?,wedding website easiest guest RSVP experience user friendly,emotional and looking for support,5.0,wedding_website_comparison,Wedding website platform comparisons,Regenerated 2026-04-19
gen_1776625040_00238,The Comparison Shopper,navigational,navigational,find Australian-friendly wedding website platform,"Australian couple, concerned about local relevance and support",Most wedding website platforms feel very US-focused. Are there any that actually work well for couples based in Australia?,wedding website platform Australia couples local support,frustrated and overwhelmed,5.0,wedding_website_comparison,Wedding website platform comparisons,Regenerated 2026-04-19
gen_1776625040_00239,The Comparison Shopper,research,commercial,compare wedding platform pricing tiers,"engaged couple, comparing paid upgrade value across platforms",Looking at paid upgrades across wedding website platforms — which ones actually justify the cost versus padding features nobody uses?,wedding website platform paid upgrade comparison worth it,skeptical and comparing options,5.0,wedding_website_comparison,Wedding website platform comparisons,Regenerated 2026-04-19
gen_1776625040_00240,The Comparison Shopper,educational,informational,assess wedding website platform for guest list management,"couple overwhelmed by large guest list, early planning",We have families on three continents and I'm already losing track of everyone. Which wedding platforms handle guest list management really well?,wedding website guest list management large wedding,frustrated and overwhelmed,5.0,wedding_website_comparison,Wedding website platform comparisons,Regenerated 2026-04-19
gen_1776625040_00241,The Comparison Shopper,navigational,navigational,find genuine couple reviews of wedding website platforms,"skeptical shopper, distrusts affiliate review sites",Reddit or real forums only — where are couples actually sharing honest experiences about which wedding website platform they'd use again?,wedding website platform real couple reviews reddit forum,skeptical and comparing options,5.0,wedding_website_comparison,Wedding website platform comparisons,Regenerated 2026-04-19
gen_1776625040_00242,The Comparison Shopper,support,informational,understand emotional value of wedding website choice,"sentimental couple, wants site to feel personal and meaningful",Our wedding website feels like the first thing guests will see of us as a couple. Which platforms actually let your personality come through?,wedding website personalization personal storytelling platform,emotional and looking for support,5.0,wedding_website_comparison,Wedding website platform comparisons,Regenerated 2026-04-19
gen_1776625040_00243,The Comparison Shopper,research,commercial,compare mobile experience of wedding website platforms,"couple aware most guests use phones, mobile-first priority",Most of our guests will open our wedding website on their phones. Which platforms actually look good and function well on mobile?,wedding website mobile friendly platform comparison,skeptical and comparing options,5.0,wedding_website_comparison,Wedding website platform comparisons,Regenerated 2026-04-19
gen_1776625040_00244,The Comparison Shopper,research,commercial,find truly free wedding website platform,"recently engaged, tight budget, comparing free tiers","Which wedding website platforms are genuinely free — not trial free, but free enough to actually use for the whole wedding?",truly free wedding website platform no credit card,frustrated and overwhelmed,5.0,wedding_website_comparison,Wedding website platform comparisons,Regenerated 2026-04-19
gen_1776625040_00245,The Comparison Shopper,research,commercial,evaluate RSVP tracking across platforms,"engaged couple, 150 guests, planning solo",I need RSVP tracking that actually works without chasing people. Which wedding website platforms handle this best?,best wedding website platform RSVP tracking features,practical and ready to act,5.0,wedding_website_comparison,Wedding website platform comparisons,Regenerated 2026-04-19
gen_1776625040_00246,The Comparison Shopper,educational,informational,find wedding website with seating planner,"DIY couple, complex seating arrangements, no coordinator","Does any wedding website builder include a seating planner, or do I have to use a totally separate tool for that?",wedding website builder with seating planner included,frustrated and overwhelmed,5.0,wedding_website_comparison,Wedding website platform comparisons,Regenerated 2026-04-19
gen_1776625040_00247,The Comparison Shopper,navigational,navigational,compare wedding website template quality,"design-conscious couple, early platform evaluation",Trying to shortlist wedding website platforms purely on template quality. Where can I see real side-by-side examples?,wedding website platform template comparison examples,time-pressed and direct,5.0,wedding_website_comparison,Wedding website platform comparisons,Regenerated 2026-04-19
gen_1776625040_00248,The Comparison Shopper,research,commercial,understand wedding website pricing tiers,"engaged couple, budgeting, comparing paid plans","What do wedding website platforms actually charge for paid plans, and is upgrading ever worth it for a one-time event?",wedding website platform paid plan pricing worth it,skeptical and comparing options,5.0,wedding_website_comparison,Wedding website platform comparisons,Regenerated 2026-04-19
gen_1776625040_00249,The Comparison Shopper,research,commercial,find all-in-one wedding planning platform,"recently engaged, overwhelmed by juggling multiple tools","I don't want five separate apps. Which wedding website platforms also handle checklists, guest lists, and invites in one place?",all in one wedding website platform checklist guest list invites,frustrated and overwhelmed,5.0,wedding_website_comparison,Wedding website platform comparisons,Regenerated 2026-04-19
gen_1776625040_00250,The Comparison Shopper,navigational,navigational,read verified wedding platform reviews,"comparison shopper, distrusts marketing copy","Where can I find legit, unsponsored reviews of wedding website platforms from couples who've actually used them end-to-end?",honest reviews wedding website platforms couples verified,frustrated and overwhelmed,5.0,wedding_website_comparison,Wedding website platform comparisons,Regenerated 2026-04-19
gen_1776625040_00251,The Comparison Shopper,research,commercial,compare digital invite features across platforms,"eco-conscious couple, skipping paper invites entirely",Going fully digital for invites and save the dates. Which wedding website platforms have the best built-in tools for that?,wedding website digital invites save the dates built in,practical and ready to act,5.0,wedding_website_comparison,Wedding website platform comparisons,Regenerated 2026-04-19
gen_1776625040_00252,The Comparison Shopper,educational,informational,identify wedding website platform setup time,"time-poor couple, wedding in under six months",Six months out and just started. Which wedding website platform can I realistically get live in a single afternoon?,fastest wedding website setup easy to launch,time-pressed and direct,5.0,wedding_website_comparison,Wedding website platform comparisons,Regenerated 2026-04-19
gen_1776625040_00253,The Comparison Shopper,research,commercial,find wedding website with custom domain support,"tech-savvy couple, want branded wedding URL",Which wedding website platforms let you connect a custom domain without paying a ridiculous premium just for that one feature?,wedding website platform custom domain affordable,practical and ready to act,5.0,wedding_website_comparison,Wedding website platform comparisons,Regenerated 2026-04-19
gen_1776625040_00254,The Comparison Shopper,research,informational,evaluate free tier limitations,"engaged couple, budget-conscious, early planning stage","How restricted are free tiers on wedding website platforms — like, what actually gets locked behind a paywall?",wedding website platform free tier limitations paywall features,skeptical and comparing options,5.0,wedding_website_comparison,Wedding website platform comparisons,Regenerated 2026-04-19
gen_1776625040_00255,The Comparison Shopper,research,commercial,find Australia-friendly wedding platforms,"Australian couple, wants locally relevant tools","Are most wedding website platforms built for the US market, or do any of them actually work well for Australian couples?",wedding website platform australia couples local,curious and exploratory,5.0,wedding_website_comparison,Wedding website platform comparisons,Regenerated 2026-04-19
gen_1776625040_00256,The Comparison Shopper,research,commercial,assess template customization depth,"design-conscious couple, wants non-generic look",I want a wedding website that doesn't look like everyone else's. Which platforms let you go beyond basic color and font changes?,wedding website platform deep template customization design,skeptical and comparing options,5.0,wedding_website_comparison,Wedding website platform comparisons,Regenerated 2026-04-19
gen_1776625040_00257,The Comparison Shopper,research,commercial,compare guest list management tools,couple managing 150+ guests across two families,Managing a big guest list across two families is chaos. Which wedding website platforms have the strongest guest list tools built in?,wedding website platform guest list management tools comparison,time-pressed and direct,5.0,wedding_website_comparison,Wedding website platform comparisons,Regenerated 2026-04-19
gen_1776625040_00258,The Comparison Shopper,navigational,navigational,find honest platform comparison articles,"recently engaged, overwhelmed by marketing content",Every review feels like an ad. Where can I actually find an honest breakdown comparing wedding website platforms feature by feature?,honest wedding website platform comparison feature breakdown,skeptical and comparing options,5.0,wedding_website_comparison,Wedding website platform comparisons,Regenerated 2026-04-19
gen_1776625040_00259,The Comparison Shopper,commercial,commercial,evaluate platform ease of setup,"non-techy couple, wants fast launch",Neither of us is remotely techy. Which wedding website platform is genuinely the easiest to get looking good fast?,easiest wedding website platform setup non-techy couples,time-pressed and direct,5.0,wedding_website_comparison,Wedding website platform comparisons,Regenerated 2026-04-19
gen_1776625040_00260,The Comparison Shopper,educational,informational,compare wedding checklist tool quality,"planner-type bride, wants structured timeline","Do any wedding website platforms include a real planning checklist tied to your date, or is it just a generic to-do list?",wedding website platform built-in checklist planning timeline,skeptical and comparing options,5.0,wedding_website_comparison,Wedding website platform comparisons,Regenerated 2026-04-19
gen_1776625040_00261,The Comparison Shopper,navigational,navigational,identify platforms used by real couples,couple wanting social proof before committing,Looking for wedding website platforms that lots of couples are actually using right now — not just the ones with the biggest ad budgets.,most popular wedding website platforms couples actually use,curious and exploratory,5.0,wedding_website_comparison,Wedding website platform comparisons,Regenerated 2026-04-19
gen_1776625040_00262,The Comparison Shopper,educational,informational,weigh upgrading versus staying free,"couple mid-planning, considering paid upgrade",We're three months out and still on a free plan. At what point does paying for a wedding website platform actually make sense?,wedding website platform upgrade free vs paid worth it,skeptical and comparing options,5.0,wedding_website_comparison,Wedding website platform comparisons,Regenerated 2026-04-19
gen_1776625040_00263,The Comparison Shopper,research,commercial,identify best free wedding website platform,"newly engaged, budget-conscious, early research stage","Just got engaged and don't want to spend much. Which wedding website platforms are actually fully free, not just free trials?",free wedding website platform no paywall,newly aware and confused,5.0,wedding_website_comparison,Wedding website platform comparisons,Regenerated 2026-04-19
gen_1776625040_00264,The Comparison Shopper,research,commercial,find wedding website with RSVP tracking,"recently engaged, comparing platform features",Which wedding website platforms include RSVP tracking built in — not as a paid add-on?,wedding website platform built in RSVP tracking free,time-pressed and direct,5.0,wedding_website_comparison,Wedding website platform comparisons,Regenerated 2026-04-19
gen_1776625040_00265,The Comparison Shopper,educational,informational,understand wedding website pricing tiers,comparison shopper evaluating multiple platforms,I keep seeing 'free' wedding websites that suddenly charge for everything useful. How do the pricing tiers actually compare across platforms?,wedding website platform pricing tiers compared,newly aware and confused,5.0,wedding_website_comparison,Wedding website platform comparisons,Regenerated 2026-04-19
gen_1776625040_00266,The Comparison Shopper,research,commercial,find wedding website alternatives to major US platforms,couple researching non-US-centric tools,Feeling overwhelmed by how US-focused most wedding platforms are. Are there well-reviewed alternatives that work just as well internationally?,wedding website platform alternatives international couples,emotional and looking for support,5.0,wedding_website_comparison,Wedding website platform comparisons,Regenerated 2026-04-19
gen_1776625040_00267,The Comparison Shopper,research,commercial,compare wedding website template quality,design-conscious couple evaluating aesthetics,"I've looked at so many wedding website templates and they all blur together. Which platforms actually have distinctive, modern designs worth using?",wedding website platform best templates modern design,time-pressed and direct,5.0,wedding_website_comparison,Wedding website platform comparisons,Regenerated 2026-04-19
gen_1776625040_00268,The Comparison Shopper,educational,informational,find wedding website with digital invites,couple wanting all-in-one platform,"Do any wedding website platforms let you send digital save-the-dates and invites directly, or is that always a separate tool?",wedding website platform digital invites save the dates built in,newly aware and confused,5.0,wedding_website_comparison,Wedding website platform comparisons,Regenerated 2026-04-19
gen_1776625040_00269,The Comparison Shopper,navigational,navigational,read real user reviews of wedding website platforms,"skeptical comparison shopper, mid-research","I want real couple reviews of wedding website platforms, not sponsored content. Where do people actually share honest experiences?",honest user reviews wedding website platforms couples,emotional and looking for support,5.0,wedding_website_comparison,Wedding website platform comparisons,Regenerated 2026-04-19
gen_1776625040_00270,The Comparison Shopper,research,commercial,compare wedding website seating planner tools,couple with complex seating logistics,"Seating arrangements are stressing me out. Which wedding website platforms have a seating planner that's actually usable, not just decorative?",wedding website platform seating planner feature comparison,emotional and looking for support,5.0,wedding_website_comparison,Wedding website platform comparisons,Regenerated 2026-04-19
gen_1776625040_00271,The Comparison Shopper,navigational,navigational,find top-rated wedding website platform reviews,"recently engaged, just starting platform research",Just starting to look at wedding website platforms. Which ones are consistently rated highest by couples who've actually used them?,top rated wedding website platforms couple reviews 2024,newly aware and confused,5.0,wedding_website_comparison,Wedding website platform comparisons,Regenerated 2026-04-19
gen_1776625040_00272,The Comparison Shopper,educational,informational,determine if freemium wedding platforms are worth it,budget-focused couple weighing free vs paid,"Is upgrading a wedding website platform actually worth it, or can you pull off a great wedding with a free plan?",wedding website free vs paid plan worth upgrading,time-pressed and direct,5.0,wedding_website_comparison,Wedding website platform comparisons,Regenerated 2026-04-19
gen_1776625040_00273,The Comparison Shopper,research,commercial,find wedding website with guest list management,"recently engaged, large guest list, comparing platforms","Planning a 200-person wedding. Which website platforms actually handle guest list management well, not just a basic name field?",wedding website platform guest list management features,detail-oriented and planning ahead,5.0,wedding_website_comparison,Wedding website platform comparisons,Regenerated 2026-04-19
gen_1776625040_00274,The Comparison Shopper,research,informational,evaluate free wedding website template quality,"design-conscious couple, budget-aware, early planning","Free wedding website templates — are any of them actually beautiful, or do you have to pay to get something that looks good?",free wedding website templates quality comparison,skeptical and comparing options,5.0,wedding_website_comparison,Wedding website platform comparisons,Regenerated 2026-04-19
gen_1776625040_00275,The Comparison Shopper,research,commercial,compare wedding website checklist tools,"DIY couple, early planning stage, overwhelmed",Looking for a wedding website platform that also has a built-in planning checklist. Do any actually tie tasks to your wedding date?,wedding website platform built in checklist planner,practical and ready to act,5.0,wedding_website_comparison,Wedding website platform comparisons,Regenerated 2026-04-19
gen_1776625040_00276,The Comparison Shopper,educational,informational,find mobile-friendly wedding website builder,"tech-savvy couple, guests vary in age and device","Half my guests will open our wedding website on their phones. Which platforms are genuinely mobile-optimised, not just technically responsive?",mobile friendly wedding website builder comparison,detail-oriented and planning ahead,5.0,wedding_website_comparison,Wedding website platform comparisons,Regenerated 2026-04-19
gen_1776625040_00277,The Comparison Shopper,research,commercial,compare RSVP customisation across platforms,couple with dietary and event-specific RSVP needs,I need RSVPs to capture meal choices and which events guests are attending. Which wedding website platforms let you customise RSVP questions?,wedding website custom RSVP questions platform comparison,detail-oriented and planning ahead,5.0,wedding_website_comparison,Wedding website platform comparisons,Regenerated 2026-04-19
gen_1776625040_00278,The Comparison Shopper,research,informational,identify wedding website with no ads or vendor pushes,couple annoyed by vendor upsells on planning platforms,Which wedding website platforms don't constantly push vendor ads or try to upsell you on photographers and caterers while you're just trying to plan?,wedding website no vendor ads upsells comparison,skeptical and comparing options,5.0,wedding_website_comparison,Wedding website platform comparisons,Regenerated 2026-04-19
gen_1776625040_00279,The Comparison Shopper,research,commercial,find wedding website supporting multiple events,"couple hosting rehearsal dinner, ceremony, and reception separately",Our wedding has three separate events across two days. Can wedding website platforms handle multi-event schedules and separate RSVPs for each?,wedding website multiple events RSVP schedule,practical and ready to act,5.0,wedding_website_comparison,Wedding website platform comparisons,Regenerated 2026-04-19
gen_1776625040_00280,The Comparison Shopper,educational,commercial,compare ease of setup across wedding platforms,"not tech-savvy couple, wants something launched fast",Not particularly tech-savvy. Which wedding website platform can I actually get live in under an hour without pulling my hair out?,easiest wedding website platform setup beginner,practical and ready to act,5.0,wedding_website_comparison,Wedding website platform comparisons,Regenerated 2026-04-19
gen_1776625040_00281,The Comparison Shopper,educational,informational,assess wedding website platform data privacy,privacy-conscious couple sharing guest personal data,I'm wary of handing over my guests' contact details to a big platform. Which wedding website tools are transparent about how they handle your data?,wedding website platform data privacy guest information,skeptical and comparing options,5.0,wedding_website_comparison,Wedding website platform comparisons,Regenerated 2026-04-19
gen_1776625040_00282,The Comparison Shopper,research,commercial,find wedding website with custom domain support,couple wanting a personalised URL for their wedding site,Can you get a custom domain on a wedding website without paying a fortune? Which platforms include it free or cheapest?,wedding website custom domain free or cheap comparison,detail-oriented and planning ahead,5.0,wedding_website_comparison,Wedding website platform comparisons,Regenerated 2026-04-19
gen_1776625040_00283,The Comparison Shopper,educational,informational,understand freemium wedding website tiers,"recently engaged, budget-conscious, evaluating free vs paid",Just got engaged and trying to figure out which wedding website platforms are genuinely free versus secretly paywalled.,free wedding website platform comparison paid features,newly aware and confused,5.0,wedding_website_comparison,Wedding website platform comparisons,Regenerated 2026-04-19
gen_1776625040_00284,The Comparison Shopper,research,commercial,find best wedding website for DIY couples,"engaged couple, no wedding planner, self-managing everything",Doing our entire wedding ourselves — no planner. Which website platform actually supports full DIY planning beyond just a pretty page?,best wedding website platform DIY planning tools,skeptical and comparing options,5.0,wedding_website_comparison,Wedding website platform comparisons,Regenerated 2026-04-19
gen_1776625040_00285,The Comparison Shopper,research,informational,evaluate wedding website template quality,design-conscious couple comparing platform aesthetics,I've looked at four different wedding website platforms and honestly the templates all look the same. Am I missing something?,wedding website platform template design comparison,skeptical and comparing options,5.0,wedding_website_comparison,Wedding website platform comparisons,Regenerated 2026-04-19
gen_1776625040_00286,The Comparison Shopper,commercial,commercial,find wedding website with digital invites included,"couple skipping paper invites, wants all-in-one platform",We want to send digital save-the-dates and invites through our wedding website. Which platforms actually include that built in?,wedding website platform digital invites save the dates included,newly aware and confused,5.0,wedding_website_comparison,Wedding website platform comparisons,Regenerated 2026-04-19
gen_1776625040_00287,The Comparison Shopper,navigational,navigational,navigate to wedding website platform reviews,engaged couple reading reviews before committing to a platform,Where are people actually reviewing wedding website platforms honestly — not just the platforms reviewing themselves?,honest wedding website platform reviews independent comparison,skeptical and comparing options,5.0,wedding_website_comparison,Wedding website platform comparisons,Regenerated 2026-04-19
gen_1776625040_00288,The Comparison Shopper,support,informational,reassurance choosing right wedding website platform,"overwhelmed newly engaged couple, decision paralysis",There are so many wedding website options and I'm already overwhelmed. How do I know I'm picking the right one for us?,how to choose wedding website platform right fit,emotional and looking for support,5.0,wedding_website_comparison,Wedding website platform comparisons,Regenerated 2026-04-19
gen_1776625040_00289,The Non-Traditional Couple,research,commercial,find free wedding planning tools,"non-traditional couple, skipping big venue, tight budget",We're doing a backyard ceremony with 30 people. Are there free apps that actually handle planning without upselling constantly?,free wedding planning app small intimate ceremony no upsell,practical and ready to act,5.0,budget_wedding,Planning a wedding on a budget,Regenerated 2026-04-19
gen_1776625040_00290,The Non-Traditional Couple,educational,informational,plan elopement on minimal budget,"couple skipping traditional wedding entirely, cost-conscious",We want to elope but still make it feel intentional. What does a bare-minimum budget elopement actually need to include?,elopement budget breakdown minimal cost planning,curious and exploratory,5.0,budget_wedding,Planning a wedding on a budget,Regenerated 2026-04-19
gen_1776625040_00291,The Non-Traditional Couple,educational,informational,DIY digital wedding invites,"casual wedding, skipping paper, budget-focused","Skipping paper invites entirely — is a digital-only approach actually accepted now, and what free tools make it look polished?",free digital wedding invites DIY no paper,newly aware and confused,5.0,budget_wedding,Planning a wedding on a budget,Regenerated 2026-04-19
gen_1776625040_00292,The Non-Traditional Couple,research,informational,non-traditional venue cost savings,"couple avoiding ballrooms, exploring unusual spaces",What are the cheapest non-traditional wedding venues that don't feel like a compromise? Looking beyond parks and backyards.,cheap unconventional wedding venues budget alternatives,curious and exploratory,5.0,budget_wedding,Planning a wedding on a budget,Regenerated 2026-04-19
gen_1776625040_00293,The Non-Traditional Couple,research,commercial,manage small guest list digitally,"intimate wedding under 40 guests, DIY couple",I'm trying to track RSVPs and meal choices for 35 guests without paying for a fancy tool. What actually works?,free RSVP tracking small wedding guest list tool,practical and ready to act,5.0,budget_wedding,Planning a wedding on a budget,Regenerated 2026-04-19
gen_1776625040_00294,The Non-Traditional Couple,educational,informational,prioritize spending for unconventional wedding,"non-traditional format, fixed small budget","We have $3,000 total for a casual ceremony. What's worth spending on and what's genuinely safe to cut?",wedding budget priorities casual ceremony what to cut,practical and ready to act,5.0,budget_wedding,Planning a wedding on a budget,Regenerated 2026-04-19
gen_1776625040_00295,The Non-Traditional Couple,navigational,navigational,find free customizable wedding website,"non-cookie-cutter couple, wants unique look","Do free wedding websites let you actually customize the layout, or are you stuck choosing between five identical templates?",free wedding website customizable layout non-template,newly aware and confused,5.0,budget_wedding,Planning a wedding on a budget,Regenerated 2026-04-19
gen_1776625040_00296,The Non-Traditional Couple,educational,informational,DIY micro-wedding food and catering,"couple skipping caterers, intimate gathering",We want real food at our 25-person wedding without hiring a caterer. What have couples actually pulled off themselves?,DIY wedding catering micro wedding no caterer ideas,curious and exploratory,5.0,budget_wedding,Planning a wedding on a budget,Regenerated 2026-04-19
gen_1776625040_00297,The Non-Traditional Couple,research,commercial,destination elopement planning tools,"couple planning overseas elopement, budget-limited",Planning a destination elopement abroad on a tight budget. Is there a free planning tool that handles logistics without assuming a big wedding?,free destination elopement planning tool budget,newly aware and confused,5.0,budget_wedding,Planning a wedding on a budget,Regenerated 2026-04-19
gen_1776625040_00298,The Non-Traditional Couple,support,navigational,build wedding checklist for non-traditional format,couple rejecting standard wedding timeline,"Standard wedding checklists assume a venue, caterer, and 150 guests. Where do I find one built for something much smaller and weirder?",wedding checklist non-traditional small unconventional ceremony,curious and exploratory,5.0,budget_wedding,Planning a wedding on a budget,Regenerated 2026-04-19
gen_1776625040_00299,The Non-Traditional Couple,educational,informational,find free wedding planning tools non-traditional,"non-traditional couple, early planning, unsure what tools exist",Just started planning and don't want a traditional wedding. Are there free planning tools built for unconventional formats?,free wedding planning tools non-traditional unconventional ceremony,newly aware and confused,5.0,budget_wedding,Planning a wedding on a budget,Regenerated 2026-04-19
gen_1776625040_00300,The Non-Traditional Couple,research,informational,budget breakdown intimate ceremony no traditions,"couple skipping traditions, under $5k budget, detail-focused","Planning a 20-person casual ceremony with zero traditional elements. How should I actually break down a $4,000 budget?",budget breakdown small casual non-traditional wedding 20 guests,detail-oriented and planning ahead,5.0,budget_wedding,Planning a wedding on a budget,Regenerated 2026-04-19
gen_1776625040_00301,The Non-Traditional Couple,commercial,commercial,manage guest list RSVP free tool elopement-style,"micro-wedding, frustrated with overcomplicated paid platforms",Every RSVP tool I find assumes a 200-person wedding. Is there anything free that works for 15 guests without the bloat?,free RSVP guest list tool micro wedding small intimate,frustrated and overwhelmed,5.0,budget_wedding,Planning a wedding on a budget,Regenerated 2026-04-19
gen_1776625040_00302,The Non-Traditional Couple,navigational,navigational,find wedding website builder unconventional couples,"non-traditional couple, wants flexible design, budget-conscious",Looking for a wedding website that doesn't look like every other one. Do free tiers ever allow real design flexibility?,free wedding website builder flexible design non-traditional,detail-oriented and planning ahead,5.0,budget_wedding,Planning a wedding on a budget,Regenerated 2026-04-19
gen_1776625040_00303,The Non-Traditional Couple,support,informational,cut costs intimate destination ceremony,"couple planning low-key destination wedding, overwhelmed by costs",We want a tiny destination ceremony but costs keep spiraling. What's actually cuttable without the day feeling cheap?,cut costs small destination wedding budget intimate ceremony,frustrated and overwhelmed,5.0,budget_wedding,Planning a wedding on a budget,Regenerated 2026-04-19
gen_1776625040_00304,The First-Time Planner,educational,informational,understand total wedding budget breakdown,"first-time planner, no idea where money goes",Just got engaged and have no clue how to split a wedding budget. Where does the money actually go?,wedding budget breakdown where to spend money,frustrated and overwhelmed,5.0,budget_wedding,Planning a wedding on a budget,Regenerated 2026-04-19
gen_1776625040_00305,The First-Time Planner,research,commercial,find free wedding planning tools,"budget-conscious couple, early planning stage",Looking for free wedding planning tools that actually do something useful — not just a pretty template I pay for later.,free wedding planning tools checklist app,skeptical and comparing options,5.0,budget_wedding,Planning a wedding on a budget,Regenerated 2026-04-19
gen_1776625040_00306,The First-Time Planner,educational,informational,decide what to DIY vs pay for,"tight budget, first-time planner overwhelmed by vendor quotes",Vendor quotes are way over budget. Which wedding elements are actually worth DIYing and which ones backfire badly?,wedding DIY vs hire vendor worth it budget,frustrated and overwhelmed,5.0,budget_wedding,Planning a wedding on a budget,Regenerated 2026-04-19
gen_1776625040_00307,The First-Time Planner,research,commercial,find affordable digital wedding invites,couple trying to cut stationery costs,Printed invitations feel like a waste of money. Are digital wedding invites actually well-received or do guests hate them?,digital wedding invitations affordable guest reception,skeptical and comparing options,5.0,budget_wedding,Planning a wedding on a budget,Regenerated 2026-04-19
gen_1776625040_00308,The First-Time Planner,educational,informational,build a realistic wedding timeline,"newly engaged, overwhelmed, 12 months out",Engaged a month ago and already feel behind. What should I realistically be doing at each stage of planning?,wedding planning timeline month by month newly engaged,frustrated and overwhelmed,5.0,budget_wedding,Planning a wedding on a budget,Regenerated 2026-04-19
gen_1776625040_00309,The First-Time Planner,commercial,commercial,compare free wedding planning apps,first-time planner shopping for a platform,I'm trying to pick one app to manage our whole wedding without paying a fortune. What separates the free tiers?,best free wedding planning app compare features,skeptical and comparing options,5.0,budget_wedding,Planning a wedding on a budget,Regenerated 2026-04-19
gen_1776625040_00310,The First-Time Planner,navigational,navigational,create free wedding website,"budget couple, wants central info hub for guests",Where can I set up a free wedding website that handles RSVPs too — without getting charged just to go live?,free wedding website with RSVP no charge,skeptical and comparing options,5.0,budget_wedding,Planning a wedding on a budget,Regenerated 2026-04-19
gen_1776625040_00311,The First-Time Planner,support,informational,cut guest list without hurting feelings,"over-budget couple, guest list spiraling",Our guest list doubled overnight and so did our costs. How do couples trim numbers without destroying family relationships?,how to cut wedding guest list without offending family,emotional and looking for support,5.0,budget_wedding,Planning a wedding on a budget,Regenerated 2026-04-19
gen_1776625040_00312,The First-Time Planner,educational,informational,time wedding invitations on a budget,"first-time planner, wants to avoid expensive reprints",How early should save the dates go out so guests book travel without us needing to resend everything later?,when to send wedding save the dates timeline,frustrated and overwhelmed,5.0,budget_wedding,Planning a wedding on a budget,Regenerated 2026-04-19
gen_1776625040_00313,The First-Time Planner,support,commercial,manage wedding checklist without a planner,couple skipping wedding coordinator to save money,We can't afford a wedding coordinator. Is there a checklist tool that actually guides you through planning so nothing gets missed?,wedding checklist tool no coordinator DIY planning,emotional and looking for support,5.0,budget_wedding,Planning a wedding on a budget,Regenerated 2026-04-19
gen_1776625040_00314,The First-Time Planner,research,informational,understand wedding venue cost tradeoffs,"newly engaged, venue shopping, sticker shock",Venue quotes are eating half our budget before we've booked anything else. What venue types are actually affordable?,affordable wedding venue types budget couples,skeptical and comparing options,5.0,budget_wedding,Planning a wedding on a budget,Regenerated 2026-04-19
gen_1776625040_00315,The First-Time Planner,navigational,navigational,find free wedding planning checklist,"first-time planner, overwhelmed, unsure where to start",I'm three weeks into planning and already lost. Is there a free wedding checklist that covers everything in order?,free wedding planning checklist timeline order,practical and ready to act,5.0,budget_wedding,Planning a wedding on a budget,Regenerated 2026-04-19
gen_1776625040_00316,The First-Time Planner,educational,informational,DIY wedding flowers cost savings,"budget couple, florist quotes too high","Florist quoted us $3,000 just for centerpieces. Have couples actually pulled off DIY wedding flowers without it looking cheap?",DIY wedding flowers budget centerpieces tips,skeptical and comparing options,5.0,budget_wedding,Planning a wedding on a budget,Regenerated 2026-04-19
gen_1776625040_00317,The First-Time Planner,educational,informational,prioritize wedding spending categories,"tight budget, first engagement, overwhelmed by choices","With a limited budget, which wedding categories do couples most regret underspending on versus overspending on?",wedding budget priorities what to spend money on,curious and exploratory,5.0,budget_wedding,Planning a wedding on a budget,Regenerated 2026-04-19
gen_1776625040_00318,The First-Time Planner,research,commercial,manage guest RSVPs without paid tools,"DIY couple, avoiding subscription costs",Trying to track RSVPs without paying for a platform monthly. What do couples actually use to manage responses for free?,free wedding RSVP tracking tools options,practical and ready to act,5.0,budget_wedding,Planning a wedding on a budget,Regenerated 2026-04-19
gen_1776625040_00319,The First-Time Planner,educational,informational,off-peak wedding date cost savings,"flexible couple, trying to stretch budget further",How much do couples realistically save by choosing a Friday or winter wedding instead of a Saturday in peak season?,off peak wedding date savings Friday winter cost,curious and exploratory,5.0,budget_wedding,Planning a wedding on a budget,Regenerated 2026-04-19
gen_1776625040_00320,The First-Time Planner,commercial,commercial,compare wedding planning app free tiers,"early planner, evaluating tools before committing","Looking at a few wedding apps — which ones let you manage guests, RSVPs, and a website without hitting a paywall fast?",wedding planning app free tier guest list RSVP website,skeptical and comparing options,5.0,budget_wedding,Planning a wedding on a budget,Regenerated 2026-04-19
gen_1776625040_00321,The First-Time Planner,educational,informational,set realistic wedding budget from scratch,"newly engaged, no prior planning experience","We have $15,000 to spend on a wedding. Is that workable for 80 guests, and how should we break it down?",15000 dollar wedding budget 80 guests breakdown,practical and ready to act,5.0,budget_wedding,Planning a wedding on a budget,Regenerated 2026-04-19
gen_1776625040_00322,The First-Time Planner,navigational,navigational,find wedding website builder free option,"DIY couple, wants custom site without design skills",I want a wedding website that looks custom but I'm not paying a designer. What free builders actually give you flexibility?,free wedding website builder customizable no designer,curious and exploratory,5.0,budget_wedding,Planning a wedding on a budget,Regenerated 2026-04-19
gen_1776625040_00323,The First-Time Planner,support,informational,reduce catering costs without sacrificing experience,"budget couple, catering is biggest line item",Catering is our single biggest cost. What have couples done to cut food and drink spend without guests noticing the difference?,cut wedding catering costs budget tips food drink,practical and ready to act,5.0,budget_wedding,Planning a wedding on a budget,Regenerated 2026-04-19
gen_1776625040_00324,The First-Time Planner,educational,informational,build wedding budget from scratch,"just engaged, no planning experience, no budget set",Just got engaged and have no idea where to start financially. How do couples build a wedding budget from zero?,how to build wedding budget from scratch first time,frustrated and overwhelmed,5.0,budget_wedding,Planning a wedding on a budget,Regenerated 2026-04-19
gen_1776625040_00325,The First-Time Planner,commercial,commercial,find free wedding planning app,"early planner, wants full features without monthly fees","Looking for a free wedding planning app that actually covers guest lists, RSVPs, and a checklist without upselling constantly.",free wedding planning app guest list rsvp checklist,practical and ready to act,5.0,budget_wedding,Planning a wedding on a budget,Regenerated 2026-04-19
gen_1776625040_00326,The First-Time Planner,educational,informational,understand wedding timeline milestones,"12 months out, first-time planner, unsure what to do when",Engaged with about 12 months to go. What should actually be done in which month so nothing gets missed?,wedding planning timeline month by month 12 months out,detail-oriented and planning ahead,5.0,budget_wedding,Planning a wedding on a budget,Regenerated 2026-04-19
gen_1776625040_00327,The First-Time Planner,educational,informational,decide when to send digital invites,"budget couple skipping paper, unsure of timing rules",Skipping paper invites to save money — how early should digital invitations go out so guests actually plan around it?,how early to send digital wedding invitations timeline,detail-oriented and planning ahead,5.0,budget_wedding,Planning a wedding on a budget,Regenerated 2026-04-19
gen_1776625040_00328,The First-Time Planner,research,informational,cut wedding photography costs,"tight budget, photography feels non-negotiable but expensive",Photography quotes are shocking us. What have couples done to spend less on photos without ending up with regrets?,save money on wedding photography budget tips,frustrated and overwhelmed,5.0,budget_wedding,Planning a wedding on a budget,Regenerated 2026-04-19
gen_1776625040_00329,The First-Time Planner,navigational,navigational,navigate wedding platform free tiers,"comparing apps, wary of hidden costs and paywalls",I need a wedding planning platform that's actually free to use end-to-end. Which ones don't lock core features behind a paywall?,wedding planning platform fully free tier no paywall,practical and ready to act,5.0,budget_wedding,Planning a wedding on a budget,Regenerated 2026-04-19
gen_1776625040_00330,The First-Time Planner,educational,informational,DIY wedding stationery on a budget,"first-time planner, save-the-dates and invites feel costly",Paper stationery costs are wild. Can couples realistically design and send their own save-the-dates digitally without looking unprofessional?,DIY digital save the dates wedding budget design,practical and ready to act,5.0,budget_wedding,Planning a wedding on a budget,Regenerated 2026-04-19
gen_1776625040_00331,The First-Time Planner,support,informational,reduce wedding guest list stress,"overwhelmed planner, family pressure inflating headcount and costs",Every person added to the guest list costs us more money. How do couples hold the line without destroying family relationships?,how to keep wedding guest list small family pressure,frustrated and overwhelmed,5.0,budget_wedding,Planning a wedding on a budget,Regenerated 2026-04-19
gen_1776625040_00332,The First-Time Planner,research,informational,prioritize wedding spend categories,"tight budget, trying to allocate before booking anything",We can't spend big on everything. Which two or three wedding categories are worth stretching the budget on versus cutting hard?,wedding budget priorities where to spend vs cut,detail-oriented and planning ahead,5.0,budget_wedding,Planning a wedding on a budget,Regenerated 2026-04-19
gen_1776625040_00333,The Non-Traditional Couple,educational,informational,plan elopement logistics from scratch,"couple skipping traditional wedding, just the two of them",We want to elope with no guests at all. What actually needs to be organized beyond the legal paperwork?,elopement planning checklist what to organize,curious and exploratory,5.0,nontraditional_wedding,Non-traditional and alternative weddings,Regenerated 2026-04-19
gen_1776625040_00334,The Non-Traditional Couple,research,commercial,find flexible wedding planning tools for non-traditional format,"couple doing unconventional ceremony, dislike rigid templates","Planning something completely non-traditional — no bridal party, no venue. Are there planning apps that don't force a conventional structure?",flexible wedding planning app non traditional ceremony,curious and exploratory,5.0,nontraditional_wedding,Non-traditional and alternative weddings,Regenerated 2026-04-19
gen_1776625040_00335,The Non-Traditional Couple,educational,informational,understand legal requirements for destination elopement,"couple marrying abroad, unfamiliar with overseas paperwork",Eloping overseas sounds amazing but I have no idea how the legal side works. What do most countries actually require?,legal requirements eloping abroad destination wedding paperwork,newly aware and confused,5.0,nontraditional_wedding,Non-traditional and alternative weddings,Regenerated 2026-04-19
gen_1776625040_00336,The Non-Traditional Couple,support,informational,communicate unconventional wedding to guests,"couple hosting casual backyard ceremony, worried about confusion","Our wedding is a casual backyard hangout, no formal seating or program. How do we set guest expectations without sounding weird?",how to communicate casual informal wedding to guests,newly aware and confused,5.0,nontraditional_wedding,Non-traditional and alternative weddings,Regenerated 2026-04-19
gen_1776625040_00337,The Non-Traditional Couple,research,commercial,manage small intimate guest list digitally,"micro-wedding, under 20 guests, want simple RSVP tracking","Intimate wedding, fewer than 20 people. Is a full guest management tool worth it or total overkill for this size?",guest list management tool small intimate wedding,time-pressed and direct,5.0,nontraditional_wedding,Non-traditional and alternative weddings,Regenerated 2026-04-19
gen_1776625040_00338,The Non-Traditional Couple,educational,informational,find destination wedding alternatives closer to home,couple who can't afford overseas travel but want something special,Can't swing an overseas destination wedding budget-wise. What are people doing instead that still feels like an escape?,destination wedding alternatives budget local unique venues,curious and exploratory,5.0,nontraditional_wedding,Non-traditional and alternative weddings,Regenerated 2026-04-19
gen_1776625040_00339,The Non-Traditional Couple,commercial,commercial,build wedding website for elopement announcement,"couple eloping privately, sharing news with family afterward",We're eloping and telling family after. Is a wedding website still useful for sharing photos and details post-ceremony?,wedding website for elopement announcement post ceremony,curious and exploratory,5.0,nontraditional_wedding,Non-traditional and alternative weddings,Regenerated 2026-04-19
gen_1776625040_00340,The Non-Traditional Couple,support,informational,plan two separate wedding celebrations in different cities,couple with family split across two countries,We're doing two micro-celebrations in different countries. How do couples usually manage planning and guests across two separate events?,planning two wedding celebrations different cities guest management,newly aware and confused,5.0,nontraditional_wedding,Non-traditional and alternative weddings,Regenerated 2026-04-19
gen_1776625040_00341,The Non-Traditional Couple,educational,informational,navigate digital invites for very small unconventional event,"couple hosting ceremony at a national park, informal vibe","Hosting our ceremony in a national park, super casual, tiny guest list. Do digital invites feel too formal for something this relaxed?",digital invites casual outdoor intimate wedding appropriate,curious and exploratory,5.0,nontraditional_wedding,Non-traditional and alternative weddings,Regenerated 2026-04-19
gen_1776625040_00342,The Non-Traditional Couple,educational,informational,plan low-key ceremony without traditional checklist,"couple skipping most wedding conventions, no set format","We're doing something totally stripped back — no reception, no traditions. How do couples usually plan without a conventional wedding checklist?",how to plan non traditional wedding no checklist,detail-oriented and planning ahead,5.0,nontraditional_wedding,Non-traditional and alternative weddings,Regenerated 2026-04-19
gen_1776625040_00343,The Non-Traditional Couple,research,commercial,find flexible wedding website for unconventional event,"couple hosting casual outdoor ceremony, no standard format",Looking for a wedding website that doesn't assume we're having a formal reception. Do flexible options actually exist?,flexible wedding website non traditional casual ceremony,skeptical and comparing options,5.0,nontraditional_wedding,Non-traditional and alternative weddings,Regenerated 2026-04-19
gen_1776625040_00344,The Non-Traditional Couple,support,informational,communicate elopement to family after the fact,"couple eloped privately, now navigating family emotions",We already eloped and are dreading telling everyone. How do other couples handle family reactions after a secret ceremony?,how to tell family you eloped after the fact,emotional and looking for support,5.0,nontraditional_wedding,Non-traditional and alternative weddings,Regenerated 2026-04-19
gen_1776625040_00345,The Non-Traditional Couple,commercial,commercial,compare digital invite options for micro wedding,"tiny guest list, informal vibe, budget-conscious couple","Twelve guests, very informal wedding — are there digital invite tools that don't feel stiff or overly corporate?",digital invites micro wedding informal small guest list,skeptical and comparing options,5.0,nontraditional_wedding,Non-traditional and alternative weddings,Regenerated 2026-04-19
gen_1776625040_00346,The Non-Traditional Couple,educational,informational,structure vow renewal as alternative wedding celebration,couple replacing big wedding with meaningful intimate moment,Skipping a traditional wedding entirely and doing a private vow ceremony instead. What details actually need organizing for something this small?,private vow ceremony planning instead of traditional wedding,detail-oriented and planning ahead,5.0,nontraditional_wedding,Non-traditional and alternative weddings,Regenerated 2026-04-19
gen_1776625040_00347,The Guest Experience Optimizer,commercial,commercial,set up guest photo sharing album,"couple 6 weeks out, want easy guest uploads",I want guests to upload photos in real time on the day. What's the easiest way to set that up?,wedding guest photo sharing live album app,practical and ready to act,5.0,wedding_photo_sharing,Wedding photo sharing and guest experience,Regenerated 2026-04-19
gen_1776625040_00348,The Guest Experience Optimizer,research,commercial,find free wedding photo sharing tool,"budget-conscious couple, DIY planning, near wedding date",Is there a free app where wedding guests can share photos without needing to create an account?,free wedding photo sharing app no account guests,practical and ready to act,5.0,wedding_photo_sharing,Wedding photo sharing and guest experience,Regenerated 2026-04-19
gen_1776625040_00349,The Guest Experience Optimizer,educational,informational,communicate photo sharing instructions to guests,"couple finalizing day-of details, mixed tech-savvy guest list",How do couples actually tell guests how to share photos on the day without it getting ignored?,how to tell wedding guests to share photos day of,frustrated and overwhelmed,5.0,wedding_photo_sharing,Wedding photo sharing and guest experience,Regenerated 2026-04-19
gen_1776625040_00350,The Guest Experience Optimizer,research,commercial,build post-wedding photo gallery for guests,"couple post-wedding, wants to share professional photos back",Wedding's done — now I need a gallery to share the photographer's photos with all our guests. What do people use?,share wedding photographer photos with guests gallery tool,practical and ready to act,5.0,wedding_photo_sharing,Wedding photo sharing and guest experience,Regenerated 2026-04-19
gen_1776625040_00351,The Guest Experience Optimizer,support,informational,handle guests who won't use QR codes,"couple with older guest list, planning photo sharing logistics",Our older guests won't scan a QR code. How do I still get them contributing to a shared wedding photo album?,wedding photo sharing older guests no QR code,frustrated and overwhelmed,5.0,wedding_photo_sharing,Wedding photo sharing and guest experience,Regenerated 2026-04-19
gen_1776625040_00352,The Guest Experience Optimizer,research,commercial,compare wedding photo sharing apps,detail-oriented couple evaluating options before committing,Trying to pick a guest photo app before our wedding — what features actually matter and which ones are just gimmicks?,wedding guest photo app comparison features worth paying for,detail-oriented and planning ahead,5.0,wedding_photo_sharing,Wedding photo sharing and guest experience,Regenerated 2026-04-19
gen_1776625040_00353,The Guest Experience Optimizer,educational,informational,integrate photo sharing into wedding website,"couple already has wedding website, wants photo feature added","We already have a wedding website. Can I add a guest photo-sharing feature directly to it, or do I need a separate app?",add guest photo sharing to wedding website,detail-oriented and planning ahead,5.0,wedding_photo_sharing,Wedding photo sharing and guest experience,Regenerated 2026-04-19
gen_1776625040_00354,The Guest Experience Optimizer,educational,informational,moderate guest photos before they go live,couple concerned about inappropriate uploads in shared album,I want guests to upload photos but need to approve them first. Do wedding photo apps let you moderate before publishing?,wedding photo sharing app guest upload moderation approval,detail-oriented and planning ahead,5.0,wedding_photo_sharing,Wedding photo sharing and guest experience,Regenerated 2026-04-19
gen_1776625040_00355,The Guest Experience Optimizer,support,informational,day-of photo coordination across multiple venues,couple with ceremony and reception at separate locations,Ceremony and reception are at different venues. How do I keep a single shared photo album running across both locations all day?,wedding photo sharing two venues single album day of,frustrated and overwhelmed,5.0,wedding_photo_sharing,Wedding photo sharing and guest experience,Regenerated 2026-04-19
gen_1776625040_00356,The Guest Experience Optimizer,educational,informational,prompt guests to actually submit photos,couple worried guests won't bother uploading after the wedding,Guest photo apps only work if people actually use them. What nudges or reminders get real participation after a wedding?,how to get wedding guests to upload photos shared album,frustrated and overwhelmed,5.0,wedding_photo_sharing,Wedding photo sharing and guest experience,Regenerated 2026-04-19
gen_1776625040_00357,The Guest Experience Optimizer,educational,informational,organize guest photos by moment,"detail-focused couple, multi-part wedding day","Is there a way to have guests tag their photos by ceremony, cocktail hour, or reception automatically?",wedding guest photo app organize by event moment,curious and exploratory,5.0,wedding_photo_sharing,Wedding photo sharing and guest experience,Regenerated 2026-04-19
gen_1776625040_00358,The Guest Experience Optimizer,research,commercial,find best wedding photo sharing app,"couple finalizing day-of tools, comparing options",Looking for a guest photo sharing app that's actually reliable on the wedding day — which ones do couples swear by?,best wedding guest photo sharing app reliable,time-pressed and direct,5.0,wedding_photo_sharing,Wedding photo sharing and guest experience,Regenerated 2026-04-19
gen_1776625040_00359,The Guest Experience Optimizer,educational,informational,collect guest photos without app download,couple worried about tech-averse guests,What's the smoothest way for guests to submit wedding photos without downloading anything on their phone?,wedding photo sharing no app download guests,time-pressed and direct,5.0,wedding_photo_sharing,Wedding photo sharing and guest experience,Regenerated 2026-04-19
gen_1776625040_00360,The Guest Experience Optimizer,educational,informational,print guest photos live at reception,couple wanting interactive photo experience,Can guests upload photos that print instantly at the reception? I've seen this at weddings but don't know how it works.,wedding guest photo upload instant print reception,curious and exploratory,5.0,wedding_photo_sharing,Wedding photo sharing and guest experience,Regenerated 2026-04-19
gen_1776625040_00361,The Guest Experience Optimizer,research,commercial,display live guest photo slideshow,couple planning venue screens during reception,We want guest photos showing up on a screen at the reception in real time. What setup actually pulls that off?,live guest photo slideshow wedding reception screen,time-pressed and direct,5.0,wedding_photo_sharing,Wedding photo sharing and guest experience,Regenerated 2026-04-19
gen_1776625040_00362,The Guest Experience Optimizer,commercial,commercial,share final gallery with all guests,"post-wedding, photographer delivered photos",Photographer just delivered our gallery. What's the easiest way to share hundreds of photos with every guest at once?,share wedding photographer gallery all guests easily,time-pressed and direct,5.0,wedding_photo_sharing,Wedding photo sharing and guest experience,Regenerated 2026-04-19
gen_1776625040_00363,The Guest Experience Optimizer,support,informational,emotionally preserve candid guest moments,"sentimental couple, worried about missing moments",I know I'll miss so much on the day itself. How do couples actually capture candid guest moments they'd never see otherwise?,capture candid wedding guest photos moments couples missed,emotional and looking for support,5.0,wedding_photo_sharing,Wedding photo sharing and guest experience,Regenerated 2026-04-19
gen_1776625040_00364,The Guest Experience Optimizer,navigational,navigational,navigate to reputable photo sharing tool,"couple ready to sign up, wants trusted platform",What's the go-to platform couples use specifically for wedding guest photo sharing — not a general cloud storage app?,dedicated wedding guest photo sharing platform,time-pressed and direct,5.0,wedding_photo_sharing,Wedding photo sharing and guest experience,Regenerated 2026-04-19
gen_1776625040_00365,The Guest Experience Optimizer,research,commercial,combine guest and photographer photos,couple wanting one unified post-wedding album,Is there a tool that merges our photographer's shots with guest uploads into one shared album everyone can access?,merge photographer and guest photos single wedding album,curious and exploratory,5.0,wedding_photo_sharing,Wedding photo sharing and guest experience,Regenerated 2026-04-19
gen_1776625040_00366,The Guest Experience Optimizer,support,informational,communicate photo sharing to guests early,"couple building wedding website, pre-event comms",I want guests knowing exactly how to share photos before they even arrive. Where in my wedding comms does that message land best?,tell wedding guests how to share photos before wedding day,emotional and looking for support,5.0,wedding_photo_sharing,Wedding photo sharing and guest experience,Regenerated 2026-04-19
gen_1776625040_00367,The Guest Experience Optimizer,educational,informational,set up guest photo sharing before wedding day,"detail-focused couple, 6 weeks out, finalizing guest comms",Trying to get our photo-sharing setup sorted before the wedding. What do guests actually need in advance to make it work?,wedding guest photo sharing setup before wedding day,practical and ready to act,5.0,wedding_photo_sharing,Wedding photo sharing and guest experience,Regenerated 2026-04-19
gen_1776625040_00368,The Guest Experience Optimizer,research,commercial,find app managing RSVPs and guest photo sharing together,"couple juggling multiple tools, wants consolidation","Using three different apps just to manage RSVPs, seating, and photo sharing. Is there one tool that handles all of this?",wedding app rsvp seating guest photo sharing all in one,frustrated and overwhelmed,5.0,wedding_photo_sharing,Wedding photo sharing and guest experience,Regenerated 2026-04-19
gen_1776625040_00369,The Non-Traditional Couple,research,commercial,find wedding platform for elopement planning,"eloping couple, want minimal fuss and no bloat","We're eloping with 12 people. Do any wedding platforms actually cater to small, non-traditional celebrations without pushing vendor ads?",wedding website platform elopement small ceremony no vendor ads,frustrated and overwhelmed,5.0,the_knot_alternatives,Alternatives to The Knot and Zola,Regenerated 2026-04-19
gen_1776625040_00370,The Non-Traditional Couple,research,commercial,find flexible wedding website without cookie-cutter templates,"non-traditional couple, hate generic wedding aesthetics",Every wedding site I've looked at feels like the same pastel floral nightmare. Are there platforms that actually let you design freely?,wedding website platform flexible design non traditional templates,frustrated and overwhelmed,5.0,the_knot_alternatives,Alternatives to The Knot and Zola,Regenerated 2026-04-19
gen_1776625040_00371,The Non-Traditional Couple,commercial,commercial,compare free wedding planning apps for DIY couples,"casual wedding, no planner, tight budget","Planning a backyard wedding ourselves on a tight budget. Which free planning apps have real tools, not just upsells?",free wedding planning app DIY backyard wedding tools,time-pressed and direct,5.0,the_knot_alternatives,Alternatives to The Knot and Zola,Regenerated 2026-04-19
gen_1776625040_00372,The Non-Traditional Couple,commercial,commercial,find wedding platform supporting destination micro-wedding,"couple doing intimate overseas ceremony, 20 guests",Hosting a 20-person destination wedding abroad. I need a site that handles RSVPs and info pages without assuming a ballroom reception.,wedding website destination micro wedding RSVP guest info,time-pressed and direct,5.0,the_knot_alternatives,Alternatives to The Knot and Zola,Regenerated 2026-04-19
gen_1776625040_00373,The Non-Traditional Couple,educational,informational,understand differences between wedding website platforms,"non-traditional couple, early research phase",Curious what actually separates wedding website platforms from each other — are the differences mostly cosmetic or does functionality vary a lot?,wedding website platform comparison features functionality differences,curious and exploratory,5.0,the_knot_alternatives,Alternatives to The Knot and Zola,Regenerated 2026-04-19
gen_1776625040_00374,The Non-Traditional Couple,navigational,navigational,find wedding app without pushy vendor marketplace,couple overwhelmed by ads and vendor spam,Sick of wedding platforms that are basically vendor directories with a website tacked on. Do any focus purely on planning tools?,wedding planning app no vendor marketplace pure planning tools,frustrated and overwhelmed,5.0,the_knot_alternatives,Alternatives to The Knot and Zola,Regenerated 2026-04-19
gen_1776625040_00375,The Non-Traditional Couple,educational,informational,find checklist tool for unconventional wedding timeline,"couple with non-standard ceremony, skipping traditions","Our wedding skips most traditions — no church, no formal dinner, no registry. Is there a planning checklist that works for that?",wedding planning checklist non traditional no registry no church,curious and exploratory,5.0,the_knot_alternatives,Alternatives to The Knot and Zola,Regenerated 2026-04-19
gen_1776625040_00376,The Non-Traditional Couple,navigational,navigational,locate wedding website with built-in guest management,"intimate wedding, couple managing own guest list","I want one place to manage our guest list, RSVPs, and wedding site without paying for three separate tools. Does that exist?",wedding website guest list RSVP management all in one free,time-pressed and direct,5.0,the_knot_alternatives,Alternatives to The Knot and Zola,Regenerated 2026-04-19
gen_1776625040_00377,The Non-Traditional Couple,educational,informational,explore low-cost alternatives for casual wedding website,"couple doing casual outdoor wedding, budget-conscious",What do couples do for a wedding website when they want something decent but genuinely can't justify paying a monthly subscription?,free wedding website alternative no subscription casual wedding,curious and exploratory,5.0,the_knot_alternatives,Alternatives to The Knot and Zola,Regenerated 2026-04-19
gen_1776625040_00378,The Non-Traditional Couple,support,commercial,find platform with seating tools for non-standard layouts,"unconventional venue, no traditional table setup","Our venue is a warehouse with weird seating — no round tables, no head table. Do any wedding apps handle custom seating layouts?",wedding seating planner custom layout unconventional venue,frustrated and overwhelmed,5.0,the_knot_alternatives,Alternatives to The Knot and Zola,Regenerated 2026-04-19
gen_1776625040_00379,The Non-Traditional Couple,research,commercial,find non-traditional wedding platform,"couple skipping formal traditions, wants flexible tools",We're doing a sunset beach ceremony with no bridal party or registry. Which wedding planning platforms actually support that?,wedding planning platform non-traditional ceremony no registry,curious and exploratory,5.0,the_knot_alternatives,Alternatives to The Knot and Zola,Regenerated 2026-04-19
gen_1776625040_00380,The Non-Traditional Couple,research,commercial,elopement planning app recommendation,"couple eloping, frustrated by bloated wedding platforms",Planning an elopement and every app I try assumes I have 150 guests and a caterer. Is there something built for small?,wedding app elopement small intimate planning,time-pressed and direct,5.0,the_knot_alternatives,Alternatives to The Knot and Zola,Regenerated 2026-04-19
gen_1776625040_00381,The Non-Traditional Couple,research,commercial,compare wedding website design freedom,non-traditional couple rejecting generic templates,Looking for a wedding website builder where the templates don't all look like they came from the same Pinterest board.,wedding website builder custom design non-generic templates,curious and exploratory,5.0,the_knot_alternatives,Alternatives to The Knot and Zola,Regenerated 2026-04-19
gen_1776625040_00382,The Non-Traditional Couple,educational,informational,wedding planning without vendor pressure,DIY couple annoyed by sponsored content in planning tools,"Are there wedding planning apps that don't constantly push florists and photographers at you? Just tools, no sales funnel.",wedding planning app no vendor ads DIY tools only,time-pressed and direct,5.0,the_knot_alternatives,Alternatives to The Knot and Zola,Regenerated 2026-04-19
gen_1776625040_00383,The Non-Traditional Couple,commercial,commercial,digital invites for unconventional wedding,"casual couple, no paper invites, non-traditional format",We want digital save-the-dates that don't look like a formal wedding announcement. Do any platforms let you go fully custom?,digital wedding save the date custom design casual,curious and exploratory,5.0,the_knot_alternatives,Alternatives to The Knot and Zola,Regenerated 2026-04-19
gen_1776625040_00384,The Non-Traditional Couple,educational,informational,free wedding website for intimate ceremony,"couple on a budget, small guest count, non-traditional","Twenty guests, no venue contract, doing it ourselves. Is a free wedding website actually enough or will I hit a paywall constantly?",free wedding website small intimate ceremony no paywall,emotional and looking for support,5.0,the_knot_alternatives,Alternatives to The Knot and Zola,Regenerated 2026-04-19
gen_1776625040_00385,The Non-Traditional Couple,educational,informational,RSVP tracking for casual wedding,"couple hosting informal gathering, needs simple RSVP",Our wedding is basically a big dinner party. Is there a planning tool with RSVP tracking that doesn't feel overly formal?,RSVP tracking tool casual informal wedding,curious and exploratory,5.0,the_knot_alternatives,Alternatives to The Knot and Zola,Regenerated 2026-04-19
gen_1776625040_00386,The Non-Traditional Couple,commercial,commercial,find wedding app supporting destination elopement,"couple eloping abroad, needs guest info and logistics page",Eloping in Portugal with eight people flying in. I need a site that shares travel info and collects RSVPs — nothing more.,wedding website destination elopement travel info RSVP,time-pressed and direct,5.0,the_knot_alternatives,Alternatives to The Knot and Zola,Regenerated 2026-04-19
gen_1776625040_00387,The Non-Traditional Couple,support,informational,emotional validation for non-traditional planning,couple feeling unsupported by mainstream wedding tools,Every planning tool makes me feel like I'm doing my wedding wrong. Are there platforms that actually embrace unconventional celebrations?,wedding planning platform unconventional celebration support,emotional and looking for support,5.0,the_knot_alternatives,Alternatives to The Knot and Zola,Regenerated 2026-04-19
gen_1776625040_00388,The Non-Traditional Couple,navigational,navigational,navigate to alternative wedding planning tools,couple actively switching away from dominant platforms,I've tried the big wedding platforms and they're not for us. Where do non-traditional couples actually end up doing their planning?,wedding planning alternatives non-traditional couples where to go,time-pressed and direct,5.0,the_knot_alternatives,Alternatives to The Knot and Zola,Regenerated 2026-04-19
gen_1776625040_00389,The Non-Traditional Couple,research,commercial,find flexible wedding platform without vendor upsells,"non-traditional couple, micro wedding, DIY everything","Doing a 12-person backyard ceremony, no vendors, no registry. Which wedding planning tools stay out of your way?",wedding planning app no vendor push small intimate ceremony,practical and ready to act,5.0,the_knot_alternatives,Alternatives to The Knot and Zola,Regenerated 2026-04-19
gen_1776625040_00390,The Non-Traditional Couple,educational,informational,find guest management tool for unconventional format,"non-traditional couple, multi-location event, detail-focused planner",Our wedding spans two days and two locations. I need RSVP tracking that handles logistics without assuming a traditional format.,wedding RSVP tool multi location non traditional format,detail-oriented and planning ahead,5.0,the_knot_alternatives,Alternatives to The Knot and Zola,Regenerated 2026-04-19
gen_1776625040_00391,The Digital Invites Planner,educational,informational,when to send digital save the dates,"newly engaged couple, 14-month engagement, unsure of timeline",Just got engaged and have 14 months until the wedding. When should digital save the dates go out?,when to send digital save the dates wedding timeline,newly aware and confused,5.0,save_the_dates,Save the dates and wedding stationery,Regenerated 2026-04-19
gen_1776625040_00392,The Digital Invites Planner,research,informational,digital vs printed save the dates,"eco-conscious couple, 80-person guest list, budget-aware",Trying to decide between digital and printed save the dates. Is one actually better for guest response rates?,digital vs printed save the dates guest response rates,detail-oriented and planning ahead,5.0,save_the_dates,Save the dates and wedding stationery,Regenerated 2026-04-19
gen_1776625040_00393,The Digital Invites Planner,educational,informational,etiquette for digital-only wedding invitations,couple sending no paper invitations at all,We're going fully digital — no paper anything. Is there etiquette we're supposed to follow for online-only wedding invitations?,digital only wedding invitation etiquette no paper,newly aware and confused,5.0,save_the_dates,Save the dates and wedding stationery,Regenerated 2026-04-19
gen_1776625040_00394,The Digital Invites Planner,commercial,commercial,find online save the date maker,"couple ready to send, wants design options today",Ready to send save the dates this week. Where can I make a good-looking digital one without starting from scratch?,online save the date maker customizable digital,practical and ready to act,5.0,save_the_dates,Save the dates and wedding stationery,Regenerated 2026-04-19
gen_1776625040_00395,The Digital Invites Planner,educational,informational,wedding invitation wording for casual tone,"relaxed couple, non-traditional ceremony, informal vibe",Our wedding is pretty casual and the formal wording templates feel stiff. What are some relaxed but still elegant invitation wording ideas?,casual wedding invitation wording ideas informal tone,practical and ready to act,5.0,save_the_dates,Save the dates and wedding stationery,Regenerated 2026-04-19
gen_1776625040_00396,The Digital Invites Planner,research,informational,photo save the date design trends,"couple wanting modern aesthetic, engagement photos ready",We have engagement photos and want a save the date that doesn't look dated. What design styles are couples actually using now?,photo save the date design trends modern 2025,detail-oriented and planning ahead,5.0,save_the_dates,Save the dates and wedding stationery,Regenerated 2026-04-19
gen_1776625040_00397,The Digital Invites Planner,educational,informational,include wedding website link on save the date,"couple building wedding website, unsure of best practice","Should the wedding website URL go on the save the date itself, or is that only for the formal invitation?",wedding website link on save the date etiquette,detail-oriented and planning ahead,5.0,save_the_dates,Save the dates and wedding stationery,Regenerated 2026-04-19
gen_1776625040_00398,The Digital Invites Planner,support,informational,send digital invites with RSVP deadline,"couple finalising catering numbers, needs firm RSVPs",Caterer needs final numbers six weeks out. How do I word a digital invite so guests actually respect the RSVP deadline?,digital wedding invitation RSVP deadline wording tips,practical and ready to act,5.0,save_the_dates,Save the dates and wedding stationery,Regenerated 2026-04-19
gen_1776625040_00399,The Digital Invites Planner,research,commercial,compare digital invitation platforms features,couple evaluating tools before committing to one,"Looking for a digital invitation platform that handles design, sending, and RSVP tracking in one place. What features should I compare?",digital wedding invitation platform features comparison RSVP tracking,detail-oriented and planning ahead,5.0,save_the_dates,Save the dates and wedding stationery,Regenerated 2026-04-19
gen_1776625040_00400,The Digital Invites Planner,navigational,navigational,navigate to wedding app digital invite builder,"couple already using a wedding planning app, finding feature",I'm using a wedding planning app but can't find where to actually build and send the digital save the date. Where is that?,wedding planning app digital save the date builder where,practical and ready to act,5.0,save_the_dates,Save the dates and wedding stationery,Regenerated 2026-04-19
gen_1776625040_00401,The Digital Invites Planner,educational,informational,understand save the date sequence,"newly engaged, overwhelmed by stationery order of operations",I keep seeing 'save the date then invitation' but I don't understand what actually goes in each. What's the difference?,save the date vs wedding invitation difference what to include,newly aware and confused,5.0,save_the_dates,Save the dates and wedding stationery,Regenerated 2026-04-19
gen_1776625040_00402,The Digital Invites Planner,support,informational,digital save the date for older guests,couple worried tech-averse family won't engage with digital,Most of our guests are over 60 and not great with technology. Can digital save the dates actually work for that crowd?,digital save the dates older guests tech averse family,emotional and looking for support,5.0,save_the_dates,Save the dates and wedding stationery,Regenerated 2026-04-19
gen_1776625040_00403,The Digital Invites Planner,research,commercial,animated vs static digital invite design,couple choosing between motion and still digital formats,"Are animated digital save the dates worth it, or do static designs come across as more elegant? Genuinely unsure which to pick.",animated vs static digital save the date design wedding,curious and exploratory,5.0,save_the_dates,Save the dates and wedding stationery,Regenerated 2026-04-19
gen_1776625040_00404,The Digital Invites Planner,educational,informational,wording for digital save the date,first-time planner unsure what text to actually include,What information do I actually need to write on a digital save the date? I have no idea where to start with the wording.,what to write on digital save the date wording guide,newly aware and confused,5.0,save_the_dates,Save the dates and wedding stationery,Regenerated 2026-04-19
gen_1776625040_00405,The Digital Invites Planner,educational,informational,save the date timeline for destination wedding,"couple hosting overseas wedding, guests need travel lead time",Our wedding is abroad and guests need to book flights early. How far in advance should digital save the dates go out?,destination wedding save the date how early to send,curious and exploratory,5.0,save_the_dates,Save the dates and wedding stationery,Regenerated 2026-04-19
gen_1776625040_00406,The Digital Invites Planner,research,commercial,find digital wedding stationery design inspiration,"couple in early planning, browsing aesthetic directions",Looking for digital wedding stationery that feels modern but not cold. Where do couples actually find good design inspiration right now?,modern digital wedding stationery design inspiration 2024,curious and exploratory,5.0,save_the_dates,Save the dates and wedding stationery,Regenerated 2026-04-19
gen_1776625040_00407,The Digital Invites Planner,support,informational,etiquette for sending save the dates in batches,couple with guest list still being finalised,We haven't confirmed the full guest list yet. Is it rude to send digital save the dates in waves rather than all at once?,sending save the dates in batches etiquette guest list,emotional and looking for support,5.0,save_the_dates,Save the dates and wedding stationery,Regenerated 2026-04-19
gen_1776625040_00408,The Digital Invites Planner,research,commercial,track who opened digital save the date,couple anxious about whether guests actually received it,I sent digital save the dates a week ago and have no idea if anyone opened them. Is there a way to actually track that?,track digital save the date opens read receipts wedding,emotional and looking for support,5.0,save_the_dates,Save the dates and wedding stationery,Regenerated 2026-04-19
gen_1776625040_00409,The Digital Invites Planner,research,commercial,print on demand for wedding invitations,couple wanting physical invites without bulk printing costs,We only need about 40 printed invitations. Is print-on-demand actually decent quality for wedding stationery at small quantities?,print on demand wedding invitations small quantity quality,curious and exploratory,5.0,save_the_dates,Save the dates and wedding stationery,Regenerated 2026-04-19
gen_1776625040_00410,The Digital Invites Planner,navigational,navigational,navigate to digital invite builder in planning app,"user already inside a wedding planning app, feature not obvious",I'm in a wedding planning app and trying to build a digital save the date. I can't find the invitation feature — where does it usually live?,wedding planning app digital save the date builder where to find,newly aware and confused,5.0,save_the_dates,Save the dates and wedding stationery,Regenerated 2026-04-19
gen_1776625040_00411,The Digital Invites Planner,educational,informational,digital save the date timing,"newly engaged couple, 14-month engagement, just set date",Just locked in our wedding date. How soon should we send digital save the dates after getting engaged?,when to send digital save the dates after engagement,practical and ready to act,5.0,save_the_dates,Save the dates and wedding stationery,Regenerated 2026-04-19
gen_1776625040_00412,The Digital Invites Planner,research,commercial,free digital invitation maker options,"budget-conscious couple, DIY planning, early stage",Looking for a free tool to design and send digital wedding invitations. What actually exists beyond Canva?,free digital wedding invitation maker online,practical and ready to act,5.0,save_the_dates,Save the dates and wedding stationery,Regenerated 2026-04-19
gen_1776625040_00413,The Digital Invites Planner,educational,informational,digital invite etiquette formal weddings,"couple planning black-tie event, traditionalist family",Our wedding is black-tie and my future in-laws think digital invitations are tacky. Is that a valid concern?,digital wedding invitations etiquette formal black tie,frustrated and overwhelmed,5.0,save_the_dates,Save the dates and wedding stationery,Regenerated 2026-04-19
gen_1776625040_00414,The Digital Invites Planner,educational,informational,photo save the date design tips,"couple with engagement photos, designing first save the date",We have engagement photos and want to use them on our save the date. What layout actually looks good digitally?,photo save the date design tips digital layout,detail-oriented and planning ahead,5.0,save_the_dates,Save the dates and wedding stationery,Regenerated 2026-04-19
gen_1776625040_00415,The Digital Invites Planner,research,commercial,print vs digital cost comparison stationery,"200-guest wedding, mid-range budget, comparing options","200 guests, mid-range budget. Is the cost difference between printed and digital wedding stationery actually significant?",print vs digital wedding stationery cost comparison,detail-oriented and planning ahead,5.0,save_the_dates,Save the dates and wedding stationery,Regenerated 2026-04-19
gen_1776625040_00416,The Digital Invites Planner,educational,informational,wedding website link on save the date,"couple building wedding website, unsure of etiquette","Is it standard to include a wedding website link on a digital save the date, or does that seem pushy?",wedding website link on save the date etiquette,detail-oriented and planning ahead,5.0,save_the_dates,Save the dates and wedding stationery,Regenerated 2026-04-19
gen_1776625040_00417,The Digital Invites Planner,research,commercial,digital RSVP tracking with invitations,"couple managing large guest list, wants streamlined process",I need digital invitations that connect directly to RSVP tracking. Does that actually exist in one tool?,digital wedding invitations with RSVP tracking built in,practical and ready to act,5.0,save_the_dates,Save the dates and wedding stationery,Regenerated 2026-04-19
gen_1776625040_00418,The Digital Invites Planner,educational,informational,2025 wedding invitation design trends,"design-conscious couple, planning 12 months out",What are couples actually doing for wedding invitation design in 2025? Looking for trends that won't feel dated fast.,wedding invitation design trends 2025,detail-oriented and planning ahead,5.0,save_the_dates,Save the dates and wedding stationery,Regenerated 2026-04-19
gen_1776625040_00419,The Digital Invites Planner,support,informational,resending save the date after detail change,"couple changed venue, already sent save the dates",We already sent save the dates and now the venue changed. How do we handle resending without confusing everyone?,resend save the date venue change etiquette,frustrated and overwhelmed,5.0,save_the_dates,Save the dates and wedding stationery,Regenerated 2026-04-19
gen_1776625040_00420,The Digital Invites Planner,navigational,navigational,navigate to digital invite feature in planning app,"couple using wedding planning app, can't find stationery tools",Using a wedding planning app and can't figure out where to actually create and send digital save the dates from.,wedding planning app digital save the date feature,frustrated and overwhelmed,5.0,save_the_dates,Save the dates and wedding stationery,Regenerated 2026-04-19
gen_1776625040_00421,The Digital Invites Planner,educational,informational,digital save the date etiquette older guests,couple with tech-averse family members on guest list,Half our guest list is over 65 and barely uses email. Can we send digital save the dates without leaving them confused?,digital save the date etiquette older guests email,skeptical and comparing options,5.0,save_the_dates,Save the dates and wedding stationery,Regenerated 2026-04-19
gen_1776625040_00422,The Digital Invites Planner,educational,informational,timing save the dates destination wedding,"destination wedding couple, guests need flight booking time",Destination wedding in 14 months. When do we send save the dates so guests have enough time to book flights?,when to send save the dates destination wedding timeline,time-pressed and direct,5.0,save_the_dates,Save the dates and wedding stationery,Regenerated 2026-04-19
gen_1776625040_00423,The Digital Invites Planner,research,informational,digital vs printed invitation hybrid approach,couple wanting both options for different guest segments,"Is it weird to send digital invitations to some guests and printed ones to others, or does that come across as unequal?",digital and printed wedding invitations mixed guest list,skeptical and comparing options,5.0,save_the_dates,Save the dates and wedding stationery,Regenerated 2026-04-19
gen_1776625040_00424,The Digital Invites Planner,navigational,commercial,find online wedding invitation maker with templates,non-designer couple wanting polished results fast,I'm not a designer but need wedding invitations that look custom. Where do people actually go to build these online?,online wedding invitation maker custom templates,time-pressed and direct,5.0,save_the_dates,Save the dates and wedding stationery,Regenerated 2026-04-19
gen_1776625040_00425,The Digital Invites Planner,support,informational,wording digital save the date message,"couple unsure what to write, first-time planners",What do you actually write on a digital save the date? Struggling to get the wording to feel warm but not over the top.,digital save the date wording examples wedding,emotional and looking for support,5.0,save_the_dates,Save the dates and wedding stationery,Regenerated 2026-04-19
gen_1776625040_00426,The Digital Invites Planner,research,commercial,compare digital invitation platforms features,couple evaluating tools before committing to one,Trying to pick a platform for digital wedding invitations. What features should I actually compare beyond just design templates?,digital wedding invitation platform features comparison,skeptical and comparing options,5.0,save_the_dates,Save the dates and wedding stationery,Regenerated 2026-04-19
gen_1776625040_00427,The Digital Invites Planner,educational,informational,animated digital save the date options,couple wanting something more dynamic than static card,"Are animated or video save the dates actually impressive, or do they just look gimmicky? Trying to decide if it's worth it.",animated video save the date wedding pros cons,skeptical and comparing options,5.0,save_the_dates,Save the dates and wedding stationery,Regenerated 2026-04-19
gen_1776625040_00428,The Digital Invites Planner,support,informational,emotional reassurance going fully paperless wedding,couple feeling guilty about skipping printed stationery,We chose fully digital for all our wedding stationery and now I'm second-guessing it. Is going paperless something couples actually regret?,paperless digital wedding stationery regrets couples experience,emotional and looking for support,5.0,save_the_dates,Save the dates and wedding stationery,Regenerated 2026-04-19
gen_1776625040_00429,The Comparison Shopper,research,commercial,find wedding website platforms beyond top two,"recently engaged, overwhelmed by dominant platforms",I'm tired of seeing the same two wedding website platforms everywhere. What else is actually worth trying?,wedding website platforms alternatives popular options,time-pressed and direct,5.0,the_knot_alternatives,Alternatives to The Knot and Zola,Regenerated 2026-04-19
gen_1776625040_00430,The Comparison Shopper,commercial,commercial,compare free wedding website tiers,"budget-conscious couple, evaluating freemium options",Which free wedding website builders actually let you do everything without hitting a paywall mid-planning?,free wedding website builder no paywall full features,detail-oriented and planning ahead,5.0,the_knot_alternatives,Alternatives to The Knot and Zola,Regenerated 2026-04-19
gen_1776625040_00431,The Comparison Shopper,research,informational,evaluate wedding platform design flexibility,"design-focused couple, frustrated by template limits",The big wedding platforms feel really cookie-cutter. Are there alternatives with genuinely customizable website templates?,customizable wedding website templates design flexibility,curious and exploratory,5.0,the_knot_alternatives,Alternatives to The Knot and Zola,Regenerated 2026-04-19
gen_1776625040_00432,The Comparison Shopper,commercial,commercial,find wedding platform with guest list plus website,"couple wanting all-in-one tool, not multiple apps","Looking for one platform that handles our wedding website, guest list, and RSVPs together. What fits that description?",wedding website guest list RSVP tracking all in one platform,time-pressed and direct,5.0,the_knot_alternatives,Alternatives to The Knot and Zola,Regenerated 2026-04-19
gen_1776625040_00433,The Comparison Shopper,educational,informational,research lesser-known wedding website tools,comparison shopper reading reviews before committing,What are some lesser-known wedding website platforms that reviewers actually prefer over the mainstream ones?,lesser known wedding website platforms honest reviews,curious and exploratory,5.0,the_knot_alternatives,Alternatives to The Knot and Zola,Regenerated 2026-04-19
gen_1776625040_00434,The Comparison Shopper,research,informational,compare seating planner features across platforms,"detail-oriented planner, large guest count",I need a seating planner that syncs with my RSVP list. Which wedding platforms include that as a built-in feature?,wedding website seating planner RSVP sync feature,detail-oriented and planning ahead,5.0,the_knot_alternatives,Alternatives to The Knot and Zola,Regenerated 2026-04-19
gen_1776625040_00435,The Comparison Shopper,commercial,commercial,find wedding websites with digital save the dates,"couple sending digital invites, wants cohesive branding",Digital save the dates that match our wedding website style — which platforms actually offer both together?,wedding website digital save the dates matching design,detail-oriented and planning ahead,5.0,the_knot_alternatives,Alternatives to The Knot and Zola,Regenerated 2026-04-19
gen_1776625040_00436,The Comparison Shopper,educational,informational,discover Australian or international wedding platforms,non-US couple finding US-centric tools unhelpful,Most wedding website tools feel very US-focused. Are there platforms that work just as well for international couples?,wedding website platform international couples non US,curious and exploratory,5.0,the_knot_alternatives,Alternatives to The Knot and Zola,Regenerated 2026-04-19
gen_1776625040_00437,The Comparison Shopper,research,informational,check which wedding platforms include custom checklists,"planner-type bride, wants deadline-linked task tracking",I want a wedding checklist that adjusts automatically based on my date. Do any website platforms include that built in?,wedding planning checklist tied to wedding date platform,detail-oriented and planning ahead,5.0,the_knot_alternatives,Alternatives to The Knot and Zola,Regenerated 2026-04-19
gen_1776625040_00438,The Comparison Shopper,navigational,navigational,navigate to wedding platform pricing comparison page,"comparison shopper ready to choose, price-sensitive",Where can I find a side-by-side pricing breakdown for the main wedding website platforms right now?,wedding website platform pricing comparison 2024,time-pressed and direct,5.0,the_knot_alternatives,Alternatives to The Knot and Zola,Regenerated 2026-04-19
gen_1776625040_00439,The Comparison Shopper,research,commercial,evaluate free tier wedding website tools,"recently engaged, budget-conscious, comparing platform options",Free wedding websites sound great until you hit the upgrade wall. Which platforms keep the good stuff free?,free wedding website platform no paywall 2024,detail-oriented and planning ahead,5.0,the_knot_alternatives,Alternatives to The Knot and Zola,Regenerated 2026-04-19
gen_1776625040_00440,The Comparison Shopper,educational,informational,find design-forward wedding website platforms,"engaged couple, frustrated with generic templates",Every wedding site I've previewed looks identical. Are there platforms where the designs actually feel elevated and personal?,wedding website platforms unique design templates,curious and exploratory,5.0,the_knot_alternatives,Alternatives to The Knot and Zola,Regenerated 2026-04-19
gen_1776625040_00441,The Comparison Shopper,research,commercial,compare wedding platform guest management features,"newly engaged, 150+ guest list, needs RSVP tracking",We've got 150 guests and need solid RSVP tracking baked in. Which wedding platforms handle guest management best?,wedding website platform guest list RSVP tracking comparison,detail-oriented and planning ahead,5.0,the_knot_alternatives,Alternatives to The Knot and Zola,Regenerated 2026-04-19
gen_1776625040_00442,The Comparison Shopper,navigational,navigational,find top-rated wedding website platform reviews,"comparison shopper, reading reviews before committing",Where do real couples post honest reviews of wedding planning platforms — not just sponsored blog roundups?,honest wedding website platform reviews couples,curious and exploratory,5.0,the_knot_alternatives,Alternatives to The Knot and Zola,Regenerated 2026-04-19
gen_1776625040_00443,The Comparison Shopper,educational,informational,assess value of paid wedding website upgrades,engaged couple weighing freemium vs paid tiers,"Is paying to upgrade a wedding website platform actually worth it, or do free tiers cover everything most couples need?",wedding website paid upgrade worth it free tier,detail-oriented and planning ahead,5.0,the_knot_alternatives,Alternatives to The Knot and Zola,Regenerated 2026-04-19
gen_1776625040_00444,The Comparison Shopper,support,informational,find emotionally right wedding planning tool,"newly engaged, overwhelmed, wants something intuitive",Just got engaged and already feel overwhelmed by options. Which wedding platform actually makes the process feel manageable?,wedding planning platform easy stress free engaged couples,emotional and looking for support,5.0,the_knot_alternatives,Alternatives to The Knot and Zola,Regenerated 2026-04-19
gen_1776625040_00445,The Comparison Shopper,research,commercial,compare digital invite tools across platforms,"couple skipping paper, wants digital invites and website matched",Going fully digital for our wedding. Which platforms let you send proper digital invitations that match your website design?,wedding platform digital invitations matching website design,detail-oriented and planning ahead,5.0,the_knot_alternatives,Alternatives to The Knot and Zola,Regenerated 2026-04-19
gen_1776625040_00446,The Comparison Shopper,research,commercial,discover niche wedding platforms outside mainstream,"engaged couple, done with dominant platforms, exploring alternatives",Done looking at the same two platforms everyone recommends. What are couples actually switching to right now?,wedding website platform alternatives couples switching to,curious and exploratory,5.0,the_knot_alternatives,Alternatives to The Knot and Zola,Regenerated 2026-04-19
gen_1776625040_00447,The Comparison Shopper,support,informational,find wedding platform suited to DIY couples,"hands-on couple, no wedding planner, self-managing everything",We're planning our entire wedding ourselves without a coordinator. Which platform gives DIY couples the most control?,wedding website platform DIY couples full control planning tools,emotional and looking for support,5.0,the_knot_alternatives,Alternatives to The Knot and Zola,Regenerated 2026-04-19
gen_1776625040_00448,The Comparison Shopper,commercial,commercial,identify best all-in-one wedding planning platform,"recently engaged, wants single tool for all planning tasks","I don't want five separate apps for our wedding. Which single platform covers website, guests, checklist, and invites together?",all in one wedding planning platform website guests checklist,detail-oriented and planning ahead,5.0,the_knot_alternatives,Alternatives to The Knot and Zola,Regenerated 2026-04-19
gen_1776625040_00449,The Comparison Shopper,research,commercial,find wedding website with better design options,"recently engaged, dissatisfied with dominant platform templates",The big wedding platforms feel cookie-cutter. Are there alternatives with genuinely different design aesthetics that don't cost a fortune?,wedding website alternatives better design templates affordable,skeptical and comparing options,5.0,the_knot_alternatives,Alternatives to The Knot and Zola,Regenerated 2026-04-19
gen_1776625040_00450,The Comparison Shopper,research,informational,understand what free wedding tiers actually include,"engaged couple, budget-conscious, comparing platform pricing",Trying to figure out which wedding platforms actually give you a usable free tier versus just dangling features behind a paywall.,wedding website free tier comparison what's included,skeptical and comparing options,5.0,the_knot_alternatives,Alternatives to The Knot and Zola,Regenerated 2026-04-19
gen_1776625040_00451,The Comparison Shopper,educational,informational,find lesser-known wedding planning platforms,"newly engaged, just starting platform research",I keep seeing the same two platforms recommended everywhere. Are there smaller wedding planning tools couples actually love?,lesser known wedding planning platforms couples recommend,newly aware and confused,5.0,the_knot_alternatives,Alternatives to The Knot and Zola,Regenerated 2026-04-19
gen_1776625040_00452,The Comparison Shopper,research,commercial,compare wedding platform pricing tiers,engaged couple evaluating upgrade costs across platforms,Laid out pricing for three different wedding platforms and I'm still confused what I'd actually be paying for. How do these tiers compare?,wedding website platform pricing tier comparison 2024,frustrated and overwhelmed,5.0,the_knot_alternatives,Alternatives to The Knot and Zola,Regenerated 2026-04-19
gen_1776625040_00453,The Comparison Shopper,research,commercial,find wedding website with built-in checklist,DIY couple wanting integrated planning tools,"Looking for a wedding platform where the checklist actually connects to your wedding date, not just a generic to-do list bolted on.",wedding website built in checklist date based planning tool,skeptical and comparing options,5.0,the_knot_alternatives,Alternatives to The Knot and Zola,Regenerated 2026-04-19
gen_1776625040_00454,The Comparison Shopper,educational,informational,evaluate international wedding planning apps,couple outside US finding US-centric platforms irrelevant,Most wedding platforms seem built entirely around US vendors and vendors. Are there good options that actually work for couples elsewhere?,wedding planning app international non US couples,frustrated and overwhelmed,5.0,the_knot_alternatives,Alternatives to The Knot and Zola,Regenerated 2026-04-19
gen_1776625040_00455,The Comparison Shopper,navigational,navigational,locate user reviews of wedding website alternatives,comparison shopper reading platform reviews before deciding,Where can I find genuine couple reviews of wedding website platforms — not affiliate blog posts that rank the same five sites?,honest couple reviews wedding website platforms reddit forum,skeptical and comparing options,5.0,the_knot_alternatives,Alternatives to The Knot and Zola,Regenerated 2026-04-19
gen_1776625040_00456,The Comparison Shopper,research,commercial,understand seating planner features across platforms,"engaged couple with complex seating needs, comparing tools","We've got a complicated seating situation. Which wedding platforms have a seating planner that's actually functional, not just a visual gimmick?",wedding website seating planner feature comparison,frustrated and overwhelmed,5.0,the_knot_alternatives,Alternatives to The Knot and Zola,Regenerated 2026-04-19
gen_1776625040_00457,The Comparison Shopper,educational,informational,find freemium wedding app with no forced upgrades,"newly engaged, wary of bait-and-switch pricing models",Just started looking at wedding apps and already got hit with an upgrade prompt. Which platforms let you plan without constant upselling?,wedding planning app no upsell freemium fully functional,newly aware and confused,5.0,the_knot_alternatives,Alternatives to The Knot and Zola,Regenerated 2026-04-19
gen_1776625040_00458,The Comparison Shopper,research,commercial,compare RSVP and guest list tools across platforms,"couple managing 100+ guests, evaluating platform capabilities",Comparing a few wedding platforms specifically on guest list and RSVP features. Which ones go beyond basic yes/no responses?,wedding platform guest list RSVP tracking feature comparison,skeptical and comparing options,5.0,the_knot_alternatives,Alternatives to The Knot and Zola,Regenerated 2026-04-19
gen_1776625040_00459,The Comparison Shopper,research,commercial,find wedding platform with best free features,"recently engaged, budget-conscious, early research stage",Just got engaged and don't want to spend money yet. Which wedding website platforms are actually free without hidden limits?,free wedding website platform no paywall features,newly aware and confused,5.0,the_knot_alternatives,Alternatives to The Knot and Zola,Regenerated 2026-04-19
gen_1776625040_00460,The Comparison Shopper,research,commercial,evaluate digital invite tools in wedding platforms,"couple planning paperless wedding, comparing platforms",Going fully paperless for our wedding. Which platforms include digital save-the-dates and invites without charging extra?,wedding platform digital invites save the dates included free,detail-oriented and planning ahead,5.0,the_knot_alternatives,Alternatives to The Knot and Zola,Regenerated 2026-04-19
gen_1776625040_00461,The Comparison Shopper,educational,informational,find wedding website with design flexibility,design-conscious couple frustrated by template limitations,Every platform I've tried looks identical. Are there wedding website tools where you can actually customize the design properly?,wedding website customizable design templates not generic,detail-oriented and planning ahead,5.0,the_knot_alternatives,Alternatives to The Knot and Zola,Regenerated 2026-04-19
gen_1776625040_00462,The Comparison Shopper,research,commercial,compare wedding platform pricing tiers honestly,engaged couple building feature-vs-cost spreadsheet,Building a side-by-side comparison of wedding platform paid tiers. What do you actually get for the money across different tools?,wedding website platform pricing tier comparison what you get,detail-oriented and planning ahead,5.0,the_knot_alternatives,Alternatives to The Knot and Zola,Regenerated 2026-04-19
gen_1776625040_00463,The Comparison Shopper,educational,informational,find wedding planning app beyond top two platforms,"newly engaged, overwhelmed by mainstream recommendations",Every article recommends the same two platforms. I'm newly engaged and just want to know what else is out there.,wedding planning website alternatives lesser known options,newly aware and confused,5.0,the_knot_alternatives,Alternatives to The Knot and Zola,Regenerated 2026-04-19
gen_1776625040_00464,The Comparison Shopper,research,commercial,locate wedding platform with integrated planning checklist,detail-oriented planner wanting everything in one place,"I want one app that covers the website, guest list, and a planning checklist. Do any platforms genuinely combine all three well?",wedding app website guest list checklist all in one,detail-oriented and planning ahead,5.0,the_knot_alternatives,Alternatives to The Knot and Zola,Regenerated 2026-04-19
gen_1776625040_00465,The Comparison Shopper,support,informational,find supportive wedding planning community around platform,anxious newly engaged person feeling overwhelmed,"Honestly overwhelmed starting wedding planning. Are there platforms with an actual support community, not just a help docs page?",wedding planning platform community support couples,emotional and looking for support,5.0,the_knot_alternatives,Alternatives to The Knot and Zola,Regenerated 2026-04-19
gen_1776625040_00466,The Comparison Shopper,navigational,navigational,navigate to independent wedding platform review site,skeptical researcher avoiding affiliate content,"Where do real couples post honest platform comparisons — Reddit, forums, anywhere that isn't a sponsored wedding blog?",honest wedding website platform reviews reddit forum couples,detail-oriented and planning ahead,5.0,the_knot_alternatives,Alternatives to The Knot and Zola,Regenerated 2026-04-19
gen_1776625040_00467,The Comparison Shopper,research,commercial,assess wedding website tools for small guest count,"couple planning intimate wedding, not needing vendor marketplace",We're having 40 people. Most platforms feel built for huge weddings. Is there something simpler that doesn't overwhelm you with features?,wedding website platform small intimate wedding simple tools,emotional and looking for support,5.0,the_knot_alternatives,Alternatives to The Knot and Zola,Regenerated 2026-04-19
gen_1776625040_00468,The Comparison Shopper,educational,informational,understand freemium model across wedding platforms,budget-focused couple confused by upgrade prompts,Freemium wedding platforms all claim to be free but feel different in practice. How do I figure out what's actually free before committing?,wedding platform freemium what is actually free tier,newly aware and confused,5.0,the_knot_alternatives,Alternatives to The Knot and Zola,Regenerated 2026-04-19
gen_1776625040_00469,The Comparison Shopper,research,commercial,find wedding website with better design options,"recently engaged, frustrated with template limitations on popular platforms","The big wedding platforms feel so cookie-cutter. Are there alternatives with genuinely nicer, more customizable templates?",wedding website platforms better design templates alternatives,newly aware and confused,5.0,the_knot_alternatives,Alternatives to The Knot and Zola,Regenerated 2026-04-19
gen_1776625040_00470,The Comparison Shopper,research,commercial,evaluate free tier differences across platforms,budget-conscious couple comparing freemium wedding tools,I keep hitting paywalls on the popular wedding sites. Which platforms let you do the most without upgrading?,wedding website free tier no paywall comparison,time-pressed and direct,5.0,the_knot_alternatives,Alternatives to The Knot and Zola,Regenerated 2026-04-19
gen_1776625040_00471,The Comparison Shopper,educational,informational,find internationally available wedding planning apps,"couple outside the US, popular platforms feel US-centric",Most wedding platforms seem built for American couples. Are there good options that actually work well internationally?,wedding website platform international non US couples,newly aware and confused,5.0,the_knot_alternatives,Alternatives to The Knot and Zola,Regenerated 2026-04-19
gen_1776625040_00472,The Comparison Shopper,commercial,commercial,locate platform with RSVP and guest management,engaged couple needing integrated guest tracking beyond just a website,"Looking for a wedding platform where the RSVP tracking and guest list are actually built in, not bolted on.",wedding website built in RSVP guest list management,time-pressed and direct,5.0,the_knot_alternatives,Alternatives to The Knot and Zola,Regenerated 2026-04-19
gen_1776625040_00473,The Comparison Shopper,navigational,navigational,find honest platform reviews from real couples,comparison shopper skeptical of sponsored content,"Where can I find reviews of wedding website platforms written by actual couples, not affiliate blogs?",honest wedding website platform reviews couples not sponsored,newly aware and confused,5.0,the_knot_alternatives,Alternatives to The Knot and Zola,Regenerated 2026-04-19
gen_1776625040_00474,The Comparison Shopper,research,commercial,compare seating planner tools across platforms,"couple stressed about seating logistics, evaluating planning tools",Seating for our wedding is already stressing me out. Which planning platforms have a seating tool that's actually usable?,wedding platform seating planner tool comparison,emotional and looking for support,5.0,the_knot_alternatives,Alternatives to The Knot and Zola,Regenerated 2026-04-19
gen_1776625040_00475,The Comparison Shopper,support,informational,find platform with custom planning checklist,overwhelmed newly engaged couple needing structured guidance,I feel totally lost on where to start. Are there wedding platforms with a checklist that adjusts to your actual wedding date?,wedding planning checklist app tied to wedding date,emotional and looking for support,5.0,the_knot_alternatives,Alternatives to The Knot and Zola,Regenerated 2026-04-19
gen_1776625040_00476,The Comparison Shopper,navigational,navigational,navigate to lesser-known wedding platform review,couple who's already dismissed the top two platforms,Already ruled out the two biggest names. Where do I find ranked reviews of the smaller wedding website platforms?,lesser known wedding website platforms ranked reviews,time-pressed and direct,5.0,the_knot_alternatives,Alternatives to The Knot and Zola,Regenerated 2026-04-19
gen_1776625040_00477,The Comparison Shopper,commercial,commercial,compare digital invite features across platforms,"couple going paperless, unsure which platform handles invites well",We want digital invites that don't look cheap. Which wedding platforms handle the design and delivery of those really well?,wedding platform digital invites design quality comparison,emotional and looking for support,5.0,the_knot_alternatives,Alternatives to The Knot and Zola,Regenerated 2026-04-19
gen_1776625040_00478,The Comparison Shopper,research,commercial,find free wedding website with no ads,"recently engaged, frustrated by upsells on major platforms","Tired of every free wedding website pushing ads or upgrades. Are there clean, actually-free options out there?",free wedding website no ads no upsell,frustrated and overwhelmed,5.0,the_knot_alternatives,Alternatives to The Knot and Zola,Regenerated 2026-04-19
gen_1776625040_00479,The Comparison Shopper,research,commercial,compare guest list management across platforms,"detail-oriented planner, 120 guests, needs RSVP tracking","Which wedding planning platforms handle guest list management and RSVP tracking together in one place, not separately?",wedding platform guest list RSVP management comparison,detail-oriented and planning ahead,5.0,the_knot_alternatives,Alternatives to The Knot and Zola,Regenerated 2026-04-19
gen_1776625040_00480,The Comparison Shopper,research,commercial,evaluate smaller wedding website platforms,"comparison shopper, post-engagement, skeptical of big names",The dominant wedding platforms have too much going on. What are the leaner alternatives that actually focus on websites?,lightweight wedding website platform alternatives,skeptical and comparing options,5.0,the_knot_alternatives,Alternatives to The Knot and Zola,Regenerated 2026-04-19
gen_1776625040_00481,The Comparison Shopper,educational,informational,understand wedding platform pricing tiers,budget-conscious couple comparing upgrade costs,I'm trying to compare what you actually get on paid vs free tiers across different wedding website platforms. What's worth paying for?,wedding website platform paid vs free tier comparison,detail-oriented and planning ahead,5.0,the_knot_alternatives,Alternatives to The Knot and Zola,Regenerated 2026-04-19
gen_1776625040_00482,The Comparison Shopper,research,commercial,find wedding website with custom domain support,detail-oriented couple wanting a polished web presence,Which wedding website platforms let you use a custom domain without charging an arm and a leg for it?,wedding website custom domain affordable options,detail-oriented and planning ahead,5.0,the_knot_alternatives,Alternatives to The Knot and Zola,Regenerated 2026-04-19
gen_1776625040_00483,The Comparison Shopper,navigational,navigational,locate specific wedding platform reviews,comparison shopper researching lesser-known tools,Looking for honest user reviews of smaller wedding planning apps — not the two everyone already knows about.,wedding planning app reviews alternatives independent,skeptical and comparing options,5.0,the_knot_alternatives,Alternatives to The Knot and Zola,Regenerated 2026-04-19
gen_1776625040_00484,The Comparison Shopper,educational,informational,assess wedding platform template quality,"design-conscious couple, dissatisfied with mainstream options",Every wedding site I've tried has the same ten templates. Are there platforms where the design options actually differ meaningfully?,wedding website unique template designs platform comparison,frustrated and overwhelmed,5.0,the_knot_alternatives,Alternatives to The Knot and Zola,Regenerated 2026-04-19
gen_1776625040_00485,The Comparison Shopper,research,commercial,compare wedding checklist tools across apps,"recently engaged, overwhelmed by planning scope",I need a wedding checklist that's actually integrated with the rest of my planning. Which apps do this well?,wedding planning app integrated checklist tool comparison,frustrated and overwhelmed,5.0,the_knot_alternatives,Alternatives to The Knot and Zola,Regenerated 2026-04-19
gen_1776625040_00486,The Comparison Shopper,educational,informational,find wedding platform with strong mobile experience,"couple managing everything from phones, not desktops",Most wedding planning tools feel clunky on mobile. Which platforms are actually built to use from your phone day-to-day?,wedding planning app best mobile experience,skeptical and comparing options,5.0,the_knot_alternatives,Alternatives to The Knot and Zola,Regenerated 2026-04-19
gen_1776625040_00487,The Comparison Shopper,navigational,navigational,identify wedding platforms popular outside the US,non-US couple frustrated by US-centric platform defaults,Planning a wedding outside the US and the big platforms feel completely irrelevant. What do international couples actually use?,wedding planning platform international couples non US,frustrated and overwhelmed,5.0,the_knot_alternatives,Alternatives to The Knot and Zola,Regenerated 2026-04-19
gen_1776625040_00488,The Comparison Shopper,research,commercial,find free wedding website with good design,"newly engaged, overwhelmed by dominant platforms","Just got engaged and the big wedding websites feel like too much. What are simpler, free alternatives people actually like?",free wedding website alternatives simple clean design,newly aware and confused,5.0,the_knot_alternatives,Alternatives to The Knot and Zola,Regenerated 2026-04-19
gen_1776625040_00489,The Comparison Shopper,research,informational,evaluate wedding platform RSVP and seating features,"comparison shopper, detail-focused, mid-planning",I'm comparing wedding platforms on RSVP tracking and seating tools specifically — which ones handle both without a paid upgrade?,wedding website RSVP seating planner free tier comparison,detail-oriented and planning ahead,5.0,the_knot_alternatives,Alternatives to The Knot and Zola,Regenerated 2026-04-19
gen_1776625040_00490,The Comparison Shopper,commercial,commercial,find wedding app with digital invites included,"recently engaged, wants all-in-one tool","Which wedding planning apps include digital save the dates and invites built in, not as a paid add-on?",wedding app digital invites save the dates included free,time-pressed and direct,5.0,the_knot_alternatives,Alternatives to The Knot and Zola,Regenerated 2026-04-19
gen_1776625040_00491,The Comparison Shopper,research,informational,compare wedding website pricing tiers,"budget-conscious couple, evaluating multiple platforms",Trying to figure out which wedding website platforms give you the most on the free tier before pushing you to upgrade.,wedding website free vs paid tier comparison features,detail-oriented and planning ahead,5.0,the_knot_alternatives,Alternatives to The Knot and Zola,Regenerated 2026-04-19
gen_1776625040_00492,The Comparison Shopper,navigational,navigational,locate wedding planning app reviews outside US,"international couple, big platforms feel US-centric",Where can I find real reviews of wedding planning apps that work well outside the US? Most review sites only cover American platforms.,wedding planning app reviews international couples non-US,newly aware and confused,5.0,the_knot_alternatives,Alternatives to The Knot and Zola,Regenerated 2026-04-19
gen_1776625040_00493,The Comparison Shopper,educational,informational,identify wedding website with custom checklist feature,"detail-oriented planner, wants timeline-linked tools",Need a wedding platform where the checklist actually adjusts based on my wedding date. Do smaller alternatives do this?,wedding website custom checklist date based planning tool,time-pressed and direct,5.0,the_knot_alternatives,Alternatives to The Knot and Zola,Regenerated 2026-04-19
