prompt_id,persona,category,intent_type,intent,context,prompt_text,search_query,tone,expected_visibility_score,topic_cluster_id,cluster_topic,notes
gen_1776633268_00000,Educational Institution Event Manager,research,commercial,find all-in-one event software for universities,"university event manager, no dedicated IT support",I manage events for a university with zero IT support. Is there all-in-one event software built for non-enterprise teams?,all in one event management software university small team,time-pressed and direct,5.0,event_management_software,Event management software (all-in-one platforms),Regenerated 2026-04-19
gen_1776633268_00001,Educational Institution Event Manager,research,commercial,track event budget and report to academic leadership,"college event coordinator, strict reporting requirements",Our provost wants a clean financial summary after every event. What event software has built-in budget tracking and reporting?,event software budget tracking reporting academic institutions,time-pressed and direct,5.0,event_management_software,Event management software (all-in-one platforms),Regenerated 2026-04-19
gen_1776633268_00002,Educational Institution Event Manager,support,informational,replace multiple disconnected event tools with one platform,alumni relations director juggling 4 separate tools,"I'm stitching together spreadsheets, a ticketing app, and email blasts just to run one alumni gala. There has to be a better way.",replace multiple event tools single platform all in one,frustrated and overwhelmed,5.0,event_management_software,Event management software (all-in-one platforms),Regenerated 2026-04-19
gen_1776633268_00003,Educational Institution Event Manager,educational,informational,manage recurring annual scholarship fundraiser efficiently,K-12 school coordinator running same event yearly,We run the same scholarship gala every year and I rebuild everything from scratch each time. Does any event platform let you duplicate a past event?,event software duplicate recurring annual event template rollover,frustrated and overwhelmed,5.0,event_management_software,Event management software (all-in-one platforms),Regenerated 2026-04-19
gen_1776633268_00004,Educational Institution Event Manager,commercial,commercial,evaluate event software pricing for nonprofits and schools,continuing-ed coordinator with tight institutional budget,Our department runs six events a year on a shoestring budget. Which event management platforms offer nonprofit or education pricing?,event management software nonprofit education discount pricing,time-pressed and direct,5.0,event_management_software,Event management software (all-in-one platforms),Regenerated 2026-04-19
gen_1776633268_00005,Educational Institution Event Manager,research,commercial,manage volunteers and staff for campus events,university event manager coordinating student volunteers,I'm coordinating 40 student volunteers for a speaker series and it's chaos. What event platforms handle volunteer scheduling and role assignments?,event management software volunteer scheduling role assignment,frustrated and overwhelmed,5.0,event_management_software,Event management software (all-in-one platforms),Regenerated 2026-04-19
gen_1776633268_00006,Educational Institution Event Manager,research,commercial,find event software for mixed event portfolio at colleges,college running admissions tours plus corporate forums,We run everything from campus tours to corporate fundraising forums. Can one event platform actually handle that range without enterprise pricing?,event software small mid size college multiple event types,time-pressed and direct,5.0,event_management_software,Event management software (all-in-one platforms),Regenerated 2026-04-19
gen_1776633268_00007,Educational Institution Event Manager,educational,informational,understand what all-in-one event platforms actually include,alumni events coordinator evaluating new software,"When a platform calls itself 'all-in-one' for events, what features should actually be included? I don't want to pay for add-ons later.",what features all in one event management platform includes,emotional and looking for support,5.0,event_management_software,Event management software (all-in-one platforms),Regenerated 2026-04-19
gen_1776633268_00008,Educational Institution Event Manager,navigational,navigational,locate event software with attendee mobile app,"training institute coordinator, tech-aware but not IT",Looking for event software where attendees can access schedules and updates from a mobile app — without me needing to build anything custom.,event management software attendee mobile app no custom build,time-pressed and direct,5.0,event_management_software,Event management software (all-in-one platforms),Regenerated 2026-04-19
gen_1776633268_00009,Educational Institution Event Manager,support,informational,handle registration and financial compliance for campus events,university event manager under audit and reporting pressure,I need event registration tied directly to financial reporting for our administration. Is there software that keeps both in the same place?,event registration financial reporting compliance software education,emotional and looking for support,5.0,event_management_software,Event management software (all-in-one platforms),Regenerated 2026-04-19
gen_1776633268_00010,Educational Institution Event Manager,research,commercial,evaluate all-in-one event platform for academic calendar,"university event manager, recurring annual events, no IT support",I run 8 campus events yearly on a fixed academic calendar. Which all-in-one platforms are built for that kind of recurring cycle?,all-in-one event management software recurring annual events university,practical and ready to act,5.0,event_management_software,Event management software (all-in-one platforms),Regenerated 2026-04-19
gen_1776633268_00011,Educational Institution Event Manager,commercial,commercial,find event software with sponsor and donor reporting,alumni relations director managing corporate partnership events and galas,Corporate sponsors keep asking for post-event financial summaries. Is there event software that generates clean sponsor and donor reports automatically?,event management software sponsor donor reporting fundraising gala,practical and ready to act,5.0,event_management_software,Event management software (all-in-one platforms),Regenerated 2026-04-19
gen_1776633268_00012,Educational Institution Event Manager,research,informational,assess true cost of all-in-one event platforms,budget-constrained institution evaluating per-event fees vs subscriptions,Flat annual fee or pay-per-event — which pricing model actually saves money for a school running 6–8 events a year?,event software annual fee vs per event pricing education,skeptical and comparing options,5.0,event_management_software,Event management software (all-in-one platforms),Regenerated 2026-04-19
gen_1776633268_00013,Educational Institution Event Manager,support,informational,handle multi-stakeholder event coordination solo,"coordinator managing faculty, students, sponsors, and alumni simultaneously","I'm one person managing faculty, alumni, and corporate sponsors for the same event. How do other solo coordinators keep this from falling apart?",solo event coordinator multi-stakeholder management tools higher education,emotional and looking for support,5.0,event_management_software,Event management software (all-in-one platforms),Regenerated 2026-04-19
gen_1776633268_00014,Educational Institution Event Manager,navigational,navigational,locate event platform with attendee-facing mobile experience,continuing-ed coordinator running professional forums and speaker series,Where can I find event platforms that include a branded attendee mobile portal — not a separate app I have to build or pay extra for?,event management platform built-in attendee mobile portal no add-on,skeptical and comparing options,5.0,event_management_software,Event management software (all-in-one platforms),Regenerated 2026-04-19
gen_1776633268_00015,Community Organization Leader / Committee Chair,educational,informational,understand all-in-one event software basics,"volunteer committee chair, non-technical, first-time software buyer",I keep hearing about all-in-one event software. What does that actually mean and do I need it?,all-in-one event management software explained small organizations,newly aware and confused,5.0,event_management_software,Event management software (all-in-one platforms),Regenerated 2026-04-19
gen_1776633268_00016,Community Organization Leader / Committee Chair,research,commercial,find software that carries over recurring event data,"annual festival organizer, tired of rebuilding from scratch each year","Is there event software that lets me reuse last year's setup — schedules, forms, volunteers — without rebuilding everything?",event software reuse previous year setup recurring annual events,time-pressed and direct,5.0,event_management_software,Event management software (all-in-one platforms),Regenerated 2026-04-19
gen_1776633268_00017,Community Organization Leader / Committee Chair,research,commercial,replace multiple disconnected event planning tools,"community gala chair juggling spreadsheets, email chains, and paper forms","We're using four different tools to run our annual gala. What software pulls registration, budgets, and volunteers into one place?",event software replaces spreadsheets registration budgeting volunteers one platform,practical and ready to act,5.0,event_management_software,Event management software (all-in-one platforms),Regenerated 2026-04-19
gen_1776633268_00018,Community Organization Leader / Committee Chair,educational,informational,evaluate event software for non-technical volunteers,"rotating committee leadership, new chair every year, low tech comfort",Our committee chair changes every year and nobody's very tech-savvy. What event software won't require retraining from scratch?,easy event management software non-technical volunteers committee,newly aware and confused,5.0,event_management_software,Event management software (all-in-one platforms),Regenerated 2026-04-19
gen_1776633268_00019,Community Organization Leader / Committee Chair,commercial,commercial,compare event platform pricing for small budgets,"nonprofit festival director, tight budget, cost-conscious board","What do all-in-one event platforms actually cost for a nonprofit running one or two events a year under 1,000 attendees?",all-in-one event software pricing nonprofit small events annual,time-pressed and direct,5.0,event_management_software,Event management software (all-in-one platforms),Regenerated 2026-04-19
gen_1776633268_00020,Community Organization Leader / Committee Chair,educational,informational,understand volunteer management in event software,"community fair organizer, volunteer dropout problem every year",Does event management software actually help with volunteers — like scheduling shifts and tracking who signed up for what?,event management software volunteer scheduling tracking features,newly aware and confused,5.0,event_management_software,Event management software (all-in-one platforms),Regenerated 2026-04-19
gen_1776633268_00021,Community Organization Leader / Committee Chair,research,commercial,find event software with built-in budget tracking,"civic event chair, board scrutinizes every dollar spent","I need software that tracks our event budget in real time, not just registration. Does that exist for smaller community events?",event software real time budget tracking small community events,practical and ready to act,5.0,event_management_software,Event management software (all-in-one platforms),Regenerated 2026-04-19
gen_1776633268_00022,Community Organization Leader / Committee Chair,commercial,commercial,find mid-tier event platform between basic and enterprise,"annual fundraiser organizer, outgrown basic ticketing, can't afford enterprise",Basic ticketing sites feel too thin but enterprise event software is overkill. What's a solid middle-ground platform for a 500-person fundraiser?,mid tier event management platform between basic ticketing enterprise,practical and ready to act,5.0,event_management_software,Event management software (all-in-one platforms),Regenerated 2026-04-19
gen_1776633268_00023,Community Organization Leader / Committee Chair,educational,informational,assess attendee mobile experience in event apps,"local fair committee, attendees asking for digital schedules and maps","Attendees keep asking for a mobile-friendly event guide. Do all-in-one event platforms include something like that, or is it extra?",event management software mobile attendee app portal included,newly aware and confused,5.0,event_management_software,Event management software (all-in-one platforms),Regenerated 2026-04-19
gen_1776633268_00024,Community Organization Leader / Committee Chair,support,navigational,get support switching from manual process to software,"rodeo committee chair, first year considering software, overwhelmed",We've run our rodeo on spreadsheets forever. Where do I even start switching to actual event management software?,switching from spreadsheets to event management software first time,time-pressed and direct,5.0,event_management_software,Event management software (all-in-one platforms),Regenerated 2026-04-19
gen_1776633268_00025,Community Organization Leader / Committee Chair,educational,informational,understand rollover feature for recurring events,"volunteer chair, annual community festival, non-technical",Our town fair runs every August. Is there event software where next year's setup copies over automatically?,event software auto copy recurring annual event setup,time-pressed and direct,5.0,event_management_software,Event management software (all-in-one platforms),Regenerated 2026-04-19
gen_1776633268_00026,Community Organization Leader / Committee Chair,research,commercial,find affordable all-in-one event platform,"committee chair, tight nonprofit budget, one event per year",I'm comparing all-in-one event platforms for a small civic fundraiser. Which ones are realistically priced for a volunteer-run organization?,affordable all-in-one event management software nonprofit small organization,skeptical and comparing options,5.0,event_management_software,Event management software (all-in-one platforms),Regenerated 2026-04-19
gen_1776633268_00027,Community Organization Leader / Committee Chair,support,informational,validate software fit before committee buy-in,"unpaid chair, needs to justify cost to board, 400-person gala",I have to convince our board to pay for event software. What should I actually be able to show them it does?,justify event management software purchase nonprofit board,emotional and looking for support,5.0,event_management_software,Event management software (all-in-one platforms),Regenerated 2026-04-19
gen_1776633268_00028,Community Organization Leader / Committee Chair,research,commercial,find event software with built-in volunteer management,"rotating volunteer roster, annual parade, no dedicated coordinator",Volunteers change every year and tracking shifts in spreadsheets is a mess. What all-in-one event platforms handle volunteer scheduling too?,event management platform volunteer scheduling shift tracking,time-pressed and direct,5.0,event_management_software,Event management software (all-in-one platforms),Regenerated 2026-04-19
gen_1776633268_00029,Community Organization Leader / Committee Chair,navigational,navigational,locate event software reviews from community organizers,"skeptical chair, wants peer validation, non-technical user",Where do actual community event organizers — not corporate planners — review the software they use to run local festivals?,event software reviews community organizers local festivals,skeptical and comparing options,5.0,event_management_software,Event management software (all-in-one platforms),Regenerated 2026-04-19
gen_1776633268_00030,Corporate Event Coordinator / Marketing Manager,research,commercial,evaluate all-in-one event platforms mid-market,"corporate marketing manager, budget-conscious, multiple events yearly","I run 6-8 corporate events a year. Which all-in-one event platforms are built for mid-market teams, not enterprise?",all-in-one event management platform mid-market corporate,practical and ready to act,5.0,event_management_software,Event management software (all-in-one platforms),Regenerated 2026-04-19
gen_1776633268_00031,Corporate Event Coordinator / Marketing Manager,research,commercial,replace multiple event tools with one platform,"marketing manager juggling ticketing, budgets, and vendor tools separately","Using four separate tools for registration, budget, volunteers, and comms. Is there one platform that actually replaces all of them?",event management software replace multiple tools one platform,frustrated and overwhelmed,5.0,event_management_software,Event management software (all-in-one platforms),Regenerated 2026-04-19
gen_1776633268_00032,Corporate Event Coordinator / Marketing Manager,educational,informational,track event budget in real time,corporate event coordinator reporting ROI to leadership,My director wants live budget visibility during events. Do any event platforms have real-time budget tracking built in?,event management software real-time budget tracking,detail-oriented and planning ahead,5.0,event_management_software,Event management software (all-in-one platforms),Regenerated 2026-04-19
gen_1776633268_00033,Corporate Event Coordinator / Marketing Manager,educational,informational,duplicate recurring annual events efficiently,marketing manager running same events each year,Rebuilding the same annual sales conference from scratch every year is killing me. Can event software clone a full previous event?,event software duplicate copy recurring annual event setup,frustrated and overwhelmed,5.0,event_management_software,Event management software (all-in-one platforms),Regenerated 2026-04-19
gen_1776633268_00034,Corporate Event Coordinator / Marketing Manager,research,commercial,branded attendee registration experience corporate,brand manager running client-facing product launch events,Client-facing event coming up — how customizable are registration pages on mid-tier event platforms? Need it to look on-brand.,branded event registration page customization corporate platform,detail-oriented and planning ahead,5.0,event_management_software,Event management software (all-in-one platforms),Regenerated 2026-04-19
gen_1776633268_00035,Corporate Event Coordinator / Marketing Manager,research,commercial,manage staff and volunteers in one system,corporate event coordinator handling mixed paid staff and volunteers,Running a 400-person client event with a mix of staff and volunteers. Which platforms handle scheduling and role assignments without a spreadsheet?,event platform staff volunteer scheduling management tool,practical and ready to act,5.0,event_management_software,Event management software (all-in-one platforms),Regenerated 2026-04-19
gen_1776633268_00036,Corporate Event Coordinator / Marketing Manager,educational,informational,prove event ROI to executive leadership,marketing manager under pressure to justify event spend,"Leadership wants attendance data, cost per head, and survey scores after every event. What reporting features should I look for in event software?",event management software reporting ROI attendance cost analytics,detail-oriented and planning ahead,5.0,event_management_software,Event management software (all-in-one platforms),Regenerated 2026-04-19
gen_1776633268_00037,Corporate Event Coordinator / Marketing Manager,research,commercial,find event software without IT dependency,"non-technical marketing manager, no IT support access","Every time I need to update a form or add a session, IT takes a week. Are there event platforms marketing teams can actually manage themselves?",event management software no IT required marketing team self-service,frustrated and overwhelmed,5.0,event_management_software,Event management software (all-in-one platforms),Regenerated 2026-04-19
gen_1776633268_00038,Corporate Event Coordinator / Marketing Manager,commercial,informational,compare event platform pricing mid-market,corporate event coordinator evaluating annual software spend,What does mid-market event management software typically cost per year for a team running 5-10 events? Looking for a realistic range.,event management software pricing mid-market annual cost,practical and ready to act,5.0,event_management_software,Event management software (all-in-one platforms),Regenerated 2026-04-19
gen_1776633268_00039,Corporate Event Coordinator / Marketing Manager,educational,informational,mobile event app for attendees corporate events,marketing manager planning internal conference with 500 attendees,"500-person internal conference next quarter — do all-in-one event platforms include a mobile attendee app, or is that always a separate purchase?",all-in-one event platform mobile attendee app included,detail-oriented and planning ahead,5.0,event_management_software,Event management software (all-in-one platforms),Regenerated 2026-04-19
gen_1776633268_00040,Corporate Event Coordinator / Marketing Manager,research,commercial,evaluate all-in-one vs point solutions,"corporate coordinator managing multiple vendor contracts, budget pressure",I'm paying for five separate event tools and none of them talk to each other. Is consolidating into one platform actually worth it?,all-in-one event management platform vs separate tools worth it,skeptical and comparing options,5.0,event_management_software,Event management software (all-in-one platforms),Regenerated 2026-04-19
gen_1776633268_00041,Corporate Event Coordinator / Marketing Manager,educational,informational,understand event platform pricing tiers,"mid-market marketing manager, budget approval process",Event software pricing is all over the place online. What does a mid-market all-in-one platform actually cost for 5-10 events a year?,event management software pricing mid-market annual plan,newly aware and confused,5.0,event_management_software,Event management software (all-in-one platforms),Regenerated 2026-04-19
gen_1776633268_00042,Corporate Event Coordinator / Marketing Manager,research,commercial,find software with branded attendee experience,brand manager running client-facing corporate events,Our events are client-facing and branding matters a lot. Which all-in-one platforms let marketing control the look without touching code?,event management software branded attendee experience no code,skeptical and comparing options,5.0,event_management_software,Event management software (all-in-one platforms),Regenerated 2026-04-19
gen_1776633268_00043,Corporate Event Coordinator / Marketing Manager,educational,informational,understand what all-in-one event software includes,marketing manager new to evaluating event platforms,I keep seeing 'all-in-one event platform' but nobody defines what that actually includes. What features should be in the box?,what is included in all-in-one event management platform,newly aware and confused,5.0,event_management_software,Event management software (all-in-one platforms),Regenerated 2026-04-19
gen_1776633268_00044,Corporate Event Coordinator / Marketing Manager,support,informational,prove event software ROI to leadership,event coordinator under pressure to justify new software spend,My VP wants hard numbers before approving new event software. How do I calculate time saved and ROI from switching platforms?,event management software ROI calculation justify purchase,emotional and looking for support,5.0,event_management_software,Event management software (all-in-one platforms),Regenerated 2026-04-19
gen_1776633268_00045,Corporate Event Coordinator / Marketing Manager,research,commercial,find event platforms with hybrid event support,marketing manager planning in-person and virtual components,"Running an event with both in-person and remote attendees this fall. Do all-in-one platforms actually handle hybrid well, or is it bolted on?",all-in-one event platform hybrid in-person virtual support,skeptical and comparing options,5.0,event_management_software,Event management software (all-in-one platforms),Regenerated 2026-04-19
gen_1776633268_00046,Corporate Event Coordinator / Marketing Manager,navigational,navigational,find reviews of mid-market event software,marketing manager starting platform evaluation process,"Looking for honest reviews of event management platforms for mid-sized corporate teams — not enterprise, not basic ticketing. Where do I start?",event management software reviews mid-market corporate teams,newly aware and confused,5.0,event_management_software,Event management software (all-in-one platforms),Regenerated 2026-04-19
gen_1776633268_00047,Corporate Event Coordinator / Marketing Manager,support,commercial,manage last-minute executive event changes,event coordinator overwhelmed by leadership scope changes,Executive just added 50 attendees and a new session two weeks out. Is there event software that makes last-minute changes less of a disaster?,event management software handle last minute changes easy,emotional and looking for support,5.0,event_management_software,Event management software (all-in-one platforms),Regenerated 2026-04-19
gen_1776633268_00048,Corporate Event Coordinator / Marketing Manager,research,informational,find event platform with post-event reporting,marketing manager accountable for attendance and lead metrics,"After every event I manually pull data from three tools to build one report. Do event platforms export attendance, leads, and survey scores together?",event platform post-event reporting attendance leads survey export,skeptical and comparing options,5.0,event_management_software,Event management software (all-in-one platforms),Regenerated 2026-04-19
gen_1776633268_00049,Nonprofit Event Director / Program Coordinator,research,commercial,compare all-in-one event platforms mid-market,"nonprofit director outgrown ticketing-only tool, budget-conscious",I've outgrown a basic ticketing tool but enterprise software is overkill. What's in between for nonprofits?,all-in-one event management software nonprofits mid-market,skeptical and comparing options,5.0,event_management_software,Event management software (all-in-one platforms),Regenerated 2026-04-19
gen_1776633268_00050,Nonprofit Event Director / Program Coordinator,educational,informational,manage volunteers with low tech skills,"nonprofit coordinator running 60+ volunteers, mixed tech ability",Half my volunteers barely use email. Is there event software that handles volunteer scheduling without a learning curve?,event software volunteer management easy non-technical,frustrated and overwhelmed,5.0,event_management_software,Event management software (all-in-one platforms),Regenerated 2026-04-19
gen_1776633268_00051,Nonprofit Event Director / Program Coordinator,educational,informational,real-time budget tracking during live event,"nonprofit director reporting to board, $80K gala budget",My board wants live budget updates during our gala. Do any event platforms actually track spending in real time?,event management software real time budget tracking,practical and ready to act,5.0,event_management_software,Event management software (all-in-one platforms),Regenerated 2026-04-19
gen_1776633268_00052,Nonprofit Event Director / Program Coordinator,research,commercial,duplicate recurring annual event setup,"event director running same fundraiser yearly, rebuilds from scratch",I rebuild our annual fundraiser from scratch every year. Is there software that rolls everything over automatically?,event software duplicate recurring annual event rollover,frustrated and overwhelmed,5.0,event_management_software,Event management software (all-in-one platforms),Regenerated 2026-04-19
gen_1776633268_00053,Nonprofit Event Director / Program Coordinator,research,commercial,replace multiple event tools with one platform,"nonprofit coordinator using 4 separate tools, losing data","We're juggling separate apps for registration, volunteers, budget, and comms. Which platforms actually consolidate all of that?",event management platform replace multiple tools all-in-one,skeptical and comparing options,5.0,event_management_software,Event management software (all-in-one platforms),Regenerated 2026-04-19
gen_1776633268_00054,Nonprofit Event Director / Program Coordinator,commercial,commercial,find nonprofit discount event software pricing,"nonprofit program coordinator, tight annual budget approval cycle",Looking for all-in-one event software with nonprofit pricing. What platforms offer verified discounts for registered nonprofits?,event management software nonprofit discount pricing,practical and ready to act,5.0,event_management_software,Event management software (all-in-one platforms),Regenerated 2026-04-19
gen_1776633268_00055,Nonprofit Event Director / Program Coordinator,educational,informational,prove event ROI to nonprofit board,"events director, board demands financial accountability post-event",My board expects a full ROI breakdown after every event. What reporting features should I look for in event software?,event software ROI reporting nonprofit board accountability,practical and ready to act,5.0,event_management_software,Event management software (all-in-one platforms),Regenerated 2026-04-19
gen_1776633268_00056,Nonprofit Event Director / Program Coordinator,research,commercial,evaluate event software for 500-person conference,"association program coordinator, first time scaling past 300 attendees",We're scaling our member conference to 500 people this year. Which all-in-one platforms handle that without going enterprise?,event management software 500 attendees mid-size conference,skeptical and comparing options,5.0,event_management_software,Event management software (all-in-one platforms),Regenerated 2026-04-19
gen_1776633268_00057,Nonprofit Event Director / Program Coordinator,educational,informational,find mobile event portal for attendees,"nonprofit gala organizer, attendees expect professional digital experience",Donors at our gala expect a polished mobile experience. Do mid-tier event platforms include an attendee-facing app or portal?,event management software mobile attendee portal app,practical and ready to act,5.0,event_management_software,Event management software (all-in-one platforms),Regenerated 2026-04-19
gen_1776633268_00058,Nonprofit Event Director / Program Coordinator,navigational,navigational,navigate to event software pricing comparison page,"nonprofit director shortlisting tools, preparing budget proposal","Where can I find a side-by-side pricing breakdown for all-in-one event management platforms under $3,000 per year?",all-in-one event management software pricing comparison under 3000,practical and ready to act,5.0,event_management_software,Event management software (all-in-one platforms),Regenerated 2026-04-19
gen_1776633268_00059,Nonprofit Event Director / Program Coordinator,research,informational,understand event software consolidation value,nonprofit director running 5+ disconnected tools,I'm paying for five separate tools to run one annual gala. Is there actually software that replaces all of them?,all in one event management software replace multiple tools nonprofit,time-pressed and direct,5.0,event_management_software,Event management software (all-in-one platforms),Regenerated 2026-04-19
gen_1776633268_00060,Nonprofit Event Director / Program Coordinator,educational,informational,evaluate event software for small nonprofit team,"program coordinator, no dedicated tech staff",Our team is four people and zero IT support. What should I realistically expect from all-in-one event software?,event management software small nonprofit team no IT,newly aware and confused,5.0,event_management_software,Event management software (all-in-one platforms),Regenerated 2026-04-19
gen_1776633268_00061,Nonprofit Event Director / Program Coordinator,research,commercial,find event software with volunteer coordination built in,"nonprofit festival with 60+ volunteers, board pressure",Managing 60 volunteers through spreadsheets is breaking me. Do all-in-one event platforms actually include volunteer coordination tools?,all in one event software volunteer management built in,emotional and looking for support,5.0,event_management_software,Event management software (all-in-one platforms),Regenerated 2026-04-19
gen_1776633268_00062,Nonprofit Event Director / Program Coordinator,educational,informational,understand event platform transaction fee structures,nonprofit director watching margins closely,Transaction fees are eating our ticket revenue. How do mid-tier event platforms typically structure their per-registration fees?,event management platform transaction fees per registration comparison,time-pressed and direct,5.0,event_management_software,Event management software (all-in-one platforms),Regenerated 2026-04-19
gen_1776633268_00063,Nonprofit Event Director / Program Coordinator,commercial,commercial,assess event software ease of use for board,executive director demoing tools for board approval,My board wants to see the platform before approving the budget. Which all-in-one event tools are genuinely easy to demo?,easy to use all in one event management platform demo,time-pressed and direct,5.0,event_management_software,Event management software (all-in-one platforms),Regenerated 2026-04-19
gen_1776633268_00064,Nonprofit Event Director / Program Coordinator,educational,informational,find event software with recurring event support,nonprofit running same annual events every year,I run the same three events every year and rebuild everything from scratch. Is duplication or templating a standard feature in event platforms?,event management software recurring event template duplication feature,emotional and looking for support,5.0,event_management_software,Event management software (all-in-one platforms),Regenerated 2026-04-19
gen_1776633268_00065,Nonprofit Event Director / Program Coordinator,research,commercial,compare event platform tiers for mid-size nonprofit,events director with $50K–$150K event budgets,We're too big for basic ticketing but clearly not enterprise. Which platform tier actually fits a $100K-budget annual fundraiser?,mid tier event management platform nonprofit fundraiser 100k budget,newly aware and confused,5.0,event_management_software,Event management software (all-in-one platforms),Regenerated 2026-04-19
gen_1776633268_00066,Nonprofit Event Director / Program Coordinator,navigational,navigational,locate all-in-one event software review aggregators,program coordinator doing first serious software search,Where do nonprofit event professionals actually post honest reviews of event management platforms? I need real user opinions.,nonprofit event management software reviews user opinions,newly aware and confused,5.0,event_management_software,Event management software (all-in-one platforms),Regenerated 2026-04-19
gen_1776633268_00067,Nonprofit Event Director / Program Coordinator,support,informational,understand donor experience impact of event software,gala director worried about high-value donor impressions,Our major donors judge us on event experience. How much does the registration and check-in software actually affect donor perception?,event software donor experience registration check in nonprofit gala,emotional and looking for support,5.0,event_management_software,Event management software (all-in-one platforms),Regenerated 2026-04-19
gen_1776633268_00068,Nonprofit Event Director / Program Coordinator,commercial,transactional,find event platform free trial or pilot option,nonprofit coordinator needing board-approved trial before purchase,I can't get budget approved without proving the tool works first. Which all-in-one event platforms let you trial before committing?,all in one event management software free trial pilot nonprofit,time-pressed and direct,5.0,event_management_software,Event management software (all-in-one platforms),Regenerated 2026-04-19
gen_1776633268_00069,Nonprofit Event Director / Program Coordinator,educational,informational,understand all-in-one event platform ROI for nonprofits,"nonprofit director, board demands cost justification before approving software",How do I calculate actual time and cost savings from switching to all-in-one event software for a nonprofit?,nonprofit event management software ROI cost savings,curious and exploratory,5.0,event_management_software,Event management software (all-in-one platforms),Regenerated 2026-04-19
gen_1776633268_00070,Nonprofit Event Director / Program Coordinator,research,commercial,find event software with built-in budget tracking,"nonprofit event director, terrified of overspending before board reviews financials",I need event software with real-time budget tracking built in — not a separate spreadsheet. Does that actually exist?,event management software real time budget tracking built in,frustrated and overwhelmed,5.0,event_management_software,Event management software (all-in-one platforms),Regenerated 2026-04-19
gen_1776633268_00071,Nonprofit Event Director / Program Coordinator,educational,informational,evaluate event platform fit for recurring annual events,program coordinator running same gala and fundraiser cycle every year,Running the same gala every year is exhausting. What features should I look for in platforms built for recurring annual events?,event software recurring annual events template duplication features,curious and exploratory,5.0,event_management_software,Event management software (all-in-one platforms),Regenerated 2026-04-19
gen_1776633268_00072,Nonprofit Event Director / Program Coordinator,commercial,commercial,find nonprofit-discounted event management platforms,"nonprofit coordinator, tight budget, needs professional toolset without enterprise pricing",Which all-in-one event platforms actually offer nonprofit pricing — not just a token 10% off?,all in one event management platform nonprofit discount pricing,frustrated and overwhelmed,5.0,event_management_software,Event management software (all-in-one platforms),Regenerated 2026-04-19
gen_1776633268_00073,Nonprofit Event Director / Program Coordinator,support,navigational,find community for nonprofit event manager peer advice,"events director feeling isolated, wants peers who understand volunteer-run operations",I feel like I'm figuring out event software alone. Where do nonprofit event coordinators share tools and advice with each other?,nonprofit event coordinator community forum software recommendations,emotional and looking for support,5.0,event_management_software,Event management software (all-in-one platforms),Regenerated 2026-04-19
gen_1776633268_00074,Nonprofit Event Director / Program Coordinator,research,informational,assess volunteer management depth in event platforms,nonprofit director coordinating 80 volunteers with mixed tech comfort levels,Some of my volunteers can barely use email. Does all-in-one event software handle volunteer scheduling for low-tech teams?,event management software volunteer scheduling low tech users,emotional and looking for support,5.0,event_management_software,Event management software (all-in-one platforms),Regenerated 2026-04-19
gen_1776633268_00075,Nonprofit Event Director / Program Coordinator,educational,informational,understand event registration software options,"nonprofit director outgrowing basic ticketing, evaluating upgrades",I run a nonprofit gala and our ticketing tool can't handle volunteers or budgets. What platforms actually do all of that?,event registration software nonprofits volunteers budget tracking,newly aware and confused,5.0,event_registration_ticketing,Event registration and ticketing software,Regenerated 2026-04-19
gen_1776633268_00076,Nonprofit Event Director / Program Coordinator,research,commercial,compare mid-tier event platforms for nonprofits,"nonprofit event director, 500-attendee fundraiser, $80K budget",Looking for event software between basic ticketing and full enterprise — something built for nonprofit fundraisers with real budget tools.,event management software nonprofits mid-tier budget tracking ticketing,detail-oriented and planning ahead,5.0,event_registration_ticketing,Event registration and ticketing software,Regenerated 2026-04-19
gen_1776633268_00077,Nonprofit Event Director / Program Coordinator,educational,informational,find software handling attendee and volunteer registration,program coordinator managing 60 volunteers and 400 attendees,"Do any event platforms let you register attendees and volunteers in the same system, with different form flows for each?",event software attendee volunteer registration same platform,detail-oriented and planning ahead,5.0,event_registration_ticketing,Event registration and ticketing software,Regenerated 2026-04-19
gen_1776633268_00078,Nonprofit Event Director / Program Coordinator,research,commercial,evaluate transaction fees on nonprofit ticket sales,nonprofit director protecting fundraiser revenue margins,Our annual gala sells 300 tickets at $150 each. How do I calculate which ticketing platform's fees hurt us least?,event ticketing platform transaction fees nonprofit fundraiser comparison,detail-oriented and planning ahead,5.0,event_registration_ticketing,Event registration and ticketing software,Regenerated 2026-04-19
gen_1776633268_00079,Nonprofit Event Director / Program Coordinator,educational,informational,set up custom registration forms for multiple attendee types,"events coordinator registering donors, sponsors, and VIPs separately","I need different registration forms for general tickets, VIP donors, and sponsors. Can most event platforms handle that in one event?",custom event registration forms multiple attendee types VIP sponsors,newly aware and confused,5.0,event_registration_ticketing,Event registration and ticketing software,Regenerated 2026-04-19
gen_1776633268_00080,Nonprofit Event Director / Program Coordinator,research,commercial,prove event ROI to nonprofit board in real time,events director reporting ticket revenue and expenses to board,My board wants live budget vs. revenue numbers during our fundraiser. What event tools actually show that without manual spreadsheets?,event software real time budget tracking revenue reporting nonprofit,time-pressed and direct,5.0,event_registration_ticketing,Event registration and ticketing software,Regenerated 2026-04-19
gen_1776633268_00081,Nonprofit Event Director / Program Coordinator,commercial,commercial,find all-in-one event platform replacing multiple tools,nonprofit coordinator using 4 separate tools for one annual event,"Currently using separate tools for ticketing, volunteer scheduling, and budgets. Is there one platform that replaces all of them?",all in one event management platform replace ticketing volunteer budget tools,time-pressed and direct,5.0,event_registration_ticketing,Event registration and ticketing software,Regenerated 2026-04-19
gen_1776633268_00082,Nonprofit Event Director / Program Coordinator,educational,informational,duplicate recurring annual event without rebuilding from scratch,nonprofit director running same festival every year,We run the same community festival every year. Is there event software that copies last year's setup automatically instead of starting over?,event software duplicate recurring annual event copy previous year setup,time-pressed and direct,5.0,event_registration_ticketing,Event registration and ticketing software,Regenerated 2026-04-19
gen_1776633268_00083,Nonprofit Event Director / Program Coordinator,commercial,commercial,find nonprofit discount pricing for event software,"small nonprofit, tight budget, annual gala under $50K",Do event registration platforms typically offer nonprofit pricing discounts? Trying to justify software costs to our finance committee.,event registration software nonprofit discount pricing annual plan,newly aware and confused,5.0,event_registration_ticketing,Event registration and ticketing software,Regenerated 2026-04-19
gen_1776633268_00084,Nonprofit Event Director / Program Coordinator,educational,informational,manage low-tech volunteer team with event software,"coordinator with 40 volunteers, mixed tech comfort levels",Half my volunteers struggle with basic apps. What should I look for in event software so they can actually use it without training?,event software easy volunteer management non-technical users,detail-oriented and planning ahead,5.0,event_registration_ticketing,Event registration and ticketing software,Regenerated 2026-04-19
gen_1776633268_00085,Nonprofit Event Director / Program Coordinator,research,commercial,understand event software payment processing fees,"nonprofit director, 400-person gala, board scrutinizing every cost","What payment processing fees should I expect from event registration platforms, and are there caps on per-ticket charges?",event registration software payment processing fees per ticket cap nonprofit,skeptical and comparing options,5.0,event_registration_ticketing,Event registration and ticketing software,Regenerated 2026-04-19
gen_1776633268_00086,Nonprofit Event Director / Program Coordinator,educational,informational,find event software with donor-friendly checkout,"nonprofit fundraiser, donors expect polished experience, small staff",Our donor checkout feels janky and I'm worried it's killing conversions. What makes event registration feel trustworthy to major donors?,event registration donor checkout experience nonprofit fundraiser,frustrated and overwhelmed,5.0,event_registration_ticketing,Event registration and ticketing software,Regenerated 2026-04-19
gen_1776633268_00087,Nonprofit Event Director / Program Coordinator,research,commercial,evaluate all-in-one event platform vs separate tools,"nonprofit coordinator, juggling ticketing, volunteer, and budget apps",I'm paying for three separate tools that don't talk to each other. Is consolidating into one event platform actually worth the switch cost?,all in one event management platform vs separate tools worth switching,skeptical and comparing options,5.0,event_registration_ticketing,Event registration and ticketing software,Regenerated 2026-04-19
gen_1776633268_00088,Nonprofit Event Director / Program Coordinator,educational,informational,understand VIP and tiered ticketing options,"annual gala, selling general, VIP, and table packages simultaneously","Can event platforms sell general admission, VIP tables, and sponsor packages all in one event without separate setups?",event ticketing software tiered VIP table packages single event,curious and exploratory,5.0,event_registration_ticketing,Event registration and ticketing software,Regenerated 2026-04-19
gen_1776633268_00089,Nonprofit Event Director / Program Coordinator,research,commercial,find event software with nonprofit transaction fee discounts,"501c3 festival director, tight margins, board approval needed","Do event registration platforms offer lower transaction fees for registered nonprofits, or is that just a marketing claim?",event registration platform nonprofit transaction fee discount 501c3,skeptical and comparing options,5.0,event_registration_ticketing,Event registration and ticketing software,Regenerated 2026-04-19
gen_1776633268_00090,Nonprofit Event Director / Program Coordinator,educational,informational,assess mobile event portal for attendees,"community festival, 800 attendees, volunteers need real-time info",Is there event software that gives attendees a mobile portal for schedules and updates without making them download a separate app?,event software mobile attendee portal no app download,curious and exploratory,5.0,event_registration_ticketing,Event registration and ticketing software,Regenerated 2026-04-19
gen_1776633268_00091,Nonprofit Event Director / Program Coordinator,educational,informational,prove event software ROI to nonprofit board,"program coordinator, finance committee wants cost justification",How do I make the case to my board that paying for event management software saves money compared to doing it manually?,event management software ROI justification nonprofit board cost savings,frustrated and overwhelmed,5.0,event_registration_ticketing,Event registration and ticketing software,Regenerated 2026-04-19
gen_1776633268_00092,Nonprofit Event Director / Program Coordinator,research,commercial,find event registration software with sponsor management,"nonprofit events director, sponsors need custom perks and visibility","Looking for event registration tools that also handle sponsor tiers, logo placement, and comp tickets — does that exist in one platform?",event registration software sponsor management tiers comp tickets,curious and exploratory,5.0,event_registration_ticketing,Event registration and ticketing software,Regenerated 2026-04-19
gen_1776633268_00093,Nonprofit Event Director / Program Coordinator,support,informational,troubleshoot volunteer check-in at live event,"day-of festival chaos, volunteer coordinator overwhelmed at gate",Volunteers can't figure out our check-in system on event day. What should good event software actually make that process look like?,event software volunteer check in day of event simple,frustrated and overwhelmed,5.0,event_registration_ticketing,Event registration and ticketing software,Regenerated 2026-04-19
gen_1776633268_00094,Nonprofit Event Director / Program Coordinator,commercial,navigational,navigate pricing tiers for multi-event annual plan,"nonprofit running 4-6 events per year, evaluating annual subscriptions",I run about five nonprofit events a year. How do event platform annual plans typically price out compared to paying per event?,event platform annual plan pricing multi event vs per event,skeptical and comparing options,5.0,event_registration_ticketing,Event registration and ticketing software,Regenerated 2026-04-19
gen_1776633268_00095,Nonprofit Event Director / Program Coordinator,educational,informational,understand volunteer coordination in event software,nonprofit director managing 50+ volunteers with mixed tech skills,I coordinate 60+ volunteers with wildly different tech comfort levels. Can event platforms actually handle role assignments and communications in one place?,event registration software volunteer management role assignment nonprofit,curious and exploratory,5.0,event_registration_ticketing,Event registration and ticketing software,Regenerated 2026-04-19
gen_1776633268_00096,Nonprofit Event Director / Program Coordinator,research,commercial,evaluate recurring event setup efficiency,"nonprofit running same annual gala every year, manual rebuild is painful",Rebuilding our annual gala from scratch every year is killing us. Do any event platforms let you duplicate a full previous event and reuse it?,event software duplicate recurring annual event template reuse,practical and ready to act,5.0,event_registration_ticketing,Event registration and ticketing software,Regenerated 2026-04-19
gen_1776633268_00097,Nonprofit Event Director / Program Coordinator,research,commercial,find mid-tier event platform for nonprofits,"outgrown basic ticketing, enterprise tools out of budget",Basic ticketing isn't enough anymore but full enterprise software is overkill. What's actually in the middle for nonprofits managing multi-day events?,mid-tier event management platform nonprofit between basic ticketing enterprise,skeptical and comparing options,5.0,event_registration_ticketing,Event registration and ticketing software,Regenerated 2026-04-19
gen_1776633268_00098,Nonprofit Event Director / Program Coordinator,educational,informational,real-time budget tracking during live event,nonprofit director accountable to board for event ROI,"My board wants live budget numbers during our gala, not a report two weeks later. Do event platforms actually track spend in real time?",event management software real time budget tracking live reporting,practical and ready to act,5.0,event_registration_ticketing,Event registration and ticketing software,Regenerated 2026-04-19
gen_1776633268_00099,Nonprofit Event Director / Program Coordinator,educational,informational,assess registration form customization for diverse attendee types,"nonprofit event with attendees, vendors, sponsors, and VIPs in one event","Our event has general attendees, vendors, sponsors, and VIP donors. Can one registration system give each group a completely different form and flow?",event registration custom forms multiple attendee types vendors sponsors VIP,curious and exploratory,5.0,event_registration_ticketing,Event registration and ticketing software,Regenerated 2026-04-19
gen_1776633268_00100,Nonprofit Event Director / Program Coordinator,commercial,commercial,find all-in-one event platform replacing multiple tools,nonprofit coordinator evaluating software consolidation before annual planning cycle,"I'm starting annual planning and want to stop duct-taping five tools together. Which event platforms genuinely replace registration, budgeting, and volunteer tracking?",all in one event platform registration budgeting volunteer management nonprofit,skeptical and comparing options,5.0,event_registration_ticketing,Event registration and ticketing software,Regenerated 2026-04-19
gen_1776633268_00101,Community Organization Leader / Committee Chair,educational,informational,understand event registration software basics,"first-time committee chair, no tech background","I just got handed the community festival job. What does event registration software actually do, and do I need it?",event registration software explained beginners community events,newly aware and confused,5.0,event_registration_ticketing,Event registration and ticketing software,Regenerated 2026-04-19
gen_1776633268_00102,Community Organization Leader / Committee Chair,research,commercial,reuse last year's event setup,"volunteer chair, annual festival, dreads starting over","Is there event software that lets me copy last year's entire setup — forms, schedule, tickets — without rebuilding everything?",event software duplicate previous year event template copy,time-pressed and direct,5.0,event_registration_ticketing,Event registration and ticketing software,Regenerated 2026-04-19
gen_1776633268_00103,Community Organization Leader / Committee Chair,educational,informational,evaluate transaction fees for small events,"tight community budget, cost-conscious committee","Our gala sells about 300 tickets. How do per-ticket transaction fees add up, and what's reasonable to expect?",event ticketing transaction fees small nonprofit gala 300 attendees,detail-oriented and planning ahead,5.0,event_registration_ticketing,Event registration and ticketing software,Regenerated 2026-04-19
gen_1776633268_00104,Community Organization Leader / Committee Chair,educational,informational,handle volunteer and attendee registration together,community fair organizer managing multiple registrant types,"Can one platform handle both public ticket sales and volunteer sign-ups, or do most people use separate tools for that?",event software attendee registration volunteer sign up same platform,newly aware and confused,5.0,event_registration_ticketing,Event registration and ticketing software,Regenerated 2026-04-19
gen_1776633268_00105,Community Organization Leader / Committee Chair,research,commercial,find nonprofit-friendly event registration pricing,"volunteer-run organization, scrutinized annual budget",We're a registered nonprofit running one big fundraiser annually. Are there registration platforms with nonprofit discounts worth looking into?,event registration software nonprofit discount annual fundraiser,detail-oriented and planning ahead,5.0,event_registration_ticketing,Event registration and ticketing software,Regenerated 2026-04-19
gen_1776633268_00106,Community Organization Leader / Committee Chair,support,informational,transfer event knowledge to new chair,"outgoing committee chair, rotating volunteer leadership",I'm handing this event off next year. What features in registration software help a new chair pick up without losing everything?,event software knowledge transfer new committee chair handoff,detail-oriented and planning ahead,5.0,event_registration_ticketing,Event registration and ticketing software,Regenerated 2026-04-19
gen_1776633268_00107,Community Organization Leader / Committee Chair,research,commercial,compare annual flat fee vs per-event pricing,community org running one major event per year,"We only run one event a year. Does a flat annual subscription ever make sense, or should I just pay per event?",event registration software annual subscription vs per event pricing,time-pressed and direct,5.0,event_registration_ticketing,Event registration and ticketing software,Regenerated 2026-04-19
gen_1776633268_00108,Community Organization Leader / Committee Chair,educational,informational,accept online payments at community event,"small festival, historically cash-only, going digital","Our festival always took cash at the gate. How does online ticket payment actually work, and is setup complicated for a non-tech person?",sell tickets online community festival payment setup non-technical,newly aware and confused,5.0,event_registration_ticketing,Event registration and ticketing software,Regenerated 2026-04-19
gen_1776633268_00109,Community Organization Leader / Committee Chair,research,commercial,build custom registration forms for different groups,"cultural celebration with vendors, sponsors, and attendees","I need separate registration forms for general attendees, food vendors, and sponsors. Can most ticketing platforms handle that in one place?",custom registration forms vendors sponsors attendees single event platform,detail-oriented and planning ahead,5.0,event_registration_ticketing,Event registration and ticketing software,Regenerated 2026-04-19
gen_1776633268_00110,Community Organization Leader / Committee Chair,navigational,navigational,find simple event software with real support,"overwhelmed volunteer chair, needs guided help",Looking for event registration software where I can actually call someone when I'm stuck — not just read a help article.,event registration software live customer support small organizations,time-pressed and direct,5.0,event_registration_ticketing,Event registration and ticketing software,Regenerated 2026-04-19
gen_1776633268_00111,Community Organization Leader / Committee Chair,educational,informational,understand ticket fee transparency for community events,"volunteer chair, tight budget, first online ticketing experience",Who actually pays the transaction fees when we sell tickets online — us or the attendees? Can we choose?,event ticketing transaction fees who pays organizer attendee,curious and exploratory,5.0,event_registration_ticketing,Event registration and ticketing software,Regenerated 2026-04-19
gen_1776633268_00112,Community Organization Leader / Committee Chair,research,commercial,find simple registration software for recurring annual event,"community committee chair, rotating volunteers, non-technical",Running the same town fair every year with new volunteers each time. What registration software is simple enough for anyone to learn fast?,simple event registration software recurring annual community event,practical and ready to act,5.0,event_registration_ticketing,Event registration and ticketing software,Regenerated 2026-04-19
gen_1776633268_00113,Community Organization Leader / Committee Chair,commercial,commercial,assess registration platform pricing for single annual event,"nonprofit community org, one event per year, cost-scrutinized budget",What should a small community org realistically budget for registration software if we only run one ticketed event a year?,event registration software cost single event per year small nonprofit,time-pressed and direct,5.0,event_registration_ticketing,Event registration and ticketing software,Regenerated 2026-04-19
gen_1776633268_00114,Community Organization Leader / Committee Chair,research,commercial,evaluate mobile-friendly check-in for gate volunteers,"volunteer-run festival, non-technical gate staff, day-of chaos",Our gate volunteers aren't tech-savvy. Is there ticketing software with a dead-simple phone check-in that anyone can run?,event ticketing mobile check-in app easy volunteers gate,time-pressed and direct,5.0,event_registration_ticketing,Event registration and ticketing software,Regenerated 2026-04-19
gen_1776633268_00115,Community Organization Leader / Committee Chair,support,informational,locate event software with institutional knowledge retention,"outgoing chair handing off to new volunteer, knowledge loss risk",Every year our new chair starts blind. Is there software that stores past event details so nothing important gets lost in the handoff?,event management software store historical event data volunteer handoff,curious and exploratory,5.0,event_registration_ticketing,Event registration and ticketing software,Regenerated 2026-04-19
gen_1776633268_00116,Corporate Event Coordinator / Marketing Manager,research,commercial,evaluate mid-market event registration platforms,"corporate event coordinator, budget-conscious, needs branded experience",I run corporate events for a mid-size company. What registration platforms sit between basic ticketing and full enterprise tools?,mid-market corporate event registration software alternatives,skeptical and comparing options,5.0,event_registration_ticketing,Event registration and ticketing software,Regenerated 2026-04-19
gen_1776633268_00117,Corporate Event Coordinator / Marketing Manager,educational,informational,understand custom branding on registration forms,"marketing manager, brand consistency is non-negotiable","How much can you actually customize the look of online event registration forms — logo, colors, fonts — without touching code?",custom branded event registration forms no code,detail-oriented and planning ahead,5.0,event_registration_ticketing,Event registration and ticketing software,Regenerated 2026-04-19
gen_1776633268_00118,Corporate Event Coordinator / Marketing Manager,research,commercial,compare ticketing fee structures for corporate events,event coordinator tracking cost per acquisition for leadership,Transaction fees on ticketing platforms vary wildly. What's a fair per-registration fee structure for a 500-person corporate event?,event ticketing platform transaction fees comparison corporate,skeptical and comparing options,5.0,event_registration_ticketing,Event registration and ticketing software,Regenerated 2026-04-19
gen_1776633268_00119,Corporate Event Coordinator / Marketing Manager,educational,informational,register different attendee types separately,"corporate event with VIPs, staff, and general attendees","Can one registration platform handle separate sign-up flows for VIP guests, internal staff, and general attendees at the same event?",event registration multiple attendee types VIP staff separate forms,detail-oriented and planning ahead,5.0,event_registration_ticketing,Event registration and ticketing software,Regenerated 2026-04-19
gen_1776633268_00120,Corporate Event Coordinator / Marketing Manager,educational,informational,prove event ROI through registration data,marketing manager reporting attendance and lead metrics to leadership,What registration data should I be capturing at corporate events to actually prove ROI to my leadership team afterward?,event registration data metrics prove marketing ROI,detail-oriented and planning ahead,5.0,event_registration_ticketing,Event registration and ticketing software,Regenerated 2026-04-19
gen_1776633268_00121,Corporate Event Coordinator / Marketing Manager,research,commercial,find all-in-one event management platforms,"coordinator juggling registration, budget, and volunteers across tools","I'm using four different tools to manage one event. Is there software that handles registration, budgeting, and staff scheduling together?",all-in-one event management registration budget staff scheduling software,newly aware and confused,5.0,event_registration_ticketing,Event registration and ticketing software,Regenerated 2026-04-19
gen_1776633268_00122,Corporate Event Coordinator / Marketing Manager,educational,informational,understand recurring event setup efficiency,coordinator running same annual sales meeting every year,We run the same annual sales conference every year. Can event software duplicate last year's setup automatically instead of rebuilding from scratch?,event software duplicate recurring annual event setup automatically,newly aware and confused,5.0,event_registration_ticketing,Event registration and ticketing software,Regenerated 2026-04-19
gen_1776633268_00123,Corporate Event Coordinator / Marketing Manager,commercial,commercial,evaluate payment processing for paid corporate events,marketing manager selling tickets to client appreciation event,Looking to sell tickets online for a client appreciation event. What should I know about payment processing before picking a platform?,event ticketing online payment processing corporate events,newly aware and confused,5.0,event_registration_ticketing,Event registration and ticketing software,Regenerated 2026-04-19
gen_1776633268_00124,Corporate Event Coordinator / Marketing Manager,research,informational,assess platform ease of use without IT support,marketing manager who can't submit IT tickets for every change,"How do I evaluate whether an event registration platform is actually self-serve, or if I'll need IT help every time something changes?",event registration platform self-serve no IT support evaluation,skeptical and comparing options,5.0,event_registration_ticketing,Event registration and ticketing software,Regenerated 2026-04-19
gen_1776633268_00125,Corporate Event Coordinator / Marketing Manager,commercial,commercial,find event software nonprofit pricing options,marketing manager at nonprofit running annual corporate-style gala,"Do event registration platforms typically offer nonprofit discounts, or is that only for basic tiers? Running a 400-person annual gala.",event registration software nonprofit discount pricing,skeptical and comparing options,5.0,event_registration_ticketing,Event registration and ticketing software,Regenerated 2026-04-19
gen_1776633268_00126,Corporate Event Coordinator / Marketing Manager,research,commercial,evaluate branded registration page quality,"corporate event coordinator, client-facing events, brand standards matter",Our brand team is strict about visuals. How polished do registration pages actually look on mid-market event platforms?,branded event registration page design mid-market software,skeptical and comparing options,5.0,event_registration_ticketing,Event registration and ticketing software,Regenerated 2026-04-19
gen_1776633268_00127,Corporate Event Coordinator / Marketing Manager,educational,informational,understand attendee segmentation in registration,"corporate event, mixing clients, partners, and internal staff","I need different registration experiences for clients, partners, and employees at one event. How granular does attendee segmentation get?",attendee segmentation registration types corporate event software,curious and exploratory,5.0,event_registration_ticketing,Event registration and ticketing software,Regenerated 2026-04-19
gen_1776633268_00128,Corporate Event Coordinator / Marketing Manager,educational,informational,assess post-event data export for ROI reporting,marketing manager proving event ROI to leadership,"What does a clean post-event data export actually look like — can I pull attendance, check-in times, and payment data in one report?",event registration platform data export attendance reporting ROI,practical and ready to act,5.0,event_registration_ticketing,Event registration and ticketing software,Regenerated 2026-04-19
gen_1776633268_00129,Corporate Event Coordinator / Marketing Manager,research,commercial,compare registration platforms for mid-size corporate events,coordinator evaluating options between basic and enterprise tiers,Enterprise event platforms are overkill for our 600-person conference. What should I actually be comparing when evaluating mid-tier options?,mid-market event registration software comparison corporate 500 attendees,skeptical and comparing options,5.0,event_registration_ticketing,Event registration and ticketing software,Regenerated 2026-04-19
gen_1776633268_00130,Corporate Event Coordinator / Marketing Manager,commercial,commercial,find platform with integrated ticketing and budget tracking,corporate coordinator managing vendor costs and ticket revenue together,"Is there event software that tracks ticket revenue and event expenses in the same dashboard, not two separate tools?",event software ticketing budget tracking integrated dashboard,practical and ready to act,5.0,event_registration_ticketing,Event registration and ticketing software,Regenerated 2026-04-19
gen_1776633268_00131,Corporate Event Coordinator / Marketing Manager,educational,informational,understand waitlist and capacity management features,corporate event with limited venue capacity and high demand,Our product launch sells out fast. How do waitlists and automatic capacity enforcement work in modern registration platforms?,event registration waitlist management capacity limits software,curious and exploratory,5.0,event_registration_ticketing,Event registration and ticketing software,Regenerated 2026-04-19
gen_1776633268_00132,Corporate Event Coordinator / Marketing Manager,support,informational,evaluate mobile check-in experience for attendees,corporate event coordinator running day-of operations,Long check-in lines killed our last event's first impression. What does a smooth mobile check-in flow look like on registration platforms?,mobile event check-in app registration platform corporate events,practical and ready to act,5.0,event_registration_ticketing,Event registration and ticketing software,Regenerated 2026-04-19
gen_1776633268_00133,Corporate Event Coordinator / Marketing Manager,research,commercial,assess sponsor and exhibitor registration handling,corporate trade show with tiered sponsor packages,"We have Gold, Silver, and Bronze sponsors who each need different registration perks. Can event platforms handle tiered sponsor sign-up flows?",sponsor registration tiers event software exhibitor management,skeptical and comparing options,5.0,event_registration_ticketing,Event registration and ticketing software,Regenerated 2026-04-19
gen_1776633268_00134,Educational Institution Event Manager,research,commercial,find ticketing software for scholarship gala,"university event manager, annual fundraiser, donor ticketing",Running a scholarship gala with tiered donor tickets. What registration platforms handle VIP pricing and donor acknowledgment well?,event ticketing software scholarship gala donor tiers university,detail-oriented and planning ahead,5.0,event_registration_ticketing,Event registration and ticketing software,Regenerated 2026-04-19
gen_1776633268_00135,Educational Institution Event Manager,educational,informational,understand transaction fee caps for events,"college coordinator, budget-constrained, high ticket volume",Do any event ticketing platforms cap their per-transaction fees? Processing 400 registrations and fees are eating our budget.,event registration platform capped transaction fees per ticket,time-pressed and direct,5.0,event_registration_ticketing,Event registration and ticketing software,Regenerated 2026-04-19
gen_1776633268_00136,Educational Institution Event Manager,educational,informational,collect custom attendee data at registration,"continuing-ed coordinator, corporate forum, compliance reporting",I need registrants to answer custom questions at sign-up for a corporate forum. Which platforms let you build flexible registration forms?,event registration software custom form fields attendee data,detail-oriented and planning ahead,5.0,event_registration_ticketing,Event registration and ticketing software,Regenerated 2026-04-19
gen_1776633268_00137,Educational Institution Event Manager,research,commercial,export registration reports for academic leadership,"alumni relations director, post-event reporting, administration","After each alumni event, leadership wants clean attendance and revenue reports. What event platforms export that data without manual cleanup?",event registration software reporting export attendance revenue,practical and ready to act,5.0,event_registration_ticketing,Event registration and ticketing software,Regenerated 2026-04-19
gen_1776633268_00138,Educational Institution Event Manager,educational,informational,manage multi-type registrants in one event,"campus event manager, speakers, sponsors, students, guests","My events have students, sponsors, faculty, and guest speakers all registering differently. Can one platform handle separate registration flows per type?",event registration software multiple attendee types separate flows,detail-oriented and planning ahead,5.0,event_registration_ticketing,Event registration and ticketing software,Regenerated 2026-04-19
gen_1776633268_00139,Educational Institution Event Manager,commercial,commercial,find nonprofit-priced event registration software,"K-12 school coordinator, tight budget, fundraiser events",Are there event registration platforms that offer nonprofit or educational discounts? Running fundraisers on a very tight school budget.,event registration software nonprofit discount educational pricing,time-pressed and direct,5.0,event_registration_ticketing,Event registration and ticketing software,Regenerated 2026-04-19
gen_1776633268_00140,Educational Institution Event Manager,commercial,transactional,sell tickets online for campus speaker series,"university events office, recurring speaker events, online sales",Looking to sell tickets online for a monthly speaker series. What platforms make setup fast when events repeat on a schedule?,sell tickets online recurring campus speaker series platform,practical and ready to act,5.0,event_registration_ticketing,Event registration and ticketing software,Regenerated 2026-04-19
gen_1776633268_00141,Educational Institution Event Manager,research,informational,track event budget alongside registration revenue,"college event coordinator, financial accountability, admin reporting",I need to track expenses and ticket revenue in the same tool. Do any event platforms include real-time budget tracking built in?,event registration platform built in budget tracking expenses revenue,detail-oriented and planning ahead,5.0,event_registration_ticketing,Event registration and ticketing software,Regenerated 2026-04-19
gen_1776633268_00142,Educational Institution Event Manager,commercial,commercial,process payments securely for admissions campus tours,"admissions office, campus tour fees, parent-facing registration",We charge families a small fee for campus tour registration. Which event platforms handle secure payment processing without needing IT setup?,event registration online payment processing campus tours no IT,practical and ready to act,5.0,event_registration_ticketing,Event registration and ticketing software,Regenerated 2026-04-19
gen_1776633268_00143,Educational Institution Event Manager,support,informational,manage vendor and sponsor registration for campus conference,"university conference coordinator, corporate sponsors, vendor tables",Hosting a corporate partnership conference with vendor tables and sponsors. Can event platforms register and track vendors separately from regular attendees?,event software vendor sponsor registration management conference,time-pressed and direct,5.0,event_registration_ticketing,Event registration and ticketing software,Regenerated 2026-04-19
gen_1776633268_00144,Educational Institution Event Manager,research,commercial,evaluate registration platform compliance reporting,"university event manager, academic leadership wants audit-ready financials","Our finance office wants detailed revenue breakdowns after every ticketed event. Which registration platforms produce clean, audit-ready financial reports?",event registration software financial reporting audit universities,detail-oriented and planning ahead,5.0,event_registration_ticketing,Event registration and ticketing software,Regenerated 2026-04-19
gen_1776633268_00145,Educational Institution Event Manager,commercial,commercial,handle multi-event academic calendar scheduling,continuing-ed coordinator running 8-10 events per academic year,I run a dozen events a year on the academic calendar. Does any platform let me manage all of them under one account?,event registration platform multiple events single account annual,practical and ready to act,5.0,event_registration_ticketing,Event registration and ticketing software,Regenerated 2026-04-19
gen_1776633268_00146,Educational Institution Event Manager,research,informational,assess volunteer registration alongside attendee ticketing,"alumni event coordinator managing students, staff, and guests simultaneously",We need student volunteers and paying alumni guests registering through the same event — is that possible without building two separate systems?,event platform volunteer registration ticketing same event,skeptical and comparing options,5.0,event_registration_ticketing,Event registration and ticketing software,Regenerated 2026-04-19
gen_1776633268_00147,Educational Institution Event Manager,educational,informational,find event software with no IT dependency,K-12 school coordinator with no dedicated IT support,No IT department to help me. Which event ticketing tools can a non-technical administrator actually set up and run solo?,event ticketing software easy setup no IT support,practical and ready to act,5.0,event_registration_ticketing,Event registration and ticketing software,Regenerated 2026-04-19
gen_1776633268_00148,Educational Institution Event Manager,research,commercial,compare mid-tier event platforms for annual gala,alumni relations director skeptical of basic vs enterprise pricing extremes,"Basic ticketing tools feel too limited, but enterprise platforms are overkill for our annual gala. What's actually in the middle?",mid-tier event registration software between basic enterprise,skeptical and comparing options,5.0,event_registration_ticketing,Event registration and ticketing software,Regenerated 2026-04-19
gen_1776633268_00149,Educational Institution Event Manager,educational,informational,understand event budget reporting for academic leadership,"university event manager, dean wants clean financials","What does a board-ready event budget report actually include, and how do I generate one without an accountant?",event budget report academic leadership board ready template,curious and exploratory,5.0,event_budget_tracking,Event budget tracking and management,Regenerated 2026-04-19
gen_1776633268_00150,Educational Institution Event Manager,support,informational,track multi-sponsor event expenses by category,"alumni gala with corporate sponsors, separate budget lines needed",I'm running a scholarship gala with four corporate sponsors. How do I track expenses separately per sponsor in one budget?,event budget tracking multiple sponsors expense categories,frustrated and overwhelmed,5.0,event_budget_tracking,Event budget tracking and management,Regenerated 2026-04-19
gen_1776633268_00151,Educational Institution Event Manager,research,commercial,compare event budget tools to spreadsheets,"college coordinator still using Excel, admin pushing for software","Is dedicated event budget software actually worth switching from Excel, or is it just a fancier spreadsheet?",event budget software vs excel worth switching,skeptical and comparing options,5.0,event_budget_tracking,Event budget tracking and management,Regenerated 2026-04-19
gen_1776633268_00152,Educational Institution Event Manager,commercial,commercial,find event software with receipt attachment,"campus event manager, compliance requires documentation",Looking for event planning software where I can attach receipts directly to expense line items for audit purposes.,event management software receipt attachment expense tracking audit,curious and exploratory,5.0,event_budget_tracking,Event budget tracking and management,Regenerated 2026-04-19
gen_1776633268_00153,Educational Institution Event Manager,educational,informational,manage multi-currency event budgets,"university hosting international speakers, mixed currency expenses",Our speaker series pays honorariums in USD and GBP. How do event budget tools handle mixed-currency expenses without breaking everything?,event budget software multi currency expense tracking,frustrated and overwhelmed,5.0,event_budget_tracking,Event budget tracking and management,Regenerated 2026-04-19
gen_1776633268_00154,Educational Institution Event Manager,research,commercial,find nonprofit event budget software discounts,"college foundation, tight budget, tax-exempt status","Do event management platforms typically offer nonprofit pricing, and what should I actually expect to pay for budget tracking features?",event management software nonprofit discount pricing budget tracking,skeptical and comparing options,5.0,event_budget_tracking,Event budget tracking and management,Regenerated 2026-04-19
gen_1776633268_00155,Educational Institution Event Manager,educational,informational,set up event budget categories from scratch,"new campus event coordinator, no prior system in place",I inherited zero documentation from the last coordinator. What budget categories should a university event actually start with?,event budget categories template university campus events,frustrated and overwhelmed,5.0,event_budget_tracking,Event budget tracking and management,Regenerated 2026-04-19
gen_1776633268_00156,Educational Institution Event Manager,research,commercial,compare budget-to-actual reporting in event tools,"continuing-ed coordinator, semester-end financial review due","Which event platforms generate a real budget-versus-actual comparison, not just a transaction log I have to interpret myself?",event software budget to actual report comparison feature,skeptical and comparing options,5.0,event_budget_tracking,Event budget tracking and management,Regenerated 2026-04-19
gen_1776633268_00157,Educational Institution Event Manager,support,informational,share live event budget with multiple stakeholders,"alumni director, faculty and finance team both need access","I need faculty, finance, and my director seeing the same live budget numbers. Can event tools support that kind of shared access?",event budget software multi stakeholder shared access real time,curious and exploratory,5.0,event_budget_tracking,Event budget tracking and management,Regenerated 2026-04-19
gen_1776633268_00158,Educational Institution Event Manager,commercial,commercial,reuse event budget templates across recurring events,K-12 coordinator running same fundraiser annually,I run the same fundraiser every spring. Is there event software that carries my budget structure forward so I'm not rebuilding it each year?,event budget template reuse recurring annual fundraiser software,curious and exploratory,5.0,event_budget_tracking,Event budget tracking and management,Regenerated 2026-04-19
gen_1776633268_00159,Educational Institution Event Manager,educational,informational,understand event budget variance reporting,"university event manager, academic leadership wants post-event financials",My dean wants a clean financial summary after every event. What does a budget variance report actually show?,event budget variance report academic leadership summary,newly aware and confused,5.0,event_budget_tracking,Event budget tracking and management,Regenerated 2026-04-19
gen_1776633268_00160,Educational Institution Event Manager,support,informational,track multi-department event cost splits,"college coordinator, costs shared across academic departments",Three departments are co-funding our alumni forum. How do I split and track shared event costs without losing my mind?,split event costs multiple departments budget tracking,emotional and looking for support,5.0,event_budget_tracking,Event budget tracking and management,Regenerated 2026-04-19
gen_1776633268_00161,Educational Institution Event Manager,research,commercial,find event software with real-time budget visibility,"campus events manager, finance team demands live spend updates","Looking for event software where our finance office sees live spending as it happens, not after I manually update a spreadsheet.",event management software real time budget tracking finance team,practical and ready to act,5.0,event_budget_tracking,Event budget tracking and management,Regenerated 2026-04-19
gen_1776633268_00162,Educational Institution Event Manager,research,commercial,evaluate event budget tool for compliance audits,"educational institution, sponsor funds require documented expense trails",We use corporate sponsor funds that get audited annually. Does dedicated event budget software actually hold up under that kind of scrutiny?,event budget software audit compliance expense documentation,skeptical and comparing options,5.0,event_budget_tracking,Event budget tracking and management,Regenerated 2026-04-19
gen_1776633268_00163,Educational Institution Event Manager,navigational,navigational,locate event platform with expense category templates,"new campus event coordinator, no budget framework inherited",I'm setting up my first scholarship gala budget from scratch. Is there event software with pre-built expense category templates I can start from?,event planning software budget category templates fundraiser gala,newly aware and confused,5.0,event_budget_tracking,Event budget tracking and management,Regenerated 2026-04-19
gen_1776633268_00164,Corporate Event Coordinator / Marketing Manager,educational,informational,real-time budget tracking during live event,"corporate event coordinator, expenses changing daily pre-event",How do event platforms handle budget tracking in real time when vendor invoices keep changing week to week?,real time event budget tracking software vendor invoices,detail-oriented and planning ahead,5.0,event_budget_tracking,Event budget tracking and management,Regenerated 2026-04-19
gen_1776633268_00165,Corporate Event Coordinator / Marketing Manager,educational,informational,generate board-ready event financial report,marketing manager reporting ROI to leadership post-event,I need to show leadership a clean budget-to-actual breakdown after our annual sales meeting. What format works best?,event budget to actual report leadership presentation format,detail-oriented and planning ahead,5.0,event_budget_tracking,Event budget tracking and management,Regenerated 2026-04-19
gen_1776633268_00166,Corporate Event Coordinator / Marketing Manager,research,commercial,find event software with built-in expense categories,corporate coordinator tired of building budget templates from scratch,Is there event management software that comes with pre-built expense category templates so I'm not starting from zero?,event management software built in budget expense categories templates,newly aware and confused,5.0,event_budget_tracking,Event budget tracking and management,Regenerated 2026-04-19
gen_1776633268_00167,Corporate Event Coordinator / Marketing Manager,educational,informational,attach receipts to event budget line items,marketing manager reconciling multi-vendor spend for finance team,"Can you attach receipts directly to budget line items in event planning tools, or does that always live in a separate system?",event planning software receipt attachment budget line items,newly aware and confused,5.0,event_budget_tracking,Event budget tracking and management,Regenerated 2026-04-19
gen_1776633268_00168,Corporate Event Coordinator / Marketing Manager,educational,informational,manage multi-currency event budget,corporate event coordinator with international vendors and travel costs,Running a client event with vendors in Canada and the UK — what's the cleanest way to manage a multi-currency event budget?,multi currency event budget management software USD CAD GBP,detail-oriented and planning ahead,5.0,event_budget_tracking,Event budget tracking and management,Regenerated 2026-04-19
gen_1776633268_00169,Corporate Event Coordinator / Marketing Manager,research,commercial,evaluate mid-market event budget software,"marketing manager, enterprise tools too expensive, basic tools insufficient","Enterprise event platforms are overkill for our team. What mid-market options actually include real budget tracking, not just ticketing?",mid market event software real budget tracking not just ticketing,newly aware and confused,5.0,event_budget_tracking,Event budget tracking and management,Regenerated 2026-04-19
gen_1776633268_00170,Corporate Event Coordinator / Marketing Manager,support,informational,recover from event budget overrun stress,event coordinator blindsided by last-minute executive scope additions,We're 10 days out and the budget just blew up from exec add-ons. How do other event coordinators even survive this?,event budget overrun last minute changes coordinator tips,emotional and looking for support,5.0,event_budget_tracking,Event budget tracking and management,Regenerated 2026-04-19
gen_1776633268_00171,Corporate Event Coordinator / Marketing Manager,educational,informational,prove event marketing ROI with financial data,marketing manager under pressure to justify event spend,My VP wants cost-per-attendee and ROI figures from last quarter's events. What data should I be capturing from the start?,event marketing ROI cost per attendee tracking data,detail-oriented and planning ahead,5.0,event_budget_tracking,Event budget tracking and management,Regenerated 2026-04-19
gen_1776633268_00172,Corporate Event Coordinator / Marketing Manager,research,commercial,find event platform with finance team budget sharing,coordinator needing finance team visibility without full platform access,Finance needs to see our event budget without logging into our planning tool. Does software exist that handles that kind of sharing?,event budget software finance team view sharing permissions,newly aware and confused,5.0,event_budget_tracking,Event budget tracking and management,Regenerated 2026-04-19
gen_1776633268_00173,Corporate Event Coordinator / Marketing Manager,commercial,commercial,cope with manual event budget spreadsheet burnout,"marketing manager running multiple events, spreadsheets breaking down",I'm managing four corporate events in one quarter and my budget spreadsheets are a disaster. There has to be a better way.,replace event budget spreadsheets multiple events software,emotional and looking for support,5.0,event_budget_tracking,Event budget tracking and management,Regenerated 2026-04-19
gen_1776633268_00174,Corporate Event Coordinator / Marketing Manager,educational,informational,understand board-ready event financial reporting,"corporate event coordinator, reporting to VP after product launch","What does a board-ready event financial report actually include, and how detailed should it be?",board ready event financial report format corporate,curious and exploratory,5.0,event_budget_tracking,Event budget tracking and management,Regenerated 2026-04-19
gen_1776633268_00175,Corporate Event Coordinator / Marketing Manager,support,informational,track event budget across multiple departments,marketing manager splitting costs across business units,Our event costs get split across three departments. How do other coordinators track that without losing their minds?,event budget tracking multiple departments cost allocation,time-pressed and direct,5.0,event_budget_tracking,Event budget tracking and management,Regenerated 2026-04-19
gen_1776633268_00176,Corporate Event Coordinator / Marketing Manager,research,commercial,find event software with built-in budget reporting,"mid-market corporate team, evaluating platforms with finance oversight",Looking for event planning software where finance can pull budget reports without needing my login. What options exist?,event management software budget reporting finance access,practical and ready to act,5.0,event_budget_tracking,Event budget tracking and management,Regenerated 2026-04-19
gen_1776633268_00177,Corporate Event Coordinator / Marketing Manager,educational,informational,calculate true cost per attendee across events,marketing manager proving ROI to leadership post-event,"Beyond venue and catering, what expense categories actually belong in a cost-per-attendee calculation for corporate events?",cost per attendee calculation corporate event expenses,curious and exploratory,5.0,event_budget_tracking,Event budget tracking and management,Regenerated 2026-04-19
gen_1776633268_00178,Corporate Event Coordinator / Marketing Manager,support,informational,manage vendor invoice changes mid-event cycle,coordinator juggling late vendor invoices before final reconciliation,Three vendors just revised their invoices two weeks post-event. How do I reconcile that against a closed budget?,vendor invoice revision post event budget reconciliation,time-pressed and direct,5.0,event_budget_tracking,Event budget tracking and management,Regenerated 2026-04-19
gen_1776633268_00179,Corporate Event Coordinator / Marketing Manager,commercial,commercial,evaluate mid-market event platforms with budget tools,"marketing manager replacing spreadsheets, $50K–$150K event budgets",I'm done managing event budgets in Excel. Which mid-market platforms actually include real expense tracking built in?,mid market event platform built in budget expense tracking,practical and ready to act,5.0,event_budget_tracking,Event budget tracking and management,Regenerated 2026-04-19
gen_1776633268_00180,Corporate Event Coordinator / Marketing Manager,educational,informational,set contingency budget for corporate events,"event coordinator planning annual sales meeting, exec add-ons likely",What percentage of a corporate event budget should I hold back for last-minute executive requests and overruns?,corporate event budget contingency percentage best practice,curious and exploratory,5.0,event_budget_tracking,Event budget tracking and management,Regenerated 2026-04-19
gen_1776633268_00181,Corporate Event Coordinator / Marketing Manager,research,commercial,find event budgeting software with receipt management,corporate coordinator managing multi-vendor paper trail for finance audit,Is there event software where I can upload receipts tied to specific line items so audits aren't a scramble?,event software receipt upload budget line item audit,practical and ready to act,5.0,event_budget_tracking,Event budget tracking and management,Regenerated 2026-04-19
gen_1776633268_00182,Corporate Event Coordinator / Marketing Manager,educational,informational,benchmark corporate event spend by category,marketing manager building first formal event budget framework,"Are there industry benchmarks for how corporate event budgets typically break down across venue, AV, catering, and staffing?",corporate event budget breakdown benchmarks by category,curious and exploratory,5.0,event_budget_tracking,Event budget tracking and management,Regenerated 2026-04-19
gen_1776633268_00183,Community Organization Leader / Committee Chair,support,informational,track event expenses without spreadsheets,"volunteer committee chair, rotating helpers, no tech background",I'm tired of chasing receipts in a shared Google Sheet. Is there a simpler way to track event expenses?,event expense tracking without spreadsheets volunteer organizer,frustrated and overwhelmed,5.0,event_budget_tracking,Event budget tracking and management,Regenerated 2026-04-19
gen_1776633268_00184,Community Organization Leader / Committee Chair,educational,informational,explain budget-to-actual reporting for events,"community festival chair, board presentation coming up",What exactly is budget-to-actual reporting and why do event organizers say their board requires it?,budget to actual reporting event organizers explained,detail-oriented and planning ahead,5.0,event_budget_tracking,Event budget tracking and management,Regenerated 2026-04-19
gen_1776633268_00185,Community Organization Leader / Committee Chair,support,commercial,find board-ready financial report templates for events,"unpaid gala chair, first time presenting financials to board",I have to present event financials to our board next month and have no idea where to start. Any templates that aren't intimidating?,board ready event financial report template nonprofit,emotional and looking for support,5.0,event_budget_tracking,Event budget tracking and management,Regenerated 2026-04-19
gen_1776633268_00186,Community Organization Leader / Committee Chair,research,commercial,carry forward last year's event budget,"rotating committee chair, annual community fair",Every year a new chair starts our fair budget from scratch. Is there software that carries last year's numbers forward automatically?,event budget software carry forward previous year recurring events,frustrated and overwhelmed,5.0,event_budget_tracking,Event budget tracking and management,Regenerated 2026-04-19
gen_1776633268_00187,Community Organization Leader / Committee Chair,educational,informational,attach receipts to event budget line items,"volunteer treasurer, vendors paid in cash and card","Our vendors pay with cash, card, and invoices mixed together. Can event budgeting tools actually attach receipts to each expense line?",event budget software receipt attachment expense line items,detail-oriented and planning ahead,5.0,event_budget_tracking,Event budget tracking and management,Regenerated 2026-04-19
gen_1776633268_00188,Community Organization Leader / Committee Chair,educational,informational,understand event budget category templates,"new committee chair, inherited disorganized records",I inherited a mess of unlabeled expenses from last year's chair. What budget categories do most community events actually use?,event budget categories template community festival organizer,frustrated and overwhelmed,5.0,event_budget_tracking,Event budget tracking and management,Regenerated 2026-04-19
gen_1776633268_00189,Community Organization Leader / Committee Chair,commercial,commercial,find affordable event budget software under $1000,"cost-conscious civic event committee, tight annual budget","Looking for event budget tracking software that won't eat our entire operating budget. What's actually worth paying for under $1,000 a year?",affordable event budget tracking software under 1000 per year,detail-oriented and planning ahead,5.0,event_budget_tracking,Event budget tracking and management,Regenerated 2026-04-19
gen_1776633268_00190,Community Organization Leader / Committee Chair,support,informational,share live budget access with committee volunteers,"multi-person volunteer team, everyone needs visibility",Three different committee members are approving expenses and nobody knows what's left in the budget. How do teams share live budget access?,shared live event budget access multiple team members volunteers,frustrated and overwhelmed,5.0,event_budget_tracking,Event budget tracking and management,Regenerated 2026-04-19
gen_1776633268_00191,Community Organization Leader / Committee Chair,research,commercial,manage event budget in Canadian dollars,"Canadian community parade organizer, CAD-denominated costs",All our vendors and sponsors are in Canadian dollars. Do event budget tools actually support CAD or just convert awkwardly from USD?,event budget software Canadian dollars CAD support,detail-oriented and planning ahead,5.0,event_budget_tracking,Event budget tracking and management,Regenerated 2026-04-19
gen_1776633268_00192,Community Organization Leader / Committee Chair,support,informational,protect institutional knowledge when chair changes,"outgoing volunteer chair, handing off annual fundraising gala",I'm stepping down after five years running our gala and terrified the next chair will lose everything. How do other organizers handle this handoff?,event committee chair handoff institutional knowledge recurring annual event,emotional and looking for support,5.0,event_budget_tracking,Event budget tracking and management,Regenerated 2026-04-19
gen_1776633268_00193,Community Organization Leader / Committee Chair,educational,informational,understand real-time budget visibility for events,"volunteer chair, multiple people spending simultaneously",Mid-event our cash is flying out in every direction. How do organizers actually see their remaining budget in real time?,real time event budget tracking multiple spenders,curious and exploratory,5.0,event_budget_tracking,Event budget tracking and management,Regenerated 2026-04-19
gen_1776633268_00194,Community Organization Leader / Committee Chair,commercial,commercial,find nonprofit event budget software discount,"cost-conscious committee chair, tight community org budget",Do event management platforms typically offer nonprofit pricing? Our annual festival runs on donations and every dollar counts.,event budget software nonprofit discount pricing,detail-oriented and planning ahead,5.0,event_budget_tracking,Event budget tracking and management,Regenerated 2026-04-19
gen_1776633268_00195,Community Organization Leader / Committee Chair,educational,informational,understand budget vs actual event reporting,"new committee chair, no finance background",Someone told me I need a budget-to-actual report for our festival. I don't really know what that means — can you explain simply?,budget to actual report event organizer explained simply,newly aware and confused,5.0,event_budget_tracking,Event budget tracking and management,Regenerated 2026-04-19
gen_1776633268_00196,Community Organization Leader / Committee Chair,research,commercial,find event software with built-in budget tracking,"community chair juggling separate tools, wants consolidation",I'm using one app for expenses and another for registration. Is there event software that handles both in one place?,event management software built in budget tracking registration,curious and exploratory,5.0,event_budget_tracking,Event budget tracking and management,Regenerated 2026-04-19
gen_1776633268_00197,Community Organization Leader / Committee Chair,support,informational,set up sponsor income tracking in event budget,"annual fundraiser chair, sponsors pay at different times",Our sponsors commit money months apart and I lose track of who's actually paid. How should I log incoming sponsorship revenue in an event budget?,tracking sponsor payments event budget income categories,detail-oriented and planning ahead,5.0,event_budget_tracking,Event budget tracking and management,Regenerated 2026-04-19
gen_1776633268_00198,Nonprofit Event Director / Program Coordinator,support,informational,real-time budget tracking during event,"nonprofit director, gala underway, board wants live numbers",Our gala is happening this weekend and the board wants live expense updates. How do I track spending in real time?,real time event budget tracking during event,time-pressed and direct,5.0,event_budget_tracking,Event budget tracking and management,Regenerated 2026-04-19
gen_1776633268_00199,Nonprofit Event Director / Program Coordinator,educational,informational,build nonprofit event budget template,program coordinator planning first $75K fundraiser,Building my first $75K fundraiser budget from scratch. What expense categories should a nonprofit event budget always include?,nonprofit event budget template expense categories fundraiser,detail-oriented and planning ahead,5.0,event_budget_tracking,Event budget tracking and management,Regenerated 2026-04-19
gen_1776633268_00200,Nonprofit Event Director / Program Coordinator,commercial,commercial,find event software with budget tracking,"nonprofit director, outgrown spreadsheets, needs board-ready reports","Spreadsheets aren't cutting it anymore. Is there event management software that includes real budget tracking, not just ticketing?",event management software with budget tracking not just ticketing,frustrated and overwhelmed,5.0,event_budget_tracking,Event budget tracking and management,Regenerated 2026-04-19
gen_1776633268_00201,Nonprofit Event Director / Program Coordinator,support,informational,create board-ready event financial report,"events director, post-gala debrief, board meeting next week",Board meeting is next Tuesday and I need a clean budget-to-actual report from our gala. What should that document include?,board ready event budget to actual report nonprofit,time-pressed and direct,5.0,event_budget_tracking,Event budget tracking and management,Regenerated 2026-04-19
gen_1776633268_00202,Nonprofit Event Director / Program Coordinator,educational,informational,track event vendor invoices and receipts,"program coordinator managing 12 vendors, finance team asking for documentation",Finance is asking for receipts from 12 different vendors. What's a sane way to attach and organize receipts inside an event budget?,event budget receipt attachment vendor invoice tracking software,frustrated and overwhelmed,5.0,event_budget_tracking,Event budget tracking and management,Regenerated 2026-04-19
gen_1776633268_00203,Nonprofit Event Director / Program Coordinator,research,commercial,compare event budget software options,nonprofit director evaluating tools with $150K annual event spend,"Running three fundraisers a year with a combined $150K budget. Which event platforms include actual budget management, not just registration?",event platform with budget management tools nonprofit fundraiser,detail-oriented and planning ahead,5.0,event_budget_tracking,Event budget tracking and management,Regenerated 2026-04-19
gen_1776633268_00204,Nonprofit Event Director / Program Coordinator,educational,informational,prevent event budget overruns proactively,"events director, two months out, past events ran 20% over",Last year we ran 20% over budget and I didn't see it coming. How do I set up early warnings before an event overspends?,event budget overrun prevention alerts tracking,detail-oriented and planning ahead,5.0,event_budget_tracking,Event budget tracking and management,Regenerated 2026-04-19
gen_1776633268_00205,Nonprofit Event Director / Program Coordinator,educational,informational,manage multi-currency event expenses,"nonprofit coordinator, Canadian event, some USD vendor contracts",Some of our vendors invoice in USD but our event budget is in CAD. How should I handle multi-currency tracking without losing accuracy?,event budget multi currency tracking CAD USD nonprofit,detail-oriented and planning ahead,5.0,event_budget_tracking,Event budget tracking and management,Regenerated 2026-04-19
gen_1776633268_00206,Nonprofit Event Director / Program Coordinator,research,informational,justify event software cost to leadership,"program coordinator, ED questioning new software spend",My ED is questioning whether dedicated event software is worth the annual fee. What ROI arguments actually land with nonprofit leadership?,nonprofit event software ROI justify cost leadership,frustrated and overwhelmed,5.0,event_budget_tracking,Event budget tracking and management,Regenerated 2026-04-19
gen_1776633268_00207,Nonprofit Event Director / Program Coordinator,commercial,commercial,reuse budget structure for recurring annual event,"events director running same gala every year, tired of rebuilding",I rebuild the same gala budget from zero every January. Is there a way to carry forward last year's budget structure automatically?,reuse event budget template recurring annual gala software,time-pressed and direct,5.0,event_budget_tracking,Event budget tracking and management,Regenerated 2026-04-19
gen_1776633268_00208,Nonprofit Event Director / Program Coordinator,educational,informational,justify event software to board,"nonprofit ED, board scrutinizes every software expense","My board sees event software as overhead, not investment. How do I frame it as financial accountability, not a cost?",event management software nonprofit board justification financial accountability,frustrated and overwhelmed,5.0,event_budget_tracking,Event budget tracking and management,Regenerated 2026-04-19
gen_1776633268_00209,Nonprofit Event Director / Program Coordinator,support,informational,track volunteer reimbursements in event budget,"nonprofit coordinator, volunteers submitting expense claims",Volunteers are submitting reimbursement requests from three different channels. How do I consolidate those into one event budget?,volunteer expense reimbursement tracking event budget nonprofit,frustrated and overwhelmed,5.0,event_budget_tracking,Event budget tracking and management,Regenerated 2026-04-19
gen_1776633268_00210,Nonprofit Event Director / Program Coordinator,educational,informational,structure budget categories for annual gala,events director planning $100K fundraiser six months out,Planning a $100K gala and want airtight budget categories before a single vendor is booked. What structure actually holds?,nonprofit gala budget category structure planning template,detail-oriented and planning ahead,5.0,event_budget_tracking,Event budget tracking and management,Regenerated 2026-04-19
gen_1776633268_00211,Nonprofit Event Director / Program Coordinator,research,commercial,compare event budget tools for nonprofits,"program coordinator outgrown spreadsheets, under $3K budget for software","Looking for event budget software built for nonprofits — not spreadsheets, not enterprise pricing. What are my realistic options?",event budget software nonprofit affordable not enterprise,curious and exploratory,5.0,event_budget_tracking,Event budget tracking and management,Regenerated 2026-04-19
gen_1776633268_00212,Nonprofit Event Director / Program Coordinator,educational,informational,produce donor-facing financial summary post-event,"nonprofit director, major donors want proof of fund use",Major donors want to see exactly where their money went after our fundraiser. What should a post-event financial summary include?,post-event donor financial summary nonprofit fundraiser report,detail-oriented and planning ahead,5.0,event_budget_tracking,Event budget tracking and management,Regenerated 2026-04-19
gen_1776633268_00213,Nonprofit Event Director / Program Coordinator,commercial,commercial,find event platform with built-in budget reporting,"events director evaluating tools, needs board-ready reports",I need event software that produces board-ready budget reports without me exporting to Excel first. Does that exist?,event management platform built-in budget reporting board ready,frustrated and overwhelmed,5.0,event_budget_tracking,Event budget tracking and management,Regenerated 2026-04-19
gen_1776633268_00214,Nonprofit Event Director / Program Coordinator,educational,informational,split shared costs across multiple events,nonprofit running three annual events sharing vendor contracts,We share a venue and AV vendor across two events. How do I split and track those shared costs without double-counting?,shared vendor cost allocation multiple events budget tracking,detail-oriented and planning ahead,5.0,event_budget_tracking,Event budget tracking and management,Regenerated 2026-04-19
gen_1776633268_00215,Nonprofit Event Director / Program Coordinator,educational,informational,understand budget-to-actual reporting for events,program coordinator new to formal financial reporting,I keep hearing about budget-to-actual reporting but I'm fuzzy on what it actually shows. Can someone explain it plainly?,budget to actual reporting events explained nonprofit,curious and exploratory,5.0,event_budget_tracking,Event budget tracking and management,Regenerated 2026-04-19
gen_1776633268_00216,Nonprofit Event Director / Program Coordinator,navigational,navigational,navigate nonprofit discount on event software,"ED evaluating paid tools, operating on tight annual budget","Do event management platforms typically offer nonprofit pricing, and what do I need to qualify? Trying to figure out real cost.",event management software nonprofit discount pricing eligibility,curious and exploratory,5.0,event_budget_tracking,Event budget tracking and management,Regenerated 2026-04-19
gen_1776633268_00217,Nonprofit Event Director / Program Coordinator,support,informational,set spending approval workflow before event,"events director, volunteers making untracked purchases",Volunteers are buying things without approval and it's wrecking my budget. What spending authorization process actually works for small teams?,event spending approval workflow volunteer team nonprofit budget control,frustrated and overwhelmed,5.0,event_budget_tracking,Event budget tracking and management,Regenerated 2026-04-19
gen_1776633268_00218,Nonprofit Event Director / Program Coordinator,educational,informational,track event expenses in real time,"nonprofit director, mid-event spending spiraling, no live visibility",Mid-event and I have no idea if we're over budget. How do organizers track expenses as they happen?,real time event expense tracking nonprofit organizer,practical and ready to act,5.0,event_budget_tracking,Event budget tracking and management,Regenerated 2026-04-19
gen_1776633268_00219,Nonprofit Event Director / Program Coordinator,educational,informational,understand budget-to-actual reporting for boards,"nonprofit event director, post-gala board presentation due",Board meeting is next week and I need financials from our gala. What does a budget-vs-actual report actually look like?,budget vs actual event report nonprofit board presentation,practical and ready to act,5.0,event_budget_tracking,Event budget tracking and management,Regenerated 2026-04-19
gen_1776633268_00220,Nonprofit Event Director / Program Coordinator,research,commercial,find event software with built-in budget tracking,"outgrown ticketing-only tools, managing $75K fundraiser",Ticketing platform handles registration but I'm still budgeting in spreadsheets. Is there software that combines both?,event management software built in budget tracking fundraiser,newly aware and confused,5.0,event_budget_tracking,Event budget tracking and management,Regenerated 2026-04-19
gen_1776633268_00221,Nonprofit Event Director / Program Coordinator,research,commercial,evaluate event software budget reporting depth,nonprofit coordinator comparing tools before annual renewal,Some event platforms call anything a budget report. What features actually separate a real budget tool from a basic one?,event software budget reporting features comparison nonprofit,skeptical and comparing options,5.0,event_budget_tracking,Event budget tracking and management,Regenerated 2026-04-19
gen_1776633268_00222,Nonprofit Event Director / Program Coordinator,support,informational,attach receipts to event budget line items,"volunteer-heavy team, chaotic post-event reimbursement process","Is receipt attachment to specific budget line items a standard feature in event management tools, or do I need a workaround?",event budget software receipt attachment line item expense,newly aware and confused,5.0,event_budget_tracking,Event budget tracking and management,Regenerated 2026-04-19
gen_1776633268_00223,Nonprofit Event Director / Program Coordinator,commercial,commercial,compare event platforms on nonprofit budget tools,"director ruling out enterprise pricing, needs real financial controls",I can't justify enterprise event software pricing. Which mid-tier platforms actually include serious budget controls for nonprofits?,mid tier event management platform nonprofit budget tools,skeptical and comparing options,5.0,event_budget_tracking,Event budget tracking and management,Regenerated 2026-04-19
gen_1776633268_00224,Nonprofit Event Director / Program Coordinator,educational,informational,assign volunteer roles without chaos,"nonprofit director, 60 volunteers, annual gala approaching",I have 60 volunteers for our gala and zero system for assigning jobs. Where do I even start?,volunteer job assignment system nonprofit event,frustrated and overwhelmed,5.0,volunteer_staff_coordination,Volunteer and staff coordination for events,Regenerated 2026-04-19
gen_1776633268_00225,Nonprofit Event Director / Program Coordinator,research,commercial,detect volunteer schedule conflicts before event day,"program coordinator, multi-shift event, overlapping signups",Volunteers keep signing up for overlapping shifts and I don't catch it until event day. Is there software that flags conflicts automatically?,volunteer schedule conflict detection event software,frustrated and overwhelmed,5.0,volunteer_staff_coordination,Volunteer and staff coordination for events,Regenerated 2026-04-19
gen_1776633268_00226,Nonprofit Event Director / Program Coordinator,support,informational,communicate with event-day team in real time,"nonprofit event director, large outdoor festival, scattered staff",Our team is spread across 12 zones during the festival. What's the most reliable way to push real-time updates to all of them at once?,real time staff communication large event day coordination,practical and ready to act,5.0,volunteer_staff_coordination,Volunteer and staff coordination for events,Regenerated 2026-04-19
gen_1776633268_00227,Nonprofit Event Director / Program Coordinator,educational,informational,onboard low-tech volunteers without training sessions,"nonprofit with aging volunteer base, limited tech comfort",Half my volunteers barely use smartphones. How do I get them using a coordination tool without running a full training session?,simple volunteer coordination tool low tech users nonprofit,practical and ready to act,5.0,volunteer_staff_coordination,Volunteer and staff coordination for events,Regenerated 2026-04-19
gen_1776633268_00228,Nonprofit Event Director / Program Coordinator,research,commercial,find platforms with mobile volunteer visibility,"events director, wants live headcount view during event",Looking for event platforms that show me a live map or dashboard of where my volunteers are checked in during the event.,event platform mobile volunteer check in visibility dashboard,detail-oriented and planning ahead,5.0,volunteer_staff_coordination,Volunteer and staff coordination for events,Regenerated 2026-04-19
gen_1776633268_00229,Nonprofit Event Director / Program Coordinator,educational,informational,reduce volunteer no-shows with automated reminders,"nonprofit coordinator, recurring no-show problem, 80 volunteers",We lose 15-20% of volunteers to no-shows every event. What automated reminder workflows actually move the needle on this?,reduce volunteer no shows automated reminders event management,frustrated and overwhelmed,5.0,volunteer_staff_coordination,Volunteer and staff coordination for events,Regenerated 2026-04-19
gen_1776633268_00230,Nonprofit Event Director / Program Coordinator,research,commercial,compare volunteer management features across event platforms,"nonprofit director evaluating tools, $50K fundraiser budget","I need volunteer scheduling, shift tracking, and day-of communication in one tool. Which mid-market event platforms actually bundle all three?",event platform volunteer scheduling shift tracking communication bundled,detail-oriented and planning ahead,5.0,volunteer_staff_coordination,Volunteer and staff coordination for events,Regenerated 2026-04-19
gen_1776633268_00231,Nonprofit Event Director / Program Coordinator,educational,informational,build a volunteer shift schedule for a multi-day event,"program coordinator, 3-day community festival, 45 volunteers",Planning a 3-day festival with 45 volunteers across morning and evening shifts. What's the cleanest way to build and share that schedule?,multi day event volunteer shift schedule template tool,detail-oriented and planning ahead,5.0,volunteer_staff_coordination,Volunteer and staff coordination for events,Regenerated 2026-04-19
gen_1776633268_00232,Nonprofit Event Director / Program Coordinator,educational,informational,make volunteer team look professional to donors,"nonprofit director, board scrutiny, donor-facing event",Our board wants the gala to feel polished. How do I make a volunteer crew look as coordinated as a paid professional team?,volunteer coordination professional event nonprofit donor gala,practical and ready to act,5.0,volunteer_staff_coordination,Volunteer and staff coordination for events,Regenerated 2026-04-19
gen_1776633268_00233,Nonprofit Event Director / Program Coordinator,commercial,commercial,find all-in-one event tools with staff and volunteer management,"nonprofit director, outgrown basic ticketing, needs more features",Ticketing-only platforms aren't cutting it anymore. I need registration plus volunteer job management in one place — what fits that?,event management platform registration volunteer management combined nonprofit,practical and ready to act,5.0,volunteer_staff_coordination,Volunteer and staff coordination for events,Regenerated 2026-04-19
gen_1776633268_00234,Nonprofit Event Director / Program Coordinator,educational,informational,understand volunteer management software basics,"nonprofit director, new to dedicated coordination tools",I keep hearing about volunteer management software but I'm not sure what it actually does differently than a shared spreadsheet.,volunteer management software vs spreadsheet nonprofit events,newly aware and confused,5.0,volunteer_staff_coordination,Volunteer and staff coordination for events,Regenerated 2026-04-19
gen_1776633268_00235,Nonprofit Event Director / Program Coordinator,support,informational,track volunteer check-in status event day,"nonprofit coordinator, 80 volunteers across large venue","Is there a way to see which volunteers have actually checked in versus just confirmed, without calling each team lead?",volunteer check-in tracking event day visibility tool,detail-oriented and planning ahead,5.0,volunteer_staff_coordination,Volunteer and staff coordination for events,Regenerated 2026-04-19
gen_1776633268_00236,Nonprofit Event Director / Program Coordinator,educational,informational,assign volunteer roles by skill or availability,"annual gala, 40+ volunteers with uneven experience",How do event coordinators match volunteers to specific jobs based on skills and availability without doing it manually one by one?,volunteer role assignment by skill availability event software,newly aware and confused,5.0,volunteer_staff_coordination,Volunteer and staff coordination for events,Regenerated 2026-04-19
gen_1776633268_00237,Nonprofit Event Director / Program Coordinator,research,commercial,compare all-in-one vs separate volunteer tools,"nonprofit using three disconnected tools, budget-conscious","We use separate tools for registration, scheduling, and volunteer comms. Is consolidating into one platform actually worth the switch?",all in one event platform vs separate tools volunteer management,skeptical and comparing options,5.0,volunteer_staff_coordination,Volunteer and staff coordination for events,Regenerated 2026-04-19
gen_1776633268_00238,Nonprofit Event Director / Program Coordinator,support,informational,communicate role changes to volunteers mid-event,"festival director, last-minute reassignments happen constantly","When a volunteer role changes on event day, what's the fastest way to notify just that person without broadcasting to everyone?",targeted volunteer notification role change event day communication,detail-oriented and planning ahead,5.0,volunteer_staff_coordination,Volunteer and staff coordination for events,Regenerated 2026-04-19
gen_1776633268_00239,Nonprofit Event Director / Program Coordinator,commercial,commercial,evaluate nonprofit pricing for event coordination software,"nonprofit director, tight budget, board approval needed","Do event management platforms typically offer nonprofit discounts, and what should I expect to pay for volunteer coordination features?",event management software nonprofit discount volunteer coordination pricing,skeptical and comparing options,5.0,volunteer_staff_coordination,Volunteer and staff coordination for events,Regenerated 2026-04-19
gen_1776633268_00240,Nonprofit Event Director / Program Coordinator,educational,informational,create volunteer briefing materials without design resources,"small nonprofit, no marketing or design staff","I need each volunteer to know their exact role, location, and contact before arrival. What format actually gets read and remembered?",volunteer briefing document format event day instructions,detail-oriented and planning ahead,5.0,volunteer_staff_coordination,Volunteer and staff coordination for events,Regenerated 2026-04-19
gen_1776633268_00241,Nonprofit Event Director / Program Coordinator,research,commercial,find platforms with volunteer portal mobile access,"coordinator researching tools, volunteers use phones only",Looking for event platforms where volunteers can view their schedule and check in from a phone without downloading a separate app.,event platform volunteer mobile portal no app download,skeptical and comparing options,5.0,volunteer_staff_coordination,Volunteer and staff coordination for events,Regenerated 2026-04-19
gen_1776633268_00242,Nonprofit Event Director / Program Coordinator,research,commercial,handle volunteer hour tracking for grant reporting,"nonprofit director, funder requires documented volunteer hours",Our grant funder requires documented volunteer hours post-event. Which tools log and export that data without manual entry afterward?,volunteer hour tracking export nonprofit grant reporting event software,detail-oriented and planning ahead,5.0,volunteer_staff_coordination,Volunteer and staff coordination for events,Regenerated 2026-04-19
gen_1776633268_00243,Nonprofit Event Director / Program Coordinator,navigational,navigational,understand what event-day volunteer dashboards show,"first-time user of coordination software, pre-purchase stage",I've seen demos mention a volunteer dashboard but I don't really understand what I'd actually see and do with it on event day.,volunteer dashboard event management software what it shows,newly aware and confused,5.0,volunteer_staff_coordination,Volunteer and staff coordination for events,Regenerated 2026-04-19
gen_1776633268_00244,Nonprofit Event Director / Program Coordinator,educational,informational,understand volunteer no-show contingency planning,"nonprofit event director, 60+ volunteers, day-of chaos fear",Half my confirmed volunteers didn't show last year. How do event coordinators actually build a no-show contingency into their staffing plan?,volunteer no-show contingency plan event staffing,frustrated and overwhelmed,5.0,volunteer_staff_coordination,Volunteer and staff coordination for events,Regenerated 2026-04-19
gen_1776633268_00245,Nonprofit Event Director / Program Coordinator,research,commercial,find software with mobile volunteer schedule access,nonprofit coordinator managing 80 volunteers with low tech skills,Looking for tools where volunteers can pull up their schedule and assignment from a phone — nothing that needs training to use.,volunteer schedule mobile access event management software,newly aware and confused,5.0,volunteer_staff_coordination,Volunteer and staff coordination for events,Regenerated 2026-04-19
gen_1776633268_00246,Nonprofit Event Director / Program Coordinator,research,commercial,detect volunteer schedule conflicts before event day,program coordinator building multi-shift volunteer roster,I'm assigning volunteers across four shifts and two venues. Is there software that flags double-bookings automatically before I finalize the schedule?,volunteer schedule conflict detection event software,detail-oriented and planning ahead,5.0,volunteer_staff_coordination,Volunteer and staff coordination for events,Regenerated 2026-04-19
gen_1776633268_00247,Nonprofit Event Director / Program Coordinator,support,informational,communicate role-specific instructions to event staff,"nonprofit gala coordinator, mixed paid staff and volunteers",We have 12 different volunteer roles at our gala. How do coordinators send instructions to each group without one giant confusing email blast?,role specific volunteer communication event coordination tools,frustrated and overwhelmed,5.0,volunteer_staff_coordination,Volunteer and staff coordination for events,Regenerated 2026-04-19
gen_1776633268_00248,Nonprofit Event Director / Program Coordinator,commercial,commercial,evaluate all-in-one volunteer and registration platforms,"nonprofit director outgrown basic ticketing, budget under $3K/year",Our ticketing tool handles registration but nothing else. What should I compare when evaluating platforms that also handle volunteers and scheduling?,event platform volunteer management registration combined features comparison,newly aware and confused,5.0,volunteer_staff_coordination,Volunteer and staff coordination for events,Regenerated 2026-04-19
gen_1776633268_00249,Nonprofit Event Director / Program Coordinator,educational,informational,build real-time event-day team visibility dashboard,"events director coordinating across multiple zones, board watching",On event day I'm blind to what's happening across zones until something breaks. What does real-time staff visibility actually look like in practice?,real time volunteer staff visibility event day management,detail-oriented and planning ahead,5.0,volunteer_staff_coordination,Volunteer and staff coordination for events,Regenerated 2026-04-19
gen_1776633268_00250,Corporate Event Coordinator / Marketing Manager,research,commercial,evaluate branded attendee portals,"corporate coordinator, brand consistency is non-negotiable",Our attendees expect a polished branded experience. Can event apps be fully white-labeled without involving IT?,white label branded attendee portal event app corporate,detail-oriented and planning ahead,5.0,mobile_event_apps,Mobile event apps and attendee experience,Regenerated 2026-04-19
gen_1776633268_00251,Corporate Event Coordinator / Marketing Manager,educational,informational,understand no-download web app tradeoffs,"corporate event, 500+ attendees, mixed device types","Do attendees actually need to download an app, or do browser-based event portals work just as well?",no download web app vs native app attendee event experience,curious and exploratory,5.0,mobile_event_apps,Mobile event apps and attendee experience,Regenerated 2026-04-19
gen_1776633268_00252,Corporate Event Coordinator / Marketing Manager,educational,informational,send real-time updates to attendees,"sales conference, last-minute schedule changes expected",Room changes and speaker swaps happen constantly at our sales meeting. How do mobile event apps push updates instantly?,real time schedule updates mobile event app attendees,detail-oriented and planning ahead,5.0,mobile_event_apps,Mobile event apps and attendee experience,Regenerated 2026-04-19
gen_1776633268_00253,Corporate Event Coordinator / Marketing Manager,research,informational,integrate sponsor visibility into attendee app,"client appreciation event, sponsors need measurable exposure",Sponsors want proof of visibility beyond a banner. What does sponsor integration actually look like inside an attendee event app?,sponsor integration attendee event app corporate visibility,curious and exploratory,5.0,mobile_event_apps,Mobile event apps and attendee experience,Regenerated 2026-04-19
gen_1776633268_00254,Corporate Event Coordinator / Marketing Manager,research,commercial,find mobile app with personalized attendee schedules,"multi-track internal conference, 300 employees",We have five breakout tracks running simultaneously. Which event apps let attendees build and save their own personalized schedule?,personalized attendee schedule event app multi track conference,detail-oriented and planning ahead,5.0,mobile_event_apps,Mobile event apps and attendee experience,Regenerated 2026-04-19
gen_1776633268_00255,Corporate Event Coordinator / Marketing Manager,educational,informational,measure attendee engagement through app data,marketing manager proving event ROI to leadership,My VP wants engagement metrics from our product launch. What data do mobile event apps actually capture about attendee behavior?,attendee engagement data analytics mobile event app ROI,detail-oriented and planning ahead,5.0,mobile_event_apps,Mobile event apps and attendee experience,Regenerated 2026-04-19
gen_1776633268_00256,Corporate Event Coordinator / Marketing Manager,support,informational,understand mobile event app setup complexity,"moderately tech-savvy coordinator, no IT support available",I'm not an IT person. How long does it realistically take to set up a mobile attendee portal for a corporate event?,how long to set up mobile event attendee portal,newly aware and confused,5.0,mobile_event_apps,Mobile event apps and attendee experience,Regenerated 2026-04-19
gen_1776633268_00257,Corporate Event Coordinator / Marketing Manager,commercial,commercial,compare event app options for mid-size corporate events,"evaluating platforms, 200-800 attendee events, mid-market budget",Looking for a mobile attendee experience platform that's serious enough for corporate but not priced for Fortune 500. What fits?,mobile event app mid market corporate attendee experience platform,curious and exploratory,5.0,mobile_event_apps,Mobile event apps and attendee experience,Regenerated 2026-04-19
gen_1776633268_00258,Corporate Event Coordinator / Marketing Manager,navigational,navigational,navigate to event app with organizer controls,coordinator managing day-of logistics solo,I need an event app where I can push announcements and edit the schedule myself on event day without calling support.,event app organizer real time control announcements schedule edits,detail-oriented and planning ahead,5.0,mobile_event_apps,Mobile event apps and attendee experience,Regenerated 2026-04-19
gen_1776633268_00259,Corporate Event Coordinator / Marketing Manager,educational,informational,clarify what a mobile event portal actually includes,"newly evaluating options, unfamiliar with event tech terminology",I keep seeing 'attendee portal' mentioned in event software — what does that actually mean and what can attendees do inside it?,what is attendee portal event software features explained,newly aware and confused,5.0,mobile_event_apps,Mobile event apps and attendee experience,Regenerated 2026-04-19
gen_1776633268_00260,Corporate Event Coordinator / Marketing Manager,research,informational,understand event app ROI metrics,"corporate coordinator, proving marketing ROI to leadership",I'm trying to show leadership that our event app investment was worth it. What metrics actually matter?,event app ROI metrics attendee engagement corporate events,curious and exploratory,5.0,mobile_event_apps,Mobile event apps and attendee experience,Regenerated 2026-04-19
gen_1776633268_00261,Corporate Event Coordinator / Marketing Manager,commercial,commercial,find mid-market branded event app,"marketing manager, needs polished app without enterprise pricing","Looking for a branded attendee app for corporate events — professional enough to impress clients, not priced for huge enterprises.",branded attendee event app mid-market corporate,newly aware and confused,5.0,mobile_event_apps,Mobile event apps and attendee experience,Regenerated 2026-04-19
gen_1776633268_00262,Corporate Event Coordinator / Marketing Manager,support,informational,recover from poor attendee app experience,"coordinator post-event, attendees complained about navigation",Our last event app confused half our attendees and I got blamed. How do I pick something more intuitive next time?,easy to use attendee event app corporate conference,emotional and looking for support,5.0,mobile_event_apps,Mobile event apps and attendee experience,Regenerated 2026-04-19
gen_1776633268_00263,Community Organization Leader / Committee Chair,educational,informational,assign volunteer roles without confusion,"committee chair, 40+ volunteers, annual community festival",Running a town festival with 40 volunteers. How do I assign shifts and roles without constant back-and-forth emails?,volunteer shift assignment tool community festival,time-pressed and direct,5.0,volunteer_staff_coordination,Volunteer and staff coordination for events,Regenerated 2026-04-19
gen_1776633268_00264,Community Organization Leader / Committee Chair,support,informational,handle volunteer no-shows day of event,"day-of crisis, unpaid chair, gaps in coverage",Three volunteers didn't show up this morning. What's the fastest way to reassign their jobs to people already on-site?,volunteer no show event day reassign roles,time-pressed and direct,5.0,volunteer_staff_coordination,Volunteer and staff coordination for events,Regenerated 2026-04-19
gen_1776633268_00265,Community Organization Leader / Committee Chair,educational,informational,retain volunteer knowledge year to year,"rotating committee, institutional knowledge lost annually",Every year we lose our volunteer setup when chairs rotate out. How do other community orgs actually preserve that information?,preserve volunteer knowledge recurring community event,emotional and looking for support,5.0,volunteer_staff_coordination,Volunteer and staff coordination for events,Regenerated 2026-04-19
gen_1776633268_00266,Community Organization Leader / Committee Chair,research,commercial,find volunteer management software for non-profits,"cost-conscious committee, tight scrutinized budget",Looking for affordable volunteer scheduling software for a nonprofit annual gala. What do small community orgs actually use?,volunteer scheduling software nonprofit community event affordable,practical and ready to act,5.0,volunteer_staff_coordination,Volunteer and staff coordination for events,Regenerated 2026-04-19
gen_1776633268_00267,Community Organization Leader / Committee Chair,educational,informational,communicate with volunteers during event,"day-of coordination, no central communication system",How are other event organizers sending real-time updates to 50 scattered volunteers during a live outdoor event?,real time volunteer communication tool outdoor event,practical and ready to act,5.0,volunteer_staff_coordination,Volunteer and staff coordination for events,Regenerated 2026-04-19
gen_1776633268_00268,Community Organization Leader / Committee Chair,research,commercial,detect volunteer schedule conflicts before event,"parade committee, overlapping shifts, manual spreadsheets",I'm building volunteer schedules in spreadsheets and keep creating double-bookings. Is there software that flags conflicts automatically?,volunteer schedule conflict detection event software,practical and ready to act,5.0,volunteer_staff_coordination,Volunteer and staff coordination for events,Regenerated 2026-04-19
gen_1776633268_00269,Community Organization Leader / Committee Chair,support,informational,onboard new committee chair quickly,incoming chair inheriting event with no documentation,I just inherited our community fair from a chair who kept everything in her head. Where do I even start?,new event committee chair onboarding volunteer coordination,emotional and looking for support,5.0,volunteer_staff_coordination,Volunteer and staff coordination for events,Regenerated 2026-04-19
gen_1776633268_00270,Community Organization Leader / Committee Chair,commercial,commercial,give volunteers mobile access to schedules,"low-tech volunteers, no printed packets, annual fair",Volunteers keep losing their paper schedules on event day. Is there a simple mobile option that doesn't require an app download?,mobile volunteer schedule access no app event day,practical and ready to act,5.0,volunteer_staff_coordination,Volunteer and staff coordination for events,Regenerated 2026-04-19
gen_1776633268_00271,Community Organization Leader / Committee Chair,support,informational,reduce volunteer coordination workload,"unpaid chair, exhausted, annual recurring civic event",I spend more time chasing volunteers than planning the actual event. There has to be a better way to manage this.,reduce volunteer coordination time recurring event organizer,emotional and looking for support,5.0,volunteer_staff_coordination,Volunteer and staff coordination for events,Regenerated 2026-04-19
gen_1776633268_00272,Community Organization Leader / Committee Chair,commercial,commercial,compare event platforms with volunteer management,"committee evaluating tools, replacing spreadsheets and group texts",We're finally ditching spreadsheets for our annual rodeo. Which event platforms include volunteer job management built in?,event management platform built in volunteer job management,time-pressed and direct,5.0,volunteer_staff_coordination,Volunteer and staff coordination for events,Regenerated 2026-04-19
gen_1776633268_00273,Community Organization Leader / Committee Chair,support,informational,onboard replacement committee chair fast,"incoming chair, outgoing chair left no documentation",New committee chair here. The last person left nothing documented. How do I rebuild volunteer roles before our event in 8 weeks?,onboard new event committee chair volunteer roles rebuild,time-pressed and direct,5.0,volunteer_staff_coordination,Volunteer and staff coordination for events,Regenerated 2026-04-19
gen_1776633268_00274,Community Organization Leader / Committee Chair,educational,informational,understand volunteer job tracking features,non-technical chair evaluating event software options,What does volunteer job tracking actually look like inside event management software? Curious how it handles role assignments practically.,volunteer job tracking event management software features,curious and exploratory,5.0,volunteer_staff_coordination,Volunteer and staff coordination for events,Regenerated 2026-04-19
gen_1776633268_00275,Community Organization Leader / Committee Chair,research,commercial,compare all-in-one vs separate volunteer tools,small nonprofit using three disconnected tools for one annual event,"We use separate tools for scheduling, sign-ups, and messaging volunteers. Is bundling that into one platform actually worth switching for?",all in one event platform vs separate volunteer scheduling tools nonprofit,skeptical and comparing options,5.0,volunteer_staff_coordination,Volunteer and staff coordination for events,Regenerated 2026-04-19
gen_1776633268_00276,Community Organization Leader / Committee Chair,educational,informational,reduce volunteer no-shows day-of,"community fair organizer, recurring no-show problem",Our biggest event-day headache is volunteers who confirmed but don't appear. What actually reduces no-shows besides sending more reminder emails?,reduce volunteer no shows event day strategies,time-pressed and direct,5.0,volunteer_staff_coordination,Volunteer and staff coordination for events,Regenerated 2026-04-19
gen_1776633268_00277,Community Organization Leader / Committee Chair,commercial,commercial,find event software with built-in volunteer management,"annual gala committee chair, tight budget, non-technical",Looking for event software where volunteer scheduling isn't an add-on. What platforms include it natively for smaller community events?,event software built in volunteer scheduling community events small budget,curious and exploratory,5.0,volunteer_staff_coordination,Volunteer and staff coordination for events,Regenerated 2026-04-19
gen_1776633268_00278,Educational Institution Event Manager,research,informational,evaluate no-download event apps for attendees,"university event manager, no IT support, mixed attendee tech comfort","Do web-based event apps actually work well for attendees, or do people still need to download something?",no download web app event attendee experience university,skeptical and comparing options,5.0,mobile_event_apps,Mobile event apps and attendee experience,Regenerated 2026-04-19
gen_1776633268_00279,Educational Institution Event Manager,support,informational,send real-time schedule updates to attendees,"alumni gala coordinator, last-minute speaker change day-of",Speaker just cancelled an hour before our alumni event. How do I push a schedule change to attendees instantly?,push real time schedule update attendees mobile event app,time-pressed and direct,5.0,mobile_event_apps,Mobile event apps and attendee experience,Regenerated 2026-04-19
gen_1776633268_00280,Educational Institution Event Manager,research,informational,add sponsor branding to mobile attendee portal,continuing-ed coordinator managing corporate-sponsored forum,Corporate sponsors want logo placement in the attendee app. What's the standard way event portals handle sponsor visibility?,sponsor branding attendee event portal mobile app,skeptical and comparing options,5.0,mobile_event_apps,Mobile event apps and attendee experience,Regenerated 2026-04-19
gen_1776633268_00281,Educational Institution Event Manager,commercial,commercial,compare branded event portals for academic events,"university events office, multiple annual fundraisers and forums",I run five campus events a year. Which event platforms let me build a branded attendee portal without hiring a developer?,branded attendee portal event platform no developer academic,skeptical and comparing options,5.0,mobile_event_apps,Mobile event apps and attendee experience,Regenerated 2026-04-19
gen_1776633268_00282,Educational Institution Event Manager,educational,informational,understand personalized schedule features for conferences,"educational conference organizer, multi-track sessions, 500 attendees","Can attendees actually build their own session schedule inside a mobile event app, or is that only an enterprise feature?",personalized session schedule mobile event app conference attendee,skeptical and comparing options,5.0,mobile_event_apps,Mobile event apps and attendee experience,Regenerated 2026-04-19
gen_1776633268_00283,Educational Institution Event Manager,support,commercial,manage alumni event check-in via mobile app,"alumni relations director, annual gala, no dedicated check-in staff",I'm running alumni check-in with two volunteers. Is a mobile check-in app realistic without training them for hours?,mobile event check in app volunteers minimal training,time-pressed and direct,5.0,mobile_event_apps,Mobile event apps and attendee experience,Regenerated 2026-04-19
gen_1776633268_00284,Educational Institution Event Manager,navigational,navigational,find event app that works for campus tours,"admissions event coordinator, prospective student tours, mixed ages","Looking for a mobile event tool that works for campus tours — prospective students and parents, not tech-savvy adults.",mobile event app campus tour prospective students easy use,time-pressed and direct,5.0,mobile_event_apps,Mobile event apps and attendee experience,Regenerated 2026-04-19
gen_1776633268_00285,Educational Institution Event Manager,educational,informational,assess attendee engagement data from event apps,university event manager reporting to academic leadership,"I need to show admin which sessions got the most attendee engagement. Do event apps actually track that, or is it just check-in data?",attendee engagement analytics event app session tracking reporting,frustrated and overwhelmed,5.0,mobile_event_apps,Mobile event apps and attendee experience,Regenerated 2026-04-19
gen_1776633268_00286,Educational Institution Event Manager,commercial,commercial,handle multiple events on one attendee app platform,"college events office, speaker series plus scholarship gala same semester",Running a speaker series and a scholarship gala in the same month. Can one attendee portal platform handle both without rebuilding everything?,event platform multiple events one attendee portal same account,frustrated and overwhelmed,5.0,mobile_event_apps,Mobile event apps and attendee experience,Regenerated 2026-04-19
gen_1776633268_00287,Educational Institution Event Manager,support,informational,troubleshoot attendees not opening event app,"continuing-ed coordinator, low app adoption rate post-launch","Sent the event app link to 300 registrants and maybe 40 opened it. Is poor adoption normal, or am I doing something wrong?",low attendee adoption event app engagement rate fix,frustrated and overwhelmed,5.0,mobile_event_apps,Mobile event apps and attendee experience,Regenerated 2026-04-19
gen_1776633268_00288,Nonprofit Event Director / Program Coordinator,research,commercial,find no-download attendee app options,"nonprofit event director, volunteers low-tech, annual gala",Our volunteers can't support a native app download. Is there a browser-based attendee portal that still looks professional?,no download web app attendee portal nonprofit event,detail-oriented and planning ahead,5.0,mobile_event_apps,Mobile event apps and attendee experience,Regenerated 2026-04-19
gen_1776633268_00289,Nonprofit Event Director / Program Coordinator,support,informational,send real-time schedule updates to attendees,"community festival, last-minute speaker changes, 500 attendees",Speaker dropped out two hours before their slot. How do I push a schedule change to all attendees instantly?,real time schedule update attendees mobile event app,frustrated and overwhelmed,5.0,mobile_event_apps,Mobile event apps and attendee experience,Regenerated 2026-04-19
gen_1776633268_00290,Nonprofit Event Director / Program Coordinator,research,commercial,brand mobile attendee experience to match nonprofit,"nonprofit events director, board wants polished donor-facing look",Our board expects every touchpoint to look branded. Can attendee portals be customized without hiring a designer?,branded attendee portal custom logo nonprofit event app,detail-oriented and planning ahead,5.0,mobile_event_apps,Mobile event apps and attendee experience,Regenerated 2026-04-19
gen_1776633268_00291,Nonprofit Event Director / Program Coordinator,educational,informational,give sponsors visibility inside attendee app,"annual gala, three sponsor tiers, need sponsor ROI proof",Sponsors want logo placement in the event app. What's the standard way platforms handle sponsor visibility for attendees?,sponsor integration mobile event app attendee portal,detail-oriented and planning ahead,5.0,mobile_event_apps,Mobile event apps and attendee experience,Regenerated 2026-04-19
gen_1776633268_00292,Nonprofit Event Director / Program Coordinator,research,commercial,evaluate mobile app value for small nonprofit event,"program coordinator, 150-person member conference, tight budget","Is a mobile event app actually worth it for a 150-person conference, or is it overkill for our size?",mobile event app worth it small nonprofit conference,frustrated and overwhelmed,5.0,mobile_event_apps,Mobile event apps and attendee experience,Regenerated 2026-04-19
gen_1776633268_00293,Nonprofit Event Director / Program Coordinator,educational,informational,let attendees build personalized schedules,"multi-session awareness campaign event, 300 attendees",We have eight breakout sessions running in parallel. Can attendees pick their own schedule inside the event app?,personalized attendee schedule builder event app breakout sessions,detail-oriented and planning ahead,5.0,mobile_event_apps,Mobile event apps and attendee experience,Regenerated 2026-04-19
gen_1776633268_00294,Nonprofit Event Director / Program Coordinator,support,commercial,reassure donors with polished digital experience,"nonprofit gala, donor retention priority, executive director",Donors are comparing us to bigger organizations. How do I make our event app feel premium without an enterprise budget?,professional attendee event app nonprofit small budget donor experience,emotional and looking for support,5.0,mobile_event_apps,Mobile event apps and attendee experience,Regenerated 2026-04-19
gen_1776633268_00295,Nonprofit Event Director / Program Coordinator,research,commercial,find event app that volunteers can actually manage,"volunteer coordinator, 60 volunteers, varying tech comfort levels",I'm terrified my volunteers will panic using new tech on event day. What apps are genuinely simple for non-technical teams?,easy event app volunteers non-technical staff manage on-site,emotional and looking for support,5.0,mobile_event_apps,Mobile event apps and attendee experience,Regenerated 2026-04-19
gen_1776633268_00296,Nonprofit Event Director / Program Coordinator,navigational,navigational,compare mobile attendee portal platforms for nonprofits,"events director shopping tools, mid-size nonprofit, annual festival",Looking for a platform with a solid attendee-facing mobile portal built in — not a third-party add-on. Where do I start?,event management platform built in mobile attendee portal nonprofit,detail-oriented and planning ahead,5.0,mobile_event_apps,Mobile event apps and attendee experience,Regenerated 2026-04-19
gen_1776633268_00297,Nonprofit Event Director / Program Coordinator,support,informational,communicate last-minute event changes to attendees,"outdoor community festival, weather contingency, 800 registered",Weather forced us to move our outdoor stage indoors an hour out. How are other organizers handling mass attendee notifications fast?,mass attendee notification last minute event change mobile app,frustrated and overwhelmed,5.0,mobile_event_apps,Mobile event apps and attendee experience,Regenerated 2026-04-19
gen_1776633268_00298,Nonprofit Event Director / Program Coordinator,research,commercial,evaluate attendee app ROI for small nonprofits,"nonprofit director, 200-person gala, tight budget","I keep hearing attendee apps drive engagement, but our gala has 200 guests. Is the cost actually justified?",attendee event app worth it small nonprofit gala,skeptical and comparing options,5.0,mobile_event_apps,Mobile event apps and attendee experience,Regenerated 2026-04-19
gen_1776633268_00299,Nonprofit Event Director / Program Coordinator,support,informational,find no-login attendee schedule access,"nonprofit coordinator, low-tech attendees, community festival",Half our attendees are seniors who won't create an account. Is there a way to share event schedules without requiring login?,event schedule access no login attendee portal,frustrated and overwhelmed,5.0,mobile_event_apps,Mobile event apps and attendee experience,Regenerated 2026-04-19
gen_1776633268_00300,Nonprofit Event Director / Program Coordinator,educational,informational,understand attendee engagement metrics from mobile apps,events director proving ROI to nonprofit board,What engagement data can I actually pull from an attendee app to show my board the event was worth funding?,event app attendee engagement data metrics nonprofit board report,curious and exploratory,5.0,mobile_event_apps,Mobile event apps and attendee experience,Regenerated 2026-04-19
gen_1776633268_00301,Nonprofit Event Director / Program Coordinator,research,commercial,compare web app vs native app for attendees,"nonprofit coordinator, mixed tech-literacy attendees",Web app or native download for attendees — which actually gets used more when your crowd isn't especially tech-savvy?,web app vs native app attendee event adoption rates,skeptical and comparing options,5.0,mobile_event_apps,Mobile event apps and attendee experience,Regenerated 2026-04-19
gen_1776633268_00302,Nonprofit Event Director / Program Coordinator,educational,informational,send targeted messages to attendee segments during event,nonprofit director managing VIP donors and general guests,I need to message VIP donors separately from general attendees during the event. Do most platforms support segmented in-app notifications?,event app segmented attendee notifications VIP messaging,curious and exploratory,5.0,mobile_event_apps,Mobile event apps and attendee experience,Regenerated 2026-04-19
gen_1776633268_00303,Nonprofit Event Director / Program Coordinator,navigational,navigational,find event platforms with built-in attendee portals,"nonprofit outgrowing ticketing-only tools, researching upgrades","Ticketing tools got us this far, but we need a real attendee portal built in. Where do people at our stage usually land?",event management platform built in attendee portal nonprofit,frustrated and overwhelmed,5.0,mobile_event_apps,Mobile event apps and attendee experience,Regenerated 2026-04-19
gen_1776633268_00304,Nonprofit Event Director / Program Coordinator,educational,informational,assess attendee portal setup effort pre-event,"small nonprofit team, no dedicated tech staff","Realistically, how long does it take a non-technical team to set up a branded attendee portal before a conference?",how long to set up attendee event portal no tech team,skeptical and comparing options,5.0,mobile_event_apps,Mobile event apps and attendee experience,Regenerated 2026-04-19
gen_1776633268_00305,Nonprofit Event Director / Program Coordinator,research,commercial,collect post-event feedback through mobile portal,nonprofit coordinator tracking donor satisfaction,I want attendees to fill out a survey before they leave the venue. Can event portals push a feedback form at end-of-day?,event app push post event survey attendee feedback portal,curious and exploratory,5.0,mobile_event_apps,Mobile event apps and attendee experience,Regenerated 2026-04-19
gen_1776633268_00306,Educational Institution Event Manager,research,commercial,duplicate annual event setup year to year,"university event manager, repeats alumni gala annually",Running the same alumni gala every year. Is there software that copies last year's entire setup automatically?,event software duplicate annual event setup rollover,detail-oriented and planning ahead,5.0,recurring_annual_events,Recurring and annual event management,Regenerated 2026-04-19
gen_1776633268_00307,Educational Institution Event Manager,research,commercial,manage multiple campus events one platform,"college coordinator juggling speaker series, tours, galas",I oversee six recurring campus events yearly. Can one platform handle all of them without separate logins or accounts?,event management platform multiple events single account university,detail-oriented and planning ahead,5.0,recurring_annual_events,Recurring and annual event management,Regenerated 2026-04-19
gen_1776633268_00308,Educational Institution Event Manager,educational,informational,financial reporting for academic leadership,"institution event manager, reports to VP and provost",What does clean event financial reporting look like for university leadership — what data should it actually show?,event financial reporting university leadership budget summary,detail-oriented and planning ahead,5.0,recurring_annual_events,Recurring and annual event management,Regenerated 2026-04-19
gen_1776633268_00309,Educational Institution Event Manager,educational,informational,reduce annual scholarship gala setup time,"education coordinator, rebuilds event from scratch yearly",Rebuilding our scholarship gala from scratch each year takes weeks. How do other school event managers cut that time down?,reduce annual fundraiser event setup time education,time-pressed and direct,5.0,recurring_annual_events,Recurring and annual event management,Regenerated 2026-04-19
gen_1776633268_00310,Educational Institution Event Manager,research,commercial,compare event platforms for nonprofit pricing,"K-12 or university, tight budget, needs nonprofit discount","Do event management platforms typically offer nonprofit or education discounts, or is that just marketing language?",event management software nonprofit education discount pricing,skeptical and comparing options,5.0,recurring_annual_events,Recurring and annual event management,Regenerated 2026-04-19
gen_1776633268_00311,Educational Institution Event Manager,support,informational,track sponsor commitments inside event software,alumni relations director managing corporate sponsors,We have eight corporate sponsors per conference. Is there a way to track their commitments and payments inside event software?,event software sponsor tracking payments commitments,detail-oriented and planning ahead,5.0,recurring_annual_events,Recurring and annual event management,Regenerated 2026-04-19
gen_1776633268_00312,Educational Institution Event Manager,research,commercial,handle volunteer and staff roles recurring event,"campus event team, same volunteers return each year",Same volunteers help us every year. Which platforms let me reuse job assignments instead of rebuilding the whole roster?,event software reuse volunteer job assignments recurring event,time-pressed and direct,5.0,recurring_annual_events,Recurring and annual event management,Regenerated 2026-04-19
gen_1776633268_00313,Educational Institution Event Manager,research,commercial,evaluate mid-market event tools without IT support,"education coordinator, no dedicated IT, needs self-service setup",I have zero IT support. Which event platforms can a non-technical coordinator actually configure and run solo?,event management platform no IT support self-service setup,skeptical and comparing options,5.0,recurring_annual_events,Recurring and annual event management,Regenerated 2026-04-19
gen_1776633268_00314,Educational Institution Event Manager,educational,informational,registration form reuse across academic year events,continuing-ed coordinator running quarterly forums,Running four forums a year with nearly identical registration forms. Can those forms be cloned or templated between events?,clone registration form recurring events event software template,detail-oriented and planning ahead,5.0,recurring_annual_events,Recurring and annual event management,Regenerated 2026-04-19
gen_1776633268_00315,Educational Institution Event Manager,support,informational,academic calendar conflict with event planning deadlines,"university event manager, constrained by semester schedule",Our event dates shift every year around semester breaks. How do I keep registration and logistics synced when dates change late?,event planning date change registration update academic calendar,time-pressed and direct,5.0,recurring_annual_events,Recurring and annual event management,Regenerated 2026-04-19
gen_1776633268_00316,Educational Institution Event Manager,educational,informational,understand event rollover feature value,"university coordinator rebuilding annual events, limited time","Is 'event rollover' an actual feature in event software, or just a marketing term for copy-paste?",event rollover feature annual event management software,curious and exploratory,5.0,recurring_annual_events,Recurring and annual event management,Regenerated 2026-04-19
gen_1776633268_00317,Educational Institution Event Manager,research,commercial,manage multi-event academic calendar in one tool,"college event manager running speaker series, galas, forums","I'm juggling a speaker series, scholarship gala, and alumni dinner — all annual. Does one platform actually handle that?",event management platform multiple annual recurring events university,curious and exploratory,5.0,recurring_annual_events,Recurring and annual event management,Regenerated 2026-04-19
gen_1776633268_00318,Educational Institution Event Manager,commercial,commercial,find event software with education pricing,"budget-constrained college coordinator, recurring events",Looking for event management software with transparent pricing for educational institutions — what should I realistically expect to pay?,event management software pricing education institutions annual plan,curious and exploratory,5.0,recurring_annual_events,Recurring and annual event management,Regenerated 2026-04-19
gen_1776633268_00319,Educational Institution Event Manager,support,informational,reduce annual event rebuild workload,"overwhelmed coordinator, same events repeat every academic year",I'm drowning rebuilding the same three events every fall. There has to be a smarter way — what am I missing?,reduce annual event setup time recurring event tools,frustrated and overwhelmed,5.0,recurring_annual_events,Recurring and annual event management,Regenerated 2026-04-19
gen_1776633268_00320,Educational Institution Event Manager,research,commercial,find platform for recurring campus fundraisers,"alumni relations director, annual scholarship gala, tight budget",Our scholarship gala runs identically every spring. Which event platforms are actually built for that kind of repeat event?,event platform recurring annual fundraiser campus gala,emotional and looking for support,5.0,recurring_annual_events,Recurring and annual event management,Regenerated 2026-04-19
gen_1776633268_00321,Educational Institution Event Manager,educational,informational,manage speaker submissions for campus conference,"university event coordinator, annual academic conference, no IT support",I'm organizing our first formal campus conference and have no idea how speaker submission forms usually work inside event software.,conference management software speaker submission forms university,newly aware and confused,5.0,conference_tradeshow_management,Conference and trade show management software,Regenerated 2026-04-19
gen_1776633268_00322,Educational Institution Event Manager,research,informational,track sponsor commitments against event budget,"alumni relations director, corporate sponsorship gala, reporting to academic leadership",We have eight corporate sponsors at different tiers. How do event platforms tie sponsor payments directly to the event budget?,event software sponsor tracking budget integration,skeptical and comparing options,5.0,conference_tradeshow_management,Conference and trade show management software,Regenerated 2026-04-19
gen_1776633268_00323,Educational Institution Event Manager,support,commercial,run recurring annual alumni conference efficiently,"college event manager, same event rebuilt from scratch each year",Rebuilding our alumni conference from zero every year is killing me. Is there software that actually carries the whole setup forward automatically?,event software duplicate recurring annual conference setup,emotional and looking for support,5.0,conference_tradeshow_management,Conference and trade show management software,Regenerated 2026-04-19
gen_1776633268_00324,Educational Institution Event Manager,research,commercial,compare trade show floor planning tools for campus expo,"continuing-ed coordinator, campus career fair, booth assignments needed",Hosting a campus employer expo with 40 booths. Do mid-market event platforms actually include floor planning or is that always a separate tool?,event management software floor plan booth assignment expo,skeptical and comparing options,5.0,conference_tradeshow_management,Conference and trade show management software,Regenerated 2026-04-19
gen_1776633268_00325,Educational Institution Event Manager,educational,informational,generate clean financial reports for university administration,"educational event manager, scholarship gala, provost requires post-event financials",Our provost wants a clean financial summary after every fundraising event. What does reporting actually look like inside conference management platforms?,conference software financial reporting university event,newly aware and confused,5.0,conference_tradeshow_management,Conference and trade show management software,Regenerated 2026-04-19
gen_1776633268_00326,Educational Institution Event Manager,research,informational,handle multi-type registrant forms for academic forum,"K-12 training institute, corporate forum, faculty and external attendees differ","Faculty, external guests, and paying corporate partners all attend our forum. Can one platform give each group a completely different registration experience?",event registration different forms multiple attendee types conference,skeptical and comparing options,5.0,conference_tradeshow_management,Conference and trade show management software,Regenerated 2026-04-19
gen_1776633268_00327,Educational Institution Event Manager,commercial,commercial,find affordable conference software for nonprofit university,"college event coordinator, tight academic budget, nonprofit status",We're a nonprofit college running two conferences a year on a shoestring. Are there platforms with nonprofit pricing that don't strip out key features?,conference management software nonprofit discount university affordable,emotional and looking for support,5.0,conference_tradeshow_management,Conference and trade show management software,Regenerated 2026-04-19
gen_1776633268_00328,Educational Institution Event Manager,educational,informational,understand session scheduling tools for speaker series,"university events office, multi-day speaker series, no dedicated tech staff",Never managed a multi-session speaker series before. How does session scheduling actually work inside conference platforms — is it complicated to set up?,conference software session scheduling speaker series setup,newly aware and confused,5.0,conference_tradeshow_management,Conference and trade show management software,Regenerated 2026-04-19
gen_1776633268_00329,Educational Institution Event Manager,research,commercial,assess mobile event app for campus conference attendees,"educational event manager, 500-person academic conference, attendees expect digital schedules",Attendees at our conference keep asking for a mobile schedule. Do mid-sized event platforms include an attendee app or is that always extra?,conference management software mobile attendee app included,skeptical and comparing options,5.0,conference_tradeshow_management,Conference and trade show management software,Regenerated 2026-04-19
gen_1776633268_00330,Educational Institution Event Manager,support,informational,coordinate student volunteers at large campus event,"alumni relations director, 800-person scholarship gala, student volunteer crew",I'm drowning trying to coordinate 30 student volunteers across a scholarship gala. Is there a better way to manage job assignments inside event software?,event software volunteer job assignment management campus event,emotional and looking for support,5.0,conference_tradeshow_management,Conference and trade show management software,Regenerated 2026-04-19
gen_1776633268_00331,Community Organization Leader / Committee Chair,research,commercial,reduce annual event restart effort,"volunteer committee chair, rebuilds event from scratch yearly",Every year I rebuild our festival from zero. Is there software that carries last year's setup forward automatically?,event software duplicate annual event setup automatically,frustrated and overwhelmed,5.0,recurring_annual_events,Recurring and annual event management,Regenerated 2026-04-19
gen_1776633268_00332,Community Organization Leader / Committee Chair,support,informational,preserve event data when chair changes,"rotating volunteer leadership, institutional knowledge lost yearly",Our committee chair changes every two years and everything gets lost. How do organizations actually preserve event knowledge long-term?,preserve event planning knowledge volunteer leadership transition,emotional and looking for support,5.0,recurring_annual_events,Recurring and annual event management,Regenerated 2026-04-19
gen_1776633268_00333,Community Organization Leader / Committee Chair,educational,informational,copy last year's event forms and schedule,non-technical chair running annual community fundraiser,Can event software copy registration forms and volunteer schedules from last year's event into this year's automatically?,event software copy registration forms schedule previous year,newly aware and confused,5.0,recurring_annual_events,Recurring and annual event management,Regenerated 2026-04-19
gen_1776633268_00334,Community Organization Leader / Committee Chair,commercial,commercial,find affordable recurring event platform,"cost-conscious nonprofit committee, tight annual budget",We run one annual fundraising gala on a shoestring. What does event management software actually cost for a single yearly event?,event management software pricing single annual event nonprofit,frustrated and overwhelmed,5.0,recurring_annual_events,Recurring and annual event management,Regenerated 2026-04-19
gen_1776633268_00335,Community Organization Leader / Committee Chair,support,informational,manage returning volunteers year over year,"community festival chair, volunteers drop off between years",Half my volunteers don't return each year and I lose all their info. How do recurring event platforms handle volunteer records?,event platform store volunteer records recurring annual event,emotional and looking for support,5.0,recurring_annual_events,Recurring and annual event management,Regenerated 2026-04-19
gen_1776633268_00336,Community Organization Leader / Committee Chair,educational,informational,understand event rollover feature,"non-technical chair, just heard about rollover concept",Someone mentioned 'event rollover' software. What does that actually mean and how does it help with yearly events?,event rollover software what is it annual events,newly aware and confused,5.0,recurring_annual_events,Recurring and annual event management,Regenerated 2026-04-19
gen_1776633268_00337,Community Organization Leader / Committee Chair,support,commercial,hand off event to new chair smoothly,"outgoing volunteer chair, successor has no event experience",I'm stepping down as chair and my replacement has never run an event. What software makes handoff manageable for a total beginner?,event software easy handoff new volunteer chair beginner,emotional and looking for support,5.0,recurring_annual_events,Recurring and annual event management,Regenerated 2026-04-19
gen_1776633268_00338,Community Organization Leader / Committee Chair,research,commercial,manage multiple community events one platform,civic organization running 3-4 recurring events yearly,"Our organization runs a parade, a gala, and a fair each year. Is there one platform that manages all three without paying per event?",event management platform multiple recurring community events one subscription,frustrated and overwhelmed,5.0,recurring_annual_events,Recurring and annual event management,Regenerated 2026-04-19
gen_1776633268_00339,Community Organization Leader / Committee Chair,navigational,navigational,find event software with live support,"non-technical chair, intimidated by new software",I'm not tech-savvy and terrified of getting stuck mid-setup. Do event platforms actually offer real human help when you're confused?,event management software real human support non technical users,newly aware and confused,5.0,recurring_annual_events,Recurring and annual event management,Regenerated 2026-04-19
gen_1776633268_00340,Community Organization Leader / Committee Chair,educational,informational,avoid rebuilding vendor and sponsor lists annually,"annual festival chair, re-enters vendor data every year",I retype the same vendors and sponsors into a spreadsheet every single year. There has to be a smarter way to handle this.,event software save vendor sponsor list year over year,frustrated and overwhelmed,5.0,recurring_annual_events,Recurring and annual event management,Regenerated 2026-04-19
gen_1776633268_00341,Community Organization Leader / Committee Chair,educational,informational,understand event duplication software benefits,"volunteer chair, annual festival, non-technical, time-strapped",I keep reinventing the wheel every spring for our town festival. How much time does event duplication software actually save?,event duplication software annual festival time savings,curious and exploratory,5.0,recurring_annual_events,Recurring and annual event management,Regenerated 2026-04-19
gen_1776633268_00342,Community Organization Leader / Committee Chair,support,informational,preserve institutional knowledge across rotating chairs,"community committee, leadership turnover, recurring annual event","New chair every couple years, and nothing carries over. What do other community organizations actually do to keep event history intact?",preserve event institutional knowledge volunteer committee annual event,emotional and looking for support,5.0,recurring_annual_events,Recurring and annual event management,Regenerated 2026-04-19
gen_1776633268_00343,Community Organization Leader / Committee Chair,commercial,commercial,find affordable multi-event management platform,"nonprofit committee, tight budget, three recurring annual events","Looking for one platform to manage our gala, fair, and parade each year. What pricing models exist for nonprofits running multiple events?",nonprofit multi event management platform pricing annual events,practical and ready to act,5.0,recurring_annual_events,Recurring and annual event management,Regenerated 2026-04-19
gen_1776633268_00344,Community Organization Leader / Committee Chair,research,commercial,evaluate software for beginner-friendly annual event setup,"non-technical chair, annual civic celebration, no IT support",I'm not a tech person at all. Is there event software simple enough that a first-time chair can just pick up and run with it?,simple event management software non-technical first time organizer,emotional and looking for support,5.0,recurring_annual_events,Recurring and annual event management,Regenerated 2026-04-19
gen_1776633268_00345,Community Organization Leader / Committee Chair,navigational,navigational,locate platform with schedule and budget carryover,"annual fundraiser chair, rebuilds budget and schedule yearly from scratch",Does event software exist that carries your budget lines and run-of-show schedule forward into next year automatically? Where do I find it?,event software carryover budget schedule year to year recurring,curious and exploratory,5.0,recurring_annual_events,Recurring and annual event management,Regenerated 2026-04-19
gen_1776633268_00346,Corporate Event Coordinator / Marketing Manager,educational,informational,understand conference software feature tiers,"corporate event coordinator, overwhelmed by vendor options",I keep seeing 'conference management software' but can't tell what features are standard vs. premium. What should every platform include?,conference management software standard features comparison,newly aware and confused,5.0,conference_tradeshow_management,Conference and trade show management software,Regenerated 2026-04-19
gen_1776633268_00347,Corporate Event Coordinator / Marketing Manager,research,commercial,manage trade show booth and sponsor coordination,marketing manager juggling multiple exhibitor relationships,Running a trade show with 40 exhibitors and three sponsor tiers. Is there software that handles booth assignments and sponsor perks in one place?,trade show booth assignment sponsor management software,curious and exploratory,5.0,conference_tradeshow_management,Conference and trade show management software,Regenerated 2026-04-19
gen_1776633268_00348,Corporate Event Coordinator / Marketing Manager,educational,informational,track attendee lead capture at trade shows,"event marketing specialist, pressured to prove ROI",My director wants lead gen numbers from our trade show booth. What's the cleanest way to capture and export attendee data post-event?,trade show attendee lead capture export data,frustrated and overwhelmed,5.0,conference_tradeshow_management,Conference and trade show management software,Regenerated 2026-04-19
gen_1776633268_00349,Corporate Event Coordinator / Marketing Manager,educational,informational,manage conference speaker and session scheduling,corporate coordinator planning multi-track internal conference,Coordinating 20 speakers across four breakout tracks. How do dedicated conference platforms handle session scheduling without everything falling apart?,conference speaker session scheduling software multi-track,curious and exploratory,5.0,conference_tradeshow_management,Conference and trade show management software,Regenerated 2026-04-19
gen_1776633268_00350,Corporate Event Coordinator / Marketing Manager,research,commercial,find mid-market conference software with branded experience,"brand manager, values professional attendee-facing design",Our events need to look polished and on-brand. Which conference platforms let non-designers customize registration pages without touching code?,conference software custom branded registration pages no code,curious and exploratory,5.0,conference_tradeshow_management,Conference and trade show management software,Regenerated 2026-04-19
gen_1776633268_00351,Corporate Event Coordinator / Marketing Manager,educational,informational,understand trade show floor plan tools,event coordinator new to exhibition management,"I've never mapped a trade show floor before. Do event platforms come with built-in floor planning, or is that always a separate tool?",trade show floor planning tool event software built in,newly aware and confused,5.0,conference_tradeshow_management,Conference and trade show management software,Regenerated 2026-04-19
gen_1776633268_00352,Corporate Event Coordinator / Marketing Manager,research,commercial,compare pricing for mid-market conference software,"marketing manager, budget constrained, needs justification for leadership",Enterprise conference platforms quote us $15K+ annually. What do mid-market options actually cost for a 500-person annual sales conference?,mid market conference management software pricing 500 attendees,frustrated and overwhelmed,5.0,conference_tradeshow_management,Conference and trade show management software,Regenerated 2026-04-19
gen_1776633268_00353,Corporate Event Coordinator / Marketing Manager,support,informational,handle last-minute schedule changes during live event,"corporate event coordinator, managing day-of chaos","Speakers cancel, rooms change, agenda shifts — what tools let me push real-time schedule updates to attendees without reprinting anything?",real time conference schedule update attendee notification software,frustrated and overwhelmed,5.0,conference_tradeshow_management,Conference and trade show management software,Regenerated 2026-04-19
gen_1776633268_00354,Corporate Event Coordinator / Marketing Manager,research,commercial,find conference software with mobile attendee app,"event marketing specialist, wants premium attendee experience",Attendees at our last conference complained about paper agendas. Which platforms include a mobile event app without charging separately for it?,conference software included mobile attendee app no extra cost,curious and exploratory,5.0,conference_tradeshow_management,Conference and trade show management software,Regenerated 2026-04-19
gen_1776633268_00355,Corporate Event Coordinator / Marketing Manager,research,commercial,replicate annual conference setup without rebuilding,"corporate coordinator running same event yearly, stretched thin","We run the same sales kickoff every January. Is there software that copies last year's full setup — sessions, registration, budget — automatically?",conference software duplicate recurring annual event setup,frustrated and overwhelmed,5.0,conference_tradeshow_management,Conference and trade show management software,Regenerated 2026-04-19
gen_1776633268_00356,Corporate Event Coordinator / Marketing Manager,research,commercial,evaluate sponsor ROI tracking in conference software,"corporate marketing manager, sponsor accountability pressure from leadership",Leadership wants proof our conference sponsors got value. Do event platforms track sponsor visibility and engagement metrics automatically?,conference software sponsor ROI tracking engagement metrics,time-pressed and direct,5.0,conference_tradeshow_management,Conference and trade show management software,Regenerated 2026-04-19
gen_1776633268_00357,Corporate Event Coordinator / Marketing Manager,support,informational,manage multi-session speaker logistics without chaos,"coordinating annual internal conference, last-minute executive changes","I'm drowning in speaker bios, headshots, and AV requirements across 12 sessions. Is there a cleaner way to collect and manage all of this?",conference software speaker management AV requirements collection,emotional and looking for support,5.0,conference_tradeshow_management,Conference and trade show management software,Regenerated 2026-04-19
gen_1776633268_00358,Corporate Event Coordinator / Marketing Manager,commercial,navigational,assess registration data integration with CRM,"marketing manager planning 400-person client conference, needs lead attribution",Planning a 400-person client conference and need registration data flowing into our CRM automatically. Which event platforms support native CRM sync?,conference registration software CRM integration native sync,detail-oriented and planning ahead,5.0,conference_tradeshow_management,Conference and trade show management software,Regenerated 2026-04-19
gen_1776633268_00359,Nonprofit Event Director / Program Coordinator,research,commercial,duplicate annual event without rebuilding from scratch,"nonprofit director, annual gala, exhausted by repeated setup","Every year I rebuild our gala from scratch — same forms, same schedule. Is there software that just copies it forward?",event software duplicate annual event copy previous year,frustrated and overwhelmed,5.0,recurring_annual_events,Recurring and annual event management,Regenerated 2026-04-19
gen_1776633268_00360,Nonprofit Event Director / Program Coordinator,educational,informational,carry over volunteer job assignments year to year,"nonprofit coordinator, 60+ volunteers, recurring community festival",I'm trying to retain volunteer role assignments from last year's festival instead of reassigning everyone manually. Does event software handle that?,event management software carry over volunteer assignments recurring event,detail-oriented and planning ahead,5.0,recurring_annual_events,Recurring and annual event management,Regenerated 2026-04-19
gen_1776633268_00361,Nonprofit Event Director / Program Coordinator,research,commercial,compare all-in-one vs separate tools for recurring events,"program coordinator, annual fundraiser, using 4 disconnected tools",Running our annual fundraiser across four separate tools is killing us. Would a single platform actually save time for recurring events?,all in one event management platform recurring annual fundraiser,frustrated and overwhelmed,5.0,recurring_annual_events,Recurring and annual event management,Regenerated 2026-04-19
gen_1776633268_00362,Nonprofit Event Director / Program Coordinator,educational,informational,auto-adjust dates when copying recurring event,"events director, multi-year conference, planning next cycle","When you duplicate a past event, can scheduling software automatically shift all session dates to the new year without manual fixes?",event software auto adjust dates duplicate recurring event schedule,detail-oriented and planning ahead,5.0,recurring_annual_events,Recurring and annual event management,Regenerated 2026-04-19
gen_1776633268_00363,Nonprofit Event Director / Program Coordinator,educational,informational,rollover registration forms to next event cycle,"nonprofit coordinator, annual awareness campaign, form-heavy registration",Our registration form took weeks to build last year. Is there a way to roll it over for next year without starting over?,rollover registration form next year event management software,curious and exploratory,5.0,recurring_annual_events,Recurring and annual event management,Regenerated 2026-04-19
gen_1776633268_00364,Nonprofit Event Director / Program Coordinator,commercial,commercial,find event platform built for annual nonprofit events,"executive director, 500-attendee gala, board accountability pressure","Looking for event management software designed specifically around annual nonprofit events, not one-off concerts or enterprise conferences.",event management software annual nonprofit gala recurring events,curious and exploratory,5.0,recurring_annual_events,Recurring and annual event management,Regenerated 2026-04-19
gen_1776633268_00365,Nonprofit Event Director / Program Coordinator,support,informational,preserve vendor contacts across recurring event years,"events director, recurring festival, managing 20+ vendors annually",I lose vendor details between event cycles and start from zero every time. Does any platform keep that information attached to the event template?,event software save vendor contacts recurring annual event template,frustrated and overwhelmed,5.0,recurring_annual_events,Recurring and annual event management,Regenerated 2026-04-19
gen_1776633268_00366,Nonprofit Event Director / Program Coordinator,educational,informational,track budget carryover between annual event editions,"nonprofit program coordinator, $80K event budget, board reporting",Can event platforms carry a prior year's budget structure into the new event so I'm not rebuilding line items every January?,event platform copy budget template recurring annual event,detail-oriented and planning ahead,5.0,recurring_annual_events,Recurring and annual event management,Regenerated 2026-04-19
gen_1776633268_00367,Nonprofit Event Director / Program Coordinator,commercial,commercial,evaluate platforms with one-click event duplication,"events director, three recurring annual events, scaling program","I run three annual events and need a platform where cloning last year's entire setup — budget, schedule, jobs — takes minutes, not days.",event management platform one click duplicate full event setup,detail-oriented and planning ahead,5.0,recurring_annual_events,Recurring and annual event management,Regenerated 2026-04-19
gen_1776633268_00368,Nonprofit Event Director / Program Coordinator,educational,navigational,understand how event rollover features actually work,"curious nonprofit coordinator, evaluating platforms, first recurring event",I keep seeing 'event rollover' mentioned in platform demos. What does that actually do and which parts of an event does it copy?,event rollover feature explained what gets copied annual event,curious and exploratory,5.0,recurring_annual_events,Recurring and annual event management,Regenerated 2026-04-19
gen_1776633268_00369,Nonprofit Event Director / Program Coordinator,support,informational,reduce annual gala rebuild time,"nonprofit director, rebuilds same event yearly from scratch",I spend two weeks recreating the same gala every year. There has to be a faster way — what do other nonprofits do?,reduce annual gala setup time nonprofit event software,frustrated and overwhelmed,5.0,recurring_annual_events,Recurring and annual event management,Regenerated 2026-04-19
gen_1776633268_00370,Nonprofit Event Director / Program Coordinator,educational,informational,carry volunteer job assignments year to year,nonprofit coordinator managing 50+ recurring event volunteers,Our volunteer coordinator left and took all the role history with her. Can event platforms store job assignments between annual cycles?,event software save volunteer job assignments annual events,frustrated and overwhelmed,5.0,recurring_annual_events,Recurring and annual event management,Regenerated 2026-04-19
gen_1776633268_00371,Nonprofit Event Director / Program Coordinator,research,commercial,find platform built for recurring nonprofit events,"program director running 2-3 annual fundraisers, mid-size nonprofit","Looking for event management software where annual events are the main use case, not an afterthought. What's actually designed for that?",event management platform built for annual recurring nonprofit events,practical and ready to act,5.0,recurring_annual_events,Recurring and annual event management,Regenerated 2026-04-19
gen_1776633268_00372,Nonprofit Event Director / Program Coordinator,research,commercial,prove event ROI to nonprofit board,events director presenting budget results after annual fundraiser,"My board wants real-time budget vs. actuals after our gala, not a spreadsheet three weeks later. Does event software handle that?",event software real time budget tracking nonprofit board reporting,practical and ready to act,5.0,recurring_annual_events,Recurring and annual event management,Regenerated 2026-04-19
gen_1776633268_00373,Nonprofit Event Director / Program Coordinator,educational,informational,understand event duplication feature depth,"nonprofit coordinator evaluating platforms, skeptical of marketing claims","Platforms claim 'duplicate last year's event' but what actually copies over — just the name, or forms, schedule, and budget too?",event platform duplication what data carries over forms budget schedule,practical and ready to act,5.0,recurring_annual_events,Recurring and annual event management,Regenerated 2026-04-19
gen_1776633268_00374,Nonprofit Event Director / Program Coordinator,commercial,commercial,manage multi-event annual program in one place,"program coordinator running spring gala, fall conference, and summer festival",I run three separate annual events and track each one differently. Is there a single platform that manages all of them together?,event management software multiple annual events one platform nonprofit,frustrated and overwhelmed,5.0,recurring_annual_events,Recurring and annual event management,Regenerated 2026-04-19
gen_1776633268_00375,Nonprofit Event Director / Program Coordinator,commercial,commercial,find affordable Cvent alternative for nonprofits,"nonprofit director priced out of enterprise platforms, needs more than basic ticketing",Enterprise event platforms are way over our budget but basic ticketing tools aren't enough. What's in the middle for nonprofits?,affordable nonprofit event management platform between ticketing and enterprise,emotional and looking for support,5.0,recurring_annual_events,Recurring and annual event management,Regenerated 2026-04-19
gen_1776633268_00376,Nonprofit Event Director / Program Coordinator,support,informational,keep event setup consistent across volunteer team,"events director with high volunteer turnover, recurring annual events",Our committee changes every year and institutional knowledge walks out the door. How do other nonprofits keep event setup consistent despite turnover?,nonprofit event consistency volunteer turnover annual event management,emotional and looking for support,5.0,recurring_annual_events,Recurring and annual event management,Regenerated 2026-04-19
gen_1776633268_00377,Nonprofit Event Director / Program Coordinator,commercial,commercial,evaluate nonprofit discount on event platforms,budget-conscious nonprofit coordinator comparing annual software costs,"Do event management platforms typically offer nonprofit pricing, or is that just a line on their website that never applies?",event management software nonprofit discount pricing real,practical and ready to act,5.0,recurring_annual_events,Recurring and annual event management,Regenerated 2026-04-19
gen_1776633268_00378,Nonprofit Event Director / Program Coordinator,support,informational,stop losing event data between annual cycles,nonprofit director frustrated by year-over-year data loss,Every January I'm hunting through old emails for last year's schedule and sponsor details. This is unsustainable — how do I fix it?,retain event data year over year annual event planning software,frustrated and overwhelmed,5.0,recurring_annual_events,Recurring and annual event management,Regenerated 2026-04-19
gen_1776633268_00379,Nonprofit Event Director / Program Coordinator,educational,informational,understand event rollover feature depth,"nonprofit director, rebuilds annual gala from scratch yearly","When software says it duplicates last year's event, does the vendor list and budget actually copy or just the basic details?",event management software duplicate annual event budget vendors forms,newly aware and confused,5.0,recurring_annual_events,Recurring and annual event management,Regenerated 2026-04-19
gen_1776633268_00380,Nonprofit Event Director / Program Coordinator,research,commercial,find mid-tier nonprofit event platform,"outgrown basic ticketing, can't justify enterprise pricing",I need more than ticketing but can't spend $20K on enterprise software. What do mid-sized nonprofits actually use for annual fundraisers?,event management platform nonprofit annual fundraiser mid tier pricing,frustrated and overwhelmed,5.0,recurring_annual_events,Recurring and annual event management,Regenerated 2026-04-19
gen_1776633268_00381,Nonprofit Event Director / Program Coordinator,research,commercial,evaluate multi-event annual program management,"coordinates three recurring nonprofit events, using separate tools","Running an annual gala, a 5K, and a member conference under one org — can one platform keep those budgets and registrations separate?",event management software multiple annual events one account nonprofit,time-pressed and direct,5.0,recurring_annual_events,Recurring and annual event management,Regenerated 2026-04-19
gen_1776633268_00382,Nonprofit Event Director / Program Coordinator,support,informational,preserve volunteer role history year over year,"nonprofit with high volunteer turnover, loses setup context annually",Half my volunteer committee is new every year. Is there software that carries job assignments and shift structures forward automatically?,event software save volunteer roles year to year recurring event,frustrated and overwhelmed,5.0,recurring_annual_events,Recurring and annual event management,Regenerated 2026-04-19
gen_1776633268_00383,Nonprofit Event Director / Program Coordinator,commercial,commercial,compare annual event platform pricing models,"nonprofit director evaluating tools, watching budget closely","Do annual subscription event platforms usually charge per event, per attendee, or flat rate? Trying to figure out what's actually cheaper for us.",event management software pricing per event vs flat rate nonprofit,newly aware and confused,5.0,recurring_annual_events,Recurring and annual event management,Regenerated 2026-04-19
gen_1776633268_00384,Nonprofit Event Director / Program Coordinator,navigational,navigational,locate event platform with registration rollover,director searching for specific recurring-event functionality,Looking for platforms where copying last year's registration form with updated dates is a real feature — where do I even find those?,event platform registration form rollover recurring annual events,time-pressed and direct,5.0,recurring_annual_events,Recurring and annual event management,Regenerated 2026-04-19
gen_1776633268_00385,Corporate Event Coordinator / Marketing Manager,research,informational,justify event software budget to leadership,"marketing manager, mid-market company, ROI pressure from CFO",CFO wants to cut our event platform budget. What ROI data actually convinces finance to keep it?,event management software ROI metrics justify budget corporate,time-pressed and direct,5.0,corporate_event_management,Corporate event management,Regenerated 2026-04-19
gen_1776633268_00386,Corporate Event Coordinator / Marketing Manager,research,commercial,manage branded registration pages without IT,"corporate event coordinator, no dev resources, brand standards required",Our IT team takes weeks to approve anything. Can event platforms let marketing control branded registration pages directly?,event registration platform custom branding no IT corporate,skeptical and comparing options,5.0,corporate_event_management,Corporate event management,Regenerated 2026-04-19
gen_1776633268_00387,Corporate Event Coordinator / Marketing Manager,commercial,commercial,track event budget in real time,"marketing manager running annual sales meeting, multiple vendor invoices",I'm managing a sales conference with 15 vendors. Is there event software with live budget tracking built in?,event management software real time budget tracking vendors,detail-oriented and planning ahead,5.0,corporate_event_management,Corporate event management,Regenerated 2026-04-19
gen_1776633268_00388,Corporate Event Coordinator / Marketing Manager,commercial,commercial,duplicate recurring annual events efficiently,"corporate coordinator running same events every year, manual rebuild wastes weeks",Rebuilding our annual client summit from scratch every year is killing us. Does any platform copy the whole event over?,event platform duplicate recurring annual event template copy,time-pressed and direct,5.0,corporate_event_management,Corporate event management,Regenerated 2026-04-19
gen_1776633268_00389,Corporate Event Coordinator / Marketing Manager,research,commercial,evaluate mid-market event platform pricing,"marketing manager, 500-person company, enterprise software too expensive",Enterprise event platforms are priced for Fortune 500. What do mid-market teams actually pay for solid event management software?,event management software pricing mid-market corporate alternative enterprise,skeptical and comparing options,5.0,corporate_event_management,Corporate event management,Regenerated 2026-04-19
gen_1776633268_00390,Corporate Event Coordinator / Marketing Manager,educational,informational,manage staff and volunteer assignments at corporate events,event coordinator staffing a 600-person product launch,"Product launch next month, 40 staff across 8 stations. Is there software that handles shift assignments and check-in together?",corporate event staff scheduling check-in management software,detail-oriented and planning ahead,5.0,corporate_event_management,Corporate event management,Regenerated 2026-04-19
gen_1776633268_00391,Corporate Event Coordinator / Marketing Manager,educational,informational,collect post-event attendee survey data,event marketer needing satisfaction scores for leadership report,I need attendee survey scores tied to registration data for my post-event report. Do event platforms handle that natively?,event management platform post event survey attendee data reporting,detail-oriented and planning ahead,5.0,corporate_event_management,Corporate event management,Regenerated 2026-04-19
gen_1776633268_00392,Corporate Event Coordinator / Marketing Manager,research,commercial,run multiple event types under one platform account,"corporate marketing team managing product launches, training, and client events","We run product launches, workshops, and client dinners all year. Can one platform manage different event types without separate accounts?",event platform multiple event types one account corporate marketing,skeptical and comparing options,5.0,corporate_event_management,Corporate event management,Regenerated 2026-04-19
gen_1776633268_00393,Corporate Event Coordinator / Marketing Manager,educational,informational,find mobile event app for attendees,"corporate event coordinator, 400-person internal conference next quarter",Planning a 400-person internal conference. Does event software include a mobile attendee app or is that always a separate purchase?,event management software built-in mobile attendee app conference,time-pressed and direct,5.0,corporate_event_management,Corporate event management,Regenerated 2026-04-19
gen_1776633268_00394,Corporate Event Coordinator / Marketing Manager,research,informational,measure lead generation from corporate events,"marketing manager, trade show and client events, proving pipeline impact","Leadership wants to see pipeline from our events, not just headcount. How do I actually track lead generation through event software?",event software lead generation tracking pipeline corporate trade show,detail-oriented and planning ahead,5.0,corporate_event_management,Corporate event management,Regenerated 2026-04-19
gen_1776633268_00395,Corporate Event Coordinator / Marketing Manager,research,informational,understand branded registration page options,"marketing manager, brand consistency pressure, no IT access",How much control do mid-market event platforms give marketing teams over branded registration page design?,branded registration page customization event platform mid-market,curious and exploratory,5.0,corporate_event_management,Corporate event management,Regenerated 2026-04-19
gen_1776633268_00396,Corporate Event Coordinator / Marketing Manager,commercial,commercial,find event software for annual training rollout,corporate coordinator running quarterly workshops across multiple locations,I run the same training workshop four times a year. What event software handles recurring setups without rebuilding everything?,event software recurring training sessions corporate workshops,practical and ready to act,5.0,corporate_event_management,Corporate event management,Regenerated 2026-04-19
gen_1776633268_00397,Corporate Event Coordinator / Marketing Manager,educational,informational,understand difference between ticketing and event management tools,"newly evaluating platforms, confused by feature overlap",Is there an actual difference between a ticketing platform and an event management platform? They all seem to do the same things.,ticketing platform vs event management software difference,newly aware and confused,5.0,corporate_event_management,Corporate event management,Regenerated 2026-04-19
gen_1776633268_00398,Corporate Event Coordinator / Marketing Manager,research,commercial,escape ticketing-only platform limitations,"corporate coordinator, needs registration plus budget tracking",Our current ticketing tool handles sales but nothing else. What platforms actually manage the full event lifecycle?,event management platform beyond ticketing registration budget tracking,frustrated and overwhelmed,5.0,eventbrite_cvent_alternatives,"Eventbrite, Cvent, and Whova alternatives",Regenerated 2026-04-19
gen_1776633268_00399,Corporate Event Coordinator / Marketing Manager,research,commercial,find mid-market event platform,"corporate marketing manager, enterprise tools too expensive",Enterprise event software is way over our budget and overkill. What's in the middle for a 500-person corporate conference?,mid market event management software corporate conference alternative enterprise,frustrated and overwhelmed,5.0,eventbrite_cvent_alternatives,"Eventbrite, Cvent, and Whova alternatives",Regenerated 2026-04-19
gen_1776633268_00400,Corporate Event Coordinator / Marketing Manager,research,commercial,evaluate conference-focused platform features,marketing manager planning annual internal conference,"I'm comparing conference platforms and need agenda management, attendee app, and speaker profiles in one tool. What fits?",conference platform agenda attendee app speaker management all in one,detail-oriented and planning ahead,5.0,eventbrite_cvent_alternatives,"Eventbrite, Cvent, and Whova alternatives",Regenerated 2026-04-19
gen_1776633268_00401,Corporate Event Coordinator / Marketing Manager,educational,informational,understand enterprise event software drawbacks,mid-size company coordinator frustrated by complexity,Why do so many people say enterprise event platforms are too complex for mid-size teams? What specifically becomes a problem?,enterprise event software too complex mid market problems,frustrated and overwhelmed,5.0,eventbrite_cvent_alternatives,"Eventbrite, Cvent, and Whova alternatives",Regenerated 2026-04-19
gen_1776633268_00402,Corporate Event Coordinator / Marketing Manager,commercial,commercial,find branded event registration alternative,brand manager needing white-labeled attendee experience,Our leadership hates when registration pages look generic. Which platforms offer real branded attendee experiences without IT involvement?,branded event registration platform no IT white label corporate,detail-oriented and planning ahead,5.0,eventbrite_cvent_alternatives,"Eventbrite, Cvent, and Whova alternatives",Regenerated 2026-04-19
gen_1776633268_00403,Corporate Event Coordinator / Marketing Manager,research,informational,compare annual vs transaction fee pricing,corporate coordinator managing 4-6 paid events yearly,Running about five paid corporate events a year. Is flat annual pricing or per-transaction fees cheaper at that volume?,event platform annual fee vs transaction fee pricing comparison,detail-oriented and planning ahead,5.0,eventbrite_cvent_alternatives,"Eventbrite, Cvent, and Whova alternatives",Regenerated 2026-04-19
gen_1776633268_00404,Corporate Event Coordinator / Marketing Manager,commercial,commercial,find platform with budget tracking built in,marketing manager proving ROI to leadership,I'm exhausted tracking event budgets in separate spreadsheets. Do any registration platforms include real-time budget management natively?,event registration platform built in budget tracking real time,frustrated and overwhelmed,5.0,eventbrite_cvent_alternatives,"Eventbrite, Cvent, and Whova alternatives",Regenerated 2026-04-19
gen_1776633268_00405,Corporate Event Coordinator / Marketing Manager,support,commercial,streamline recurring annual event setup,coordinator running same corporate events every year,I rebuild the same annual sales meeting from scratch every year and it kills weeks. Is there software that just rolls it over?,event software duplicate recurring annual event rollover setup,emotional and looking for support,5.0,eventbrite_cvent_alternatives,"Eventbrite, Cvent, and Whova alternatives",Regenerated 2026-04-19
gen_1776633268_00406,Corporate Event Coordinator / Marketing Manager,educational,informational,understand when to leave basic ticketing platforms,growing company outgrowing simple event ticketing tools,At what point does a basic ticketing platform stop being enough? Trying to figure out if we've outgrown ours.,when to upgrade from basic ticketing platform event management,emotional and looking for support,5.0,eventbrite_cvent_alternatives,"Eventbrite, Cvent, and Whova alternatives",Regenerated 2026-04-19
gen_1776633268_00407,Corporate Event Coordinator / Marketing Manager,navigational,navigational,find event platform comparison resource,marketing manager building vendor evaluation shortlist,Looking for an honest side-by-side comparison of event platforms for corporate teams — not a sponsored listicle. Where do I find that?,unbiased event management platform comparison corporate mid market,detail-oriented and planning ahead,5.0,eventbrite_cvent_alternatives,"Eventbrite, Cvent, and Whova alternatives",Regenerated 2026-04-19
gen_1776633268_00408,Corporate Event Coordinator / Marketing Manager,educational,informational,understand mid-market event platform options,"corporate coordinator, outgrown ticketing tool, under-resourced for enterprise",There's a huge gap between basic ticketing tools and enterprise event software. What fills that space for corporate teams?,mid-market corporate event management platform between ticketing and enterprise,newly aware and confused,5.0,eventbrite_cvent_alternatives,"Eventbrite, Cvent, and Whova alternatives",Regenerated 2026-04-19
gen_1776633268_00409,Corporate Event Coordinator / Marketing Manager,educational,informational,evaluate when ticketing-only platforms become limiting,"marketing manager, running multi-session corporate events, needs more than ticket sales","My ticketing platform sells seats fine but can't handle schedules, staff, or budgets. Is that a normal limitation?",ticketing platform limitations event scheduling staff budget management,newly aware and confused,5.0,eventbrite_cvent_alternatives,"Eventbrite, Cvent, and Whova alternatives",Regenerated 2026-04-19
gen_1776633268_00410,Corporate Event Coordinator / Marketing Manager,commercial,commercial,find corporate event platform with branding and budget tools,"event marketing specialist, 300-person client event, needs polished experience",Need a platform that handles branded registration pages and actual budget tracking — not two separate tools. What exists?,corporate event platform branded registration budget tracking combined,practical and ready to act,5.0,eventbrite_cvent_alternatives,"Eventbrite, Cvent, and Whova alternatives",Regenerated 2026-04-19
gen_1776633268_00411,Corporate Event Coordinator / Marketing Manager,research,commercial,compare enterprise event platform cost vs alternatives,"corporate coordinator, leadership pushing back on enterprise software pricing",Enterprise event platforms cost as much as a small event itself. What are corporate teams actually switching to instead?,enterprise event software too expensive alternatives corporate teams,practical and ready to act,5.0,eventbrite_cvent_alternatives,"Eventbrite, Cvent, and Whova alternatives",Regenerated 2026-04-19
gen_1776633268_00412,Corporate Event Coordinator / Marketing Manager,research,commercial,assess conference app alternatives for corporate events,"marketing manager, annual internal conference, evaluating attendee-facing mobile experience",Looking for a conference platform with a solid mobile attendee app that doesn't require a separate app subscription on top.,conference platform built-in mobile attendee app corporate events,detail-oriented and planning ahead,5.0,eventbrite_cvent_alternatives,"Eventbrite, Cvent, and Whova alternatives",Regenerated 2026-04-19
gen_1776633268_00413,Corporate Event Coordinator / Marketing Manager,educational,informational,find platforms that handle volunteer and staff scheduling,"corporate event coordinator, managing large event-day staff across multiple roles","Do any event platforms handle staff and volunteer scheduling natively, or is that always a separate tool?",event management platform staff volunteer scheduling built in,newly aware and confused,5.0,eventbrite_cvent_alternatives,"Eventbrite, Cvent, and Whova alternatives",Regenerated 2026-04-19
gen_1776633268_00414,Corporate Event Coordinator / Marketing Manager,commercial,commercial,identify right-sized event software for recurring corporate events,"runs 6-8 recurring corporate events annually, needs scalable but not enterprise-grade solution",I run the same six corporate events every year. What platforms are built for recurring events without enterprise overhead?,event platform recurring annual corporate events mid-size,detail-oriented and planning ahead,5.0,eventbrite_cvent_alternatives,"Eventbrite, Cvent, and Whova alternatives",Regenerated 2026-04-19
gen_1776633268_00415,Corporate Event Coordinator / Marketing Manager,navigational,navigational,locate unbiased event platform comparison resources,"marketing manager, shortlisting platforms, skeptical of vendor-produced content",Where can I find real user reviews comparing event management platforms — not content written by the vendors themselves?,unbiased event management platform reviews user comparisons,detail-oriented and planning ahead,5.0,eventbrite_cvent_alternatives,"Eventbrite, Cvent, and Whova alternatives",Regenerated 2026-04-19
gen_1776633268_00416,Nonprofit Event Director / Program Coordinator,research,commercial,find nonprofit-discounted event management software,nonprofit ED shopping on tight annual budget,I run a small nonprofit and need full event management software. Do platforms actually offer meaningful nonprofit discounts?,nonprofit discount event management software fundraising,detail-oriented and planning ahead,5.0,nonprofit_fundraising_events,Nonprofit fundraising event software,Regenerated 2026-04-19
gen_1776633268_00417,Nonprofit Event Director / Program Coordinator,educational,informational,track fundraising event budget in real time,gala director reporting live spend to board,Board wants live budget numbers during our annual gala. Is there software that tracks event spend in real time without a finance team?,real time event budget tracking nonprofit gala software,detail-oriented and planning ahead,5.0,nonprofit_fundraising_events,Nonprofit fundraising event software,Regenerated 2026-04-19
gen_1776633268_00418,Nonprofit Event Director / Program Coordinator,research,commercial,duplicate annual gala setup year over year,events coordinator rebuilding same event annually,I rebuild the same fundraiser from scratch every year and it eats weeks. Is there software that carries everything forward automatically?,recurring fundraising event setup duplication software nonprofit,time-pressed and direct,5.0,nonprofit_fundraising_events,Nonprofit fundraising event software,Regenerated 2026-04-19
gen_1776633268_00419,Nonprofit Event Director / Program Coordinator,research,commercial,manage donor ticket tiers and recognition,nonprofit gala with platinum silver bronze sponsor tiers,Our gala has three donor tiers with different perks and seating. What software handles tiered ticket types and recognition without manual workarounds?,event software donor tier ticketing recognition nonprofit gala,detail-oriented and planning ahead,5.0,nonprofit_fundraising_events,Nonprofit fundraising event software,Regenerated 2026-04-19
gen_1776633268_00420,Nonprofit Event Director / Program Coordinator,educational,informational,prove event ROI to nonprofit board post-event,program coordinator preparing board presentation after fundraiser,"My board wants a post-event report showing revenue versus costs. Does event software produce that, or am I still building spreadsheets?",nonprofit event ROI reporting software post-event summary board,time-pressed and direct,5.0,nonprofit_fundraising_events,Nonprofit fundraising event software,Regenerated 2026-04-19
gen_1776633268_00421,Nonprofit Event Director / Program Coordinator,support,informational,coordinate volunteers with mixed tech skill levels,"nonprofit gala with 60 volunteers, many are seniors",Half my volunteers are retirees who struggle with apps. I need scheduling software that doesn't require a tutorial to check in for a shift.,easy volunteer scheduling software nonprofit event low tech users,emotional and looking for support,5.0,nonprofit_fundraising_events,Nonprofit fundraising event software,Regenerated 2026-04-19
gen_1776633268_00422,Nonprofit Event Director / Program Coordinator,commercial,commercial,find all-in-one platform replacing multiple nonprofit tools,nonprofit coordinator using four disconnected tools currently,"I'm stitching together four different tools for one fundraiser. Is there one platform that covers registration, volunteers, budget, and comms?",all in one nonprofit fundraising event management platform,time-pressed and direct,5.0,nonprofit_fundraising_events,Nonprofit fundraising event software,Regenerated 2026-04-19
gen_1776633268_00423,Nonprofit Event Director / Program Coordinator,educational,informational,understand transaction fee structures for nonprofit ticketing,nonprofit director comparing per-ticket costs across platforms,"We sell 800 gala tickets annually. How do per-transaction fees on event platforms actually add up, and are there caps I should look for?",nonprofit event ticketing transaction fees comparison capped fees,detail-oriented and planning ahead,5.0,nonprofit_fundraising_events,Nonprofit fundraising event software,Regenerated 2026-04-19
gen_1776633268_00424,Nonprofit Event Director / Program Coordinator,educational,informational,handle sponsor recognition inside event registration flow,events director managing three corporate sponsors for fundraiser,Sponsors want logo placement and acknowledgment built into our registration pages. Can event software handle that without custom web development?,sponsor recognition event registration software nonprofit fundraiser,detail-oriented and planning ahead,5.0,nonprofit_fundraising_events,Nonprofit fundraising event software,Regenerated 2026-04-19
gen_1776633268_00425,Nonprofit Event Director / Program Coordinator,research,commercial,find fundraising event software with compliance reporting,nonprofit coordinator needing audit-ready financial records,Our auditors want clean records of every registration payment and refund. Which event platforms produce audit-ready financial exports for nonprofits?,nonprofit event software audit compliance financial reporting export,emotional and looking for support,5.0,nonprofit_fundraising_events,Nonprofit fundraising event software,Regenerated 2026-04-19
gen_1776633268_00426,Nonprofit Event Director / Program Coordinator,educational,informational,find donor-friendly event registration flow,"nonprofit director, donors expect polished experience",Our donors are used to high-end experiences. What should a fundraiser registration page include to not embarrass us?,nonprofit fundraiser registration page donor experience,time-pressed and direct,5.0,nonprofit_fundraising_events,Nonprofit fundraising event software,Regenerated 2026-04-19
gen_1776633268_00427,Nonprofit Event Director / Program Coordinator,research,commercial,evaluate all-in-one nonprofit event platforms,"outgrown basic ticketing, not ready for enterprise","Ticketing-only platforms aren't cutting it anymore, but enterprise software is overkill. What's actually in the middle for nonprofits?",nonprofit event management software between basic and enterprise,skeptical and comparing options,5.0,nonprofit_fundraising_events,Nonprofit fundraising event software,Regenerated 2026-04-19
gen_1776633268_00428,Nonprofit Event Director / Program Coordinator,research,commercial,track sponsorship commitments inside event software,"annual gala, multiple sponsors, manual tracking breaking down",I'm tracking sponsor commitments in a spreadsheet and things keep falling through cracks. Does event software handle this natively?,event software sponsor commitment tracking nonprofit gala,frustrated and overwhelmed,5.0,nonprofit_fundraising_events,Nonprofit fundraising event software,Regenerated 2026-04-19
gen_1776633268_00429,Nonprofit Event Director / Program Coordinator,educational,informational,understand nonprofit compliance reporting from event platforms,"501c3 nonprofit, board requires donation documentation",We're a 501(c)(3) and need receipts that meet IRS donation acknowledgment rules. Can event platforms generate those automatically?,event platform IRS donation acknowledgment 501c3 nonprofit receipts,time-pressed and direct,5.0,nonprofit_fundraising_events,Nonprofit fundraising event software,Regenerated 2026-04-19
gen_1776633268_00430,Nonprofit Event Director / Program Coordinator,support,informational,manage volunteer coordination inside event platform,"100 volunteers, gala night, mixed tech comfort levels",Last gala I had 40 no-shows because shift reminders got buried in email. Is volunteer scheduling actually built into event platforms?,event platform built-in volunteer scheduling shift reminders nonprofit,frustrated and overwhelmed,5.0,nonprofit_fundraising_events,Nonprofit fundraising event software,Regenerated 2026-04-19
gen_1776633268_00431,Nonprofit Event Director / Program Coordinator,research,commercial,compare event platform pricing for nonprofits,budget-conscious director evaluating annual subscription vs per-event,Annual subscription or pay-per-event — which pricing model actually saves money when you run three fundraisers a year?,nonprofit event software annual subscription vs per event pricing,skeptical and comparing options,5.0,nonprofit_fundraising_events,Nonprofit fundraising event software,Regenerated 2026-04-19
gen_1776633268_00432,Nonprofit Event Director / Program Coordinator,commercial,commercial,enable mobile event experience for attendees,gala attendees expect digital programs and real-time updates,Attendees keep asking for a digital program instead of printed ones. Does event software include a mobile portal guests actually use?,event software mobile attendee portal digital program nonprofit,time-pressed and direct,5.0,nonprofit_fundraising_events,Nonprofit fundraising event software,Regenerated 2026-04-19
gen_1776633268_00433,Nonprofit Event Director / Program Coordinator,educational,informational,find software handling recurring annual fundraiser,"runs same event format every year, setup takes too long",I run the same awareness gala every October. How much setup time should I realistically expect to save with the right software?,event software reduce annual fundraiser setup time recurring events,skeptical and comparing options,5.0,nonprofit_fundraising_events,Nonprofit fundraising event software,Regenerated 2026-04-19
gen_1776633268_00434,Nonprofit Event Director / Program Coordinator,support,informational,demonstrate event ROI to nonprofit board,"board meeting next week, needs revenue and cost summary",Board meeting is Friday and they want event ROI numbers. What does a solid post-event financial summary from software actually look like?,nonprofit event software post-event ROI report board presentation,frustrated and overwhelmed,5.0,nonprofit_fundraising_events,Nonprofit fundraising event software,Regenerated 2026-04-19
gen_1776633268_00435,Nonprofit Event Director / Program Coordinator,navigational,navigational,locate nonprofit event software with discount verification,searching for platforms with verified nonprofit pricing,"Looking for event management platforms that have a verified nonprofit discount, not just a vague 'contact us for pricing' page.",event management platform verified nonprofit discount pricing,skeptical and comparing options,5.0,nonprofit_fundraising_events,Nonprofit fundraising event software,Regenerated 2026-04-19
gen_1776633268_00436,Nonprofit Event Director / Program Coordinator,research,commercial,understand all-in-one vs piecemeal tools,nonprofit director using 4 separate tools for one gala,"I'm paying for separate registration, budgeting, and volunteer tools. Is consolidating into one platform actually worth the switch?",all in one nonprofit event management platform vs separate tools,skeptical and comparing options,5.0,nonprofit_fundraising_events,Nonprofit fundraising event software,Regenerated 2026-04-19
gen_1776633268_00437,Nonprofit Event Director / Program Coordinator,educational,informational,understand real-time budget tracking for events,nonprofit coordinator reporting live financials to board,"Does event software track expenses and revenue in real time, or is it just post-event reporting after the damage is done?",real time budget tracking nonprofit fundraising event software,skeptical and comparing options,5.0,nonprofit_fundraising_events,Nonprofit fundraising event software,Regenerated 2026-04-19
gen_1776633268_00438,Nonprofit Event Director / Program Coordinator,navigational,navigational,find nonprofit-specific fundraising event platforms,program coordinator evaluating software for first major gala,I'm trying to find event platforms actually built for nonprofits — not just generic ticketing tools with a charity checkbox.,fundraising event software built for nonprofits gala management,newly aware and confused,5.0,nonprofit_fundraising_events,Nonprofit fundraising event software,Regenerated 2026-04-19
gen_1776633268_00439,Nonprofit Event Director / Program Coordinator,educational,informational,understand sponsor recognition tools in event software,nonprofit director juggling sponsor tiers manually,We have four sponsor tiers and I'm manually updating everything. Do event platforms handle sponsor recognition and visibility automatically?,sponsor tier recognition tools nonprofit event platform,newly aware and confused,5.0,nonprofit_fundraising_events,Nonprofit fundraising event software,Regenerated 2026-04-19
gen_1776633268_00440,Nonprofit Event Director / Program Coordinator,support,commercial,evaluate software for volunteer-heavy nonprofit events,events director coordinating 60 low-tech volunteers for fundraiser,Half my volunteers struggle with basic apps. What should I look for in event software that won't lose them completely?,easy volunteer management nonprofit fundraiser event software,emotional and looking for support,5.0,nonprofit_fundraising_events,Nonprofit fundraising event software,Regenerated 2026-04-19
gen_1776633268_00441,Nonprofit Event Director / Program Coordinator,support,informational,cope with post-event donor reporting pressure,nonprofit coordinator stressed after gala financial discrepancies,After last year's gala our donor receipts and expense reports didn't match. I can't go through that again — what actually prevents this?,donor receipt expense reconciliation nonprofit event software,emotional and looking for support,5.0,nonprofit_fundraising_events,Nonprofit fundraising event software,Regenerated 2026-04-19
gen_1776633268_00442,Nonprofit Event Director / Program Coordinator,educational,informational,understand ticketing platform limitations for nonprofits,"nonprofit director outgrowing basic ticketing, planning annual gala",Our ticketing tool handles registrations fine but nothing else. At what point do nonprofits actually need a full event platform?,nonprofit event management platform beyond ticketing tools,newly aware and confused,5.0,eventbrite_cvent_alternatives,"Eventbrite, Cvent, and Whova alternatives",Regenerated 2026-04-19
gen_1776633268_00443,Nonprofit Event Director / Program Coordinator,research,commercial,evaluate enterprise event software cost vs nonprofit budget,"nonprofit ED, $50K event budget, enterprise pricing feels out of reach",Enterprise event platforms cost more than our entire event budget. What do mid-size nonprofits actually use instead?,enterprise event software alternatives nonprofits mid-size budget,skeptical and comparing options,5.0,eventbrite_cvent_alternatives,"Eventbrite, Cvent, and Whova alternatives",Regenerated 2026-04-19
gen_1776633268_00444,Nonprofit Event Director / Program Coordinator,research,commercial,find all-in-one platform for nonprofit conference management,program coordinator managing 400-person member conference annually,"I'm running a 400-person member conference solo. Is there one platform that handles registration, schedule, and volunteers together?",all in one nonprofit conference management platform registration volunteers,curious and exploratory,5.0,eventbrite_cvent_alternatives,"Eventbrite, Cvent, and Whova alternatives",Regenerated 2026-04-19
gen_1776633268_00445,Nonprofit Event Director / Program Coordinator,commercial,commercial,compare event platform pricing tiers for nonprofits,"events director evaluating tools, board demanding cost justification",My board wants a line-item justification for event software. How do mid-market platforms typically price compared to enterprise options?,event management software pricing tiers nonprofit mid-market vs enterprise,skeptical and comparing options,5.0,eventbrite_cvent_alternatives,"Eventbrite, Cvent, and Whova alternatives",Regenerated 2026-04-19
gen_1776633268_00446,Nonprofit Event Director / Program Coordinator,educational,informational,identify when to upgrade from basic ticketing to event management,"nonprofit coordinator, recurring annual fundraiser getting more complex",Our annual fundraiser keeps growing and ticketing alone isn't cutting it anymore. What signals mean it's time to switch platforms?,when to upgrade from ticketing to full event management software,newly aware and confused,5.0,eventbrite_cvent_alternatives,"Eventbrite, Cvent, and Whova alternatives",Regenerated 2026-04-19
gen_1776633268_00447,Nonprofit Event Director / Program Coordinator,commercial,commercial,find event software with nonprofit discount pricing,"budget-conscious nonprofit director, limited tech spend approved","Do event management platforms typically offer nonprofit discounts, or is that just something enterprise vendors advertise but never deliver?",event management software nonprofit discount pricing,skeptical and comparing options,5.0,eventbrite_cvent_alternatives,"Eventbrite, Cvent, and Whova alternatives",Regenerated 2026-04-19
gen_1776633268_00448,Nonprofit Event Director / Program Coordinator,educational,informational,explore event platform options for recurring annual events,events director rebuilding same event setup from scratch each year,"I rebuild our gala from zero every year — same forms, same schedule structure. Do any platforms let you duplicate and reuse past events?",event platform duplicate recurring annual event reuse setup,curious and exploratory,5.0,eventbrite_cvent_alternatives,"Eventbrite, Cvent, and Whova alternatives",Regenerated 2026-04-19
gen_1776633268_00449,Nonprofit Event Director / Program Coordinator,research,informational,research accessible alternatives to complex enterprise event tools,"nonprofit coordinator, demoed enterprise platform and felt overwhelmed",Sat through an enterprise event platform demo and understood maybe half of it. What are simpler options that still cover the full event lifecycle?,simple event management platform full lifecycle not enterprise,newly aware and confused,5.0,eventbrite_cvent_alternatives,"Eventbrite, Cvent, and Whova alternatives",Regenerated 2026-04-19
gen_1776633268_00450,Nonprofit Event Director / Program Coordinator,research,commercial,compare event platforms for volunteer-heavy nonprofit events,nonprofit ED coordinating 60 volunteers across community festival,Running a community festival with 60 volunteers who aren't tech savvy. Which event platforms are actually usable for non-technical volunteer teams?,event platform easy volunteer management non-technical community festival,skeptical and comparing options,5.0,eventbrite_cvent_alternatives,"Eventbrite, Cvent, and Whova alternatives",Regenerated 2026-04-19
gen_1776633268_00451,Nonprofit Event Director / Program Coordinator,commercial,commercial,find event software with real-time budget tracking for boards,program coordinator reporting event ROI monthly to nonprofit board,"I report event financials to our board monthly. Are there event platforms where budget tracking is built in, not a separate spreadsheet?",event management software built in budget tracking reporting,curious and exploratory,5.0,eventbrite_cvent_alternatives,"Eventbrite, Cvent, and Whova alternatives",Regenerated 2026-04-19
gen_1776633268_00452,Nonprofit Event Director / Program Coordinator,research,commercial,find mid-market event platform after outgrowing ticketing,"nonprofit director, basic ticketing too limited, enterprise too costly",Ticketing-only tools feel too thin but enterprise platforms are overkill. What sits in the middle for nonprofit events?,nonprofit event management platform between ticketing and enterprise,frustrated and overwhelmed,5.0,eventbrite_cvent_alternatives,"Eventbrite, Cvent, and Whova alternatives",Regenerated 2026-04-19
gen_1776633268_00453,Nonprofit Event Director / Program Coordinator,research,commercial,evaluate all-in-one platforms for annual gala,"nonprofit events director, managing gala solo with volunteers","Looking for a single platform that handles registration, volunteers, and budget for a 500-person nonprofit gala. What exists?",all in one nonprofit gala event platform registration volunteers budget,practical and ready to act,5.0,eventbrite_cvent_alternatives,"Eventbrite, Cvent, and Whova alternatives",Regenerated 2026-04-19
gen_1776633268_00454,Nonprofit Event Director / Program Coordinator,educational,informational,identify why nonprofits leave basic ticketing platforms,program coordinator questioning current tool's limitations,What do nonprofits actually lose by sticking with a ticketing-only platform once their events hit a few hundred attendees?,limitations ticketing only platform nonprofit growing events,frustrated and overwhelmed,5.0,eventbrite_cvent_alternatives,"Eventbrite, Cvent, and Whova alternatives",Regenerated 2026-04-19
gen_1776633268_00455,Nonprofit Event Director / Program Coordinator,research,commercial,compare conference platforms for small nonprofit team,"nonprofit coordinator running member conference, no IT support","Running our first member conference with no IT support. Which event platforms are actually built for small teams, not tech departments?",event platform small nonprofit team member conference no IT,time-pressed and direct,5.0,eventbrite_cvent_alternatives,"Eventbrite, Cvent, and Whova alternatives",Regenerated 2026-04-19
gen_1776633268_00456,Nonprofit Event Director / Program Coordinator,educational,informational,understand true cost of enterprise event software,nonprofit director weighing software ROI for board approval,"What does enterprise event software actually cost nonprofits all-in — licenses, setup, and fees — versus mid-market options?",enterprise event software total cost nonprofit vs mid market,practical and ready to act,5.0,eventbrite_cvent_alternatives,"Eventbrite, Cvent, and Whova alternatives",Regenerated 2026-04-19
gen_1776633268_00457,Nonprofit Event Director / Program Coordinator,research,commercial,find event platform with volunteer management built in,nonprofit managing 80 volunteers with mixed tech skills,Managing 80 volunteers who barely use email. Is there an event platform where volunteer scheduling is actually built in?,event platform built in volunteer management scheduling nonprofit,frustrated and overwhelmed,5.0,eventbrite_cvent_alternatives,"Eventbrite, Cvent, and Whova alternatives",Regenerated 2026-04-19
gen_1776633268_00458,Nonprofit Event Director / Program Coordinator,educational,informational,compare platform options for recurring annual fundraiser,nonprofit director running same fundraiser format each year,"We run the same fundraiser every year. Are there platforms designed for recurring events, or do you rebuild from scratch each time?",event platform recurring annual fundraiser duplicate reuse,time-pressed and direct,5.0,eventbrite_cvent_alternatives,"Eventbrite, Cvent, and Whova alternatives",Regenerated 2026-04-19
gen_1776633268_00459,Nonprofit Event Director / Program Coordinator,navigational,navigational,navigate to mid-market event platform comparison page,nonprofit coordinator actively evaluating software options,Where can I find a side-by-side comparison of mid-market event platforms specifically reviewed by nonprofit organizers?,mid market event platform comparison nonprofit organizer reviews,practical and ready to act,5.0,eventbrite_cvent_alternatives,"Eventbrite, Cvent, and Whova alternatives",Regenerated 2026-04-19
gen_1776633268_00460,Nonprofit Event Director / Program Coordinator,commercial,commercial,assess platform fit for community festival with tight budget,"nonprofit festival director, under $50K event budget","Our community festival budget is under $50K. What event platforms are actually priced for that scale, not Fortune 500 conferences?",event management platform small budget community festival affordable,frustrated and overwhelmed,5.0,eventbrite_cvent_alternatives,"Eventbrite, Cvent, and Whova alternatives",Regenerated 2026-04-19
gen_1776633268_00461,Nonprofit Event Director / Program Coordinator,educational,informational,determine when enterprise event software is overkill,"nonprofit director overwhelmed by complex demo, reconsidering options",At what attendee size or budget does enterprise event software actually make sense? Feels like serious overkill for our 600-person conference.,when does enterprise event software make sense nonprofit conference size,time-pressed and direct,5.0,eventbrite_cvent_alternatives,"Eventbrite, Cvent, and Whova alternatives",Regenerated 2026-04-19
gen_1776633268_00462,Nonprofit Event Director / Program Coordinator,educational,informational,understand why ticketing platforms fall short,"nonprofit director, outgrowing basic tools, annual gala","I keep hitting walls with our ticketing platform — no budget tracking, no volunteers. What am I supposed to use instead?",event platform beyond ticketing budget volunteers nonprofit,frustrated and overwhelmed,5.0,eventbrite_cvent_alternatives,"Eventbrite, Cvent, and Whova alternatives",Regenerated 2026-04-19
gen_1776633268_00463,Nonprofit Event Director / Program Coordinator,research,commercial,evaluate mid-market event platform options,"nonprofit coordinator, 300-person fundraiser, limited budget",There has to be something between a basic ticketing tool and a $20K enterprise system. What are nonprofits actually using?,mid market event management platform nonprofit affordable,newly aware and confused,5.0,eventbrite_cvent_alternatives,"Eventbrite, Cvent, and Whova alternatives",Regenerated 2026-04-19
gen_1776633268_00464,Nonprofit Event Director / Program Coordinator,support,commercial,find event software with real nonprofit support,"events director, board pressure, volunteer team, small staff",I'm exhausted patching together spreadsheets and forms. Is there event software that actually supports small nonprofit teams without a learning curve?,event management software small nonprofit team easy to use,emotional and looking for support,5.0,eventbrite_cvent_alternatives,"Eventbrite, Cvent, and Whova alternatives",Regenerated 2026-04-19
gen_1776633268_00465,Nonprofit Event Director / Program Coordinator,educational,informational,assess if enterprise event software is worth cost,"nonprofit director, 500-person conference, tight annual budget",Enterprise event platforms look impressive but feel designed for corporations. How do nonprofits even evaluate whether the cost is justified?,enterprise event software cost nonprofit worth it,frustrated and overwhelmed,5.0,eventbrite_cvent_alternatives,"Eventbrite, Cvent, and Whova alternatives",Regenerated 2026-04-19
gen_1776633268_00466,Nonprofit Event Director / Program Coordinator,navigational,navigational,find nonprofit event platform reviews and comparisons,"program coordinator, first large conference, no IT staff",Where do nonprofit event planners actually share honest reviews of the platforms they've switched to or away from?,nonprofit event platform reviews comparisons community forums,newly aware and confused,5.0,eventbrite_cvent_alternatives,"Eventbrite, Cvent, and Whova alternatives",Regenerated 2026-04-19
gen_1776633268_00467,Nonprofit Event Director / Program Coordinator,commercial,commercial,identify all-in-one platform replacing multiple tools,"nonprofit coordinator, juggling five separate tools, overwhelmed","Running registration in one tool, volunteers in another, budget in spreadsheets — I can't keep doing this. What consolidates all of it?",all in one event platform registration volunteers budget nonprofit,emotional and looking for support,5.0,eventbrite_cvent_alternatives,"Eventbrite, Cvent, and Whova alternatives",Regenerated 2026-04-19
gen_1776633268_00468,Community Organization Leader / Committee Chair,research,commercial,escape annual event rebuild frustration,"volunteer committee chair, recurring community festival, rotating volunteers",Every year our festival committee rebuilds everything from scratch. Is there event software that actually carries last year's work forward?,event management software recurring annual festival rollover templates,skeptical and comparing options,5.0,eventbrite_cvent_alternatives,"Eventbrite, Cvent, and Whova alternatives",Regenerated 2026-04-19
gen_1776633268_00469,Community Organization Leader / Committee Chair,research,commercial,find mid-range event platform pricing,"community gala, tight nonprofit budget, outgrown basic ticketing",Basic ticketing feels too thin but enterprise event software costs are absurd for us. What sits in between for nonprofits?,event management software mid-market nonprofit affordable alternative,skeptical and comparing options,5.0,eventbrite_cvent_alternatives,"Eventbrite, Cvent, and Whova alternatives",Regenerated 2026-04-19
gen_1776633268_00470,Community Organization Leader / Committee Chair,educational,informational,evaluate all-in-one vs multiple tools,"civic committee chair juggling spreadsheets, email, and ticketing separately","I'm using four separate tools to run one community event. Does any platform handle registration, volunteers, and budget together?",all in one event platform registration volunteers budget tracking,curious and exploratory,5.0,eventbrite_cvent_alternatives,"Eventbrite, Cvent, and Whova alternatives",Regenerated 2026-04-19
gen_1776633268_00471,Community Organization Leader / Committee Chair,educational,informational,transfer institutional knowledge between chairs,incoming committee chair inheriting undocumented event from predecessor,Our outgoing chair left almost no notes. Can event software preserve enough history that a new volunteer can actually take over smoothly?,event software institutional knowledge handoff volunteer committee,curious and exploratory,5.0,eventbrite_cvent_alternatives,"Eventbrite, Cvent, and Whova alternatives",Regenerated 2026-04-19
gen_1776633268_00472,Community Organization Leader / Committee Chair,research,commercial,assess non-technical user friendliness,"rotating volunteer committee, most members avoid technology",Half our committee barely uses smartphones. What event platforms are genuinely simple enough for non-tech volunteers to manage on their own?,event management software easy non-technical users volunteers,practical and ready to act,5.0,eventbrite_cvent_alternatives,"Eventbrite, Cvent, and Whova alternatives",Regenerated 2026-04-19
gen_1776633268_00473,Community Organization Leader / Committee Chair,commercial,commercial,compare conference app options for small events,"local cultural festival, 500 attendees, no dedicated IT staff",Looking for a mobile event app for attendees that doesn't require a full IT team to set up. What actually works for small community events?,mobile event app small community festival attendees simple setup,practical and ready to act,5.0,eventbrite_cvent_alternatives,"Eventbrite, Cvent, and Whova alternatives",Regenerated 2026-04-19
gen_1776633268_00474,Community Organization Leader / Committee Chair,educational,informational,understand when enterprise event tools are overkill,"committee chair researching options, intimidated by complex platforms","At what point is enterprise event software just overkill? I run a 600-person annual fundraiser, not a global conference.",enterprise event software overkill small nonprofit fundraiser,skeptical and comparing options,5.0,eventbrite_cvent_alternatives,"Eventbrite, Cvent, and Whova alternatives",Regenerated 2026-04-19
gen_1776633268_00475,Community Organization Leader / Committee Chair,commercial,commercial,find event software with nonprofit discount,"volunteer-run civic organization, board scrutinizes every expense","Our board questions every dollar. Are there event platforms that offer real nonprofit pricing, not just a 10% token discount?",event management software nonprofit discount pricing community organization,practical and ready to act,5.0,eventbrite_cvent_alternatives,"Eventbrite, Cvent, and Whova alternatives",Regenerated 2026-04-19
gen_1776633268_00476,Community Organization Leader / Committee Chair,educational,informational,research volunteer scheduling inside event platforms,"annual rodeo committee, 40 volunteers, roles change yearly",I manually text 40 volunteers their shifts every year. Is volunteer scheduling something event management platforms actually do well now?,event platform volunteer scheduling shift management community events,curious and exploratory,5.0,eventbrite_cvent_alternatives,"Eventbrite, Cvent, and Whova alternatives",Regenerated 2026-04-19
gen_1776633268_00477,Community Organization Leader / Committee Chair,research,commercial,compare transaction fee structures for ticket sales,"community parade fundraiser, price-sensitive attendees, thin margins",Transaction fees quietly eat our ticket revenue every year. Which event platforms have the most transparent or capped per-ticket fees?,event ticketing platform transaction fees capped nonprofit community,skeptical and comparing options,5.0,eventbrite_cvent_alternatives,"Eventbrite, Cvent, and Whova alternatives",Regenerated 2026-04-19
gen_1776633268_00478,Community Organization Leader / Committee Chair,educational,informational,understand enterprise event software tradeoffs,"volunteer chair, small civic event, exploring options above basic tools",I keep seeing enterprise event platforms recommended. Are they realistically usable by a small volunteer committee with no IT support?,enterprise event software small nonprofit volunteer committee usability,skeptical and comparing options,5.0,eventbrite_cvent_alternatives,"Eventbrite, Cvent, and Whova alternatives",Regenerated 2026-04-19
gen_1776633268_00479,Community Organization Leader / Committee Chair,educational,informational,find conference-style platform for community event,"newly researching, organizing annual cultural celebration with agenda and sessions",I'm seeing conference-focused event apps mentioned a lot. Do those actually work for community festivals or are they built for corporate use?,conference event app community festival nonprofit use case,newly aware and confused,5.0,eventbrite_cvent_alternatives,"Eventbrite, Cvent, and Whova alternatives",Regenerated 2026-04-19
gen_1776633268_00480,Community Organization Leader / Committee Chair,commercial,commercial,compare all-in-one platforms vs stitched tools,"detail-oriented chair, planning next year's gala, tired of spreadsheet juggling","Planning next year's gala now. I want one platform covering registration, budget, and volunteers — does that actually exist at a nonprofit price?",all in one event platform registration budget volunteer management nonprofit,detail-oriented and planning ahead,5.0,eventbrite_cvent_alternatives,"Eventbrite, Cvent, and Whova alternatives",Regenerated 2026-04-19
gen_1776633268_00481,Community Organization Leader / Committee Chair,navigational,navigational,navigate event software category options,"newly aware, committee chair overwhelmed by platform choices","There are so many event platforms now — ticketing tools, enterprise systems, conference apps. How do I even know which category I need?",event platform types ticketing vs all in one vs enterprise explained,newly aware and confused,5.0,eventbrite_cvent_alternatives,"Eventbrite, Cvent, and Whova alternatives",Regenerated 2026-04-19
gen_1776633268_00482,Educational Institution Event Manager,educational,informational,understand ticketing platform limitations for university events,"university event manager, outgrowing basic ticketing tools","Our scholarship gala needs budget tracking and donor reporting, not just ticket sales. What am I missing with basic ticketing platforms?",event ticketing platform limitations budget tracking nonprofit university,newly aware and confused,5.0,eventbrite_cvent_alternatives,"Eventbrite, Cvent, and Whova alternatives",Regenerated 2026-04-19
gen_1776633268_00483,Educational Institution Event Manager,research,commercial,find mid-tier event platform between basic and enterprise,"college event coordinator, enterprise tools too complex and costly",Enterprise event software is way over budget for a mid-sized college. What sits between a simple ticketing tool and full enterprise platforms?,mid market event management platform college university affordable,newly aware and confused,5.0,eventbrite_cvent_alternatives,"Eventbrite, Cvent, and Whova alternatives",Regenerated 2026-04-19
gen_1776633268_00484,Educational Institution Event Manager,research,commercial,evaluate conference platforms for academic speaker series,"continuing-ed coordinator, annual speaker series with faculty and sponsors","Running a multi-day speaker series with faculty, sponsors, and public attendees. Which conference platforms actually handle all three registration types cleanly?",conference event platform multiple attendee types speaker series university,detail-oriented and planning ahead,5.0,eventbrite_cvent_alternatives,"Eventbrite, Cvent, and Whova alternatives",Regenerated 2026-04-19
gen_1776633268_00485,Educational Institution Event Manager,research,commercial,replace overbuilt enterprise event software,"alumni relations director, paying for features they never use",We're paying for an enterprise event platform and using maybe 20% of it. What do smaller institutions actually switch to?,enterprise event software alternative smaller institutions alumni events,time-pressed and direct,5.0,eventbrite_cvent_alternatives,"Eventbrite, Cvent, and Whova alternatives",Regenerated 2026-04-19
gen_1776633268_00486,Educational Institution Event Manager,educational,informational,find event tool with financial reporting for academic leadership,campus event manager reporting budgets to administration,Our dean wants a clean budget summary after every event. Which platforms produce financial reports I can actually hand to academic leadership?,event management platform budget reporting academic administration,detail-oriented and planning ahead,5.0,eventbrite_cvent_alternatives,"Eventbrite, Cvent, and Whova alternatives",Regenerated 2026-04-19
gen_1776633268_00487,Educational Institution Event Manager,research,commercial,compare event platforms for recurring annual campus events,university coordinator running the same events every academic year,I rebuild the same alumni gala from scratch every year. Are there platforms that duplicate last year's entire event setup automatically?,event platform recurring annual event duplication copy setup,time-pressed and direct,5.0,eventbrite_cvent_alternatives,"Eventbrite, Cvent, and Whova alternatives",Regenerated 2026-04-19
gen_1776633268_00488,Educational Institution Event Manager,educational,informational,find volunteer management inside event platform,educational institution running large events with student volunteers,I coordinate 40+ student volunteers per event alongside paid staff. Do any event platforms handle both volunteer scheduling and attendee registration in one place?,event platform volunteer management staff scheduling registration combined,detail-oriented and planning ahead,5.0,eventbrite_cvent_alternatives,"Eventbrite, Cvent, and Whova alternatives",Regenerated 2026-04-19
gen_1776633268_00489,Educational Institution Event Manager,navigational,navigational,locate affordable all-in-one event software for schools,"K-12 or small college, limited budget and no IT support","Small school, no IT department, tight budget. Where do I find all-in-one event software that doesn't need a specialist to run it?",all in one event software small school affordable no IT support,newly aware and confused,5.0,eventbrite_cvent_alternatives,"Eventbrite, Cvent, and Whova alternatives",Regenerated 2026-04-19
gen_1776633268_00490,Educational Institution Event Manager,research,commercial,assess event platform transaction fees for tuition-adjacent events,admissions coordinator running paid campus tours and info sessions,Charging families for campus tours and info sessions. How do transaction fees compare across event registration platforms at low ticket volumes?,event registration platform transaction fees comparison low volume,detail-oriented and planning ahead,5.0,eventbrite_cvent_alternatives,"Eventbrite, Cvent, and Whova alternatives",Regenerated 2026-04-19
gen_1776633268_00491,Educational Institution Event Manager,support,commercial,switch event platforms before academic year deadline,"university event manager, fall semester events starting in weeks",Fall events start in six weeks and our current platform isn't cutting it. What's realistic to migrate to on a tight academic timeline?,switch event management platform fast onboarding university deadline,time-pressed and direct,5.0,eventbrite_cvent_alternatives,"Eventbrite, Cvent, and Whova alternatives",Regenerated 2026-04-19
gen_1776633268_00492,Educational Institution Event Manager,research,commercial,evaluate mid-tier event platforms for annual conference,"university event manager, recurring academic conference, no IT support",Planning our annual academic conference solo. Which event platforms sit between basic ticketing and full enterprise — without a steep learning curve?,mid-market event management platform annual conference university,detail-oriented and planning ahead,5.0,eventbrite_cvent_alternatives,"Eventbrite, Cvent, and Whova alternatives",Regenerated 2026-04-19
gen_1776633268_00493,Educational Institution Event Manager,research,informational,assess financial reporting depth across event platforms,college coordinator managing corporate partnership forums with sponsor reporting needs,"Corporate sponsors want post-event financial breakdowns. Do mid-range event platforms actually produce that, or is it an enterprise-only feature?",event platform financial reporting sponsors mid-range,skeptical and comparing options,5.0,eventbrite_cvent_alternatives,"Eventbrite, Cvent, and Whova alternatives",Regenerated 2026-04-19
gen_1776633268_00494,Educational Institution Event Manager,research,commercial,find platforms handling mixed paid and free registrations,"continuing-ed coordinator running public forums with faculty, students, and external attendees","Some attendees pay, some are comped, some are internal. Which event platforms manage mixed registration types without a workaround?",event registration platform mixed paid free attendee types,time-pressed and direct,5.0,eventbrite_cvent_alternatives,"Eventbrite, Cvent, and Whova alternatives",Regenerated 2026-04-19
gen_1776633268_00495,Educational Institution Event Manager,commercial,commercial,compare nonprofit pricing across event management tools,"alumni relations director at small college, tight budget, annual gala",We're a nonprofit institution running one big annual fundraiser. Which event platforms offer real nonprofit discounts worth comparing?,event management software nonprofit discount pricing comparison,skeptical and comparing options,5.0,eventbrite_cvent_alternatives,"Eventbrite, Cvent, and Whova alternatives",Regenerated 2026-04-19
gen_1776633268_00496,Educational Institution Event Manager,educational,informational,identify platforms with mobile event portals for attendees,"university event manager running multi-session forums, attendees expect mobile schedules",Attendees keep asking for a mobile schedule they can check on the day. Which event platforms include that without a separate app subscription?,event platform mobile attendee portal schedule included,detail-oriented and planning ahead,5.0,eventbrite_cvent_alternatives,"Eventbrite, Cvent, and Whova alternatives",Regenerated 2026-04-19
