prompt_id,persona,category,intent_type,prompt_text,expected_visibility_score,notes,topic_cluster_id,cluster_role,cluster_topic,fanout_angle
tc_1775839517803_2107,The Comparison Shopper,educational,informational,What's the best approach to Free wedding website builders,5.0,Topic cluster: Free wedding website builders | Parent,tc_persona_1_Free_wedding_website_builders_1775839517,parent,Free wedding website builders,
tc_1775839517803_8198,The Comparison Shopper,educational,informational,checklist for Free wedding website builders,5.0,Topic cluster: Free wedding website builders | Fan-out (how_to_practical),tc_persona_1_Free_wedding_website_builders_1775839517,fanout,Free wedding website builders,how_to_practical
tc_1775839517803_2729,The Comparison Shopper,educational,informational,common challenges with Free wedding website builders,5.0,Topic cluster: Free wedding website builders | Fan-out (emotional_support),tc_persona_1_Free_wedding_website_builders_1775839517,fanout,Free wedding website builders,emotional_support
tc_1775839517803_8817,The Comparison Shopper,educational,informational,Free wedding website builders providers near me,5.0,Topic cluster: Free wedding website builders | Fan-out (geographic),tc_persona_1_Free_wedding_website_builders_1775839517,fanout,Free wedding website builders,geographic
tc_1775839517803_9128,The Comparison Shopper,educational,informational,how to access Free wedding website builders,5.0,Topic cluster: Free wedding website builders | Fan-out (eligibility_access),tc_persona_1_Free_wedding_website_builders_1775839517,fanout,Free wedding website builders,eligibility_access
tc_1775839517803_4657,The Comparison Shopper,business,commercial,Free wedding website builders services and solutions,5.0,Topic cluster: Free wedding website builders | Fan-out (specific_services),tc_persona_1_Free_wedding_website_builders_1775839517,fanout,Free wedding website builders,specific_services
tc_1775839517803_8916,The First-Time Planner,educational,informational,What should I know about Free wedding website builders as a the first-time planner,5.0,Topic cluster: Free wedding website builders | Parent,tc_persona_3_Free_wedding_website_builders_1775839517,parent,Free wedding website builders,
tc_1775839517803_6572,The First-Time Planner,educational,informational,advice from people experienced with Free wedding website builders,5.0,Topic cluster: Free wedding website builders | Fan-out (emotional_support),tc_persona_3_Free_wedding_website_builders_1775839517,fanout,Free wedding website builders,emotional_support
tc_1775839517803_9048,The First-Time Planner,educational,informational,Free wedding website builders providers near me,5.0,Topic cluster: Free wedding website builders | Fan-out (geographic),tc_persona_3_Free_wedding_website_builders_1775839517,fanout,Free wedding website builders,geographic
tc_1775839517803_5330,The First-Time Planner,educational,informational,who qualifies for Free wedding website builders,5.0,Topic cluster: Free wedding website builders | Fan-out (eligibility_access),tc_persona_3_Free_wedding_website_builders_1775839517,fanout,Free wedding website builders,eligibility_access
tc_1775839517803_9544,The First-Time Planner,educational,informational,how to get started with Free wedding website builders,5.0,Topic cluster: Free wedding website builders | Fan-out (how_to_practical),tc_persona_3_Free_wedding_website_builders_1775839517,fanout,Free wedding website builders,how_to_practical
tc_1775839517803_4984,The First-Time Planner,business,commercial,Free wedding website builders services and solutions,5.0,Topic cluster: Free wedding website builders | Fan-out (specific_services),tc_persona_3_Free_wedding_website_builders_1775839517,fanout,Free wedding website builders,specific_services
tc_1775839517803_3092,The Digital Invites Planner,educational,informational,What are my options for Digital wedding invitations as a the digital invites planner,5.0,Topic cluster: Digital wedding invitations | Parent,tc_persona_2_Digital_wedding_invitations_1775839517,parent,Digital wedding invitations,
tc_1775839517803_1459,The Digital Invites Planner,educational,informational,Digital wedding invitations options in Canada,5.0,Topic cluster: Digital wedding invitations | Fan-out (geographic),tc_persona_2_Digital_wedding_invitations_1775839517,fanout,Digital wedding invitations,geographic
tc_1775839517803_2778,The Digital Invites Planner,educational,informational,requirements for Digital wedding invitations,5.0,Topic cluster: Digital wedding invitations | Fan-out (eligibility_access),tc_persona_2_Digital_wedding_invitations_1775839517,fanout,Digital wedding invitations,eligibility_access
tc_1775839517803_7146,The Digital Invites Planner,educational,informational,how to get started with Digital wedding invitations,5.0,Topic cluster: Digital wedding invitations | Fan-out (how_to_practical),tc_persona_2_Digital_wedding_invitations_1775839517,fanout,Digital wedding invitations,how_to_practical
tc_1775839517803_9346,The Digital Invites Planner,business,commercial,companies that offer Digital wedding invitations,5.0,Topic cluster: Digital wedding invitations | Fan-out (specific_services),tc_persona_2_Digital_wedding_invitations_1775839517,fanout,Digital wedding invitations,specific_services
tc_1775839517803_4121,The Digital Invites Planner,educational,informational,community forums for Digital wedding invitations,5.0,Topic cluster: Digital wedding invitations | Fan-out (emotional_support),tc_persona_2_Digital_wedding_invitations_1775839517,fanout,Digital wedding invitations,emotional_support
tc_1775839517803_6142,The Comparison Shopper,educational,informational,Can you help me understand Wedding website platform comparisons,5.0,Topic cluster: Wedding website platform comparisons | Parent,tc_persona_1_Wedding_website_platform_compa_1775839517,parent,Wedding website platform comparisons,
tc_1775839517803_4247,The Comparison Shopper,educational,informational,community forums for Wedding website platform comparisons,5.0,Topic cluster: Wedding website platform comparisons | Fan-out (emotional_support),tc_persona_1_Wedding_website_platform_compa_1775839517,fanout,Wedding website platform comparisons,emotional_support
tc_1775839517803_6573,The Comparison Shopper,business,commercial,Wedding website platform comparisons services and solutions,5.0,Topic cluster: Wedding website platform comparisons | Fan-out (specific_services),tc_persona_1_Wedding_website_platform_compa_1775839517,fanout,Wedding website platform comparisons,specific_services
tc_1775839517803_1157,The Comparison Shopper,educational,informational,Wedding website platform comparisons options in Canada,5.0,Topic cluster: Wedding website platform comparisons | Fan-out (geographic),tc_persona_1_Wedding_website_platform_compa_1775839517,fanout,Wedding website platform comparisons,geographic
tc_1775839517803_1773,The Comparison Shopper,educational,informational,checklist for Wedding website platform comparisons,5.0,Topic cluster: Wedding website platform comparisons | Fan-out (how_to_practical),tc_persona_1_Wedding_website_platform_compa_1775839517,fanout,Wedding website platform comparisons,how_to_practical
tc_1775839517803_4005,The Comparison Shopper,educational,informational,who qualifies for Wedding website platform comparisons,5.0,Topic cluster: Wedding website platform comparisons | Fan-out (eligibility_access),tc_persona_1_Wedding_website_platform_compa_1775839517,fanout,Wedding website platform comparisons,eligibility_access
tc_1775839517803_8713,The Guest Experience Optimizer,educational,informational,I'm looking for information about Wedding RSVP and guest management,5.0,Topic cluster: Wedding RSVP and guest management | Parent,tc_persona_4_Wedding_RSVP_and_guest_managem_1775839517,parent,Wedding RSVP and guest management,
tc_1775839517803_3347,The Guest Experience Optimizer,educational,informational,common challenges with Wedding RSVP and guest management,5.0,Topic cluster: Wedding RSVP and guest management | Fan-out (emotional_support),tc_persona_4_Wedding_RSVP_and_guest_managem_1775839517,fanout,Wedding RSVP and guest management,emotional_support
tc_1775839517803_8042,The Guest Experience Optimizer,educational,informational,how to access Wedding RSVP and guest management,5.0,Topic cluster: Wedding RSVP and guest management | Fan-out (eligibility_access),tc_persona_4_Wedding_RSVP_and_guest_managem_1775839517,fanout,Wedding RSVP and guest management,eligibility_access
tc_1775839517803_6560,The Guest Experience Optimizer,educational,informational,Wedding RSVP and guest management providers near me,5.0,Topic cluster: Wedding RSVP and guest management | Fan-out (geographic),tc_persona_4_Wedding_RSVP_and_guest_managem_1775839517,fanout,Wedding RSVP and guest management,geographic
tc_1775839517803_4094,The Guest Experience Optimizer,business,commercial,best providers for Wedding RSVP and guest management,5.0,Topic cluster: Wedding RSVP and guest management | Fan-out (specific_services),tc_persona_4_Wedding_RSVP_and_guest_managem_1775839517,fanout,Wedding RSVP and guest management,specific_services
tc_1775839517803_8267,The Guest Experience Optimizer,educational,informational,checklist for Wedding RSVP and guest management,5.0,Topic cluster: Wedding RSVP and guest management | Fan-out (how_to_practical),tc_persona_4_Wedding_RSVP_and_guest_managem_1775839517,fanout,Wedding RSVP and guest management,how_to_practical
tc_1775839517803_6364,The First-Time Planner,educational,informational,What are my options for Wedding planning for beginners as a the first-time planner,5.0,Topic cluster: Wedding planning for beginners | Parent,tc_persona_3_Wedding_planning_for_beginners_1775839517,parent,Wedding planning for beginners,
tc_1775839517803_4235,The First-Time Planner,educational,informational,requirements for Wedding planning for beginners,5.0,Topic cluster: Wedding planning for beginners | Fan-out (eligibility_access),tc_persona_3_Wedding_planning_for_beginners_1775839517,fanout,Wedding planning for beginners,eligibility_access
tc_1775839517803_6784,The First-Time Planner,business,commercial,Wedding planning for beginners services and solutions,5.0,Topic cluster: Wedding planning for beginners | Fan-out (specific_services),tc_persona_3_Wedding_planning_for_beginners_1775839517,fanout,Wedding planning for beginners,specific_services
tc_1775839517803_3909,The First-Time Planner,educational,informational,how to get started with Wedding planning for beginners,5.0,Topic cluster: Wedding planning for beginners | Fan-out (how_to_practical),tc_persona_3_Wedding_planning_for_beginners_1775839517,fanout,Wedding planning for beginners,how_to_practical
tc_1775839517803_8225,The First-Time Planner,educational,informational,common challenges with Wedding planning for beginners,5.0,Topic cluster: Wedding planning for beginners | Fan-out (emotional_support),tc_persona_3_Wedding_planning_for_beginners_1775839517,fanout,Wedding planning for beginners,emotional_support
tc_1775839517803_2477,The First-Time Planner,educational,informational,local Wedding planning for beginners options by region,5.0,Topic cluster: Wedding planning for beginners | Fan-out (geographic),tc_persona_3_Wedding_planning_for_beginners_1775839517,fanout,Wedding planning for beginners,geographic
tc_1775839517803_3508,The First-Time Planner,educational,informational,What should I know about Planning a wedding on a budget as a the first-time planner,5.0,Topic cluster: Planning a wedding on a budget | Parent,tc_persona_3_Planning_a_wedding_on_a_budget_1775839517,parent,Planning a wedding on a budget,
tc_1775839517803_4965,The First-Time Planner,educational,informational,step by step guide for Planning a wedding on a budget,5.0,Topic cluster: Planning a wedding on a budget | Fan-out (how_to_practical),tc_persona_3_Planning_a_wedding_on_a_budget_1775839517,fanout,Planning a wedding on a budget,how_to_practical
tc_1775839517803_1699,The First-Time Planner,educational,informational,local Planning a wedding on a budget options by region,5.0,Topic cluster: Planning a wedding on a budget | Fan-out (geographic),tc_persona_3_Planning_a_wedding_on_a_budget_1775839517,fanout,Planning a wedding on a budget,geographic
tc_1775839517803_5662,The First-Time Planner,business,commercial,companies that offer Planning a wedding on a budget,5.0,Topic cluster: Planning a wedding on a budget | Fan-out (specific_services),tc_persona_3_Planning_a_wedding_on_a_budget_1775839517,fanout,Planning a wedding on a budget,specific_services
tc_1775839517803_6743,The First-Time Planner,educational,informational,common challenges with Planning a wedding on a budget,5.0,Topic cluster: Planning a wedding on a budget | Fan-out (emotional_support),tc_persona_3_Planning_a_wedding_on_a_budget_1775839517,fanout,Planning a wedding on a budget,emotional_support
tc_1775839517803_3934,The First-Time Planner,educational,informational,how to access Planning a wedding on a budget,5.0,Topic cluster: Planning a wedding on a budget | Fan-out (eligibility_access),tc_persona_3_Planning_a_wedding_on_a_budget_1775839517,fanout,Planning a wedding on a budget,eligibility_access
tc_1775839517803_7502,The Non-Traditional Couple,educational,informational,What should I know about Planning a wedding on a budget as a the non-traditional couple,5.0,Topic cluster: Planning a wedding on a budget | Parent,tc_persona_5_Planning_a_wedding_on_a_budget_1775839517,parent,Planning a wedding on a budget,
tc_1775839517803_5193,The Non-Traditional Couple,educational,informational,requirements for Planning a wedding on a budget,5.0,Topic cluster: Planning a wedding on a budget | Fan-out (eligibility_access),tc_persona_5_Planning_a_wedding_on_a_budget_1775839517,fanout,Planning a wedding on a budget,eligibility_access
tc_1775839517803_6493,The Non-Traditional Couple,business,commercial,companies that offer Planning a wedding on a budget,5.0,Topic cluster: Planning a wedding on a budget | Fan-out (specific_services),tc_persona_5_Planning_a_wedding_on_a_budget_1775839517,fanout,Planning a wedding on a budget,specific_services
tc_1775839517803_9690,The Non-Traditional Couple,educational,informational,checklist for Planning a wedding on a budget,5.0,Topic cluster: Planning a wedding on a budget | Fan-out (how_to_practical),tc_persona_5_Planning_a_wedding_on_a_budget_1775839517,fanout,Planning a wedding on a budget,how_to_practical
tc_1775839517803_3919,The Non-Traditional Couple,educational,informational,Planning a wedding on a budget options in Canada,5.0,Topic cluster: Planning a wedding on a budget | Fan-out (geographic),tc_persona_5_Planning_a_wedding_on_a_budget_1775839517,fanout,Planning a wedding on a budget,geographic
tc_1775839517803_4798,The Non-Traditional Couple,educational,informational,community forums for Planning a wedding on a budget,5.0,Topic cluster: Planning a wedding on a budget | Fan-out (emotional_support),tc_persona_5_Planning_a_wedding_on_a_budget_1775839517,fanout,Planning a wedding on a budget,emotional_support
tc_1775839517803_9208,The Non-Traditional Couple,educational,informational,What should I know about Non-traditional and alternative weddings as a the non-traditional couple,5.0,Topic cluster: Non-traditional and alternative weddings | Parent,tc_persona_5_Non-traditional_and_alternativ_1775839517,parent,Non-traditional and alternative weddings,
tc_1775839517803_6177,The Non-Traditional Couple,business,commercial,Non-traditional and alternative weddings services and solutions,5.0,Topic cluster: Non-traditional and alternative weddings | Fan-out (specific_services),tc_persona_5_Non-traditional_and_alternativ_1775839517,fanout,Non-traditional and alternative weddings,specific_services
tc_1775839517803_8231,The Non-Traditional Couple,educational,informational,advice from people experienced with Non-traditional and alternative weddings,5.0,Topic cluster: Non-traditional and alternative weddings | Fan-out (emotional_support),tc_persona_5_Non-traditional_and_alternativ_1775839517,fanout,Non-traditional and alternative weddings,emotional_support
tc_1775839517803_4559,The Non-Traditional Couple,educational,informational,Non-traditional and alternative weddings options in Canada,5.0,Topic cluster: Non-traditional and alternative weddings | Fan-out (geographic),tc_persona_5_Non-traditional_and_alternativ_1775839517,fanout,Non-traditional and alternative weddings,geographic
tc_1775839517803_9350,The Non-Traditional Couple,educational,informational,how to access Non-traditional and alternative weddings,5.0,Topic cluster: Non-traditional and alternative weddings | Fan-out (eligibility_access),tc_persona_5_Non-traditional_and_alternativ_1775839517,fanout,Non-traditional and alternative weddings,eligibility_access
tc_1775839517803_5282,The Non-Traditional Couple,educational,informational,step by step guide for Non-traditional and alternative weddings,5.0,Topic cluster: Non-traditional and alternative weddings | Fan-out (how_to_practical),tc_persona_5_Non-traditional_and_alternativ_1775839517,fanout,Non-traditional and alternative weddings,how_to_practical
tc_1775839517803_2733,The Guest Experience Optimizer,educational,informational,Can you help me understand Wedding photo sharing and guest experience,5.0,Topic cluster: Wedding photo sharing and guest experience | Parent,tc_persona_4_Wedding_photo_sharing_and_gues_1775839517,parent,Wedding photo sharing and guest experience,
tc_1775839517803_8194,The Guest Experience Optimizer,educational,informational,common challenges with Wedding photo sharing and guest experience,5.0,Topic cluster: Wedding photo sharing and guest experience | Fan-out (emotional_support),tc_persona_4_Wedding_photo_sharing_and_gues_1775839517,fanout,Wedding photo sharing and guest experience,emotional_support
tc_1775839517803_5929,The Guest Experience Optimizer,business,commercial,best providers for Wedding photo sharing and guest experience,5.0,Topic cluster: Wedding photo sharing and guest experience | Fan-out (specific_services),tc_persona_4_Wedding_photo_sharing_and_gues_1775839517,fanout,Wedding photo sharing and guest experience,specific_services
tc_1775839517803_9407,The Guest Experience Optimizer,educational,informational,Wedding photo sharing and guest experience options in Canada,5.0,Topic cluster: Wedding photo sharing and guest experience | Fan-out (geographic),tc_persona_4_Wedding_photo_sharing_and_gues_1775839517,fanout,Wedding photo sharing and guest experience,geographic
tc_1775839517803_9834,The Guest Experience Optimizer,educational,informational,checklist for Wedding photo sharing and guest experience,5.0,Topic cluster: Wedding photo sharing and guest experience | Fan-out (how_to_practical),tc_persona_4_Wedding_photo_sharing_and_gues_1775839517,fanout,Wedding photo sharing and guest experience,how_to_practical
tc_1775839517803_6073,The Guest Experience Optimizer,educational,informational,requirements for Wedding photo sharing and guest experience,5.0,Topic cluster: Wedding photo sharing and guest experience | Fan-out (eligibility_access),tc_persona_4_Wedding_photo_sharing_and_gues_1775839517,fanout,Wedding photo sharing and guest experience,eligibility_access
tc_1775839517803_4166,The Comparison Shopper,educational,informational,I need help with Alternatives to The Knot and Zola — where do I start,5.0,Topic cluster: Alternatives to The Knot and Zola | Parent,tc_persona_1_Alternatives_to_The_Knot_and_Z_1775839517,parent,Alternatives to The Knot and Zola,
tc_1775839517803_9387,The Comparison Shopper,educational,informational,how to get started with Alternatives to The Knot and Zola,5.0,Topic cluster: Alternatives to The Knot and Zola | Fan-out (how_to_practical),tc_persona_1_Alternatives_to_The_Knot_and_Z_1775839517,fanout,Alternatives to The Knot and Zola,how_to_practical
tc_1775839517803_3617,The Comparison Shopper,educational,informational,Alternatives to The Knot and Zola options in Canada,5.0,Topic cluster: Alternatives to The Knot and Zola | Fan-out (geographic),tc_persona_1_Alternatives_to_The_Knot_and_Z_1775839517,fanout,Alternatives to The Knot and Zola,geographic
tc_1775839517803_4225,The Comparison Shopper,educational,informational,advice from people experienced with Alternatives to The Knot and Zola,5.0,Topic cluster: Alternatives to The Knot and Zola | Fan-out (emotional_support),tc_persona_1_Alternatives_to_The_Knot_and_Z_1775839517,fanout,Alternatives to The Knot and Zola,emotional_support
tc_1775839517803_9332,The Comparison Shopper,educational,informational,who qualifies for Alternatives to The Knot and Zola,5.0,Topic cluster: Alternatives to The Knot and Zola | Fan-out (eligibility_access),tc_persona_1_Alternatives_to_The_Knot_and_Z_1775839517,fanout,Alternatives to The Knot and Zola,eligibility_access
tc_1775839517803_5710,The Comparison Shopper,business,commercial,Alternatives to The Knot and Zola services and solutions,5.0,Topic cluster: Alternatives to The Knot and Zola | Fan-out (specific_services),tc_persona_1_Alternatives_to_The_Knot_and_Z_1775839517,fanout,Alternatives to The Knot and Zola,specific_services
tc_1775839517803_2721,The Non-Traditional Couple,educational,informational,What's the best approach to Alternatives to The Knot and Zola,5.0,Topic cluster: Alternatives to The Knot and Zola | Parent,tc_persona_5_Alternatives_to_The_Knot_and_Z_1775839517,parent,Alternatives to The Knot and Zola,
tc_1775839517803_6540,The Non-Traditional Couple,business,commercial,companies that offer Alternatives to The Knot and Zola,5.0,Topic cluster: Alternatives to The Knot and Zola | Fan-out (specific_services),tc_persona_5_Alternatives_to_The_Knot_and_Z_1775839517,fanout,Alternatives to The Knot and Zola,specific_services
tc_1775839517803_3709,The Non-Traditional Couple,educational,informational,Alternatives to The Knot and Zola providers near me,5.0,Topic cluster: Alternatives to The Knot and Zola | Fan-out (geographic),tc_persona_5_Alternatives_to_The_Knot_and_Z_1775839517,fanout,Alternatives to The Knot and Zola,geographic
tc_1775839517803_8741,The Non-Traditional Couple,educational,informational,requirements for Alternatives to The Knot and Zola,5.0,Topic cluster: Alternatives to The Knot and Zola | Fan-out (eligibility_access),tc_persona_5_Alternatives_to_The_Knot_and_Z_1775839517,fanout,Alternatives to The Knot and Zola,eligibility_access
tc_1775839517803_1010,The Non-Traditional Couple,educational,informational,checklist for Alternatives to The Knot and Zola,5.0,Topic cluster: Alternatives to The Knot and Zola | Fan-out (how_to_practical),tc_persona_5_Alternatives_to_The_Knot_and_Z_1775839517,fanout,Alternatives to The Knot and Zola,how_to_practical
tc_1775839517803_3325,The Non-Traditional Couple,educational,informational,common challenges with Alternatives to The Knot and Zola,5.0,Topic cluster: Alternatives to The Knot and Zola | Fan-out (emotional_support),tc_persona_5_Alternatives_to_The_Knot_and_Z_1775839517,fanout,Alternatives to The Knot and Zola,emotional_support
tc_1775839517803_4926,The Digital Invites Planner,educational,informational,What are my options for Save the dates and wedding stationery as a the digital invites planner,5.0,Topic cluster: Save the dates and wedding stationery | Parent,tc_persona_2_Save_the_dates_and_wedding_sta_1775839517,parent,Save the dates and wedding stationery,
tc_1775839517803_6440,The Digital Invites Planner,educational,informational,step by step guide for Save the dates and wedding stationery,5.0,Topic cluster: Save the dates and wedding stationery | Fan-out (how_to_practical),tc_persona_2_Save_the_dates_and_wedding_sta_1775839517,fanout,Save the dates and wedding stationery,how_to_practical
tc_1775839517803_8262,The Digital Invites Planner,educational,informational,local Save the dates and wedding stationery options by region,5.0,Topic cluster: Save the dates and wedding stationery | Fan-out (geographic),tc_persona_2_Save_the_dates_and_wedding_sta_1775839517,fanout,Save the dates and wedding stationery,geographic
tc_1775839517803_4036,The Digital Invites Planner,educational,informational,requirements for Save the dates and wedding stationery,5.0,Topic cluster: Save the dates and wedding stationery | Fan-out (eligibility_access),tc_persona_2_Save_the_dates_and_wedding_sta_1775839517,fanout,Save the dates and wedding stationery,eligibility_access
tc_1775839517803_5378,The Digital Invites Planner,educational,informational,common challenges with Save the dates and wedding stationery,5.0,Topic cluster: Save the dates and wedding stationery | Fan-out (emotional_support),tc_persona_2_Save_the_dates_and_wedding_sta_1775839517,fanout,Save the dates and wedding stationery,emotional_support
tc_1775839517803_4986,The Digital Invites Planner,business,commercial,best providers for Save the dates and wedding stationery,5.0,Topic cluster: Save the dates and wedding stationery | Fan-out (specific_services),tc_persona_2_Save_the_dates_and_wedding_sta_1775839517,fanout,Save the dates and wedding stationery,specific_services
gen_1775839517806_9623,The Comparison Shopper,business,commercial,What's the best custom seating chart wedding for the money,6.0,Generated from keyword: custom seating chart wedding,,,,
gen_1775839517806_2409,The Comparison Shopper,business,commercial,I'm looking to buy rsvp graphic — what do you recommend,6.0,Generated from keyword: rsvp graphic,,,,
gen_1775839517809_3705,The Comparison Shopper,business,commercial,Looking for j say app that's actually good quality,6.0,Generated from keyword: j say app,,,,
gen_1775839517812_8950,The Comparison Shopper,business,commercial,Who makes the best wedding banner maker,6.0,Generated from keyword: wedding banner maker,,,,
gen_1775839517815_6494,The Comparison Shopper,business,commercial,I want to find high quality e invites free with rsvp,6.0,Generated from keyword: e invites free with rsvp,,,,
gen_1775839517815_9159,The Comparison Shopper,educational,navigational,Looking for best wedding websites canada that's actually good quality,7.0,Generated from keyword: best wedding websites canada,,,,
gen_1775839517818_6151,The Comparison Shopper,educational,informational,Can you explain rsvp dating site reviews,6.5,Generated from keyword: rsvp dating site reviews,,,,
gen_1775839517820_3014,The Comparison Shopper,business,commercial,Who makes the best junk bee gone pricing,6.0,Generated from keyword: junk bee gone pricing,,,,
gen_1775839517821_7447,The Comparison Shopper,educational,informational,What should I know about how to follow up on rsvp for wedding,6.5,Generated from keyword: how to follow up on rsvp for wedding,,,,
gen_1775839517823_6698,The Comparison Shopper,business,commercial,I'm looking for information about the knot vs with joy,6.0,Generated from keyword: the knot vs with joy,,,,
gen_1775839517824_5832,The Comparison Shopper,educational,informational,I'd like to learn about different how soon should invitations be sent out options,6.5,Generated from keyword: how soon should invitations be sent out,,,,
gen_1775839517825_4993,The Comparison Shopper,educational,informational,Can you help me understand the options for when should you send a save the date,6.5,Generated from keyword: when should you send a save the date,,,,
gen_1775839517828_4742,The Comparison Shopper,business,commercial,I need say you do — what are my options,8.0,Generated from keyword: say you do,,,,
gen_1775839517831_3870,The Comparison Shopper,educational,navigational,I'm researching wedding website comparisons — what should I know before buying,7.0,Generated from keyword: wedding website comparisons,,,,
gen_1775839517835_6078,The Comparison Shopper,business,commercial,I want to find high quality wedding guest list planner,6.0,Generated from keyword: wedding guest list planner,,,,
gen_1775839517835_5193,The Comparison Shopper,business,commercial,Who makes the best wedding registry donations,6.0,Generated from keyword: wedding registry donations,,,,
gen_1775839517838_5437,The Comparison Shopper,educational,informational,I've been looking for when do invitations go out for a wedding — what do you suggest,6.5,Generated from keyword: when do invitations go out for a wedding,,,,
gen_1775839517840_7797,The Comparison Shopper,educational,navigational,What do I need to know about i-say login,6.0,Generated from keyword: i-say login,,,,
gen_1775839517843_1148,The Comparison Shopper,business,commercial,Can you recommend a good junk bee gone pricing,6.0,Generated from keyword: junk bee gone pricing,,,,
gen_1775839517846_4466,The Comparison Shopper,educational,informational,I'm looking for information about the bridal company reviews,6.5,Generated from keyword: the bridal company reviews,,,,
gen_1775839517849_1154,The Comparison Shopper,business,commercial,What's the best dog wedding decorations out there right now,6.0,Generated from keyword: dog wedding decorations,,,,
gen_1775839517853_8092,The Comparison Shopper,educational,informational,I'm researching when do you send out a save the date — what should I know before buying,6.5,Generated from keyword: when do you send out a save the date,,,,
gen_1775839517858_8634,The Comparison Shopper,business,commercial,I'm looking to buy wedding ceremony love story examples — what do you recommend,6.0,Generated from keyword: wedding ceremony love story examples,,,,
gen_1775839517859_2907,The Comparison Shopper,educational,navigational,Trying to find a good questions to put on your wedding website — any ideas,6.0,Generated from keyword: questions to put on your wedding website,,,,
gen_1775839517860_3166,The Comparison Shopper,business,commercial,What's the best online wedding invitation cards for the money,6.0,Generated from keyword: online wedding invitation cards,,,,
gen_1775839517862_1567,The Comparison Shopper,business,commercial,Who makes the best wedding imvitations,6.0,Generated from keyword: wedding imvitations,,,,
gen_1775839517865_9749,The Comparison Shopper,business,commercial,What are the best with joy pricing brands,6.0,Generated from keyword: with joy pricing,,,,
gen_1775839517868_3188,The Comparison Shopper,educational,informational,I'd like to learn about on your wedding day reviews,6.5,Generated from keyword: on your wedding day reviews,,,,
gen_1775839517872_4533,The Comparison Shopper,business,commercial,Where should I buy withjoy pricing,6.0,Generated from keyword: withjoy pricing,,,,
gen_1775839517875_6925,The Comparison Shopper,educational,informational,Can you explain we say so reviews,6.5,Generated from keyword: we say so reviews,,,,
gen_1775839517878_7680,The Comparison Shopper,business,commercial,I'm looking to buy junk bee gone pricing — what do you recommend,6.0,Generated from keyword: junk bee gone pricing,,,,
gen_1775839517883_7626,The Comparison Shopper,business,commercial,Where should I buy junk bee gone pricing,6.0,Generated from keyword: junk bee gone pricing,,,,
gen_1775839517886_6750,The Comparison Shopper,educational,informational,Tell me about vintage love ceremonies reviews,6.5,Generated from keyword: vintage love ceremonies reviews,,,,
gen_1775839517892_2299,The Comparison Shopper,educational,informational,What should I know about we say so reviews,6.5,Generated from keyword: we say so reviews,,,,
gen_1775839517896_9565,The Comparison Shopper,business,commercial,What's the best companies to send extra wedding invites to for the money,6.0,Generated from keyword: companies to send extra wedding invites to,,,,
gen_1775839517900_3542,The Comparison Shopper,educational,informational,Can you tell me about password manager reviews australia,6.5,Generated from keyword: password manager reviews australia,,,,
gen_1775839517902_7011,The Comparison Shopper,business,commercial,Any recommendations for formal save the date,6.0,Generated from keyword: formal save the date,,,,
gen_1775839517903_9939,The Comparison Shopper,business,commercial,Can you recommend a good web invites,6.0,Generated from keyword: web invites,,,,
gen_1775839517904_9978,The Comparison Shopper,business,commercial,I'm looking to buy wedding inviatations — what do you recommend,6.0,Generated from keyword: wedding inviatations,,,,
gen_1775839517909_6611,The Comparison Shopper,business,commercial,What's the best save the date note for the money,6.0,Generated from keyword: save the date note,,,,
gen_1775839517910_3968,The Comparison Shopper,business,commercial,What's the best wedding usa out there right now,7.0,Generated from keyword: wedding usa,,,,
gen_1775839517912_2946,The Comparison Shopper,educational,navigational,I'm researching setting up a wedding website — what should I know before buying,6.0,Generated from keyword: setting up a wedding website,,,,
gen_1775839517917_6713,The Comparison Shopper,educational,navigational,What should I look for when buying wedding website comparisons,7.0,Generated from keyword: wedding website comparisons,,,,
gen_1775839517921_4999,The Comparison Shopper,educational,navigational,What makes a good wedding website comparisons,7.0,Generated from keyword: wedding website comparisons,,,,
gen_1775839517923_8914,The Comparison Shopper,educational,navigational,I'm researching wedding websites builder — what should I know before buying,7.0,Generated from keyword: wedding websites builder,,,,
gen_1775839517928_6935,The Comparison Shopper,business,commercial,What's the best with joy pricing out there right now,6.0,Generated from keyword: with joy pricing,,,,
gen_1775839517932_5551,The Comparison Shopper,business,commercial,I need free wedding listings — what are my options,6.0,Generated from keyword: free wedding listings,,,,
gen_1775839517937_4774,The Comparison Shopper,educational,navigational,Tell me about the best wedding website comparisons available,7.0,Generated from keyword: wedding website comparisons,,,,
gen_1775839517942_1139,The Comparison Shopper,educational,informational,Tell me about the best how long before a wedding should you send out invitations available,6.5,Generated from keyword: how long before a wedding should you send out invitations,,,,
gen_1775839517948_5902,The Comparison Shopper,business,commercial,I've been looking for wedding invites online — what do you suggest,7.0,Generated from keyword: wedding invites online,,,,
gen_1775839517953_9946,The Comparison Shopper,educational,navigational,Can you help me understand the options for wedding website comparisons,7.0,Generated from keyword: wedding website comparisons,,,,
gen_1775839517956_2686,The Comparison Shopper,business,commercial,Can you help me find the best melissa melbourne,6.0,Generated from keyword: melissa melbourne,,,,
gen_1775839517960_8360,The Comparison Shopper,business,commercial,Looking for junk bee gone pricing that's actually good quality,6.0,Generated from keyword: junk bee gone pricing,,,,
gen_1775839517965_1065,The Comparison Shopper,business,commercial,I'm looking to buy free rsvp platform — what do you recommend,6.0,Generated from keyword: free rsvp platform,,,,
gen_1775839517970_4085,The Comparison Shopper,educational,informational,I'm curious about wedding planner reviews,6.5,Generated from keyword: wedding planner reviews,,,,
gen_1775839517975_6432,The Comparison Shopper,business,commercial,I need yes i do — what are my options,6.0,Generated from keyword: yes i do,,,,
gen_1775839517980_5708,The Comparison Shopper,educational,informational,What do I need to know about when do send out wedding invitations,6.5,Generated from keyword: when do send out wedding invitations,,,,
gen_1775839517986_4054,The Comparison Shopper,business,commercial,I'm looking to buy save the date announcements — what do you recommend,7.0,Generated from keyword: save the date announcements,,,,
gen_1775839517992_8883,The Comparison Shopper,educational,navigational,I'm researching do i need a wedding website — what should I know before buying,6.0,Generated from keyword: do i need a wedding website,,,,
gen_1775839517996_6318,The Comparison Shopper,business,commercial,Looking for common wedding questions that's actually good quality,6.0,Generated from keyword: common wedding questions,,,,
gen_1775839518001_2438,The Comparison Shopper,business,commercial,Any recommendations for with joy pricing,6.0,Generated from keyword: with joy pricing,,,,
gen_1775839518006_8425,The Comparison Shopper,business,commercial,Who makes the best zola wedding cost,6.0,Generated from keyword: zola wedding cost,,,,
gen_1775839518010_8303,The Comparison Shopper,educational,informational,Can you tell me about we say so reviews,6.5,Generated from keyword: we say so reviews,,,,
gen_1775839518015_7554,The Comparison Shopper,business,commercial,I need withjoy pricing — what are my options,6.0,Generated from keyword: withjoy pricing,,,,
gen_1775839518020_8240,The Comparison Shopper,educational,navigational,I want to get wedding websites with rsvp feature as a gift — where should I look,6.0,Generated from keyword: wedding websites with rsvp feature,,,,
gen_1775839518024_8632,The Comparison Shopper,educational,informational,I'd like to learn about how to save money on wedding invitations,6.5,Generated from keyword: how to save money on wedding invitations,,,,
gen_1775839518034_8762,The Comparison Shopper,educational,informational,Tell me about rsvp.com.au reviews,6.5,Generated from keyword: rsvp.com.au reviews,,,,
gen_1775839518038_3728,The Comparison Shopper,business,commercial,What's the best say ı love you for the money,7.0,Generated from keyword: say ı love you,,,,
gen_1775839518044_4186,The Comparison Shopper,educational,informational,What do I need to know about just you holidays reviews,6.5,Generated from keyword: just you holidays reviews,,,,
gen_1775839518047_8868,The Comparison Shopper,business,commercial,I need john lewis gift registry — what are my options,6.0,Generated from keyword: john lewis gift registry,,,,
gen_1775839518053_9818,The Comparison Shopper,educational,navigational,Can you tell me about zola vs the knot wedding website,7.0,Generated from keyword: zola vs the knot wedding website,,,,
gen_1775839518061_4914,The Comparison Shopper,educational,informational,Can you tell me about rsvp dating site reviews,6.5,Generated from keyword: rsvp dating site reviews,,,,
gen_1775839518071_1935,The Comparison Shopper,educational,navigational,What do I need to know about wedding website comparisons,7.0,Generated from keyword: wedding website comparisons,,,,
gen_1775839518077_4253,The Comparison Shopper,educational,informational,Tell me about eyes on sheppard reviews,6.5,Generated from keyword: eyes on sheppard reviews,,,,
gen_1775839518082_3486,The Comparison Shopper,business,commercial,Can you recommend a good with joy pricing,6.0,Generated from keyword: with joy pricing,,,,
gen_1775839518088_7304,The Comparison Shopper,educational,informational,What makes a good when to request rsvp for wedding,6.5,Generated from keyword: when to request rsvp for wedding,,,,
gen_1775839518094_7978,The Comparison Shopper,educational,informational,What should I look for when buying what documents do i need to get married in uk,7.5,Generated from keyword: what documents do i need to get married in uk,,,,
gen_1775839518101_1550,The Comparison Shopper,educational,informational,I've been looking for when do you send save the dates out — what do you suggest,6.5,Generated from keyword: when do you send save the dates out,,,,
gen_1775839518109_7006,The Comparison Shopper,educational,informational,Tell me about that special day bridal reviews,6.5,Generated from keyword: that special day bridal reviews,,,,
gen_1775839518115_2508,The Comparison Shopper,business,commercial,Can you recommend a good example of save the date cards,6.0,Generated from keyword: example of save the date cards,,,,
gen_1775839518121_6253,The Comparison Shopper,educational,navigational,I'm researching wedding registry stores — what should I know before buying,6.0,Generated from keyword: wedding registry stores,,,,
gen_1775839518126_1528,The Comparison Shopper,educational,navigational,What makes a good to do list websites,7.0,Generated from keyword: to do list websites,,,,
gen_1775839518132_6621,The Comparison Shopper,business,commercial,What are the best simple dress code for wedding brands,6.0,Generated from keyword: simple dress code for wedding,,,,
gen_1775839518138_2247,The Comparison Shopper,educational,navigational,I'm looking for information about wedding websites reviews,6.0,Generated from keyword: wedding websites reviews,,,,
gen_1775839518142_9014,The Comparison Shopper,business,commercial,What's the best rsvp invitation sample for the money,6.0,Generated from keyword: rsvp invitation sample,,,,
gen_1775839518151_7615,The Comparison Shopper,business,commercial,Looking for wedding date design that's actually good quality,6.0,Generated from keyword: wedding date design,,,,
gen_1775839518158_3416,The Comparison Shopper,educational,informational,Looking for when do guests need to rsvp for a wedding that's actually good quality,6.5,Generated from keyword: when do guests need to rsvp for a wedding,,,,
gen_1775839518166_6296,The Comparison Shopper,business,commercial,I want to find high quality wedding planning company,6.0,Generated from keyword: wedding planning company,,,,
gen_1775839518173_7148,The Comparison Shopper,educational,navigational,What do I need to know about wedding websites with rsvp feature,6.0,Generated from keyword: wedding websites with rsvp feature,,,,
gen_1775839518180_4186,The Comparison Shopper,educational,informational,I'm looking for information about the chloe kyle reviews,6.5,Generated from keyword: the chloe kyle reviews,,,,
gen_1775839518184_4717,The Comparison Shopper,business,commercial,I've been looking for electronic invitation with rsvp — what do you suggest,6.0,Generated from keyword: electronic invitation with rsvp,,,,
gen_1775839518192_4107,The Comparison Shopper,educational,informational,What do I need to know about easy registry reviews,6.5,Generated from keyword: easy registry reviews,,,,
gen_1775839518197_4574,The Comparison Shopper,educational,informational,What should I know about chuffed.org reviews,6.5,Generated from keyword: chuffed.org reviews,,,,
gen_1775839518201_6239,The Comparison Shopper,educational,informational,I'm curious about wedding venue reviews,6.5,Generated from keyword: wedding venue reviews,,,,
gen_1775839518206_4014,The Comparison Shopper,educational,informational,I'd like to learn about dr rachel ryan reviews,6.5,Generated from keyword: dr rachel ryan reviews,,,,
gen_1775839518211_5052,The Comparison Shopper,educational,informational,Any recommendations for what say you,7.5,Generated from keyword: what say you,,,,
gen_1775839518216_6187,The Comparison Shopper,business,commercial,I've been looking for best wedding photographers adelaide — what do you suggest,6.0,Generated from keyword: best wedding photographers adelaide,,,,
gen_1775839518225_9462,The Comparison Shopper,educational,informational,Can you tell me about yes custom reviews,6.5,Generated from keyword: yes custom reviews,,,,
gen_1775839518232_5896,The Comparison Shopper,educational,navigational,I need the knot or zola wedding website but don't know where to start,6.0,Generated from keyword: the knot or zola wedding website,,,,
gen_1775839518240_1047,The Comparison Shopper,business,commercial,I want to find high quality i dp,6.0,Generated from keyword: i dp,,,,
gen_1775839518243_3620,The Comparison Shopper,business,commercial,Trying to find a good sims 4 story generator — any ideas,6.0,Generated from keyword: sims 4 story generator,,,,
gen_1775839518251_8429,The Comparison Shopper,educational,informational,Looking for when do invitations go out that's actually good quality,6.5,Generated from keyword: when do invitations go out,,,,
gen_1775839518256_2559,The Comparison Shopper,business,commercial,I want to find high quality wedding planning without a planner,6.0,Generated from keyword: wedding planning without a planner,,,,
gen_1775839518264_6348,The Comparison Shopper,educational,informational,Looking for how do i share my amazon registry that's actually good quality,6.5,Generated from keyword: how do i share my amazon registry,,,,
gen_1775839518272_5856,The Comparison Shopper,educational,informational,I'm curious about lolly reviews,7.5,Generated from keyword: lolly reviews,,,,
gen_1775839518278_9553,The Comparison Shopper,business,commercial,I want to get create save the date as a gift — where should I look,6.0,Generated from keyword: create save the date,,,,
gen_1775839518287_6677,The Comparison Shopper,educational,informational,What should I know about just you holidays reviews,6.5,Generated from keyword: just you holidays reviews,,,,
gen_1775839518290_9885,The Comparison Shopper,educational,informational,I'm looking for information about how to send out invitations online,6.5,Generated from keyword: how to send out invitations online,,,,
gen_1775839518298_2285,The Comparison Shopper,educational,navigational,Can you help me understand the options for website rsvp,7.0,Generated from keyword: website rsvp,,,,
gen_1775839518306_2499,The Comparison Shopper,business,commercial,Can you recommend a good email save the dates free,6.0,Generated from keyword: email save the dates free,,,,
gen_1775839518314_1560,The Comparison Shopper,educational,navigational,Can you help me find the best simple wedding website,7.0,Generated from keyword: simple wedding website,,,,
gen_1775839518321_6218,The Comparison Shopper,educational,navigational,Tell me about the best wedding websites with rsvp feature available,6.0,Generated from keyword: wedding websites with rsvp feature,,,,
gen_1775839518327_7446,The Comparison Shopper,business,commercial,Any recommendations for ashleigh jack,6.0,Generated from keyword: ashleigh jack,,,,
gen_1775839518330_1245,The Comparison Shopper,business,commercial,I need seating chart wedding but don't know where to start,7.0,Generated from keyword: seating chart wedding,,,,
gen_1775839518339_4560,The Comparison Shopper,business,commercial,Can you recommend a good wedding invitations online free,6.0,Generated from keyword: wedding invitations online free,,,,
gen_1775839518346_7345,The Comparison Shopper,educational,navigational,Looking for wedding websites with rsvp feature that's actually good quality,6.0,Generated from keyword: wedding websites with rsvp feature,,,,
gen_1775839518356_8706,The Comparison Shopper,business,commercial,What's the best say it do it for the money,6.0,Generated from keyword: say it do it,,,,
gen_1775839518362_9613,The Comparison Shopper,educational,informational,I'd like to learn about eyes on sheppard reviews,6.5,Generated from keyword: eyes on sheppard reviews,,,,
gen_1775839518377_8961,The Comparison Shopper,business,commercial,Where should I buy said i do,6.0,Generated from keyword: said i do,,,,
gen_1775839518382_7681,The Comparison Shopper,business,commercial,I'm looking to buy with joy pricing — what do you recommend,6.0,Generated from keyword: with joy pricing,,,,
gen_1775839518390_1397,The Comparison Shopper,business,commercial,I want to find high quality save the date info,6.0,Generated from keyword: save the date info,,,,
gen_1775839518398_1470,The Comparison Shopper,educational,navigational,Can you help me understand the options for wedding websites with rsvp feature,6.0,Generated from keyword: wedding websites with rsvp feature,,,,
gen_1775839518408_6340,The Comparison Shopper,educational,informational,What should I know about dr andrew ryan reviews,6.5,Generated from keyword: dr andrew ryan reviews,,,,
gen_1775839518413_4196,The Comparison Shopper,business,commercial,I've been looking for romantic wedding decor — what do you suggest,6.0,Generated from keyword: romantic wedding decor,,,,
gen_1775839518420_6870,The Comparison Shopper,educational,informational,What should I look for when buying how far in advance do you send save the dates for a wedding,6.5,Generated from keyword: how far in advance do you send save the dates for a wedding,,,,
gen_1775839518431_1526,The Comparison Shopper,business,commercial,I want to find high quality junk bee gone pricing,6.0,Generated from keyword: junk bee gone pricing,,,,
gen_1775839518439_5063,The Digital Invites Planner,business,commercial,I've been looking for free online save the date invitations — what do you suggest,6.0,Generated from keyword: free online save the date invitations,,,,
gen_1775839518450_3118,The Digital Invites Planner,business,commercial,I'm looking to buy save your dates — what do you recommend,6.0,Generated from keyword: save your dates,,,,
gen_1775839518459_8204,The Digital Invites Planner,business,commercial,Who makes the best ways to make your wedding unique,6.0,Generated from keyword: ways to make your wedding unique,,,,
gen_1775839518467_6064,The Digital Invites Planner,educational,informational,What should I look for when buying when should you send save the dates,7.5,Generated from keyword: when should you send save the dates,,,,
gen_1775839518477_7365,The Digital Invites Planner,business,commercial,What's the best announcement invitation for the money,6.0,Generated from keyword: announcement invitation,,,,
gen_1775839518485_6575,The Digital Invites Planner,business,commercial,I need bride invitation but don't know where to start,6.0,Generated from keyword: bride invitation,,,,
gen_1775839518493_5262,The Digital Invites Planner,educational,informational,Tell me about the best how long should i give guests to rsvp for my wedding available,6.5,Generated from keyword: how long should i give guests to rsvp for my wedding,,,,
gen_1775839518502_6020,The Digital Invites Planner,business,commercial,Who makes the best wedding planning list free,6.0,Generated from keyword: wedding planning list free,,,,
gen_1775839518510_7795,The Digital Invites Planner,business,commercial,What's the best save the date announcements for the money,7.0,Generated from keyword: save the date announcements,,,,
gen_1775839518519_5613,The Digital Invites Planner,business,commercial,Where should I buy wedding invitations online,7.0,Generated from keyword: wedding invitations online,,,,
gen_1775839518527_8242,The Digital Invites Planner,business,commercial,Where should I buy save the date note,6.0,Generated from keyword: save the date note,,,,
gen_1775839518535_2822,The Digital Invites Planner,educational,navigational,What makes a good wedding website layout,6.0,Generated from keyword: wedding website layout,,,,
gen_1775839518542_5050,The Digital Invites Planner,educational,informational,What do I need to know about how to do invitations online,6.5,Generated from keyword: how to do invitations online,,,,
gen_1775839518552_2417,The Digital Invites Planner,business,commercial,What are the best wedding registry calgary brands,6.0,Generated from keyword: wedding registry calgary,,,,
gen_1775839518560_3484,The Digital Invites Planner,business,commercial,I need save the date via email — what are my options,6.0,Generated from keyword: save the date via email,,,,
gen_1775839518569_6177,The Digital Invites Planner,business,commercial,Can you help me find the best free online email invitations,7.0,Generated from keyword: free online email invitations,,,,
gen_1775839518579_4548,The Digital Invites Planner,business,commercial,What are the best wedding decor checklist brands,7.0,Generated from keyword: wedding decor checklist,,,,
gen_1775839518587_3489,The Digital Invites Planner,educational,informational,I'm curious about how to make wedding invitations online,6.5,Generated from keyword: how to make wedding invitations online,,,,
gen_1775839518597_7858,The Digital Invites Planner,educational,navigational,I'd like to learn about different wedding invitation with website options,6.0,Generated from keyword: wedding invitation with website,,,,
gen_1775839518608_1358,The Digital Invites Planner,educational,informational,I'd like to learn about different when should you send out save the dates for wedding options,6.5,Generated from keyword: when should you send out save the dates for wedding,,,,
gen_1775839518621_5867,The Digital Invites Planner,business,commercial,I need can you put rsvp on save the date — what are my options,6.0,Generated from keyword: can you put rsvp on save the date,,,,
gen_1775839518632_8591,The Digital Invites Planner,educational,informational,Can you help me find the best what information do you put on a save the date,6.5,Generated from keyword: what information do you put on a save the date,,,,
gen_1775839518642_8107,The Digital Invites Planner,business,commercial,Where should I buy wedding guest list template,7.0,Generated from keyword: wedding guest list template,,,,
gen_1775839518651_6913,The Digital Invites Planner,business,commercial,I'm looking to buy destination wedding save the date wording — what do you recommend,6.0,Generated from keyword: destination wedding save the date wording,,,,
gen_1775839518661_2091,The Digital Invites Planner,business,commercial,Can you recommend a good wedding planner email templates,6.0,Generated from keyword: wedding planner email templates,,,,
gen_1775839518670_7894,The Digital Invites Planner,business,commercial,I want to get best e invitation sites as a gift — where should I look,6.0,Generated from keyword: best e invitation sites,,,,
gen_1775839518680_3976,The Digital Invites Planner,educational,navigational,What makes a good couple websites,6.0,Generated from keyword: couple websites,,,,
gen_1775839518687_3197,The Digital Invites Planner,business,commercial,What are the best rsvp wedding card brands,6.0,Generated from keyword: rsvp wedding card,,,,
gen_1775839518696_2636,The Digital Invites Planner,educational,informational,Tell me about the best when to start wedding planning available,6.5,Generated from keyword: when to start wedding planning,,,,
gen_1775839518704_2443,The Digital Invites Planner,educational,navigational,I'd like to learn about different wedding q&a for website options,6.0,Generated from keyword: wedding q&a for website,,,,
gen_1775839518715_5847,The Digital Invites Planner,business,commercial,Trying to find a good free online invitations australia — any ideas,6.0,Generated from keyword: free online invitations australia,,,,
gen_1775839518726_9666,The Digital Invites Planner,educational,informational,I'm researching when to send wedding invitations out — what should I know before buying,6.5,Generated from keyword: when to send wedding invitations out,,,,
gen_1775839518740_1006,The Digital Invites Planner,business,commercial,I need rsvp online — what are my options,7.0,Generated from keyword: rsvp online,,,,
gen_1775839518745_6647,The Digital Invites Planner,business,commercial,Who makes the best who is bernadette peters married to now?,6.0,Generated from keyword: who is bernadette peters married to now?,,,,
gen_1775839518756_9119,The Digital Invites Planner,business,commercial,I want to get online wedding invitation card as a gift — where should I look,7.0,Generated from keyword: online wedding invitation card,,,,
gen_1775839518769_8763,The Digital Invites Planner,educational,informational,I'd like to learn about how to create a digital wedding invitation,6.5,Generated from keyword: how to create a digital wedding invitation,,,,
gen_1775839518782_8159,The Digital Invites Planner,business,commercial,Where should I buy save the date email examples,6.0,Generated from keyword: save the date email examples,,,,
gen_1775839518791_1088,The Digital Invites Planner,business,commercial,I need cheap wedding invitations — what are my options,7.0,Generated from keyword: cheap wedding invitations,,,,
gen_1775839518801_7404,The Digital Invites Planner,educational,informational,What do I need to know about the chloe kyle reviews,6.5,Generated from keyword: the chloe kyle reviews,,,,
gen_1775839518811_8172,The Digital Invites Planner,business,commercial,Who makes the best wedding invitation with online rsvp,6.0,Generated from keyword: wedding invitation with online rsvp,,,,
gen_1775839518822_3215,The Digital Invites Planner,business,commercial,Where should I buy digital wedding invitation templates,7.0,Generated from keyword: digital wedding invitation templates,,,,
gen_1775839518832_4446,The Digital Invites Planner,business,commercial,I'm looking to buy digital wedding invitation etiquette — what do you recommend,6.0,Generated from keyword: digital wedding invitation etiquette,,,,
gen_1775839518845_2594,The Digital Invites Planner,educational,informational,What do I need to know about what to ask a wedding photographer,7.5,Generated from keyword: what to ask a wedding photographer,,,,
gen_1775839518857_4250,The Digital Invites Planner,business,commercial,Where should I buy save the date examples wedding,6.0,Generated from keyword: save the date examples wedding,,,,
gen_1775839518867_2655,The Digital Invites Planner,educational,informational,What makes a good what should the rsvp deadline be for a wedding,6.5,Generated from keyword: what should the rsvp deadline be for a wedding,,,,
gen_1775839518876_5837,The Digital Invites Planner,business,commercial,I've been looking for cash wedding registry — what do you suggest,6.0,Generated from keyword: cash wedding registry,,,,
gen_1775839518888_6079,The Digital Invites Planner,educational,navigational,What makes a good which wedding website is best,6.0,Generated from keyword: which wedding website is best,,,,
gen_1775839518898_2764,The Digital Invites Planner,business,commercial,Where should I buy make your own save the date cards free,6.0,Generated from keyword: make your own save the date cards free,,,,
gen_1775839518909_2273,The Digital Invites Planner,business,commercial,I'm looking to buy best virtual wedding invitations — what do you recommend,6.0,Generated from keyword: best virtual wedding invitations,,,,
gen_1775839518922_4715,The Digital Invites Planner,educational,informational,What do I need to know about how to address wedding invitations for plus one,6.5,Generated from keyword: how to address wedding invitations for plus one,,,,
gen_1775839518937_5923,The Digital Invites Planner,educational,navigational,Looking for wedding invite websites free that's actually good quality,6.0,Generated from keyword: wedding invite websites free,,,,
gen_1775839518949_5000,The Digital Invites Planner,business,commercial,What are the best wedding rsvp template brands,7.0,Generated from keyword: wedding rsvp template,,,,
gen_1775839518959_8952,The Digital Invites Planner,business,commercial,What's the best write up for wedding invitation for the money,6.0,Generated from keyword: write up for wedding invitation,,,,
gen_1775839518968_8327,The Digital Invites Planner,business,commercial,I want to find high quality rsvp cost,6.0,Generated from keyword: rsvp cost,,,,
gen_1775839518978_3602,The Digital Invites Planner,business,commercial,Trying to find a good wedding invitations uk — any ideas,8.0,Generated from keyword: wedding invitations uk,,,,
gen_1775839518989_1519,The Digital Invites Planner,business,commercial,Where should I buy the best wedding planner,6.0,Generated from keyword: the best wedding planner,,,,
gen_1775839518998_6145,The Digital Invites Planner,business,commercial,Can you recommend a good create wedding banner online free,6.0,Generated from keyword: create wedding banner online free,,,,
gen_1775839519007_1621,The Digital Invites Planner,business,commercial,Who makes the best personalised invites online,6.0,Generated from keyword: personalised invites online,,,,
gen_1775839519018_4521,The Digital Invites Planner,business,commercial,I need reply of marriage invitation — what are my options,6.0,Generated from keyword: reply of marriage invitation,,,,
gen_1775839519030_4041,The Digital Invites Planner,business,commercial,Looking for rsvp date for destination wedding that's actually good quality,6.0,Generated from keyword: rsvp date for destination wedding,,,,
gen_1775839519043_7002,The Digital Invites Planner,business,commercial,Who makes the best date on invitation,6.0,Generated from keyword: date on invitation,,,,
gen_1775839519053_9813,The Digital Invites Planner,business,commercial,Looking for e invite for wedding free that's actually good quality,7.0,Generated from keyword: e invite for wedding free,,,,
gen_1775839519063_7276,The Digital Invites Planner,educational,informational,I need how soon do you send invitations for a wedding but don't know where to start,6.5,Generated from keyword: how soon do you send invitations for a wedding,,,,
gen_1775839519076_1932,The Digital Invites Planner,business,commercial,I want to find high quality clear wedding invitations,6.0,Generated from keyword: clear wedding invitations,,,,
gen_1775839519084_9746,The Digital Invites Planner,educational,navigational,Can you help me understand the options for bilingual wedding website,6.0,Generated from keyword: bilingual wedding website,,,,
gen_1775839519095_6714,The Digital Invites Planner,business,commercial,I want to find high quality arwa abouon,6.0,Generated from keyword: arwa abouon,,,,
gen_1775839519105_8813,The Digital Invites Planner,business,commercial,Looking for affordable charlotte wedding venues that's actually good quality,6.0,Generated from keyword: affordable charlotte wedding venues,,,,
gen_1775839519119_4617,The Digital Invites Planner,business,commercial,I'm looking to buy design email invitations — what do you recommend,6.0,Generated from keyword: design email invitations,,,,
gen_1775839519129_4109,The Digital Invites Planner,educational,navigational,What should I look for when buying fully customizable wedding website,6.0,Generated from keyword: fully customizable wedding website,,,,
gen_1775839519143_6720,The Digital Invites Planner,business,commercial,I want to find high quality design wedding invitations online,6.0,Generated from keyword: design wedding invitations online,,,,
gen_1775839519156_2327,The Digital Invites Planner,business,commercial,What are the best details card wedding invitation brands,7.0,Generated from keyword: details card wedding invitation,,,,
gen_1775839519168_1015,The Digital Invites Planner,educational,informational,What makes a good how far in advance save the date,6.5,Generated from keyword: how far in advance save the date,,,,
gen_1775839519179_4638,The Digital Invites Planner,business,commercial,What are the best wedding guest transportation brands,6.0,Generated from keyword: wedding guest transportation,,,,
gen_1775839519188_1575,The Digital Invites Planner,educational,informational,Can you explain yes custom reviews,6.5,Generated from keyword: yes custom reviews,,,,
gen_1775839519210_3511,The Digital Invites Planner,educational,informational,I'd like to learn about different how far in advance should you send wedding invitations options,7.5,Generated from keyword: how far in advance should you send wedding invitations,,,,
gen_1775839519227_5523,The Digital Invites Planner,educational,navigational,Any recommendations for wedding website inspiration,6.0,Generated from keyword: wedding website inspiration,,,,
gen_1775839519239_3651,The Digital Invites Planner,business,commercial,I want to find high quality kombi wedding cars sydney,6.0,Generated from keyword: kombi wedding cars sydney,,,,
gen_1775839519251_5372,The Digital Invites Planner,business,commercial,What's the best wedding online invitation for the money,6.0,Generated from keyword: wedding online invitation,,,,
gen_1775839519263_2443,The Digital Invites Planner,business,commercial,I want to find high quality simple wedding invites,6.0,Generated from keyword: simple wedding invites,,,,
gen_1775839519275_7010,The Digital Invites Planner,business,commercial,Looking for custom wedding invitation templates that's actually good quality,6.0,Generated from keyword: custom wedding invitation templates,,,,
gen_1775839519289_2174,The Digital Invites Planner,business,commercial,What's the best free samples of wedding invitations for the money,7.0,Generated from keyword: free samples of wedding invitations,,,,
gen_1775839519302_8669,The Digital Invites Planner,business,commercial,What are the best save the date digital free brands,6.0,Generated from keyword: save the date digital free,,,,
gen_1775839519315_7819,The Digital Invites Planner,business,commercial,Who makes the best paper used in wedding invitations,6.0,Generated from keyword: paper used in wedding invitations,,,,
gen_1775839519326_8334,The Digital Invites Planner,business,commercial,Can you recommend a good sending wedding invitations,6.0,Generated from keyword: sending wedding invitations,,,,
gen_1775839519338_4922,The Digital Invites Planner,business,commercial,Any recommendations for online free wedding planner,6.0,Generated from keyword: online free wedding planner,,,,
gen_1775839519349_9195,The Digital Invites Planner,business,commercial,Where should I buy wedding invitations and rsvp,7.0,Generated from keyword: wedding invitations and rsvp,,,,
gen_1775839519357_2059,The Digital Invites Planner,business,commercial,What are the best sophie wedding planner brands,6.0,Generated from keyword: sophie wedding planner,,,,
gen_1775839519366_4767,The Digital Invites Planner,educational,informational,What do I need to know about when to ask guests to rsvp for wedding,6.5,Generated from keyword: when to ask guests to rsvp for wedding,,,,
gen_1775839519381_9031,The Digital Invites Planner,business,commercial,I want to get wedding rsvp invitations as a gift — where should I look,6.0,Generated from keyword: wedding rsvp invitations,,,,
gen_1775839519397_6159,The Digital Invites Planner,business,commercial,Can you recommend a good wedding planning apps,7.0,Generated from keyword: wedding planning apps,,,,
gen_1775839519408_5000,The Digital Invites Planner,business,commercial,I want to find high quality thanks for the wedding invitation,6.0,Generated from keyword: thanks for the wedding invitation,,,,
gen_1775839519422_8835,The Digital Invites Planner,educational,navigational,What do I need to know about how to get a qr code for wedding website the knot,6.0,Generated from keyword: how to get a qr code for wedding website the knot,,,,
gen_1775839519440_4632,The Digital Invites Planner,educational,informational,I'm looking for information about how to create qr code for invitation,6.5,Generated from keyword: how to create qr code for invitation,,,,
gen_1775839519455_8464,The Digital Invites Planner,educational,informational,I'm curious about how to send out wedding invitations,6.5,Generated from keyword: how to send out wedding invitations,,,,
gen_1775839519466_5736,The Digital Invites Planner,business,commercial,What are the best busy bee tools canada brands,7.0,Generated from keyword: busy bee tools canada,,,,
gen_1775839519475_4220,The Digital Invites Planner,business,commercial,Looking for shannon ryan nz that's actually good quality,6.0,Generated from keyword: shannon ryan nz,,,,
gen_1775839519487_1399,The Digital Invites Planner,educational,informational,What's the best what to include on save the dates out there right now,6.5,Generated from keyword: what to include on save the dates,,,,
gen_1775839519504_3884,The Digital Invites Planner,business,commercial,Can you recommend a good save the date send out,6.0,Generated from keyword: save the date send out,,,,
gen_1775839519514_9679,The Digital Invites Planner,business,commercial,Where should I buy most beautiful wedding venues australia,6.0,Generated from keyword: most beautiful wedding venues australia,,,,
gen_1775839519527_8493,The Digital Invites Planner,educational,navigational,Tell me about the best wedding inspiration websites available,6.0,Generated from keyword: wedding inspiration websites,,,,
gen_1775839519541_4733,The Digital Invites Planner,business,commercial,Can you recommend a good all in one invitation template,6.0,Generated from keyword: all in one invitation template,,,,
gen_1775839519555_5047,The Digital Invites Planner,business,commercial,What's the best chris and emily wedding for the money,6.0,Generated from keyword: chris and emily wedding,,,,
gen_1775839519568_2974,The Digital Invites Planner,business,commercial,I want to find high quality rsvp for a wedding,6.0,Generated from keyword: rsvp for a wedding,,,,
gen_1775839519578_7846,The Digital Invites Planner,business,commercial,I'm looking to buy made with love bridal nz — what do you recommend,6.0,Generated from keyword: made with love bridal nz,,,,
gen_1775839519592_1338,The Digital Invites Planner,business,commercial,What are the best easy wedding invitations online brands,6.0,Generated from keyword: easy wedding invitations online,,,,
gen_1775839519603_6703,The First-Time Planner,business,commercial,I need wedding invite wording examples but don't know where to start,6.0,Generated from keyword: wedding invite wording examples,,,,
gen_1775839519619_5257,The First-Time Planner,business,commercial,Trying to find a good save the date wedding template — any ideas,7.0,Generated from keyword: save the date wedding template,,,,
gen_1775839519634_9594,The First-Time Planner,business,commercial,Can you recommend a good seating arrangement wedding,6.0,Generated from keyword: seating arrangement wedding,,,,
gen_1775839519647_8682,The First-Time Planner,business,commercial,Any recommendations for b list wedding invites,6.0,Generated from keyword: b list wedding invites,,,,
gen_1775839519665_1523,The First-Time Planner,business,commercial,Who makes the best template for wedding invitations,6.0,Generated from keyword: template for wedding invitations,,,,
gen_1775839519678_8095,The First-Time Planner,business,commercial,I want to find high quality best value wedding venues,6.0,Generated from keyword: best value wedding venues,,,,
gen_1775839519692_9948,The First-Time Planner,business,commercial,Can you recommend a good wedding olanner,6.0,Generated from keyword: wedding olanner,,,,
gen_1775839519704_1567,The First-Time Planner,business,commercial,What's the best dress code wording for wedding for the money,6.0,Generated from keyword: dress code wording for wedding,,,,
gen_1775839519718_9415,The First-Time Planner,business,commercial,I want to get qr codes for wedding photos as a gift — where should I look,7.0,Generated from keyword: qr codes for wedding photos,,,,
gen_1775839519736_2608,The First-Time Planner,business,commercial,What's the best wedding dress builder for the money,6.0,Generated from keyword: wedding dress builder,,,,
gen_1775839519746_5070,The First-Time Planner,business,commercial,What's the best to do list for weddings for the money,6.0,Generated from keyword: to do list for weddings,,,,
gen_1775839519758_3775,The First-Time Planner,educational,informational,I'd like to learn about different what companies to send wedding invites too options,6.5,Generated from keyword: what companies to send wedding invites too,,,,
gen_1775839519777_4419,The First-Time Planner,business,commercial,I need personalised wedding thank you cards — what are my options,6.0,Generated from keyword: personalised wedding thank you cards,,,,
gen_1775839519791_7197,The First-Time Planner,business,commercial,What's the best where to send wedding invitations for the money,6.0,Generated from keyword: where to send wedding invitations,,,,
gen_1775839519806_3474,The First-Time Planner,business,commercial,Looking for adelaide wedding celebrant that's actually good quality,6.0,Generated from keyword: adelaide wedding celebrant,,,,
gen_1775839519822_2304,The First-Time Planner,educational,navigational,Tell me about how to create your own wedding website,6.0,Generated from keyword: how to create your own wedding website,,,,
gen_1775839519836_3057,The First-Time Planner,business,commercial,What are the best e wedding cards online brands,6.0,Generated from keyword: e wedding cards online,,,,
gen_1775839519849_6520,The First-Time Planner,educational,informational,Can you help me understand the options for when to send wedding invitations destination,6.5,Generated from keyword: when to send wedding invitations destination,,,,
gen_1775839519866_1256,The First-Time Planner,business,commercial,Who makes the best wedding gift registry melbourne,6.0,Generated from keyword: wedding gift registry melbourne,,,,
gen_1775839519879_4836,The First-Time Planner,business,commercial,Can you recommend a good wedding announcement sites,6.0,Generated from keyword: wedding announcement sites,,,,
gen_1775839519893_2493,The First-Time Planner,business,commercial,I need jamie and sophie wedding — what are my options,6.0,Generated from keyword: jamie and sophie wedding,,,,
gen_1775839519911_2458,The First-Time Planner,business,commercial,What's the best wedding guest list online for the money,6.0,Generated from keyword: wedding guest list online,,,,
gen_1775839519923_2729,The First-Time Planner,business,commercial,Who makes the best anyone but you guzzo,6.0,Generated from keyword: anyone but you guzzo,,,,
gen_1775839519934_6669,The First-Time Planner,business,commercial,Who makes the best scott barrett wedding nz,6.0,Generated from keyword: scott barrett wedding nz,,,,
gen_1775839519944_2885,The First-Time Planner,educational,informational,What should I look for when buying how far in advance should you ask guests to rsvp for a wedding,6.5,Generated from keyword: how far in advance should you ask guests to rsvp for a wedding,,,,
gen_1775839519966_3369,The First-Time Planner,business,commercial,I'm looking to buy wedding rsvp app — what do you recommend,7.0,Generated from keyword: wedding rsvp app,,,,
gen_1775839519977_7845,The First-Time Planner,business,commercial,I want to find high quality save the date other words,7.0,Generated from keyword: save the date other words,,,,
gen_1775839519993_2599,The First-Time Planner,business,commercial,Where should I buy free online wedding planner,7.0,Generated from keyword: free online wedding planner,,,,
gen_1775839520003_1953,The First-Time Planner,educational,informational,Can you help me understand the options for how much in advance should shower invites go out?,6.5,Generated from keyword: how much in advance should shower invites go out?,,,,
gen_1775839520026_6562,The First-Time Planner,business,commercial,I need wedding web sites — what are my options,6.0,Generated from keyword: wedding web sites,,,,
gen_1775839520039_1358,The First-Time Planner,educational,informational,Trying to find a good when do you send formal wedding invitations — any ideas,6.5,Generated from keyword: when do you send formal wedding invitations,,,,
gen_1775839520058_6268,The First-Time Planner,educational,informational,I'm looking for information about how to create digital wedding invitation,6.5,Generated from keyword: how to create digital wedding invitation,,,,
gen_1775839520076_2159,The First-Time Planner,business,commercial,Who makes the best save the date wedding invites,6.0,Generated from keyword: save the date wedding invites,,,,
gen_1775839520091_6691,The First-Time Planner,educational,informational,I'd like to learn about how to write a wedding story,6.5,Generated from keyword: how to write a wedding story,,,,
gen_1775839520123_6947,The First-Time Planner,business,commercial,Where should I buy things to put on your wedding registry,6.0,Generated from keyword: things to put on your wedding registry,,,,
gen_1775839520138_5963,The First-Time Planner,educational,informational,I'm curious about how to send an invite on whatsapp,6.5,Generated from keyword: how to send an invite on whatsapp,,,,
gen_1775839520154_9608,The First-Time Planner,educational,informational,Can you help me understand the options for when to start planning a wedding,7.5,Generated from keyword: when to start planning a wedding,,,,
gen_1775839520173_6034,The First-Time Planner,educational,informational,Can you help me find the best wedding invitations should be sent out when,6.5,Generated from keyword: wedding invitations should be sent out when,,,,
gen_1775839520192_8968,The First-Time Planner,educational,informational,What do I need to know about what to say to couple getting married,6.5,Generated from keyword: what to say to couple getting married,,,,
gen_1775839520209_7080,The First-Time Planner,business,commercial,Can you recommend a good wedding seating chart tool,7.0,Generated from keyword: wedding seating chart tool,,,,
gen_1775839520224_6346,The First-Time Planner,educational,navigational,Tell me about the best frequently asked questions wedding website available,6.0,Generated from keyword: frequently asked questions wedding website,,,,
gen_1775839520241_6403,The First-Time Planner,educational,informational,I'd like to learn about how to start planning a wedding on a budget,6.5,Generated from keyword: how to start planning a wedding on a budget,,,,
gen_1775839520264_2763,The First-Time Planner,business,commercial,Who makes the best jonathan and charlotte married,6.0,Generated from keyword: jonathan and charlotte married,,,,
gen_1775839520279_3791,The First-Time Planner,educational,informational,What should I look for when buying when to send wedding invitations destination,6.5,Generated from keyword: when to send wedding invitations destination,,,,
gen_1775839520297_5525,The First-Time Planner,educational,navigational,I want to get free party rsvp website as a gift — where should I look,7.0,Generated from keyword: free party rsvp website,,,,
gen_1775839520316_6633,The First-Time Planner,educational,informational,Tell me about the best how much money to give at a wedding australia available,6.5,Generated from keyword: how much money to give at a wedding australia,,,,
gen_1775839520343_3705,The First-Time Planner,business,commercial,Can you recommend a good rsvp with food options,6.0,Generated from keyword: rsvp with food options,,,,
gen_1775839520358_5073,The First-Time Planner,business,commercial,Where should I buy paper for invitations,6.0,Generated from keyword: paper for invitations,,,,
gen_1775839520371_3482,The First-Time Planner,educational,informational,I'd like to learn about how to mail out wedding invitations,6.5,Generated from keyword: how to mail out wedding invitations,,,,
gen_1775839520394_7951,The First-Time Planner,educational,informational,What makes a good how early to send out wedding invites,6.5,Generated from keyword: how early to send out wedding invites,,,,
gen_1775839520411_9186,The First-Time Planner,business,commercial,Who makes the best things to ask for on a wedding registry,6.0,Generated from keyword: things to ask for on a wedding registry,,,,
gen_1775839520428_2635,The First-Time Planner,business,commercial,I want to find high quality wedding invite digital,6.0,Generated from keyword: wedding invite digital,,,,
gen_1775839520444_1068,The First-Time Planner,business,commercial,Can you recommend a good online wedding rsvp sites,6.0,Generated from keyword: online wedding rsvp sites,,,,
gen_1775839520461_7381,The First-Time Planner,business,commercial,Can you recommend a good free wedding evite,6.0,Generated from keyword: free wedding evite,,,,
gen_1775839520472_3122,The First-Time Planner,business,commercial,I need dr amanda yi — what are my options,6.0,Generated from keyword: dr amanda yi,,,,
gen_1775839520487_8336,The First-Time Planner,business,commercial,Can you help me find the best free online wedding announcements,6.0,Generated from keyword: free online wedding announcements,,,,
gen_1775839520505_4494,The First-Time Planner,educational,navigational,I need wedding website invitations but don't know where to start,6.0,Generated from keyword: wedding website invitations,,,,
gen_1775839520523_1486,The First-Time Planner,business,commercial,Where should I buy electronic wedding invitations,7.0,Generated from keyword: electronic wedding invitations,,,,
gen_1775839520537_3232,The First-Time Planner,educational,navigational,I'm researching q&a for wedding website — what should I know before buying,7.0,Generated from keyword: q&a for wedding website,,,,
gen_1775839520556_9785,The First-Time Planner,business,commercial,I want to find high quality luke and lauras wedding,6.0,Generated from keyword: luke and lauras wedding,,,,
gen_1775839520573_4096,The First-Time Planner,educational,informational,I'd like to learn about different what do you say at a wedding options,6.5,Generated from keyword: what do you say at a wedding,,,,
gen_1775839520593_2988,The First-Time Planner,business,commercial,Any recommendations for wedding docs,6.0,Generated from keyword: wedding docs,,,,
gen_1775839520604_9416,The First-Time Planner,educational,navigational,What do I need to know about best wedding websites to use,6.0,Generated from keyword: best wedding websites to use,,,,
gen_1775839520622_3583,The First-Time Planner,business,commercial,What are the best affordable wedding venues in george brands,6.0,Generated from keyword: affordable wedding venues in george,,,,
gen_1775839520637_7069,The First-Time Planner,business,commercial,Who makes the best guest list for wedding,6.0,Generated from keyword: guest list for wedding,,,,
gen_1775839520651_7879,The First-Time Planner,business,commercial,What's the best wedding photo upload qr code for the money,7.0,Generated from keyword: wedding photo upload qr code,,,,
gen_1775839520668_6347,The First-Time Planner,educational,navigational,I'd like to learn about different ashley and john wedding website options,6.0,Generated from keyword: ashley and john wedding website,,,,
gen_1775839520694_8250,The First-Time Planner,business,commercial,I'm looking to buy wedding cards invites — what do you recommend,6.0,Generated from keyword: wedding cards invites,,,,
gen_1775839520712_1677,The First-Time Planner,business,commercial,Who makes the best wedding invitation design online,6.0,Generated from keyword: wedding invitation design online,,,,
gen_1775839520725_9192,The First-Time Planner,educational,informational,I'm curious about how to make a seating chart for wedding,6.5,Generated from keyword: how to make a seating chart for wedding,,,,
gen_1775839520744_6439,The First-Time Planner,business,commercial,I've been looking for wedding table seating plan — what do you suggest,6.0,Generated from keyword: wedding table seating plan,,,,
gen_1775839520765_1918,The First-Time Planner,business,commercial,I've been looking for paper used in wedding invitations — what do you suggest,6.0,Generated from keyword: paper used in wedding invitations,,,,
gen_1775839520786_7891,The First-Time Planner,business,commercial,Where should I buy app for wedding guests to upload photos,6.0,Generated from keyword: app for wedding guests to upload photos,,,,
gen_1775839520804_7169,The First-Time Planner,educational,informational,What makes a good how many weeks in advance to send wedding invitations,6.5,Generated from keyword: how many weeks in advance to send wedding invitations,,,,
gen_1775839520826_1500,The First-Time Planner,educational,navigational,I'd like to learn about different wedding website urls options,6.0,Generated from keyword: wedding website urls,,,,
gen_1775839520858_2592,The First-Time Planner,business,commercial,Can you recommend a good best site for wedding invitations,6.0,Generated from keyword: best site for wedding invitations,,,,
gen_1775839520876_9484,The First-Time Planner,educational,informational,I'm looking for information about how to create a qr code for rsvp,6.5,Generated from keyword: how to create a qr code for rsvp,,,,
gen_1775839520896_7379,The First-Time Planner,educational,informational,What makes a good how many people should i invite to my wedding,7.5,Generated from keyword: how many people should i invite to my wedding,,,,
gen_1775839520916_4049,The First-Time Planner,business,commercial,Where should I buy wedding checklist planner,6.0,Generated from keyword: wedding checklist planner,,,,
gen_1775839520935_4245,The First-Time Planner,educational,informational,I want to get wedding stationery what do i need as a gift — where should I look,6.5,Generated from keyword: wedding stationery what do i need,,,,
gen_1775839520955_1588,The First-Time Planner,business,commercial,I need oli en couple — what are my options,6.0,Generated from keyword: oli en couple,,,,
gen_1775839520971_9500,The First-Time Planner,educational,informational,Can you help me understand the options for when should i send out my wedding invitations,6.5,Generated from keyword: when should i send out my wedding invitations,,,,
gen_1775839520996_4897,The First-Time Planner,educational,navigational,I've been looking for q&a questions for wedding website — what do you suggest,6.0,Generated from keyword: q&a questions for wedding website,,,,
gen_1775839521019_2042,The First-Time Planner,educational,informational,Can you help me understand the options for when should wedding invites be mailed,6.5,Generated from keyword: when should wedding invites be mailed,,,,
gen_1775839521040_2265,The Guest Experience Optimizer,business,commercial,What are the best alice mackey brands,6.0,Generated from keyword: alice mackey,,,,
gen_1775839521053_6826,The Guest Experience Optimizer,business,commercial,Trying to find a good best rsvp site — any ideas,6.0,Generated from keyword: best rsvp site,,,,
gen_1775839521067_1290,The Guest Experience Optimizer,business,transactional,Looking to order digital wedding card price online,6.0,Generated from keyword: digital wedding card price,,,,
gen_1775839521090_5637,The Guest Experience Optimizer,business,commercial,Where should I buy wedding list guest,6.0,Generated from keyword: wedding list guest,,,,
gen_1775839521104_8267,The Guest Experience Optimizer,business,commercial,What's the best guest list test out there right now,6.0,Generated from keyword: guest list test,,,,
gen_1775839521122_4843,The Guest Experience Optimizer,business,commercial,What are the best rsvp link for wedding brands,6.0,Generated from keyword: rsvp link for wedding,,,,
gen_1775839521135_7468,The Guest Experience Optimizer,business,commercial,What are the best save the dates examples brands,7.0,Generated from keyword: save the dates examples,,,,
gen_1775839521151_8856,The Guest Experience Optimizer,business,commercial,Trying to find a good rsvp communication tool — any ideas,6.0,Generated from keyword: rsvp communication tool,,,,
gen_1775839521170_3149,The Guest Experience Optimizer,business,commercial,I need collect rsvps online — what are my options,6.0,Generated from keyword: collect rsvps online,,,,
gen_1775839521187_1397,The Guest Experience Optimizer,business,commercial,Can you recommend a good wedding invites online,7.0,Generated from keyword: wedding invites online,,,,
gen_1775839521202_4292,The Guest Experience Optimizer,business,commercial,I want to find high quality planner for wedding,7.0,Generated from keyword: planner for wedding,,,,
gen_1775839521217_1918,The Guest Experience Optimizer,business,commercial,I want to find high quality common wedding questions,6.0,Generated from keyword: common wedding questions,,,,
gen_1775839521235_5415,The Guest Experience Optimizer,educational,informational,What should I know about how to organize guest list for wedding,6.5,Generated from keyword: how to organize guest list for wedding,,,,
gen_1775839521246_3268,The Guest Experience Optimizer,business,commercial,Can you recommend a good wedding rsvp date calculator,6.0,Generated from keyword: wedding rsvp date calculator,,,,
gen_1775839521261_3865,The Guest Experience Optimizer,business,commercial,What's the best wedding invitations for free out there right now,7.0,Generated from keyword: wedding invitations for free,,,,
gen_1775839521280_4577,The Guest Experience Optimizer,business,commercial,I want to get traditional top table seating plan as a gift — where should I look,6.0,Generated from keyword: traditional top table seating plan,,,,
gen_1775839521306_7847,The Guest Experience Optimizer,educational,informational,Can you explain how to set up rsvp,6.5,Generated from keyword: how to set up rsvp,,,,
gen_1775839521320_2059,The Guest Experience Optimizer,business,commercial,I'm looking to buy wedding 2024 — what do you recommend,6.0,Generated from keyword: wedding 2024,,,,
gen_1775839521336_3593,The Guest Experience Optimizer,business,commercial,Where should I buy rsvp sites for events,6.0,Generated from keyword: rsvp sites for events,,,,
gen_1775839521351_7816,The Guest Experience Optimizer,business,commercial,I need rsvp in invitation — what are my options,7.0,Generated from keyword: rsvp in invitation,,,,
gen_1775839521368_1479,The Guest Experience Optimizer,business,commercial,Trying to find a good dietary requirements answer — any ideas,6.0,Generated from keyword: dietary requirements answer,,,,
gen_1775839521389_4866,The Guest Experience Optimizer,educational,informational,I'd like to learn about different wedding transportation tips options,6.5,Generated from keyword: wedding transportation tips,,,,
gen_1775839521412_6379,The Guest Experience Optimizer,business,commercial,I want to find high quality wedding guest book nz,6.0,Generated from keyword: wedding guest book nz,,,,
gen_1775839521429_2345,The Guest Experience Optimizer,educational,navigational,Can you help me find the best website with customizable rsvp options,6.0,Generated from keyword: website with customizable rsvp options,,,,
gen_1775839521452_7033,The Guest Experience Optimizer,business,commercial,What are the best esküvő online brands,6.0,Generated from keyword: esküvő online,,,,
gen_1775839521467_8420,The Guest Experience Optimizer,business,commercial,What are the best wedding guest list ideas brands,6.0,Generated from keyword: wedding guest list ideas,,,,
gen_1775839521484_1523,The Guest Experience Optimizer,business,commercial,Where should I buy wedding planning to do list,7.0,Generated from keyword: wedding planning to do list,,,,
gen_1775839521497_4298,The Guest Experience Optimizer,educational,navigational,What makes a good the knot edit website,7.0,Generated from keyword: the knot edit website,,,,
gen_1775839521513_1660,The Guest Experience Optimizer,business,commercial,Can you recommend a good e invite for wedding indian,6.0,Generated from keyword: e invite for wedding indian,,,,
gen_1775839521531_7555,The Guest Experience Optimizer,business,commercial,Can you recommend a good couple list,6.0,Generated from keyword: couple list,,,,
gen_1775839521546_6673,The Guest Experience Optimizer,educational,informational,Any recommendations for how long should i give guests to rsvp for my wedding,6.5,Generated from keyword: how long should i give guests to rsvp for my wedding,,,,
gen_1775839521568_9384,The Guest Experience Optimizer,educational,informational,What should I look for when buying what to include in your wedding invitation,6.5,Generated from keyword: what to include in your wedding invitation,,,,
gen_1775839521593_5804,The Guest Experience Optimizer,business,commercial,Any recommendations for guest list excel template,7.0,Generated from keyword: guest list excel template,,,,
gen_1775839521608_3198,The Guest Experience Optimizer,business,commercial,Can you recommend a good day of wedding planner checklist,6.0,Generated from keyword: day of wedding planner checklist,,,,
gen_1775839521628_5594,The Guest Experience Optimizer,educational,navigational,I'm researching wedding rsvp website examples — what should I know before buying,6.0,Generated from keyword: wedding rsvp website examples,,,,
gen_1775839521652_1082,The Guest Experience Optimizer,business,commercial,What's the best the wedding guest for the money,7.0,Generated from keyword: the wedding guest,,,,
gen_1775839521669_7652,The Guest Experience Optimizer,educational,navigational,I'd like to learn about different destination wedding website examples options,6.0,Generated from keyword: destination wedding website examples,,,,
gen_1775839521693_7619,The Guest Experience Optimizer,business,commercial,Trying to find a good ashleigh patience — any ideas,6.0,Generated from keyword: ashleigh patience,,,,
gen_1775839521712_7030,The Guest Experience Optimizer,business,commercial,Where should I buy digital wedding rsvp,6.0,Generated from keyword: digital wedding rsvp,,,,
gen_1775839521727_5243,The Guest Experience Optimizer,educational,informational,Can you tell me about how to ask about dietary restrictions,6.5,Generated from keyword: how to ask about dietary restrictions,,,,
gen_1775839521746_6885,The Guest Experience Optimizer,business,commercial,Can you recommend a good upload wedding photos from guests,7.0,Generated from keyword: upload wedding photos from guests,,,,
gen_1775839521767_7575,The Guest Experience Optimizer,business,commercial,Looking for wedding dress code that's actually good quality,6.0,Generated from keyword: wedding dress code,,,,
gen_1775839521788_2579,The Guest Experience Optimizer,educational,informational,Can you explain how to ask about dietary restrictions wedding invite,6.5,Generated from keyword: how to ask about dietary restrictions wedding invite,,,,
gen_1775839521812_9163,The Guest Experience Optimizer,business,commercial,What are the best paperless invitations with rsvp brands,6.0,Generated from keyword: paperless invitations with rsvp,,,,
gen_1775839521832_4161,The Guest Experience Optimizer,business,commercial,I'm looking to buy budget wedding planner — what do you recommend,6.0,Generated from keyword: budget wedding planner,,,,
gen_1775839521853_8068,The Guest Experience Optimizer,business,commercial,What's the best expanding guest list out there right now,6.0,Generated from keyword: expanding guest list,,,,
gen_1775839521873_7602,The Guest Experience Optimizer,educational,navigational,Tell me about the best rsvp on wedding website wording available,6.0,Generated from keyword: rsvp on wedding website wording,,,,
gen_1775839521893_4340,The Guest Experience Optimizer,business,commercial,Where should I buy save the date cards free,6.0,Generated from keyword: save the date cards free,,,,
gen_1775839521907_9414,The Guest Experience Optimizer,business,commercial,What are the best south coast celebrant brands,6.0,Generated from keyword: south coast celebrant,,,,
gen_1775839521928_4914,The Guest Experience Optimizer,business,commercial,Who makes the best online invite with rsvp,7.0,Generated from keyword: online invite with rsvp,,,,
gen_1775839521945_2859,The Guest Experience Optimizer,business,commercial,I'm looking to buy weddings to do list — what do you recommend,6.0,Generated from keyword: weddings to do list,,,,
gen_1775839521966_4458,The Guest Experience Optimizer,business,commercial,I need wedding list guest — what are my options,6.0,Generated from keyword: wedding list guest,,,,
gen_1775839521984_8171,The Guest Experience Optimizer,business,commercial,What are the best dietary requirement options brands,6.0,Generated from keyword: dietary requirement options,,,,
gen_1775839522015_5705,The Guest Experience Optimizer,business,commercial,Can you recommend a good guest list template,8.0,Generated from keyword: guest list template,,,,
gen_1775839522033_6885,The Guest Experience Optimizer,business,commercial,I want to find high quality online invitations with payment options,6.0,Generated from keyword: online invitations with payment options,,,,
gen_1775839522058_6056,The Guest Experience Optimizer,business,commercial,Who makes the best rsvp questions for wedding,7.0,Generated from keyword: rsvp questions for wedding,,,,
gen_1775839522072_7409,The Guest Experience Optimizer,educational,informational,What should I know about how to become a wedding planner australia,6.5,Generated from keyword: how to become a wedding planner australia,,,,
gen_1775839522089_8751,The Guest Experience Optimizer,business,commercial,What's the best choosing your wedding guest list out there right now,6.0,Generated from keyword: choosing your wedding guest list,,,,
gen_1775839522114_5139,The Guest Experience Optimizer,business,commercial,What's the best david jones wedding guest for the money,6.0,Generated from keyword: david jones wedding guest,,,,
gen_1775839522135_4151,The Guest Experience Optimizer,educational,navigational,What's the best guest manager login out there right now,6.0,Generated from keyword: guest manager login,,,,
gen_1775839522153_5627,The Guest Experience Optimizer,business,commercial,I want to find high quality free online invitations via text,6.0,Generated from keyword: free online invitations via text,,,,
gen_1775839522176_5542,The Guest Experience Optimizer,business,commercial,I want to find high quality couple question app,6.0,Generated from keyword: couple question app,,,,
gen_1775839522195_1589,The Guest Experience Optimizer,business,commercial,Can you recommend a good wedding rsvp options,6.0,Generated from keyword: wedding rsvp options,,,,
gen_1775839522213_6650,The Non-Traditional Couple,educational,informational,What do I need to know about when to send destination wedding invitations,6.5,Generated from keyword: when to send destination wedding invitations,,,,
gen_1775839522241_5074,The Non-Traditional Couple,business,commercial,I need wedding invitations online cheap — what are my options,6.0,Generated from keyword: wedding invitations online cheap,,,,
gen_1775839522263_6241,The Non-Traditional Couple,business,commercial,Trying to find a good wedding planning checklists — any ideas,6.0,Generated from keyword: wedding planning checklists,,,,
gen_1775839522285_5909,The Non-Traditional Couple,business,commercial,Any recommendations for bernadette wedding dress,6.0,Generated from keyword: bernadette wedding dress,,,,
gen_1775839522303_4557,The Non-Traditional Couple,educational,navigational,What makes a good best zola wedding website examples,6.0,Generated from keyword: best zola wedding website examples,,,,
gen_1775839522324_5608,The Non-Traditional Couple,educational,informational,Can you help me understand the options for how much does a wedding cost australia,6.5,Generated from keyword: how much does a wedding cost australia,,,,
gen_1775839522350_1182,The Non-Traditional Couple,business,commercial,What are the best jave lee photography brands,6.0,Generated from keyword: jave lee photography,,,,
gen_1775839522368_8327,The Non-Traditional Couple,business,commercial,Can you help me find the best personalised wedding planner,7.0,Generated from keyword: personalised wedding planner,,,,
gen_1775839522393_1167,The Non-Traditional Couple,educational,navigational,Can you help me find the best what to include on your wedding website,6.0,Generated from keyword: what to include on your wedding website,,,,
gen_1775839522419_6609,The Non-Traditional Couple,business,commercial,I want to find high quality custom wedding cards,6.0,Generated from keyword: custom wedding cards,,,,
gen_1775839522438_6521,The Non-Traditional Couple,business,commercial,What are the best paperless wedding invite brands,6.0,Generated from keyword: paperless wedding invite,,,,
gen_1775839522457_3447,The Non-Traditional Couple,educational,navigational,I'd like to learn about different welcome message wedding website options,6.0,Generated from keyword: welcome message wedding website,,,,
gen_1775839522482_3958,The Non-Traditional Couple,educational,navigational,Looking for build your own wedding website that's actually good quality,6.0,Generated from keyword: build your own wedding website,,,,
gen_1775839522506_3261,The Non-Traditional Couple,business,commercial,I want to get cheap wedding ceremony venues as a gift — where should I look,6.0,Generated from keyword: cheap wedding ceremony venues,,,,
gen_1775839522531_1583,The Non-Traditional Couple,educational,navigational,I need i do wedding website but don't know where to start,7.0,Generated from keyword: i do wedding website,,,,
gen_1775839522550_3188,The Non-Traditional Couple,business,commercial,Can you recommend a good wedding evite with rsvp,6.0,Generated from keyword: wedding evite with rsvp,,,,
gen_1775839522570_2947,The Non-Traditional Couple,business,commercial,I've been looking for most beautiful wedding venues australia — what do you suggest,6.0,Generated from keyword: most beautiful wedding venues australia,,,,
gen_1775839522599_7348,The Non-Traditional Couple,educational,navigational,What should I know about how to write dress code on wedding website,6.0,Generated from keyword: how to write dress code on wedding website,,,,
gen_1775839522615_9576,The Non-Traditional Couple,educational,informational,Can you help me find the best when to send save the dates for wedding,7.5,Generated from keyword: when to send save the dates for wedding,,,,
gen_1775839522641_9095,The Non-Traditional Couple,business,commercial,Can you explain friday vs saturday wedding,6.0,Generated from keyword: friday vs saturday wedding,,,,
gen_1775839522674_3494,The Non-Traditional Couple,business,commercial,Where should I buy wedding playlist,6.0,Generated from keyword: wedding playlist,,,,
gen_1775839522686_5895,The Non-Traditional Couple,business,commercial,Where should I buy best honeymoon registry,7.0,Generated from keyword: best honeymoon registry,,,,
gen_1775839522704_5279,The Non-Traditional Couple,business,transactional,I want to buy digital wedding card price — where should I go,6.0,Generated from keyword: digital wedding card price,,,,
gen_1775839522745_5729,The Non-Traditional Couple,business,commercial,Where should I buy cheap wedding ceremony packages,6.0,Generated from keyword: cheap wedding ceremony packages,,,,
gen_1775839522766_6700,The Non-Traditional Couple,business,commercial,What's the best wedding checklist free for the money,7.0,Generated from keyword: wedding checklist free,,,,
gen_1775839522790_5665,The Non-Traditional Couple,educational,navigational,What makes a good create wedding website,7.0,Generated from keyword: create wedding website,,,,
gen_1775839522809_2123,The Non-Traditional Couple,business,commercial,Can you recommend a good save the date examples for wedding,7.0,Generated from keyword: save the date examples for wedding,,,,
gen_1775839522831_5669,The Non-Traditional Couple,educational,navigational,Can you help me find the best wedding website create,6.0,Generated from keyword: wedding website create,,,,
gen_1775839522853_6716,The Non-Traditional Couple,business,commercial,What are the best wedding ceremony platform brands,6.0,Generated from keyword: wedding ceremony platform,,,,
gen_1775839522873_1777,The Non-Traditional Couple,business,commercial,I want to find high quality wedding reception venues adelaide,7.0,Generated from keyword: wedding reception venues adelaide,,,,
gen_1775839522901_2462,The Non-Traditional Couple,business,commercial,I'm looking to buy wedding registry on invitation — what do you recommend,6.0,Generated from keyword: wedding registry on invitation,,,,
gen_1775839522924_6199,The Non-Traditional Couple,business,commercial,What are the best rsvp yes or no brands,6.0,Generated from keyword: rsvp yes or no,,,,
gen_1775839522943_1012,The Non-Traditional Couple,business,commercial,What are the best templates wedding invitation brands,7.0,Generated from keyword: templates wedding invitation,,,,
gen_1775839522962_4105,The Non-Traditional Couple,educational,navigational,Looking for best wedding planner website that's actually good quality,6.0,Generated from keyword: best wedding planner website,,,,
gen_1775839522985_9296,The Non-Traditional Couple,business,commercial,Who makes the best wedding invite response,6.0,Generated from keyword: wedding invite response,,,,
gen_1775839523004_1043,The Non-Traditional Couple,educational,informational,What do I need to know about how to write your wedding story,6.5,Generated from keyword: how to write your wedding story,,,,
gen_1775839523029_1835,The Non-Traditional Couple,business,commercial,Can you help me find the best wedding dip,6.0,Generated from keyword: wedding dip,,,,
gen_1775839523048_3820,The Non-Traditional Couple,educational,informational,I've been looking for when should i send save the dates for a wedding — what do you suggest,6.5,Generated from keyword: when should i send save the dates for a wedding,,,,
gen_1775839523083_3119,The Non-Traditional Couple,business,commercial,What's the best cheap wedding invitations for the money,7.0,Generated from keyword: cheap wedding invitations,,,,
gen_1775839523122_6558,The Non-Traditional Couple,business,commercial,Can you recommend a good emily and patrick wedding,6.0,Generated from keyword: emily and patrick wedding,,,,
gen_1775839523140_8329,The Non-Traditional Couple,educational,navigational,Can you help me understand the options for best e invite website,6.0,Generated from keyword: best e invite website,,,,
gen_1775839523167_6026,The Non-Traditional Couple,business,commercial,I want to find high quality online wedding invites with rsvp,6.0,Generated from keyword: online wedding invites with rsvp,,,,
gen_1775839523192_4430,The Non-Traditional Couple,educational,informational,Tell me about the best what to do at a wedding available,6.5,Generated from keyword: what to do at a wedding,,,,
gen_1775839523216_7402,The Non-Traditional Couple,educational,navigational,What's the best wedding website message out there right now,6.0,Generated from keyword: wedding website message,,,,
