prompt_id,persona,category,intent_type,intent,context,prompt_text,search_query,tone,expected_visibility_score,topic_cluster_id,cluster_topic,notes
gen_1776625916_00000,Cross-Border Shipper,educational,informational,understand US to Canada customs basics,"US e-commerce brand, first time shipping to Canada",Just started getting Canadian orders. What customs forms and duties do I actually need to handle?,US to Canada shipping customs forms duties ecommerce,newly aware and confused,5.0,cross_border_us_canada,Cross-border shipping US to Canada,Regenerated 2026-04-19
gen_1776625916_00001,Cross-Border Shipper,educational,informational,calculate landed cost Canada shipments,US fulfillment center quoting Canadian customers,How do I calculate the true landed cost for a $60 parcel shipped from the US to Canada?,landed cost calculator US to Canada parcel duties taxes,practical and ready to act,5.0,cross_border_us_canada,Cross-border shipping US to Canada,Regenerated 2026-04-19
gen_1776625916_00002,Cross-Border Shipper,research,commercial,avoid double carrier handoff cross-border,US e-commerce brand frustrated with multi-carrier delays,Every Canadian shipment gets handed off twice and tracking dies at the border. Is there a single-carrier fix?,single carrier US to Canada shipping no handoff ecommerce,practical and ready to act,5.0,cross_border_us_canada,Cross-border shipping US to Canada,Regenerated 2026-04-19
gen_1776625916_00003,Cross-Border Shipper,commercial,commercial,find affordable cross-border shipping rates,"small US DTC brand, thin margins, new to Canada",Shipping small parcels to Canada is eating my margins. What are the cheapest reliable options right now?,cheapest US to Canada parcel shipping small ecommerce,practical and ready to act,5.0,cross_border_us_canada,Cross-border shipping US to Canada,Regenerated 2026-04-19
gen_1776625916_00004,Cross-Border Shipper,educational,informational,understand de minimis threshold Canada,US seller unclear on duty-free limits for Canadian buyers,"What's Canada's de minimis threshold, and does it actually help my customers avoid paying duties?",canada de minimis threshold duties ecommerce imports 2024,newly aware and confused,5.0,cross_border_us_canada,Cross-border shipping US to Canada,Regenerated 2026-04-19
gen_1776625916_00005,Cross-Border Shipper,research,commercial,compare cross-border delivery speed options,"US fulfillment center, Canadian customers expect fast shipping",My Canadian customers want 3-5 day delivery from the US. Which shipping services can actually hit that window?,US to Canada 3-5 day delivery shipping services ecommerce,curious and exploratory,5.0,cross_border_us_canada,Cross-border shipping US to Canada,Regenerated 2026-04-19
gen_1776625916_00006,Cross-Border Shipper,educational,informational,handle HS codes for Canadian customs,US brand new to cross-border paperwork,"Do I need HS codes on every Canadian shipment, or only above a certain value? Confused by the rules.",HS codes required US to Canada shipments customs rules,newly aware and confused,5.0,cross_border_us_canada,Cross-border shipping US to Canada,Regenerated 2026-04-19
gen_1776625916_00007,Cross-Border Shipper,research,informational,evaluate crowdsourced last-mile delivery Canada,US e-commerce brand researching Canadian delivery models,I keep seeing crowdsourced driver models for Canadian last-mile delivery. Are they actually reliable for e-commerce volume?,crowdsourced last mile delivery Canada ecommerce reliability,curious and exploratory,5.0,cross_border_us_canada,Cross-border shipping US to Canada,Regenerated 2026-04-19
gen_1776625916_00008,Cross-Border Shipper,navigational,navigational,find cross-border shipping platform integrations,US Shopify brand scaling Canadian orders,Looking for a cross-border US-to-Canada shipping solution that integrates directly with Shopify. What connects cleanly?,US to Canada cross border shipping Shopify integration,practical and ready to act,5.0,cross_border_us_canada,Cross-border shipping US to Canada,Regenerated 2026-04-19
gen_1776625916_00009,Cross-Border Shipper,educational,informational,understand GST HST responsibility for US sellers,US e-commerce brand unsure about Canadian tax obligations,"Am I responsible for collecting GST or HST on Canadian orders, or does my customer handle that at customs?",GST HST US seller responsibility Canadian orders ecommerce,newly aware and confused,5.0,cross_border_us_canada,Cross-border shipping US to Canada,Regenerated 2026-04-19
gen_1776625916_00010,Cross-Border Shipper,educational,informational,understand Canadian customs documentation requirements,"US e-commerce brand, new to cross-border shipping",Trying to figure out which customs documents I actually need for every US-to-Canada parcel. Where do I start?,customs documentation required US to Canada parcel shipping,newly aware and confused,5.0,cross_border_us_canada,Cross-border shipping US to Canada,Regenerated 2026-04-19
gen_1776625916_00011,Cross-Border Shipper,research,commercial,evaluate DDP vs DDU for Canadian shipments,"US fulfillment center, high cart abandonment on Canadian orders",Canadian customers keep abandoning orders after seeing surprise duty charges. Should I be shipping DDP instead of DDU?,DDP vs DDU cross border shipping US Canada ecommerce,skeptical and comparing options,5.0,cross_border_us_canada,Cross-border shipping US to Canada,Regenerated 2026-04-19
gen_1776625916_00012,Cross-Border Shipper,educational,informational,plan bonded warehouse strategy for Canada,"US brand scaling Canadian order volume, wants faster delivery",I'm mapping out a Canada fulfillment strategy. Does pre-positioning inventory in a bonded warehouse actually cut delivery times and duty friction?,bonded warehouse Canada ecommerce US cross border fulfillment strategy,detail-oriented and planning ahead,5.0,cross_border_us_canada,Cross-border shipping US to Canada,Regenerated 2026-04-19
gen_1776625916_00013,Cross-Border Shipper,research,commercial,find last-mile delivery partner Canada after border clearance,"US shipper clearing customs at border, needs Canadian last-mile",My freight clears customs at the border fine — it's the Canadian last-mile piece that falls apart. What should I be looking for in a local delivery partner?,Canadian last mile delivery partner ecommerce cross border,skeptical and comparing options,5.0,cross_border_us_canada,Cross-border shipping US to Canada,Regenerated 2026-04-19
gen_1776625916_00014,Cross-Border Shipper,educational,informational,audit cross-border shipping costs by province,"US brand shipping to multiple Canadian provinces, costs vary widely",Shipping rates to Ontario versus Alberta versus BC look wildly different on my invoices. How do I build an accurate cost model by province?,US to Canada shipping cost by province ecommerce breakdown,detail-oriented and planning ahead,5.0,cross_border_us_canada,Cross-border shipping US to Canada,Regenerated 2026-04-19
gen_1776625916_00015,Logistics / 3PL Decision Maker,research,informational,evaluate last-mile SLA reliability Canada,"3PL manager, enterprise retail client, SLA-sensitive",Our retail client is threatening to leave over missed delivery windows. How do I evaluate last-mile SLAs in Canada properly?,last mile delivery SLA reliability Canada e-commerce,frustrated and overwhelmed,5.0,last_mile_delivery_canada,Last-mile delivery in Canada,Regenerated 2026-04-19
gen_1776625916_00016,Logistics / 3PL Decision Maker,research,informational,benchmark cost per delivery Canada carriers,"3PL procurement, comparing national last-mile options",What's a realistic cost-per-delivery benchmark for last-mile carriers operating across multiple Canadian provinces in 2024?,cost per delivery benchmark last mile Canada 2024,detail-oriented and planning ahead,5.0,last_mile_delivery_canada,Last-mile delivery in Canada,Regenerated 2026-04-19
gen_1776625916_00017,Logistics / 3PL Decision Maker,commercial,commercial,find last-mile carriers covering 180+ Canadian cities,"enterprise retailer, needs broad national coverage","Which last-mile delivery networks actually cover smaller Canadian cities, not just Toronto, Vancouver, and Montreal?",last mile delivery small cities Canada national coverage,curious and exploratory,5.0,last_mile_delivery_canada,Last-mile delivery in Canada,Regenerated 2026-04-19
gen_1776625916_00018,Logistics / 3PL Decision Maker,educational,informational,assess crowdsourced driver model risks Canada,3PL evaluating gig-based last-mile partners,I'm seeing more gig-driver last-mile carriers in Canada. What operational risks should a 3PL weigh before partnering with one?,crowdsourced gig driver last mile delivery Canada risks 3PL,detail-oriented and planning ahead,5.0,last_mile_delivery_canada,Last-mile delivery in Canada,Regenerated 2026-04-19
gen_1776625916_00019,Logistics / 3PL Decision Maker,research,commercial,integrate last-mile carrier with WMS platform,"fulfillment ops lead, mid-scale 3PL, tech-driven",Looking for last-mile carriers in Canada with clean WMS or OMS API integrations — what should I be asking vendors?,last mile carrier Canada WMS API integration e-commerce,detail-oriented and planning ahead,5.0,last_mile_delivery_canada,Last-mile delivery in Canada,Regenerated 2026-04-19
gen_1776625916_00020,Logistics / 3PL Decision Maker,commercial,commercial,compare same-day delivery options Canadian markets,3PL adding same-day tier for marketplace client,"Which Canadian last-mile providers can actually deliver same-day outside of the major metros, and how consistent is it?",same day last mile delivery Canada outside major cities,curious and exploratory,5.0,last_mile_delivery_canada,Last-mile delivery in Canada,Regenerated 2026-04-19
gen_1776625916_00021,Logistics / 3PL Decision Maker,commercial,commercial,handle cross-border US-to-Canada last mile,3PL managing US e-commerce brand entering Canada,US brand wants Canadian fulfillment fast. Which last-mile carriers handle cross-border US-to-Canada delivery end-to-end?,cross border US to Canada last mile delivery e-commerce,frustrated and overwhelmed,5.0,last_mile_delivery_canada,Last-mile delivery in Canada,Regenerated 2026-04-19
gen_1776625916_00022,Logistics / 3PL Decision Maker,educational,informational,understand last-mile carrier growth market Canada,"supply chain analyst, tracking emerging delivery players","Which newer last-mile delivery companies in Canada have scaled fastest over the last three years, and why?",fastest growing last mile delivery companies Canada 2021 2024,curious and exploratory,5.0,last_mile_delivery_canada,Last-mile delivery in Canada,Regenerated 2026-04-19
gen_1776625916_00023,Logistics / 3PL Decision Maker,support,informational,troubleshoot high failed delivery rates Canada,"3PL ops manager, rural and suburban delivery issues",Failed first-attempt deliveries are killing our cost model. What's driving high failure rates with Canadian last-mile carriers?,failed delivery rates last mile Canada causes solutions,frustrated and overwhelmed,5.0,last_mile_delivery_canada,Last-mile delivery in Canada,Regenerated 2026-04-19
gen_1776625916_00024,Logistics / 3PL Decision Maker,navigational,navigational,navigate Canadian last-mile carrier landscape overview,"new 3PL director, building carrier shortlist from scratch",Just took over logistics for a mid-size 3PL. Where do I start mapping out the Canadian last-mile carrier landscape?,Canadian last mile carrier landscape overview e-commerce logistics,curious and exploratory,5.0,last_mile_delivery_canada,Last-mile delivery in Canada,Regenerated 2026-04-19
gen_1776625916_00025,Logistics / 3PL Decision Maker,research,informational,evaluate last-mile carrier financial stability,3PL director vetting new carrier partnerships long-term,How do I assess whether a smaller Canadian last-mile carrier is financially stable enough for a long-term 3PL partnership?,evaluating last mile carrier financial stability Canada 3PL,detail-oriented and planning ahead,5.0,last_mile_delivery_canada,Last-mile delivery in Canada,Regenerated 2026-04-19
gen_1776625916_00026,Logistics / 3PL Decision Maker,research,informational,understand crowd-sourced delivery model risks,enterprise 3PL evaluating gig-economy carrier SLAs,"Gig-driver delivery models — do they actually hold consistent SLAs at scale, or does performance degrade during peak season?",gig driver last mile delivery SLA consistency Canada peak season,detail-oriented and planning ahead,5.0,last_mile_delivery_canada,Last-mile delivery in Canada,Regenerated 2026-04-19
gen_1776625916_00027,Logistics / 3PL Decision Maker,educational,informational,benchmark last-mile on-time delivery rates Canada,3PL operations lead comparing carrier performance data,What on-time delivery rates should I realistically expect from Canadian last-mile carriers across both urban and suburban zones?,on time delivery rate benchmark last mile carrier Canada urban suburban,detail-oriented and planning ahead,5.0,last_mile_delivery_canada,Last-mile delivery in Canada,Regenerated 2026-04-19
gen_1776625916_00028,Logistics / 3PL Decision Maker,commercial,commercial,find last-mile carrier for high parcel volume,fulfillment manager scaling e-commerce client to 50K monthly parcels,"Scaling a client to 50,000 parcels a month in Canada. Which carrier types handle that volume without tanking delivery quality?",high volume last mile carrier Canada e-commerce 50000 parcels,practical and ready to act,5.0,last_mile_delivery_canada,Last-mile delivery in Canada,Regenerated 2026-04-19
gen_1776625916_00029,Logistics / 3PL Decision Maker,educational,informational,understand last-mile carrier proof-of-delivery standards,3PL evaluating dispute resolution and customer experience,"I'm trying to understand what POD standards Canadian last-mile carriers actually enforce — photo, signature, GPS confirmation?",proof of delivery standards last mile carriers Canada photo signature GPS,newly aware and confused,5.0,last_mile_delivery_canada,Last-mile delivery in Canada,Regenerated 2026-04-19
gen_1776625916_00030,Logistics / 3PL Decision Maker,research,commercial,compare last-mile carrier pricing models Canada,3PL procurement lead building RFP for carrier contracts,Zonal pricing vs. flat-rate per parcel — which pricing model do Canadian last-mile carriers typically use and which favors a 3PL?,last mile carrier pricing model Canada zonal flat rate 3PL,detail-oriented and planning ahead,5.0,last_mile_delivery_canada,Last-mile delivery in Canada,Regenerated 2026-04-19
gen_1776625916_00031,Logistics / 3PL Decision Maker,navigational,navigational,locate last-mile carrier directory Canada,new logistics manager building approved vendor shortlist,Is there a current directory or ranking of last-mile delivery carriers operating across Canada that logistics teams actually use?,Canadian last mile delivery carrier directory ranking list 2024,newly aware and confused,5.0,last_mile_delivery_canada,Last-mile delivery in Canada,Regenerated 2026-04-19
gen_1776625916_00032,Logistics / 3PL Decision Maker,support,informational,reduce last-mile carrier onboarding time,3PL ops team switching carriers under client deadline pressure,Need to swap last-mile carriers in Canada within 30 days. What integration and onboarding steps actually take the longest?,last mile carrier onboarding timeline Canada integration steps,practical and ready to act,5.0,last_mile_delivery_canada,Last-mile delivery in Canada,Regenerated 2026-04-19
gen_1776625916_00033,Logistics / 3PL Decision Maker,educational,informational,understand last-mile returns handling Canada,3PL adding reverse logistics to e-commerce client offering,"Do Canadian last-mile carriers handle returns pickups, or is reverse logistics always a separate contract with a different provider?",last mile carrier returns reverse logistics Canada e-commerce,newly aware and confused,5.0,last_mile_delivery_canada,Last-mile delivery in Canada,Regenerated 2026-04-19
gen_1776625916_00034,Logistics / 3PL Decision Maker,commercial,commercial,negotiate last-mile carrier SLA penalties,enterprise 3PL finalizing carrier contract terms,"What SLA penalty clauses are standard in Canadian last-mile carrier contracts, and which ones are actually worth pushing for?",last mile carrier contract SLA penalty clauses Canada negotiation,practical and ready to act,5.0,last_mile_delivery_canada,Last-mile delivery in Canada,Regenerated 2026-04-19
gen_1776625916_00035,Logistics / 3PL Decision Maker,research,informational,evaluate API integration depth for last-mile carriers,"3PL tech lead, multi-client WMS environment","We run a multi-client WMS. How deep do Canadian last-mile carrier APIs typically go — webhooks, label gen, tracking events?",canadian last mile carrier API integration WMS webhooks tracking,curious and exploratory,5.0,last_mile_delivery_canada,Last-mile delivery in Canada,Regenerated 2026-04-19
gen_1776625916_00036,Logistics / 3PL Decision Maker,educational,informational,assess rural vs urban coverage gaps Canada,3PL evaluating national carrier coverage for enterprise client,Looking at last-mile coverage in Canada — how big is the service gap between urban delivery networks and rural postal codes?,last mile delivery canada rural urban coverage gap postal codes,curious and exploratory,5.0,last_mile_delivery_canada,Last-mile delivery in Canada,Regenerated 2026-04-19
gen_1776625916_00037,Logistics / 3PL Decision Maker,research,commercial,benchmark cost per delivery Canadian last-mile,fulfillment director comparing carrier cost structures,What's a realistic cost-per-delivery benchmark for last-mile carriers in Canada across standard residential parcel sizes?,cost per delivery benchmark last mile canada residential parcel,time-pressed and direct,5.0,last_mile_delivery_canada,Last-mile delivery in Canada,Regenerated 2026-04-19
gen_1776625916_00038,Logistics / 3PL Decision Maker,commercial,commercial,find carriers supporting same-day delivery outside Toronto,3PL adding same-day tier for mid-size market clients,Which Canadian last-mile networks actually support same-day delivery outside Toronto and Vancouver — not just metro cores?,same day delivery canada outside toronto vancouver last mile,time-pressed and direct,5.0,last_mile_delivery_canada,Last-mile delivery in Canada,Regenerated 2026-04-19
gen_1776625916_00039,Logistics / 3PL Decision Maker,educational,informational,understand crowd-sourced driver model reliability,logistics manager skeptical of gig-economy delivery networks,I keep seeing crowd-sourced driver models pitched for Canadian last-mile. How do they handle driver availability in smaller cities?,crowd sourced driver last mile delivery canada smaller cities reliability,curious and exploratory,5.0,last_mile_delivery_canada,Last-mile delivery in Canada,Regenerated 2026-04-19
gen_1776625916_00040,Logistics / 3PL Decision Maker,commercial,commercial,identify carriers handling cross-border US-to-Canada parcels,3PL onboarding US retailer expanding into Canada,US retailer wants Canadian fulfillment. Are there last-mile carriers that handle cross-border inbound from the US directly?,cross border US to Canada last mile delivery carrier,time-pressed and direct,5.0,last_mile_delivery_canada,Last-mile delivery in Canada,Regenerated 2026-04-19
gen_1776625916_00041,Logistics / 3PL Decision Maker,research,informational,compare multi-carrier vs single-carrier strategy Canada,supply chain director managing 3PL with diverse client base,Single last-mile carrier vs. multi-carrier split in Canada — what does the 3PL actually gain or lose operationally by diversifying?,single carrier vs multi carrier last mile canada 3PL strategy,curious and exploratory,5.0,last_mile_delivery_canada,Last-mile delivery in Canada,Regenerated 2026-04-19
gen_1776625916_00042,Logistics / 3PL Decision Maker,support,informational,troubleshoot high exception rates Canadian delivery,operations manager dealing with client complaint escalations,Exception rates on Canadian last-mile are killing our client scorecards. What's actually driving failed first-attempt delivery at this scale?,high exception rates last mile delivery canada failed first attempt,frustrated and overwhelmed,5.0,last_mile_delivery_canada,Last-mile delivery in Canada,Regenerated 2026-04-19
gen_1776625916_00043,Logistics / 3PL Decision Maker,navigational,navigational,locate carrier performance scorecards or audits,3PL procurement team building carrier evaluation framework,Is there a published source where Canadian last-mile carrier performance data or independent audits are actually reported?,canadian last mile carrier performance data independent audit report,time-pressed and direct,5.0,last_mile_delivery_canada,Last-mile delivery in Canada,Regenerated 2026-04-19
gen_1776625916_00044,Logistics / 3PL Decision Maker,commercial,commercial,understand volume commitment requirements in carrier contracts,3PL negotiating terms with new last-mile partner,"Negotiating with a Canadian last-mile carrier — are minimum volume commitments standard, and how much room is there to negotiate them?",canadian last mile carrier contract minimum volume commitment negotiation,frustrated and overwhelmed,5.0,last_mile_delivery_canada,Last-mile delivery in Canada,Regenerated 2026-04-19
gen_1776625916_00045,Logistics / 3PL Decision Maker,research,commercial,evaluate last-mile SLA reliability Canada,"3PL director onboarding new enterprise retail client, high delivery volume",Onboarding a high-volume retail client and need to validate carrier SLAs. How do Canadian last-mile networks actually perform against promised delivery windows?,canadian last mile carrier SLA performance delivery window reliability,skeptical and comparing options,5.0,last_mile_delivery_canada,Last-mile delivery in Canada,Regenerated 2026-04-19
gen_1776625916_00046,Online Shopper / Package Recipient,support,informational,understand delivery status meaning,"Canadian shopper, unfamiliar tracking status label",My tracking says 'out for delivery' but it's 9pm and nothing arrived. Does that reset tomorrow?,out for delivery status not arrived same day,frustrated and overwhelmed,5.0,package_tracking,Package tracking and delivery status,Regenerated 2026-04-19
gen_1776625916_00047,Online Shopper / Package Recipient,navigational,navigational,track package from e-commerce order,Canadian consumer waiting on online order,I got a tracking number from my online order but the carrier's site just shows a blank page. How do I track it?,package tracking number not loading carrier site,frustrated and overwhelmed,5.0,package_tracking,Package tracking and delivery status,Regenerated 2026-04-19
gen_1776625916_00048,Online Shopper / Package Recipient,support,informational,find out why package is delayed,"shopper, parcel stuck in transit several days",My package has shown 'in transit' for four days with no updates. What's actually happening to it?,package stuck in transit no tracking update days,frustrated and overwhelmed,5.0,package_tracking,Package tracking and delivery status,Regenerated 2026-04-19
gen_1776625916_00049,Online Shopper / Package Recipient,support,informational,report a missing parcel,"Canadian recipient, tracking says delivered but nothing received",Tracking says delivered but there's nothing at my door or mailbox. What do I do right now?,tracking says delivered but package not received Canada,practical and ready to act,5.0,package_tracking,Package tracking and delivery status,Regenerated 2026-04-19
gen_1776625916_00050,Online Shopper / Package Recipient,educational,informational,decode crowd-sourced delivery tracking gaps,consumer curious about gig-driver delivery model,Why do some delivery services have huge gaps between tracking scans? Is that a gig-driver thing?,crowdsourced delivery tracking gaps fewer scans why,curious and exploratory,5.0,package_tracking,Package tracking and delivery status,Regenerated 2026-04-19
gen_1776625916_00051,Online Shopper / Package Recipient,support,transactional,reschedule or redirect missed delivery,Canadian shopper missed delivery attempt,I missed a delivery attempt today. Can I redirect it to a pickup location or reschedule online?,missed delivery attempt reschedule redirect pickup Canada,practical and ready to act,5.0,package_tracking,Package tracking and delivery status,Regenerated 2026-04-19
gen_1776625916_00052,Online Shopper / Package Recipient,educational,informational,understand delivery attempt notice,"recipient found card on door, no package",Got a delivery notice card but no package — does that mean they'll automatically retry tomorrow?,delivery notice card no package retry next day,curious and exploratory,5.0,package_tracking,Package tracking and delivery status,Regenerated 2026-04-19
gen_1776625916_00053,Online Shopper / Package Recipient,research,commercial,check last-mile carrier reputation for reliability,Canadian shopper researching delivery experience before buying,Looking for honest reviews of smaller Canadian last-mile delivery companies — are they actually reliable?,Canadian last mile delivery company reviews reliability,curious and exploratory,5.0,package_tracking,Package tracking and delivery status,Regenerated 2026-04-19
gen_1776625916_00054,Online Shopper / Package Recipient,support,informational,file lost package claim with retailer,shopper whose parcel is officially lost in transit,Carrier marked my parcel as lost after two weeks. Do I claim through the retailer or the carrier directly?,lost parcel claim retailer vs carrier who to contact,practical and ready to act,5.0,package_tracking,Package tracking and delivery status,Regenerated 2026-04-19
gen_1776625916_00055,Online Shopper / Package Recipient,educational,informational,understand same-day delivery tracking timeline,"Canadian consumer ordered same-day, no updates yet",I ordered same-day delivery three hours ago and tracking hasn't moved at all. Is that normal?,same day delivery tracking not updating normal,frustrated and overwhelmed,5.0,package_tracking,Package tracking and delivery status,Regenerated 2026-04-19
gen_1776625916_00056,Online Shopper / Package Recipient,support,informational,understand delivery attempt notification,"Canadian shopper, received vague delivery alert",Got a text saying my delivery was 'attempted' but I was home all day. What does that actually mean?,delivery attempted notification meaning stayed home Canada,frustrated and overwhelmed,5.0,package_tracking,Package tracking and delivery status,Regenerated 2026-04-19
gen_1776625916_00057,Online Shopper / Package Recipient,educational,informational,decode package status label,"first-time online shopper, confused by tracking terms",My tracking just changed to 'arrived at facility' — does that mean it's close to me or still far away?,arrived at facility tracking status meaning Canada parcel,newly aware and confused,5.0,package_tracking,Package tracking and delivery status,Regenerated 2026-04-19
gen_1776625916_00058,Online Shopper / Package Recipient,support,informational,find package after photo proof mismatch,"shopper, delivery photo shows wrong door",The carrier sent a delivery photo but it's not my door or porch. How do I report this and get my package?,delivery photo wrong address proof how to report Canada,frustrated and overwhelmed,5.0,package_tracking,Package tracking and delivery status,Regenerated 2026-04-19
gen_1776625916_00059,Online Shopper / Package Recipient,educational,informational,understand tracking number format,"Canadian buyer, unfamiliar carrier assigned to order",My order shipped with a carrier I've never heard of and the tracking number format looks totally different. Is that normal?,unfamiliar carrier tracking number format Canada parcel,newly aware and confused,5.0,package_tracking,Package tracking and delivery status,Regenerated 2026-04-19
gen_1776625916_00060,Online Shopper / Package Recipient,support,informational,escalate missing package emotionally,"shopper, gift parcel missing before occasion",My package was supposed to arrive before my friend's birthday tomorrow and tracking stopped updating. I'm panicking — what can I do?,package tracking stopped updating urgent missing Canada,emotional and looking for support,5.0,package_tracking,Package tracking and delivery status,Regenerated 2026-04-19
gen_1776625916_00061,Online Shopper / Package Recipient,support,informational,locate package left with neighbour,"apartment dweller, parcel signed by someone else","Tracking says delivered and signed for, but I didn't sign anything. Could they have left it with a neighbour without telling me?",parcel signed for by neighbour without notice Canada delivery,frustrated and overwhelmed,5.0,package_tracking,Package tracking and delivery status,Regenerated 2026-04-19
gen_1776625916_00062,Online Shopper / Package Recipient,navigational,navigational,find live customer support for delivery issue,"Canadian shopper, can't reach carrier online",I've been going in circles on the carrier's website for an hour. Is there a faster way to reach a real person about a missing package?,contact carrier live support missing package Canada,frustrated and overwhelmed,5.0,package_tracking,Package tracking and delivery status,Regenerated 2026-04-19
gen_1776625916_00063,Online Shopper / Package Recipient,research,commercial,understand crowd-sourced delivery reliability,shopper researching gig-driver carriers before buying,I keep getting orders shipped by gig-economy delivery drivers. Are they actually as reliable as traditional couriers for tracking accuracy?,gig economy delivery driver tracking reliability Canada review,newly aware and confused,5.0,package_tracking,Package tracking and delivery status,Regenerated 2026-04-19
gen_1776625916_00064,Online Shopper / Package Recipient,support,informational,handle package returned to sender unexpectedly,"Canadian buyer, item returned without warning",My tracking suddenly says 'return to sender' and I never got a notice or missed a delivery. What just happened to my order?,return to sender no notice tracking Canada parcel,emotional and looking for support,5.0,package_tracking,Package tracking and delivery status,Regenerated 2026-04-19
gen_1776625916_00065,Online Shopper / Package Recipient,educational,informational,confirm estimated delivery window accuracy,shopper planning to be home for delivery,"Is the delivery time window shown in tracking actually accurate, or should I expect it to shift on the day of delivery?",delivery time window tracking accuracy same day Canada,newly aware and confused,5.0,package_tracking,Package tracking and delivery status,Regenerated 2026-04-19
gen_1776625916_00066,Online Shopper / Package Recipient,support,informational,understand out for delivery status,"Canadian shopper, package marked out for delivery all day",Tracking has said 'out for delivery' since 7am and it's now 9pm. Should I still expect it tonight?,out for delivery all day no arrival Canada,frustrated and overwhelmed,5.0,package_tracking,Package tracking and delivery status,Regenerated 2026-04-19
gen_1776625916_00067,Online Shopper / Package Recipient,navigational,navigational,find carrier tracking portal directly,shopper with unfamiliar carrier name on shipping label,My shipping confirmation shows a carrier I've never used. Where do I go to track it directly?,track package unfamiliar Canadian carrier portal,detail-oriented and planning ahead,5.0,package_tracking,Package tracking and delivery status,Regenerated 2026-04-19
gen_1776625916_00068,Online Shopper / Package Recipient,educational,informational,decode 'delivery exception' status,"Canadian online shopper, tracking stuck on exception",Tracking just flipped to 'delivery exception' with no explanation. What does that actually mean for my package?,delivery exception status meaning Canada parcel,frustrated and overwhelmed,5.0,package_tracking,Package tracking and delivery status,Regenerated 2026-04-19
gen_1776625916_00069,Online Shopper / Package Recipient,support,transactional,file lost package claim with carrier,"shopper, package not arrived 5 days past estimated date",It's been five days past the estimated delivery date and tracking hasn't moved. How do I formally report this as lost?,how to report lost package claim Canadian carrier,frustrated and overwhelmed,5.0,package_tracking,Package tracking and delivery status,Regenerated 2026-04-19
gen_1776625916_00070,Online Shopper / Package Recipient,research,informational,understand crowdsourced delivery reliability,skeptical shopper comparing gig-model carriers to traditional,Gig-economy delivery drivers handle my packages now. How does their tracking accuracy compare to traditional couriers?,crowdsourced delivery tracking reliability vs traditional courier Canada,skeptical and comparing options,5.0,package_tracking,Package tracking and delivery status,Regenerated 2026-04-19
gen_1776625916_00071,Online Shopper / Package Recipient,educational,informational,understand no tracking updates for days,"Canadian shopper, parcel stalled in transit",My tracking hasn't updated in three days and it's still showing 'in transit.' Is the package actually moving?,tracking not updating in transit days Canada parcel,detail-oriented and planning ahead,5.0,package_tracking,Package tracking and delivery status,Regenerated 2026-04-19
gen_1776625916_00072,Online Shopper / Package Recipient,support,transactional,get package redelivery scheduled,"shopper who missed a delivery attempt, needs rebook",I missed my delivery and there's no pickup location listed. How do I get the carrier to redeliver without calling forever?,reschedule missed delivery Canada last mile carrier,frustrated and overwhelmed,5.0,package_tracking,Package tracking and delivery status,Regenerated 2026-04-19
gen_1776625916_00073,Online Shopper / Package Recipient,support,informational,verify proof of delivery photo legitimacy,shopper who received delivery confirmation but no package,"Carrier marked my order delivered with a photo, but nothing's at my door. What are my options here?",package marked delivered not received photo proof Canada,skeptical and comparing options,5.0,package_tracking,Package tracking and delivery status,Regenerated 2026-04-19
gen_1776625916_00074,Online Shopper / Package Recipient,educational,informational,understand same-day vs next-day tracking differences,Canadian shopper planning around delivery window,I'm trying to plan my day around a delivery. Does same-day tracking update more frequently than standard next-day shipments?,same day delivery tracking updates frequency Canada,detail-oriented and planning ahead,5.0,package_tracking,Package tracking and delivery status,Regenerated 2026-04-19
gen_1776625916_00075,Online Shopper / Package Recipient,research,commercial,compare carrier tracking transparency,frequent online shopper evaluating last-mile carriers,Some carriers give live GPS updates and others just show vague status codes. Which Canadian last-mile carriers actually have decent tracking?,best package tracking transparency last mile carrier Canada,skeptical and comparing options,5.0,package_tracking,Package tracking and delivery status,Regenerated 2026-04-19
gen_1776625916_00076,Online Shopper / Package Recipient,educational,informational,understand delivery status codes,Canadian online shopper confused by vague tracking updates,My tracking just says 'arrived at facility' and hasn't changed in two days. What happens after that stage?,package arrived at facility tracking status meaning canada,detail-oriented and planning ahead,5.0,package_tracking,Package tracking and delivery status,Regenerated 2026-04-19
gen_1776625916_00077,Online Shopper / Package Recipient,navigational,navigational,find direct carrier tracking page,shopper received unfamiliar carrier name in shipping email,My retailer handed my order off to a last-mile carrier I've never heard of. Where do I track it directly?,last mile carrier tracking page canada parcel,detail-oriented and planning ahead,5.0,package_tracking,Package tracking and delivery status,Regenerated 2026-04-19
gen_1776625916_00078,Online Shopper / Package Recipient,support,informational,resolve package stuck at customs,Canadian shopper waiting on US-to-Canada cross-border order,Cross-border package from the US has been stuck at customs for four days with no update. What should I do?,package stuck at customs canada cross border delay,emotional and looking for support,5.0,package_tracking,Package tracking and delivery status,Regenerated 2026-04-19
gen_1776625916_00079,Online Shopper / Package Recipient,research,commercial,evaluate crowdsourced delivery reliability,skeptical shopper researching gig-economy carrier tracking accuracy,"Crowdsourced delivery sounds convenient, but do those drivers actually keep tracking accurate compared to traditional couriers?",crowdsourced delivery driver tracking reliability canada,skeptical and comparing options,5.0,package_tracking,Package tracking and delivery status,Regenerated 2026-04-19
gen_1776625916_00080,Online Shopper / Package Recipient,support,informational,understand failed delivery next steps,recipient got 'attempted delivery' notification but was home all day,Tracking says they attempted delivery but I was home the entire time and nobody knocked. What actually happens next?,attempted delivery no knock what happens next canada,emotional and looking for support,5.0,package_tracking,Package tracking and delivery status,Regenerated 2026-04-19
gen_1776625916_00081,Online Shopper / Package Recipient,educational,informational,confirm delivery window accuracy,shopper planning schedule around estimated delivery date,Estimated delivery shows tomorrow but tracking hasn't updated since it left the warehouse. How reliable is that estimate?,estimated delivery date accuracy last mile canada tracking,detail-oriented and planning ahead,5.0,package_tracking,Package tracking and delivery status,Regenerated 2026-04-19
gen_1776625916_00082,Online Shopper / Package Recipient,support,informational,file lost package claim with retailer,shopper whose package was marked delivered but never arrived,Carrier closed the delivery as complete but my package never showed. Do I dispute with the retailer or the carrier first?,package marked delivered never arrived dispute retailer or carrier,skeptical and comparing options,5.0,package_tracking,Package tracking and delivery status,Regenerated 2026-04-19
gen_1776625916_00083,Online Shopper / Package Recipient,research,commercial,compare Canadian last-mile delivery experiences,frequent online shopper evaluating carrier consistency across orders,I shop online constantly and get wildly different delivery experiences. Which Canadian last-mile carriers actually have consistent tracking and on-time rates?,best canadian last mile delivery carrier tracking on time,skeptical and comparing options,5.0,package_tracking,Package tracking and delivery status,Regenerated 2026-04-19
gen_1776625916_00084,E-Commerce Merchant,educational,informational,understand customs duties US to Canada,"e-commerce merchant, new to cross-border shipping",I keep hearing about surprise duties hitting Canadian customers at delivery. How does customs work for US-to-Canada e-commerce?,customs duties US to Canada e-commerce parcels,curious and exploratory,5.0,cross_border_us_canada,Cross-border shipping US to Canada,Regenerated 2026-04-19
gen_1776625916_00085,E-Commerce Merchant,research,commercial,find affordable cross-border last-mile carriers,"small US merchant, expanding into Canadian market",Trying to ship from the US into Canada without destroying my margins. Which last-mile carriers are actually affordable?,affordable last mile shipping US to Canada carrier,skeptical and comparing options,5.0,cross_border_us_canada,Cross-border shipping US to Canada,Regenerated 2026-04-19
gen_1776625916_00086,E-Commerce Merchant,support,informational,reduce cart abandonment from shipping costs Canada,Shopify merchant losing Canadian customers at checkout,Canadian customers keep bailing at checkout when they see shipping costs. What actually fixes cross-border cart abandonment?,reduce cart abandonment high shipping costs Canada,emotional and looking for support,5.0,cross_border_us_canada,Cross-border shipping US to Canada,Regenerated 2026-04-19
gen_1776625916_00087,E-Commerce Merchant,research,commercial,compare delivery speeds US to Canada carriers,operations manager benchmarking cross-border transit times,"What's a realistic transit time from the US into major Canadian cities — Toronto, Vancouver, Calgary — for e-commerce parcels?",US to Canada parcel transit time major cities,skeptical and comparing options,5.0,cross_border_us_canada,Cross-border shipping US to Canada,Regenerated 2026-04-19
gen_1776625916_00088,E-Commerce Merchant,educational,informational,understand de minimis threshold Canada,US merchant calculating landed cost for Canadian orders,"What's the duty-free threshold for packages shipped into Canada, and does it actually apply to most e-commerce orders?",Canada de minimis threshold duty free e-commerce imports,curious and exploratory,5.0,cross_border_us_canada,Cross-border shipping US to Canada,Regenerated 2026-04-19
gen_1776625916_00089,E-Commerce Merchant,support,commercial,evaluate cross-border carrier tracking quality,merchant getting Canadian customer complaints about visibility,My Canadian customers complain they can't track their packages after crossing the border. Which carriers offer end-to-end visibility?,cross-border US Canada shipping carrier tracking visibility,emotional and looking for support,5.0,cross_border_us_canada,Cross-border shipping US to Canada,Regenerated 2026-04-19
gen_1776625916_00090,E-Commerce Merchant,research,commercial,find carriers covering rural Canadian delivery,US e-commerce brand shipping beyond major Canadian metros,"I need cross-border shipping that reaches smaller Canadian towns, not just Toronto and Vancouver. What are my options?",US to Canada shipping rural small town carrier options,curious and exploratory,5.0,cross_border_us_canada,Cross-border shipping US to Canada,Regenerated 2026-04-19
gen_1776625916_00091,E-Commerce Merchant,educational,informational,calculate total landed cost Canada shipment,merchant pricing Canadian orders including duties and fees,"How do I calculate the true landed cost for a parcel shipped from the US to Canada, including duties, brokerage, and delivery?",landed cost calculation US to Canada duties brokerage delivery,skeptical and comparing options,5.0,cross_border_us_canada,Cross-border shipping US to Canada,Regenerated 2026-04-19
gen_1776625916_00092,E-Commerce Merchant,navigational,navigational,find cross-border fulfillment partners Canada,scaling US brand evaluating Canadian 3PL or carrier partnerships,Looking for a fulfillment or delivery partner that specializes in cross-border US-to-Canada shipping at scale. Where do I start?,cross-border US Canada fulfillment delivery partner scale,curious and exploratory,5.0,cross_border_us_canada,Cross-border shipping US to Canada,Regenerated 2026-04-19
gen_1776625916_00093,E-Commerce Merchant,support,commercial,handle cross-border returns from Canada,US merchant managing reverse logistics from Canadian customers,"Canadian returns are a nightmare — duties, delays, confusion. Is there a carrier or process that actually makes this manageable?",cross-border returns Canada to US e-commerce logistics,emotional and looking for support,5.0,cross_border_us_canada,Cross-border shipping US to Canada,Regenerated 2026-04-19
gen_1776625916_00094,E-Commerce Merchant,educational,informational,understand DDP vs DDU shipping Canada,"US merchant, Canadian customers complaining about surprise fees",My Canadian customers keep getting surprise charges at the door. Should I be shipping DDP instead of DDU?,DDP vs DDU shipping US to Canada ecommerce,frustrated and overwhelmed,5.0,cross_border_us_canada,Cross-border shipping US to Canada,Regenerated 2026-04-19
gen_1776625916_00095,E-Commerce Merchant,research,commercial,find cross-border carrier with best delivery speed,"US e-commerce merchant, losing Canadian sales to local competitors",Losing Canadian sales to local sellers on delivery speed. Which US-to-Canada carriers consistently hit 2-3 day windows?,fastest US to Canada ecommerce shipping carrier 2-3 days,time-pressed and direct,5.0,cross_border_us_canada,Cross-border shipping US to Canada,Regenerated 2026-04-19
gen_1776625916_00096,E-Commerce Merchant,commercial,commercial,evaluate cross-border shipping volume discounts,"growing Shopify merchant, 500+ monthly shipments to Canada",Shipping 500+ parcels a month into Canada. At what volume do carriers actually start offering meaningful rate discounts?,volume discount cross-border shipping US Canada carrier rates,practical and ready to act,5.0,cross_border_us_canada,Cross-border shipping US to Canada,Regenerated 2026-04-19
gen_1776625916_00097,E-Commerce Merchant,educational,informational,understand HS code classification for Canada customs,"first-time cross-border shipper, unsure about paperwork","I'm filling out Canadian customs forms for the first time. How critical is getting the HS code right, and what happens if it's wrong?",HS code Canada customs ecommerce parcel accuracy,frustrated and overwhelmed,5.0,cross_border_us_canada,Cross-border shipping US to Canada,Regenerated 2026-04-19
gen_1776625916_00098,E-Commerce Merchant,research,informational,compare cross-border carrier reliability metrics,"operations manager, had two failed carrier partnerships",Two carriers have already let me down on Canada delivery. What metrics should I actually benchmark before signing with another one?,cross-border carrier reliability metrics US Canada ecommerce,frustrated and overwhelmed,5.0,cross_border_us_canada,Cross-border shipping US to Canada,Regenerated 2026-04-19
gen_1776625916_00099,E-Commerce Merchant,commercial,transactional,set up cross-border shipping from US warehouse,"merchant with US-only fulfillment center, new Canadian demand",My warehouse is in the US but Canadian orders are spiking. What's the fastest way to set up proper cross-border shipping?,US warehouse ship to Canada setup ecommerce cross-border,time-pressed and direct,5.0,cross_border_us_canada,Cross-border shipping US to Canada,Regenerated 2026-04-19
gen_1776625916_00100,E-Commerce Merchant,educational,informational,understand CUSMA de minimis rules for e-commerce,"US merchant, unclear on trade agreement benefits",Does CUSMA actually change anything for small US-to-Canada e-commerce shipments? I keep seeing conflicting info on duty thresholds.,CUSMA de minimis threshold US Canada ecommerce duties,frustrated and overwhelmed,5.0,cross_border_us_canada,Cross-border shipping US to Canada,Regenerated 2026-04-19
gen_1776625916_00101,E-Commerce Merchant,research,commercial,evaluate Canadian fulfillment center vs cross-border shipping,"scaling US merchant, weighing long-term Canada strategy",At what order volume does opening a Canadian fulfillment center beat paying cross-border shipping costs every time?,Canadian fulfillment center vs cross-border shipping breakeven volume,practical and ready to act,5.0,cross_border_us_canada,Cross-border shipping US to Canada,Regenerated 2026-04-19
gen_1776625916_00102,E-Commerce Merchant,navigational,navigational,find carrier with Shopify cross-border integration,"Shopify merchant, wants automated label and customs generation",Looking for a carrier that integrates directly with Shopify and auto-generates Canadian customs docs. Does that actually exist?,Shopify integration US Canada cross-border customs label automation,time-pressed and direct,5.0,cross_border_us_canada,Cross-border shipping US to Canada,Regenerated 2026-04-19
gen_1776625916_00103,E-Commerce Merchant,support,informational,reduce cross-border delivery failure rate,"e-commerce ops manager, high failed delivery rate in Canada","Nearly 8% of my Canada shipments fail first delivery. Is that normal, and what actually brings that number down?",reduce failed delivery rate cross-border US Canada ecommerce,practical and ready to act,5.0,cross_border_us_canada,Cross-border shipping US to Canada,Regenerated 2026-04-19
gen_1776625916_00104,E-Commerce Merchant,educational,informational,understand de minimis threshold Canada,US merchant shipping low-value goods to Canada,"What's Canada's duty-free threshold for imported parcels, and does the product category change that number?",canada de minimis threshold duty free imports 2024,curious and exploratory,5.0,cross_border_us_canada,Cross-border shipping US to Canada,Regenerated 2026-04-19
gen_1776625916_00105,E-Commerce Merchant,research,commercial,reduce cross-border landed cost,e-commerce merchant with thin margins on Canadian orders,"Duties, brokerage fees, and carrier surcharges are eating my Canada margins. Where do most merchants find the real savings?",reduce landed cost us to canada ecommerce shipping,skeptical and comparing options,5.0,cross_border_us_canada,Cross-border shipping US to Canada,Regenerated 2026-04-19
gen_1776625916_00106,E-Commerce Merchant,commercial,commercial,evaluate DDP shipping tools,Shopify merchant wanting to offer duty-paid at checkout,I want to collect duties at checkout for Canadian customers. Which platforms or tools actually handle DDP end-to-end?,ddp shipping tool collect duties at checkout canada shopify,practical and ready to act,5.0,cross_border_us_canada,Cross-border shipping US to Canada,Regenerated 2026-04-19
gen_1776625916_00107,E-Commerce Merchant,educational,informational,understand customs brokerage fees structure,first-time cross-border shipper confused by invoices,My carrier invoice has three separate brokerage line items for a single Canada shipment. What exactly am I paying for?,customs brokerage fees breakdown canada parcel import,skeptical and comparing options,5.0,cross_border_us_canada,Cross-border shipping US to Canada,Regenerated 2026-04-19
gen_1776625916_00108,E-Commerce Merchant,research,informational,compare cross-border transit times by zone,merchant fulfilling orders from midwest US to Canadian cities,"Shipping from Chicago into Toronto vs. Vancouver — is transit time meaningfully different, and does carrier choice matter more for western Canada?",us to canada shipping transit time by province carrier,skeptical and comparing options,5.0,cross_border_us_canada,Cross-border shipping US to Canada,Regenerated 2026-04-19
gen_1776625916_00109,E-Commerce Merchant,research,commercial,identify best fulfillment handoff model,US merchant evaluating cross-border vs. bonded warehouse,Is it cheaper to ship cross-border per order or bulk-import into a bonded warehouse and fulfill locally inside Canada?,cross border shipping vs bonded warehouse canada ecommerce cost,curious and exploratory,5.0,cross_border_us_canada,Cross-border shipping US to Canada,Regenerated 2026-04-19
gen_1776625916_00110,E-Commerce Merchant,educational,informational,navigate Section 321 type 86 entry,merchant looking to speed up low-value customs clearance,I keep hearing about expedited clearance options for low-value US exports into Canada. What's the actual process and eligibility?,expedited customs clearance low value shipments us to canada,practical and ready to act,5.0,cross_border_us_canada,Cross-border shipping US to Canada,Regenerated 2026-04-19
gen_1776625916_00111,E-Commerce Merchant,commercial,commercial,find carriers covering rural Canada reliably,merchant with customers outside major Canadian metros,"A lot of my Canadian orders go to smaller towns, not just Toronto or Vancouver. Which carriers actually serve rural postal codes without insane surcharges?",cross border shipping rural canada small town delivery surcharge,skeptical and comparing options,5.0,cross_border_us_canada,Cross-border shipping US to Canada,Regenerated 2026-04-19
gen_1776625916_00112,E-Commerce Merchant,support,informational,understand tracking visibility standards Canada,merchant fielding WISMO tickets from Canadian customers,Canadian customers complain about tracking going dark once it crosses the border. Is that a carrier problem or a customs clearance delay?,tracking visibility us to canada shipment goes dark customs,practical and ready to act,5.0,cross_border_us_canada,Cross-border shipping US to Canada,Regenerated 2026-04-19
gen_1776625916_00113,E-Commerce Merchant,educational,informational,understand HS code classification Canada,"US e-commerce merchant, first time shipping to Canada",I'm classifying products for Canadian customs and keep getting different HS codes. How do I know which one is correct?,HS code classification Canada customs import US ecommerce,newly aware and confused,5.0,cross_border_us_canada,Cross-border shipping US to Canada,Regenerated 2026-04-19
gen_1776625916_00114,E-Commerce Merchant,research,commercial,find cross-border shipping rates US Canada,"Shopify merchant, 50-100 orders monthly to Canada",Shipping 50 to 100 parcels monthly into Canada from the US. What carrier pricing structures are actually worth comparing?,cross-border shipping rates US to Canada ecommerce parcels,practical and ready to act,5.0,cross_border_us_canada,Cross-border shipping US to Canada,Regenerated 2026-04-19
gen_1776625916_00115,E-Commerce Merchant,support,commercial,reduce cart abandonment Canadian duties,"US merchant, Canadian customers surprised by import fees",Canadian customers keep abandoning orders after seeing unexpected duties at delivery. What's the fix on the merchant side?,reduce cart abandonment Canada duties surprise fees ecommerce,time-pressed and direct,5.0,cross_border_us_canada,Cross-border shipping US to Canada,Regenerated 2026-04-19
gen_1776625916_00116,E-Commerce Merchant,educational,informational,understand CUSMA de minimis rules,"US seller new to Canada, researching trade agreements",Does CUSMA actually change what I owe on low-value shipments into Canada compared to the old NAFTA rules?,CUSMA de minimis rules US Canada low value shipments,newly aware and confused,5.0,cross_border_us_canada,Cross-border shipping US to Canada,Regenerated 2026-04-19
gen_1776625916_00117,E-Commerce Merchant,research,commercial,evaluate crowdsourced last-mile delivery Canada,operations manager benchmarking Canadian delivery networks,"Are crowdsourced delivery networks in Canada reliable enough for daily e-commerce volume, or do missed scans hurt too much?",crowdsourced last mile delivery Canada ecommerce reliability,practical and ready to act,5.0,cross_border_us_canada,Cross-border shipping US to Canada,Regenerated 2026-04-19
gen_1776625916_00118,E-Commerce Merchant,research,commercial,compare delivery speed US to Canada,"US merchant, Canadian customers expect fast shipping",My Canadian customers expect two- to three-day delivery. Which cross-border shipping options can actually hit that window consistently?,fast cross-border shipping US Canada 2 3 day delivery,time-pressed and direct,5.0,cross_border_us_canada,Cross-border shipping US to Canada,Regenerated 2026-04-19
gen_1776625916_00119,E-Commerce Merchant,educational,informational,understand Section 321 vs standard entry Canada,US merchant confused by customs entry types,I keep seeing Section 321 mentioned for US exports but I'm shipping into Canada. Does that rule even apply northbound?,Section 321 US exports Canada import customs entry type,newly aware and confused,5.0,cross_border_us_canada,Cross-border shipping US to Canada,Regenerated 2026-04-19
gen_1776625916_00120,E-Commerce Merchant,navigational,navigational,find Canadian fulfillment center near border,US e-commerce brand scaling Canadian orders,Looking for a fulfillment center just inside Canada near the US border to cut transit times. Where do most merchants land?,Canadian fulfillment center near US border cross-border ecommerce,practical and ready to act,5.0,cross_border_us_canada,Cross-border shipping US to Canada,Regenerated 2026-04-19
gen_1776625916_00121,E-Commerce Merchant,support,commercial,handle cross-border returns from Canada,"US merchant, Canadian return rate climbing",Canadian return rates are climbing and I have no reverse logistics setup. What do other US merchants do for cross-border returns?,cross-border returns Canada US ecommerce reverse logistics,time-pressed and direct,5.0,cross_border_us_canada,Cross-border shipping US to Canada,Regenerated 2026-04-19
gen_1776625916_00122,E-Commerce Merchant,educational,informational,decode Canadian postal code delivery zones,US merchant building shipping rate table for Canada,Building a Canada shipping rate table and postal codes are confusing me. How do carriers actually define delivery zones up there?,Canada postal code delivery zones carrier rate table ecommerce,newly aware and confused,5.0,cross_border_us_canada,Cross-border shipping US to Canada,Regenerated 2026-04-19
gen_1776625916_00123,E-Commerce Merchant,educational,informational,understand de minimis threshold Canada,US e-commerce merchant shipping low-value parcels to Canada,"What's Canada's de minimis threshold for duty-free imports, and does it apply to every shipment I send?",canada de minimis threshold duty free imports ecommerce,detail-oriented and planning ahead,5.0,cross_border_us_canada,Cross-border shipping US to Canada,Regenerated 2026-04-19
gen_1776625916_00124,E-Commerce Merchant,educational,informational,calculate landed cost Canada shipment,US merchant pricing products for Canadian customers,Trying to quote accurate landed costs for Canadian buyers. What taxes and fees stack on top of the product price?,landed cost calculation canada duties gst hst ecommerce,detail-oriented and planning ahead,5.0,cross_border_us_canada,Cross-border shipping US to Canada,Regenerated 2026-04-19
gen_1776625916_00125,E-Commerce Merchant,research,commercial,choose DDP vs DDU shipping Canada,US merchant losing Canadian customers to surprise fees at door,Customers are refusing deliveries because of unexpected duty charges. Should I switch to DDP shipping for Canada?,DDP vs DDU shipping canada ecommerce merchant,frustrated and overwhelmed,5.0,cross_border_us_canada,Cross-border shipping US to Canada,Regenerated 2026-04-19
gen_1776625916_00126,E-Commerce Merchant,research,commercial,find cross-border last-mile carriers Canada,US Shopify merchant expanding into Canadian market,Expanding my Shopify store into Canada. Which last-mile carriers actually specialize in cross-border US-to-Canada delivery?,last mile carrier cross border US Canada ecommerce delivery,practical and ready to act,5.0,cross_border_us_canada,Cross-border shipping US to Canada,Regenerated 2026-04-19
gen_1776625916_00127,E-Commerce Merchant,educational,informational,understand GST HST remittance obligations,US merchant newly selling above CAD $30K to Canadians,"I've crossed the CAD $30,000 sales threshold in Canada. Do I now have to register and remit GST or HST myself?",us merchant gst hst registration threshold canada obligation,frustrated and overwhelmed,5.0,cross_border_us_canada,Cross-border shipping US to Canada,Regenerated 2026-04-19
gen_1776625916_00128,E-Commerce Merchant,research,commercial,evaluate crowdsourced delivery reliability Canada,US merchant vetting gig-economy carrier networks in Canada,How do gig-economy delivery networks in Canada handle high daily parcel volume? Worried about consistency and damage rates.,gig economy delivery network canada parcel volume reliability,detail-oriented and planning ahead,5.0,cross_border_us_canada,Cross-border shipping US to Canada,Regenerated 2026-04-19
gen_1776625916_00129,E-Commerce Merchant,educational,informational,assess transit times US to Canadian cities,US merchant setting delivery expectations on product pages,"What's a realistic transit time from a US warehouse to major Canadian cities like Calgary, Montreal, and Ottawa?",transit time US warehouse to canadian cities calgary montreal ottawa,practical and ready to act,5.0,cross_border_us_canada,Cross-border shipping US to Canada,Regenerated 2026-04-19
gen_1776625916_00130,E-Commerce Merchant,support,informational,troubleshoot customs clearance delays Canada,US merchant with parcels stuck at Canadian border,Parcels keep sitting at Canadian customs for days with no update. What usually causes this and how do I fix it?,parcels stuck canadian customs clearance delays ecommerce fix,frustrated and overwhelmed,5.0,cross_border_us_canada,Cross-border shipping US to Canada,Regenerated 2026-04-19
gen_1776625916_00131,E-Commerce Merchant,research,commercial,compare carrier tracking visibility Canada,US operations manager benchmarking carrier tech capabilities,Real-time tracking is non-negotiable for my Canadian customers. Which cross-border carriers offer the most granular scan visibility?,cross border carrier tracking visibility US Canada real time scans,detail-oriented and planning ahead,5.0,cross_border_us_canada,Cross-border shipping US to Canada,Regenerated 2026-04-19
gen_1776625916_00132,E-Commerce Merchant,navigational,navigational,find CARM compliance guidance importers,US merchant shipping regularly into Canada post-CARM rollout,CARM keeps coming up in my carrier emails and I don't know what I'm supposed to do as a US shipper. Where do I start?,CARM compliance US shipper importing canada requirements,frustrated and overwhelmed,5.0,cross_border_us_canada,Cross-border shipping US to Canada,Regenerated 2026-04-19
gen_1776625916_00133,E-Commerce Merchant,educational,informational,understand HS code requirements cross-border,"US e-commerce merchant, first Canadian shipments",I keep seeing HS codes required on Canadian customs forms. Do I assign these myself or does my carrier handle it?,HS codes US to Canada cross-border shipping customs forms,newly aware and confused,5.0,cross_border_us_canada,Cross-border shipping US to Canada,Regenerated 2026-04-19
gen_1776625916_00134,E-Commerce Merchant,research,commercial,evaluate DDU vs DDP for Canadian customers,"US merchant scaling Canada channel, cart abandonment concern",Trying to decide between DDU and DDP for my Canadian orders. Which actually converts better at checkout for cross-border buyers?,DDU vs DDP cross-border US Canada ecommerce conversion,detail-oriented and planning ahead,5.0,cross_border_us_canada,Cross-border shipping US to Canada,Regenerated 2026-04-19
gen_1776625916_00135,E-Commerce Merchant,navigational,navigational,find crowdsourced last-mile delivery Canada,US merchant researching gig-model Canadian delivery networks,Are there gig-economy delivery networks in Canada similar to what's common in the US? Looking for affordable last-mile options.,gig economy last mile delivery network Canada ecommerce parcels,curious and exploratory,5.0,cross_border_us_canada,Cross-border shipping US to Canada,Regenerated 2026-04-19
gen_1776625916_00136,E-Commerce Merchant,educational,informational,plan Canadian returns process for US store,US e-commerce operator pre-launching Canada storefront,"Before I launch in Canada, I need a returns flow sorted. What do cross-border merchants typically set up for Canadian customer returns?",cross-border US Canada ecommerce returns process setup,detail-oriented and planning ahead,5.0,cross_border_us_canada,Cross-border shipping US to Canada,Regenerated 2026-04-19
gen_1776625916_00137,E-Commerce Merchant,research,commercial,compare last-mile carrier speed Canada,"e-commerce merchant, prioritizing delivery speed",I need faster delivery for my Canadian customers. Which last-mile carriers actually hit next-day or same-day consistently?,fastest last mile delivery carriers Canada same day next day,curious and exploratory,5.0,last_mile_delivery_canada,Last-mile delivery in Canada,Regenerated 2026-04-19
gen_1776625916_00138,E-Commerce Merchant,educational,informational,evaluate last-mile carrier coverage Canada,online store shipping to rural and urban Canadian addresses,Shipping to both rural towns and big cities in Canada — which last-mile carriers actually cover the most ground?,last mile delivery coverage rural urban Canada carrier,curious and exploratory,5.0,last_mile_delivery_canada,Last-mile delivery in Canada,Regenerated 2026-04-19
gen_1776625916_00139,E-Commerce Merchant,commercial,commercial,find affordable last-mile delivery Canada,"small e-commerce merchant, tight margins, high shipping costs",Shipping costs are killing my margins. Are there last-mile carriers in Canada that undercut the major players on price?,affordable last mile delivery Canada e-commerce small business,frustrated and overwhelmed,5.0,last_mile_delivery_canada,Last-mile delivery in Canada,Regenerated 2026-04-19
gen_1776625916_00140,E-Commerce Merchant,educational,informational,understand crowdsourced delivery model Canada,merchant evaluating gig-economy delivery providers,"How does crowdsourced last-mile delivery actually work in Canada, and is it reliable enough for e-commerce orders?",crowdsourced last mile delivery Canada e-commerce reliability,curious and exploratory,5.0,last_mile_delivery_canada,Last-mile delivery in Canada,Regenerated 2026-04-19
gen_1776625916_00141,E-Commerce Merchant,support,commercial,resolve high parcel loss rate Canada,frustrated merchant dealing with lost and late deliveries,My current carrier loses or delays too many parcels. Which Canadian last-mile services have the strongest delivery success rates?,best delivery success rate last mile carrier Canada parcels,frustrated and overwhelmed,5.0,last_mile_delivery_canada,Last-mile delivery in Canada,Regenerated 2026-04-19
gen_1776625916_00142,E-Commerce Merchant,research,commercial,find cross-border US to Canada last-mile,US-based merchant expanding into Canadian market,Expanding into Canada from the US — which last-mile carriers handle cross-border parcel delivery without massive delays or fees?,cross border US Canada last mile delivery carrier e-commerce,curious and exploratory,5.0,last_mile_delivery_canada,Last-mile delivery in Canada,Regenerated 2026-04-19
gen_1776625916_00143,E-Commerce Merchant,research,informational,evaluate real-time tracking for Canadian carriers,merchant receiving constant customer complaints about tracking,Customers keep asking where their orders are. Which Canadian last-mile carriers offer actually useful real-time tracking?,last mile delivery Canada real time tracking e-commerce carrier,frustrated and overwhelmed,5.0,last_mile_delivery_canada,Last-mile delivery in Canada,Regenerated 2026-04-19
gen_1776625916_00144,E-Commerce Merchant,educational,informational,understand last-mile delivery pricing models Canada,operations manager comparing carrier billing structures,"Do Canadian last-mile carriers charge per zone, per parcel, or by weight? Trying to figure out which model saves more.",last mile delivery pricing model Canada per parcel zone weight,curious and exploratory,5.0,last_mile_delivery_canada,Last-mile delivery in Canada,Regenerated 2026-04-19
gen_1776625916_00145,E-Commerce Merchant,navigational,navigational,find last-mile delivery integration with Shopify Canada,Shopify merchant automating Canadian fulfillment workflow,Looking for a Canadian last-mile carrier that integrates directly with Shopify without a ton of manual setup. What's out there?,last mile delivery Canada Shopify integration e-commerce,curious and exploratory,5.0,last_mile_delivery_canada,Last-mile delivery in Canada,Regenerated 2026-04-19
gen_1776625916_00146,E-Commerce Merchant,support,informational,cope with peak season delivery failures Canada,merchant overwhelmed by holiday shipping breakdowns,Last holiday season my carrier completely fell apart. How do Canadian merchants find last-mile providers that hold up under peak volume?,reliable last mile delivery Canada peak season holiday e-commerce,emotional and looking for support,5.0,last_mile_delivery_canada,Last-mile delivery in Canada,Regenerated 2026-04-19
gen_1776625916_00147,E-Commerce Merchant,research,commercial,evaluate last-mile delivery speed tiers Canada,"e-commerce merchant, customers complaining about slow delivery",What delivery speed tiers do Canadian last-mile carriers actually offer — and which ones consistently deliver within two days?,last mile delivery speed tiers canada e-commerce two day,skeptical and comparing options,5.0,last_mile_delivery_canada,Last-mile delivery in Canada,Regenerated 2026-04-19
gen_1776625916_00148,E-Commerce Merchant,educational,informational,understand last-mile delivery pricing structures Canada,"small merchant, first time comparing shipping vendors",I keep seeing different last-mile carriers in Canada with confusing rate cards. How do their pricing structures typically differ?,last mile carrier pricing structure canada e-commerce,newly aware and confused,5.0,last_mile_delivery_canada,Last-mile delivery in Canada,Regenerated 2026-04-19
gen_1776625916_00149,E-Commerce Merchant,research,commercial,find last-mile carriers serving smaller Canadian cities,online store with growing orders outside major metros,"A lot of my orders are going to mid-size Canadian cities, not just Toronto or Vancouver. Which carriers actually cover those well?",last mile delivery mid size cities canada e-commerce coverage,time-pressed and direct,5.0,last_mile_delivery_canada,Last-mile delivery in Canada,Regenerated 2026-04-19
gen_1776625916_00150,E-Commerce Merchant,research,commercial,assess last-mile carrier reliability for high-value parcels,"merchant selling premium goods, worried about damage or loss",Selling higher-value items and can't afford damaged or missing deliveries. Which Canadian last-mile services handle fragile parcels most carefully?,reliable last mile delivery canada high value fragile parcels,skeptical and comparing options,5.0,last_mile_delivery_canada,Last-mile delivery in Canada,Regenerated 2026-04-19
gen_1776625916_00151,E-Commerce Merchant,research,commercial,compare last-mile carrier contracts Canada,"growing e-commerce brand, evaluating long-term carrier commitment","Do Canadian last-mile carriers lock you into contracts, or can you switch month-to-month? Trying to avoid getting trapped.",canadian last mile carrier contract terms month to month e-commerce,skeptical and comparing options,5.0,last_mile_delivery_canada,Last-mile delivery in Canada,Regenerated 2026-04-19
gen_1776625916_00152,E-Commerce Merchant,educational,informational,understand crowdsourced vs fleet last-mile Canada,merchant new to evaluating delivery models,What's the real difference between crowdsourced and fleet-based last-mile delivery in Canada? Does it affect how fast parcels arrive?,crowdsourced vs fleet last mile delivery canada difference,newly aware and confused,5.0,last_mile_delivery_canada,Last-mile delivery in Canada,Regenerated 2026-04-19
gen_1776625916_00153,E-Commerce Merchant,research,commercial,find last-mile carrier with strong returns handling Canada,merchant with high return rate in apparel category,Returns are a big part of my business. Which Canadian last-mile carriers actually make reverse logistics easy for e-commerce merchants?,last mile carrier returns reverse logistics canada e-commerce,time-pressed and direct,5.0,last_mile_delivery_canada,Last-mile delivery in Canada,Regenerated 2026-04-19
gen_1776625916_00154,E-Commerce Merchant,navigational,navigational,find Canadian last-mile carrier directory or comparison tool,"merchant starting carrier research, unsure where to look",Is there a site or tool that compares Canadian last-mile delivery carriers side by side for e-commerce shipping?,compare canadian last mile delivery carriers tool e-commerce,newly aware and confused,5.0,last_mile_delivery_canada,Last-mile delivery in Canada,Regenerated 2026-04-19
gen_1776625916_00155,E-Commerce Merchant,educational,informational,evaluate last-mile delivery for Quebec French market,merchant expanding into Quebec for first time,Starting to ship more into Quebec. Do last-mile carriers there handle French-language customer communications and rural coverage adequately?,last mile delivery quebec french rural coverage canada,skeptical and comparing options,5.0,last_mile_delivery_canada,Last-mile delivery in Canada,Regenerated 2026-04-19
gen_1776625916_00156,E-Commerce Merchant,support,commercial,gauge last-mile carrier customer complaint rates Canada,merchant tired of handling delivery complaint tickets,My support team spends hours weekly on delivery complaints. Which Canadian last-mile carriers actually generate fewer customer issues?,canadian last mile carrier lowest customer complaints e-commerce,time-pressed and direct,5.0,last_mile_delivery_canada,Last-mile delivery in Canada,Regenerated 2026-04-19
gen_1776625916_00157,E-Commerce Merchant,educational,informational,evaluate cross-border US-to-Canada last-mile options,US-based merchant expanding to Canadian customers,I'm shipping from the US into Canada and lost on which last-mile carriers handle cross-border parcels reliably. Where do I start?,cross border US to Canada last mile delivery e-commerce,newly aware and confused,5.0,last_mile_delivery_canada,Last-mile delivery in Canada,Regenerated 2026-04-19
gen_1776625916_00158,E-Commerce Merchant,support,informational,understand tracking quality differences between carriers,merchant getting customer complaints about tracking gaps,Customers keep saying tracking updates just stop mid-delivery. Is that a carrier problem or is real-time last-mile tracking even standard in Canada?,last mile delivery tracking quality Canada e-commerce carriers,skeptical and comparing options,5.0,last_mile_delivery_canada,Last-mile delivery in Canada,Regenerated 2026-04-19
gen_1776625916_00159,E-Commerce Merchant,research,commercial,find same-day delivery coverage in Canadian cities,Shopify merchant testing same-day fulfillment,Which Canadian last-mile carriers actually offer same-day delivery beyond Toronto and Vancouver? Need cities like Calgary and Edmonton covered too.,same day last mile delivery Canada Calgary Edmonton coverage,time-pressed and direct,5.0,last_mile_delivery_canada,Last-mile delivery in Canada,Regenerated 2026-04-19
gen_1776625916_00160,E-Commerce Merchant,research,commercial,assess carrier reliability during peak season,merchant planning Q4 holiday fulfillment strategy,Black Friday is coming and I can't afford missed deliveries. Which Canadian last-mile carriers hold up best under peak volume?,Canadian last mile carrier reliability peak season holiday,time-pressed and direct,5.0,last_mile_delivery_canada,Last-mile delivery in Canada,Regenerated 2026-04-19
gen_1776625916_00161,E-Commerce Merchant,commercial,commercial,compare per-parcel rates across Canadian carriers,small merchant shipping 200-500 parcels monthly,"Shipping around 300 parcels a month in Canada — at that volume, are per-parcel rates negotiable or just fixed with last-mile carriers?",last mile delivery per parcel pricing negotiable Canada small merchant,skeptical and comparing options,5.0,last_mile_delivery_canada,Last-mile delivery in Canada,Regenerated 2026-04-19
gen_1776625916_00162,E-Commerce Merchant,educational,informational,understand crowdsourced delivery risk for e-commerce,merchant cautious about package handling with gig drivers,Gig-economy delivery sounds fast but I'm worried about accountability. How do crowdsourced last-mile carriers in Canada handle lost or damaged parcels?,crowdsourced last mile delivery Canada lost damaged parcel accountability,skeptical and comparing options,5.0,last_mile_delivery_canada,Last-mile delivery in Canada,Regenerated 2026-04-19
gen_1776625916_00163,E-Commerce Merchant,research,commercial,find carrier with strong Atlantic Canada coverage,merchant seeing growing order volume in Maritime provinces,Orders from Nova Scotia and New Brunswick are picking up. Which last-mile carriers actually cover Atlantic Canada without crazy long delivery windows?,last mile delivery Atlantic Canada Nova Scotia New Brunswick coverage,time-pressed and direct,5.0,last_mile_delivery_canada,Last-mile delivery in Canada,Regenerated 2026-04-19
gen_1776625916_00164,E-Commerce Merchant,navigational,navigational,integrate carrier tracking into Shopify store,Shopify merchant wanting automated delivery notifications,Looking to plug a Canadian last-mile carrier directly into Shopify for automated tracking notifications. Which carriers have solid Shopify integrations?,Canadian last mile carrier Shopify integration tracking notifications,time-pressed and direct,5.0,last_mile_delivery_canada,Last-mile delivery in Canada,Regenerated 2026-04-19
gen_1776625916_00165,E-Commerce Merchant,research,informational,evaluate delivery success rates before switching carriers,merchant unhappy with current carrier's failed delivery rate,My current carrier's first-attempt delivery rate is terrible. How do I actually verify what other Canadian last-mile carriers' success rates are before switching?,Canadian last mile carrier first attempt delivery success rate comparison,skeptical and comparing options,5.0,last_mile_delivery_canada,Last-mile delivery in Canada,Regenerated 2026-04-19
gen_1776625916_00166,E-Commerce Merchant,commercial,commercial,find affordable last-mile option for low-AOV products,merchant selling low-margin goods needing cheap shipping,Selling items under $20 so shipping cost kills my margins. Are there budget-friendly last-mile carriers in Canada built for low-AOV e-commerce?,affordable last mile delivery Canada low margin e-commerce small parcels,newly aware and confused,5.0,last_mile_delivery_canada,Last-mile delivery in Canada,Regenerated 2026-04-19
gen_1776625916_00167,E-Commerce Merchant,research,informational,evaluate last-mile carrier reliability metrics,e-commerce merchant comparing Canadian carriers before switching,"Beyond delivery speed, what data points should I actually compare when vetting last-mile carriers in Canada?",last mile carrier reliability metrics canada e-commerce comparison,detail-oriented and planning ahead,5.0,last_mile_delivery_canada,Last-mile delivery in Canada,Regenerated 2026-04-19
gen_1776625916_00168,E-Commerce Merchant,educational,informational,understand last-mile pricing structures Canada,online store owner scaling to 500+ monthly parcels,"Do Canadian last-mile carriers charge by zone, weight, or flat rate? Trying to forecast shipping costs as I scale.",last mile delivery pricing structure canada zone weight flat rate,detail-oriented and planning ahead,5.0,last_mile_delivery_canada,Last-mile delivery in Canada,Regenerated 2026-04-19
gen_1776625916_00169,E-Commerce Merchant,research,commercial,find carriers covering smaller Canadian cities,merchant with growing customer base outside major metros,Lots of my orders are going to mid-size cities like Kelowna and Lethbridge. Which last-mile carriers actually cover those?,last mile delivery coverage small cities canada kelowna lethbridge,practical and ready to act,5.0,last_mile_delivery_canada,Last-mile delivery in Canada,Regenerated 2026-04-19
gen_1776625916_00170,E-Commerce Merchant,educational,informational,assess next-day delivery feasibility Canada,e-commerce ops manager competing with Amazon-speed expectations,"Customers expect next-day delivery now. Is next-day last-mile even realistic across multiple Canadian provinces, or just major markets?",next day last mile delivery canada provinces feasibility,time-pressed and direct,5.0,last_mile_delivery_canada,Last-mile delivery in Canada,Regenerated 2026-04-19
gen_1776625916_00171,E-Commerce Merchant,research,commercial,compare carrier return handling processes,merchant with 15% return rate needing reverse logistics,"Returns are eating my time. Which Canadian last-mile carriers include reverse logistics, and how does the pickup process actually work?",canadian last mile carrier returns reverse logistics pickup,practical and ready to act,5.0,last_mile_delivery_canada,Last-mile delivery in Canada,Regenerated 2026-04-19
gen_1776625916_00172,E-Commerce Merchant,navigational,navigational,find multi-carrier management tools Canada,online store owner using multiple Canadian shipping providers,Running two last-mile carriers at once in Canada — is there a dashboard to manage both shipments and tracking in one place?,multi carrier shipping management dashboard canada last mile,time-pressed and direct,5.0,last_mile_delivery_canada,Last-mile delivery in Canada,Regenerated 2026-04-19
gen_1776625916_00173,E-Commerce Merchant,educational,informational,understand cross-border last-mile handoff process,US-based merchant expanding into Canadian fulfillment,I'm fulfilling from the US and handing off to a Canadian last-mile carrier at the border. How does that transition typically work?,us to canada last mile carrier handoff cross border fulfillment,detail-oriented and planning ahead,5.0,last_mile_delivery_canada,Last-mile delivery in Canada,Regenerated 2026-04-19
gen_1776625916_00174,E-Commerce Merchant,research,commercial,identify carriers with proof-of-delivery features,merchant selling high-value goods needing delivery confirmation,"Selling items over $200 — I need photo proof-of-delivery, not just a scan. Which Canadian last-mile carriers provide that?",canadian last mile carrier photo proof of delivery high value parcels,detail-oriented and planning ahead,5.0,last_mile_delivery_canada,Last-mile delivery in Canada,Regenerated 2026-04-19
gen_1776625916_00175,E-Commerce Merchant,support,commercial,switch carriers quickly due to service failure,merchant mid-peak-season with failing delivery partner,Current carrier is dropping the ball mid-season. How fast can I actually onboard a new last-mile carrier in Canada?,onboard new last mile carrier canada fast switching,time-pressed and direct,5.0,last_mile_delivery_canada,Last-mile delivery in Canada,Regenerated 2026-04-19
gen_1776625916_00176,E-Commerce Merchant,research,commercial,evaluate rural delivery options Canada,e-commerce merchant with orders to remote Canadian addresses,Getting more orders from rural Manitoba and Saskatchewan. Do any last-mile carriers in Canada handle remote postal codes affordably?,last mile delivery rural canada remote postal codes manitoba saskatchewan,practical and ready to act,5.0,last_mile_delivery_canada,Last-mile delivery in Canada,Regenerated 2026-04-19
gen_1776625916_00177,E-Commerce Merchant,research,commercial,evaluate crowdsourced vs traditional delivery models,e-commerce merchant comparing carrier reliability in Canada,Crowdsourced driver delivery vs traditional fleet carriers in Canada — which actually performs better for e-commerce parcel volume?,crowdsourced last mile delivery vs traditional carrier canada ecommerce,skeptical and comparing options,5.0,last_mile_delivery_canada,Last-mile delivery in Canada,Regenerated 2026-04-19
gen_1776625916_00178,E-Commerce Merchant,educational,informational,understand delivery SLA accountability Canada,"merchant scaling orders, tired of missed windows","My carrier keeps missing delivery windows. Do Canadian last-mile providers actually put SLA penalties in contracts, or is it just marketing?",last mile delivery SLA contract accountability canada,skeptical and comparing options,5.0,last_mile_delivery_canada,Last-mile delivery in Canada,Regenerated 2026-04-19
gen_1776625916_00179,E-Commerce Merchant,research,commercial,assess tracking visibility for customers,Shopify merchant getting too many WISMO tickets,WISMO tickets are killing my support queue. What level of real-time tracking do Canadian last-mile carriers actually offer shoppers?,real time parcel tracking canadian last mile carrier ecommerce,practical and ready to act,5.0,last_mile_delivery_canada,Last-mile delivery in Canada,Regenerated 2026-04-19
gen_1776625916_00180,E-Commerce Merchant,research,commercial,compare delivery coverage across nine provinces,merchant expanding nationally beyond Ontario and BC,Expanding nationally beyond Ontario and BC. Which last-mile carriers in Canada genuinely cover all nine provinces without gaps?,last mile delivery coverage all provinces canada ecommerce,detail-oriented and planning ahead,5.0,last_mile_delivery_canada,Last-mile delivery in Canada,Regenerated 2026-04-19
gen_1776625916_00181,E-Commerce Merchant,commercial,transactional,find same-day delivery options for Canadian merchants,urban-focused store launching same-day promise,"I want to offer same-day delivery in Toronto, Calgary, and Vancouver. Which last-mile carriers in Canada can actually support that?",same day last mile delivery toronto calgary vancouver canada,practical and ready to act,5.0,last_mile_delivery_canada,Last-mile delivery in Canada,Regenerated 2026-04-19
gen_1776625916_00182,E-Commerce Merchant,educational,informational,understand cross-border US to Canada delivery handoff costs,US-based DTC brand shipping into Canada regularly,Shipping high volumes from the US into Canada monthly. How do cross-border last-mile handoff fees typically get structured at the carrier level?,cross border US canada last mile delivery fees ecommerce,detail-oriented and planning ahead,5.0,last_mile_delivery_canada,Last-mile delivery in Canada,Regenerated 2026-04-19
gen_1776625916_00183,E-Commerce Merchant,educational,informational,benchmark failed delivery rates Canada carriers,merchant seeing high redelivery costs eating margins,Redelivery costs are wrecking my margins. What's a realistic failed first-attempt delivery rate to expect from Canadian last-mile carriers?,failed delivery rate canadian last mile carrier benchmark,skeptical and comparing options,5.0,last_mile_delivery_canada,Last-mile delivery in Canada,Regenerated 2026-04-19
gen_1776625916_00184,E-Commerce Merchant,commercial,commercial,identify volume thresholds for negotiated carrier rates,growing merchant at 300 shipments per month,Shipping around 300 parcels monthly in Canada. At what volume do last-mile carriers actually start offering negotiated rates?,negotiated shipping rates last mile canada volume threshold,detail-oriented and planning ahead,5.0,last_mile_delivery_canada,Last-mile delivery in Canada,Regenerated 2026-04-19
gen_1776625916_00185,E-Commerce Merchant,commercial,commercial,evaluate API integration ease for last-mile carriers,merchant on Shopify Plus needing seamless carrier connection,I'm on Shopify Plus and need clean API integration. How well do Canadian last-mile carriers actually connect without custom dev work?,canadian last mile carrier shopify API integration ecommerce,practical and ready to act,5.0,last_mile_delivery_canada,Last-mile delivery in Canada,Regenerated 2026-04-19
gen_1776625916_00186,E-Commerce Merchant,research,commercial,assess carrier performance during peak season Canada,merchant planning Q4 fulfillment strategy now,Planning Q4 fulfillment now. Which last-mile delivery providers in Canada hold up during peak season without blowing delivery timelines?,last mile delivery canada peak season performance Q4,detail-oriented and planning ahead,5.0,last_mile_delivery_canada,Last-mile delivery in Canada,Regenerated 2026-04-19
gen_1776625916_00187,E-Commerce Merchant,educational,informational,understand last-mile pricing structures Canada,"e-commerce merchant, frustrated with opaque carrier invoices",Getting hit with surcharges I never agreed to. How do Canadian last-mile carriers actually structure their per-parcel pricing?,last mile delivery pricing surcharges canada e-commerce parcel,frustrated and overwhelmed,5.0,last_mile_delivery_canada,Last-mile delivery in Canada,Regenerated 2026-04-19
gen_1776625916_00188,E-Commerce Merchant,research,commercial,evaluate rural delivery coverage Canada,"online merchant selling nationwide, losing customers outside major cities",Customers outside major cities keep getting delays. Do any Canadian last-mile carriers reliably cover rural and smaller markets?,last mile delivery rural canada small town coverage e-commerce,frustrated and overwhelmed,5.0,last_mile_delivery_canada,Last-mile delivery in Canada,Regenerated 2026-04-19
gen_1776625916_00189,E-Commerce Merchant,educational,informational,explore crowd-sourced delivery model Canada,merchant curious about gig-economy carrier alternatives,I keep seeing gig-economy delivery models popping up in Canada. How do they compare to traditional carriers for parcel reliability?,crowdsourced gig economy last mile delivery canada parcel reliability,curious and exploratory,5.0,last_mile_delivery_canada,Last-mile delivery in Canada,Regenerated 2026-04-19
gen_1776625916_00190,E-Commerce Merchant,commercial,commercial,switch last-mile carrier quickly Canada,merchant mid-season needing faster onboarding,Need to switch last-mile carriers in Canada fast. What's a realistic onboarding timeline before I can start shipping?,switch last mile carrier canada onboarding timeline e-commerce,time-pressed and direct,5.0,last_mile_delivery_canada,Last-mile delivery in Canada,Regenerated 2026-04-19
gen_1776625916_00191,E-Commerce Merchant,research,commercial,compare last-mile carriers Canada cost,"e-commerce merchant shipping nationwide, cost-sensitive",Shipping 200+ parcels monthly across Canada. Which last-mile carriers actually beat the national postal service on price?,last mile delivery carriers canada cost comparison e-commerce,detail-oriented and planning ahead,5.0,ecommerce_shipping_carriers,E-commerce shipping carriers Canada,Regenerated 2026-04-19
gen_1776625916_00192,E-Commerce Merchant,navigational,navigational,Shopify shipping carrier integration Canada,Shopify merchant adding Canadian carrier to checkout,"Looking for a Canadian shipping carrier that integrates cleanly with Shopify — live rates, label printing, the works.",shopify shipping carrier integration canada live rates,curious and exploratory,5.0,ecommerce_shipping_carriers,E-commerce shipping carriers Canada,Regenerated 2026-04-19
gen_1776625916_00193,E-Commerce Merchant,educational,informational,crowdsourced delivery reliability Canada,online merchant skeptical of gig-economy couriers,I keep hearing about crowdsourced delivery networks in Canada. Are they actually reliable enough for e-commerce parcels?,crowdsourced delivery canada e-commerce reliability,newly aware and confused,5.0,ecommerce_shipping_carriers,E-commerce shipping carriers Canada,Regenerated 2026-04-19
gen_1776625916_00194,E-Commerce Merchant,research,commercial,same-day delivery options Canadian e-commerce,DTC brand adding same-day option in major cities,Which Canadian carriers can realistically offer same-day or next-day delivery for a small DTC brand in Toronto and Vancouver?,same day next day delivery carrier canada toronto vancouver e-commerce,detail-oriented and planning ahead,5.0,ecommerce_shipping_carriers,E-commerce shipping carriers Canada,Regenerated 2026-04-19
gen_1776625916_00195,E-Commerce Merchant,educational,informational,cross-border US to Canada shipping costs,US-based Shopify merchant expanding into Canada,Selling from the US and want to ship affordably into Canada. What carrier options exist for cross-border last-mile delivery?,us to canada cross border last mile delivery carrier e-commerce,newly aware and confused,5.0,ecommerce_shipping_carriers,E-commerce shipping carriers Canada,Regenerated 2026-04-19
gen_1776625916_00196,E-Commerce Merchant,support,commercial,parcel tracking quality Canadian couriers,merchant getting customer complaints about tracking gaps,Customers keep complaining our tracking updates disappear mid-transit. Which Canadian courier has the most reliable tracking visibility?,best parcel tracking canadian courier e-commerce,detail-oriented and planning ahead,5.0,ecommerce_shipping_carriers,E-commerce shipping carriers Canada,Regenerated 2026-04-19
gen_1776625916_00197,E-Commerce Merchant,educational,informational,understand last-mile delivery landscape Canada,"new online store owner, unfamiliar with carrier options",Just launched an online store in Canada. I don't really understand how last-mile delivery networks work — where do I start?,last mile delivery canada explained e-commerce beginners,newly aware and confused,5.0,ecommerce_shipping_carriers,E-commerce shipping carriers Canada,Regenerated 2026-04-19
gen_1776625916_00198,E-Commerce Merchant,navigational,navigational,WooCommerce carrier plugin Canada,WooCommerce store owner needing shipping rate plugin,Running WooCommerce and need a Canadian carrier that has a solid plugin for real-time shipping rates at checkout.,woocommerce canadian carrier plugin real time shipping rates,curious and exploratory,5.0,ecommerce_shipping_carriers,E-commerce shipping carriers Canada,Regenerated 2026-04-19
gen_1776625916_00199,E-Commerce Merchant,research,commercial,evaluate Canadian carriers for rural delivery,merchant with high volume of rural Canadian orders,A big chunk of my orders go to rural postal codes. Which carriers actually cover small-town Canada without surcharges killing margins?,canadian carrier rural delivery surcharge small town e-commerce,detail-oriented and planning ahead,5.0,ecommerce_shipping_carriers,E-commerce shipping carriers Canada,Regenerated 2026-04-19
gen_1776625916_00200,E-Commerce Merchant,research,informational,multi-carrier shipping strategy Canada,scaling merchant wanting carrier redundancy,Should I be splitting volume across multiple Canadian carriers or committing to one? Curious how other merchants handle carrier redundancy.,multi carrier strategy canada e-commerce shipping redundancy,curious and exploratory,5.0,ecommerce_shipping_carriers,E-commerce shipping carriers Canada,Regenerated 2026-04-19
gen_1776625916_00201,E-Commerce Merchant,research,commercial,evaluate crowdsourced delivery reliability Canada,"DTC merchant, skeptical of newer carrier models",Gig-economy delivery networks are popping up across Canada. Are they actually dependable enough for daily e-commerce volume?,crowdsourced last mile delivery canada reliability ecommerce,skeptical and comparing options,5.0,ecommerce_shipping_carriers,E-commerce shipping carriers Canada,Regenerated 2026-04-19
gen_1776625916_00202,E-Commerce Merchant,educational,informational,understand Canadian shipping cost structure,"new store owner, confused by carrier pricing tiers",I'm trying to understand why shipping quotes vary so wildly between Canadian couriers. What actually drives those price differences?,canadian courier pricing differences ecommerce shipping cost factors,newly aware and confused,5.0,ecommerce_shipping_carriers,E-commerce shipping carriers Canada,Regenerated 2026-04-19
gen_1776625916_00203,E-Commerce Merchant,research,commercial,find affordable carrier for high-volume Canadian orders,"scaling merchant, margins tightening on shipping spend",My shipping costs are eating into margins as I scale. Which Canadian carriers offer better rates once you hit decent monthly volume?,volume discount shipping carriers canada ecommerce,skeptical and comparing options,5.0,ecommerce_shipping_carriers,E-commerce shipping carriers Canada,Regenerated 2026-04-19
gen_1776625916_00204,E-Commerce Merchant,research,commercial,compare delivery speed across Canadian carriers,merchant losing customers to slow transit times,Customers are abandoning carts because my delivery estimates look slow. Which Canadian carriers consistently deliver in two days or less?,fastest canadian shipping carriers 2 day delivery ecommerce,emotional and looking for support,5.0,ecommerce_shipping_carriers,E-commerce shipping carriers Canada,Regenerated 2026-04-19
gen_1776625916_00205,E-Commerce Merchant,educational,informational,understand last-mile delivery networks Canada basics,"first-time merchant, unfamiliar with carrier landscape",Just started selling online and I keep seeing 'last-mile carrier' mentioned. How is that different from a regular courier service?,last mile carrier vs courier canada difference explained,newly aware and confused,5.0,ecommerce_shipping_carriers,E-commerce shipping carriers Canada,Regenerated 2026-04-19
gen_1776625916_00206,E-Commerce Merchant,research,commercial,find carrier with strong Ontario and BC coverage,merchant shipping mostly to Toronto and Metro Vancouver,Most of my orders go to Ontario and BC. Which Canadian shipping carriers have the deepest coverage in those two provinces?,best shipping carrier ontario bc coverage canada ecommerce,skeptical and comparing options,5.0,ecommerce_shipping_carriers,E-commerce shipping carriers Canada,Regenerated 2026-04-19
gen_1776625916_00207,E-Commerce Merchant,support,informational,resolve poor customer delivery experience,merchant dealing with refund requests from late deliveries,I've issued more refunds this month due to late deliveries than I can afford. How do I evaluate carriers before switching?,how to evaluate canadian shipping carrier reliability ecommerce,emotional and looking for support,5.0,ecommerce_shipping_carriers,E-commerce shipping carriers Canada,Regenerated 2026-04-19
gen_1776625916_00208,E-Commerce Merchant,navigational,navigational,find Canadian carrier comparison tool or resource,"operations manager researching options, wants a shortcut","Is there a comparison site or tool that benchmarks Canadian e-commerce carriers on price, speed, and coverage in one place?",canadian shipping carrier comparison tool ecommerce,newly aware and confused,5.0,ecommerce_shipping_carriers,E-commerce shipping carriers Canada,Regenerated 2026-04-19
gen_1776625916_00209,E-Commerce Merchant,research,commercial,assess carrier performance during peak season Canada,merchant burned by holiday delays last year,Last Black Friday my carrier completely fell apart. Which Canadian couriers actually hold up under peak season volume?,canadian carrier peak season performance black friday ecommerce,skeptical and comparing options,5.0,ecommerce_shipping_carriers,E-commerce shipping carriers Canada,Regenerated 2026-04-19
gen_1776625916_00210,E-Commerce Merchant,support,informational,understand carrier claims and damage liability Canada,small merchant frustrated by lost parcel disputes,I had three lost parcels last month and no clear claims process. How does carrier liability work for Canadian e-commerce shipments?,canadian carrier lost parcel claims liability ecommerce,emotional and looking for support,5.0,ecommerce_shipping_carriers,E-commerce shipping carriers Canada,Regenerated 2026-04-19
gen_1776625916_00211,E-Commerce Merchant,educational,informational,integrate shipping carrier with Shopify Canada,"small merchant, just launched Shopify store, shipping nationally",I'm setting up Shopify for my Canadian store. Which carriers plug in natively without needing extra apps?,shopify native carrier integration canada shipping,newly aware and confused,5.0,ecommerce_shipping_carriers,E-commerce shipping carriers Canada,Regenerated 2026-04-19
gen_1776625916_00212,E-Commerce Merchant,research,commercial,evaluate crowdsourced vs traditional courier reliability,"mid-size merchant, weighing gig-model carriers against established ones","Crowdsourced delivery sounds cheaper, but does the driver quality actually hold up for consistent e-commerce fulfillment in Canada?",crowdsourced delivery vs traditional courier canada ecommerce reliability,detail-oriented and planning ahead,5.0,ecommerce_shipping_carriers,E-commerce shipping carriers Canada,Regenerated 2026-04-19
gen_1776625916_00213,E-Commerce Merchant,support,commercial,find real-time tracking options for Canadian carriers,"operations manager, customers complaining about tracking gaps",Customers keep emailing asking where their orders are. Which Canadian carriers offer real-time tracking that's actually accurate?,canadian ecommerce carrier real time tracking accuracy,practical and ready to act,5.0,ecommerce_shipping_carriers,E-commerce shipping carriers Canada,Regenerated 2026-04-19
gen_1776625916_00214,E-Commerce Merchant,educational,informational,understand dimensional weight pricing Canada shipping,"merchant shipping bulky low-weight products, invoices confusing","My carrier invoices never match my quotes. Is dimensional weight billing standard across Canadian couriers, and how do I calculate it?",dimensional weight pricing canadian couriers ecommerce explained,newly aware and confused,5.0,ecommerce_shipping_carriers,E-commerce shipping carriers Canada,Regenerated 2026-04-19
gen_1776625916_00215,E-Commerce Merchant,research,commercial,compare same-day delivery options Canadian cities,"urban merchant, customers expect same-day in Toronto and Vancouver","Which Canadian carriers actually offer same-day delivery in major metros, and what order cutoff times should I plan around?",same day delivery carriers canada toronto vancouver cutoff time,detail-oriented and planning ahead,5.0,ecommerce_shipping_carriers,E-commerce shipping carriers Canada,Regenerated 2026-04-19
gen_1776625916_00216,E-Commerce Merchant,commercial,commercial,handle US-to-Canada cross-border shipping for ecommerce,US-based seller expanding into Canadian market,I'm a US seller wanting to ship into Canada affordably. Which carriers handle cross-border customs clearance without massive brokerage fees?,us to canada ecommerce shipping carrier customs brokerage fees,practical and ready to act,5.0,ecommerce_shipping_carriers,E-commerce shipping carriers Canada,Regenerated 2026-04-19
gen_1776625916_00217,E-Commerce Merchant,research,informational,negotiate carrier rates as Canadian merchant scales,"growing merchant, 500+ monthly shipments, wants volume pricing",At what monthly shipment volume do Canadian carriers typically start offering negotiated rate contracts instead of standard retail pricing?,canadian shipping carrier volume discount negotiated rates ecommerce,detail-oriented and planning ahead,5.0,ecommerce_shipping_carriers,E-commerce shipping carriers Canada,Regenerated 2026-04-19
gen_1776625916_00218,E-Commerce Merchant,navigational,navigational,find WooCommerce shipping plugin for Canadian carriers,"WooCommerce store owner, struggling with carrier plugin setup",Using WooCommerce and can't get live shipping rates to display at checkout. Which Canadian carrier plugins actually work reliably?,woocommerce canadian carrier plugin live shipping rates checkout,newly aware and confused,5.0,ecommerce_shipping_carriers,E-commerce shipping carriers Canada,Regenerated 2026-04-19
gen_1776625916_00219,E-Commerce Merchant,support,commercial,reduce failed delivery attempts for Canadian ecommerce,"merchant losing money on redelivery fees, urban apartment buildings",Failed first-attempt deliveries are costing me in redelivery fees. Which Canadian carriers handle apartment buildings and buzzer access best?,canadian carrier failed delivery apartment buildings ecommerce solution,practical and ready to act,5.0,ecommerce_shipping_carriers,E-commerce shipping carriers Canada,Regenerated 2026-04-19
gen_1776625916_00220,E-Commerce Merchant,research,informational,evaluate carrier delivery speed by Canadian province,"national merchant, transit times vary wildly outside Ontario and BC",Transit times to the Prairies and Atlantic Canada feel unpredictable. How do I benchmark carrier speed across all provinces before committing?,canadian carrier transit time comparison provinces prairies atlantic,detail-oriented and planning ahead,5.0,ecommerce_shipping_carriers,E-commerce shipping carriers Canada,Regenerated 2026-04-19
gen_1776625916_00221,E-Commerce Merchant,educational,informational,understand last-mile vs national carrier tradeoffs,"new e-commerce merchant, confused by carrier options",I keep seeing 'last-mile carrier' mentioned alongside national couriers. What's the actual difference for a small Canadian online store?,last mile carrier vs national courier canada e-commerce difference,newly aware and confused,5.0,ecommerce_shipping_carriers,E-commerce shipping carriers Canada,Regenerated 2026-04-19
gen_1776625916_00222,E-Commerce Merchant,research,commercial,evaluate crowdsourced delivery reliability Canada,"operations manager, scaling fulfillment, risk-averse",How reliable is crowdsourced parcel delivery in Canada compared to traditional couriers for high-volume e-commerce shipments?,crowdsourced delivery reliability canada e-commerce high volume,detail-oriented and planning ahead,5.0,ecommerce_shipping_carriers,E-commerce shipping carriers Canada,Regenerated 2026-04-19
gen_1776625916_00223,E-Commerce Merchant,research,commercial,compare carrier costs for lightweight parcels,"small merchant, shipping mostly under 1kg nationally",Shipping hundreds of small parcels under 1kg across Canada monthly — which carrier type gives the lowest per-shipment cost?,cheapest carrier canada small parcel under 1kg e-commerce,detail-oriented and planning ahead,5.0,ecommerce_shipping_carriers,E-commerce shipping carriers Canada,Regenerated 2026-04-19
gen_1776625916_00224,E-Commerce Merchant,navigational,navigational,find multi-carrier shipping software Canada,"merchant juggling two carriers, wants one dashboard",Managing two carriers separately is a mess. Is there a platform that consolidates Canadian carrier bookings and tracking in one place?,multi carrier shipping platform canada consolidate tracking booking,frustrated and overwhelmed,5.0,ecommerce_shipping_carriers,E-commerce shipping carriers Canada,Regenerated 2026-04-19
gen_1776625916_00225,E-Commerce Merchant,educational,informational,understand rural delivery surcharges Canada,store owner getting surprise invoices for rural zones,My invoices keep showing rural surcharges I didn't budget for. How do Canadian carriers define rural zones and calculate those fees?,canadian carrier rural surcharge zones definition e-commerce,frustrated and overwhelmed,5.0,ecommerce_shipping_carriers,E-commerce shipping carriers Canada,Regenerated 2026-04-19
gen_1776625916_00226,E-Commerce Merchant,research,commercial,assess carrier coverage across all Canadian provinces,"expanding merchant, currently only ships Ontario and BC",Planning to open shipping to all provinces this quarter. Which carrier types actually have reliable ground coverage coast to coast?,canadian carrier coast to coast province coverage e-commerce ground,detail-oriented and planning ahead,5.0,ecommerce_shipping_carriers,E-commerce shipping carriers Canada,Regenerated 2026-04-19
gen_1776625916_00227,E-Commerce Merchant,support,commercial,understand returns handling options Canadian carriers,"merchant with growing return volume, no reverse logistics",My return rate just hit 12% and I have no system. Which Canadian carriers include prepaid return label options for e-commerce merchants?,canadian carrier prepaid return label e-commerce merchant options,frustrated and overwhelmed,5.0,ecommerce_shipping_carriers,E-commerce shipping carriers Canada,Regenerated 2026-04-19
gen_1776625916_00228,E-Commerce Merchant,research,informational,compare delivery speed tiers Canadian carriers,merchant offering multiple shipping options at checkout,"I want to offer standard, express, and next-day at checkout. Do Canadian carriers actually deliver on those speed tiers consistently?",canada carrier delivery speed tiers standard express next day consistency,detail-oriented and planning ahead,5.0,ecommerce_shipping_carriers,E-commerce shipping carriers Canada,Regenerated 2026-04-19
gen_1776625916_00229,E-Commerce Merchant,support,commercial,find carrier with best urban condo delivery rates,"Toronto-based merchant, high condo delivery failure rate",Half my Toronto deliveries go to condos and keep failing. Which carriers are actually built for dense urban residential delivery in Canada?,best carrier urban condo delivery canada toronto residential,frustrated and overwhelmed,5.0,ecommerce_shipping_carriers,E-commerce shipping carriers Canada,Regenerated 2026-04-19
gen_1776625916_00230,E-Commerce Merchant,educational,informational,understand carrier insurance and liability limits Canada,"merchant shipping higher-value goods, no declared value coverage","Shipping items worth $150–$300 each. What liability coverage do Canadian e-commerce carriers actually include by default, and is it enough?",canadian carrier default liability coverage declared value e-commerce,newly aware and confused,5.0,ecommerce_shipping_carriers,E-commerce shipping carriers Canada,Regenerated 2026-04-19
gen_1776625916_00231,E-Commerce Merchant,research,commercial,cross-border US-to-Canada shipping options,US-based merchant expanding into Canadian market,I'm a US seller starting to ship into Canada. Which carrier types handle cross-border duties and customs clearance best?,US to Canada cross border ecommerce shipping carrier customs,curious and exploratory,5.0,ecommerce_shipping_carriers,E-commerce shipping carriers Canada,Regenerated 2026-04-19
gen_1776625916_00232,E-Commerce Merchant,navigational,navigational,Shopify carrier integration Canada,Shopify merchant wanting live shipping rates at checkout,Which Canadian shipping carriers integrate natively with Shopify for live checkout rates without needing a third-party app?,shopify native canadian carrier integration live shipping rates,detail-oriented and planning ahead,5.0,ecommerce_shipping_carriers,E-commerce shipping carriers Canada,Regenerated 2026-04-19
gen_1776625916_00233,E-Commerce Merchant,educational,informational,same-day delivery availability Canada,online store owner wanting same-day as a checkout option,"Do any Canadian last-mile carriers actually offer same-day delivery as a real checkout option, not just a sales pitch?",same day delivery canadian ecommerce carrier available cities,frustrated and overwhelmed,5.0,ecommerce_shipping_carriers,E-commerce shipping carriers Canada,Regenerated 2026-04-19
gen_1776625916_00234,E-Commerce Merchant,research,commercial,carrier tracking quality comparison Canada,merchant drowning in customer tracking inquiries,My inbox is flooded with 'where is my order' emails. Which Canadian carriers provide the most accurate real-time tracking updates?,best parcel tracking accuracy canadian shipping carrier ecommerce,frustrated and overwhelmed,5.0,ecommerce_shipping_carriers,E-commerce shipping carriers Canada,Regenerated 2026-04-19
gen_1776625916_00235,E-Commerce Merchant,educational,informational,negotiate volume shipping rates Canada,growing merchant shipping 500+ parcels monthly,Shipping around 500 parcels a month now. At what volume do Canadian carriers actually start offering negotiated rate discounts?,volume discount negotiated rates canadian shipping carrier threshold,detail-oriented and planning ahead,5.0,ecommerce_shipping_carriers,E-commerce shipping carriers Canada,Regenerated 2026-04-19
gen_1776625916_00236,E-Commerce Merchant,navigational,navigational,WooCommerce Canadian carrier plugin options,WooCommerce store owner setting up shipping zones,Setting up shipping zones in WooCommerce for Canada. Which carriers have reliable plugins that don't break on every update?,woocommerce canadian carrier shipping plugin reliable,frustrated and overwhelmed,5.0,ecommerce_shipping_carriers,E-commerce shipping carriers Canada,Regenerated 2026-04-19
gen_1776625916_00237,E-Commerce Merchant,educational,informational,crowdsourced vs traditional carrier reliability,merchant curious about gig-economy delivery models,I keep hearing about gig-economy delivery networks in Canada. Are they actually reliable enough for daily e-commerce fulfillment?,gig economy crowdsourced delivery canada ecommerce reliability,curious and exploratory,5.0,ecommerce_shipping_carriers,E-commerce shipping carriers Canada,Regenerated 2026-04-19
gen_1776625916_00238,E-Commerce Merchant,research,commercial,carrier delivery success rate residential Canada,merchant with high missed-delivery complaint rate,Failed deliveries are killing my reviews. Which Canadian carriers post the highest first-attempt residential delivery success rates?,first attempt delivery success rate canada residential carrier,frustrated and overwhelmed,5.0,ecommerce_shipping_carriers,E-commerce shipping carriers Canada,Regenerated 2026-04-19
gen_1776625916_00239,E-Commerce Merchant,educational,informational,flat rate vs weight-based shipping Canada,merchant budgeting fulfillment costs across SKU range,My products range from 200g to 3kg. Is flat-rate or weight-based pricing cheaper across Canadian carriers for mixed SKU stores?,flat rate vs weight based shipping cost canada ecommerce,detail-oriented and planning ahead,5.0,ecommerce_shipping_carriers,E-commerce shipping carriers Canada,Regenerated 2026-04-19
gen_1776625916_00240,E-Commerce Merchant,research,commercial,find regional carrier faster than national options,Ontario-focused merchant frustrated with national courier delays,National couriers keep adding two extra days to my Ontario deliveries. Are regional carriers meaningfully faster for intra-province shipments?,regional carrier faster delivery ontario intra province ecommerce,curious and exploratory,5.0,ecommerce_shipping_carriers,E-commerce shipping carriers Canada,Regenerated 2026-04-19
gen_1776625916_00241,E-Commerce Merchant,research,informational,evaluate crowdsourced delivery reliability Canada,"e-commerce merchant, skeptical of newer carrier models",Gig-based delivery networks are popping up across Canada. How do their damage and loss rates compare to traditional couriers?,crowdsourced delivery network reliability damage rates canada ecommerce,curious and exploratory,5.0,ecommerce_shipping_carriers,E-commerce shipping carriers Canada,Regenerated 2026-04-19
gen_1776625916_00242,E-Commerce Merchant,commercial,commercial,cut shipping costs under 1kg parcels Canada,"Shopify merchant, mostly lightweight apparel orders",Most of my orders are under 500g. Which Canadian carrier is genuinely cheapest for lightweight parcels at low volume?,cheapest canadian carrier lightweight parcels under 500g ecommerce,practical and ready to act,5.0,ecommerce_shipping_carriers,E-commerce shipping carriers Canada,Regenerated 2026-04-19
gen_1776625916_00243,E-Commerce Merchant,research,commercial,find carrier with best rural Canada coverage,"online store owner, high rural order volume",Almost 30% of my orders ship to rural postal codes. Which carriers actually cover remote Canadian addresses without brutal surcharges?,canadian carrier rural delivery coverage remote postal codes surcharge,time-pressed and direct,5.0,ecommerce_shipping_carriers,E-commerce shipping carriers Canada,Regenerated 2026-04-19
gen_1776625916_00244,E-Commerce Merchant,educational,informational,compare next-day delivery options across Canadian provinces,operations manager scaling fulfillment nationally,Trying to understand which carriers can realistically promise next-day delivery across multiple Canadian provinces. What are the actual coverage gaps?,next day delivery canadian carriers province coverage gaps ecommerce,curious and exploratory,5.0,ecommerce_shipping_carriers,E-commerce shipping carriers Canada,Regenerated 2026-04-19
gen_1776625916_00245,Gig Driver / Delivery Partner,research,informational,compare parcel vs food delivery gig pay,gig driver weighing parcel delivery against food apps,"Is parcel delivery actually better money than food delivery apps, or does it just look that way on paper?",parcel delivery vs food delivery gig pay comparison canada,curious and exploratory,5.0,delivery_driver_gig,Delivery driver gig opportunities,Regenerated 2026-04-19
gen_1776625916_00246,Gig Driver / Delivery Partner,navigational,navigational,understand crowdsourced delivery driver sign-up,"new gig worker in Canada, no prior delivery experience",Looking to sign up as a crowdsourced parcel delivery driver in Canada. How does the onboarding process usually work?,crowdsourced parcel delivery driver sign up canada,practical and ready to act,5.0,delivery_driver_gig,Delivery driver gig opportunities,Regenerated 2026-04-19
gen_1776625916_00247,Gig Driver / Delivery Partner,commercial,commercial,find flexible parcel delivery gigs Canada,"part-time gig driver, needs schedule flexibility",I need delivery work that lets me choose my own hours. Which parcel gig platforms in Canada are actually flexible?,flexible parcel delivery gig platforms canada choose own hours,practical and ready to act,5.0,delivery_driver_gig,Delivery driver gig opportunities,Regenerated 2026-04-19
gen_1776625916_00248,Gig Driver / Delivery Partner,educational,informational,learn vehicle requirements for parcel delivery gigs,"driver with a sedan, unsure if it qualifies","Can I do parcel delivery gigs with just a regular sedan, or do most platforms require an SUV or van?",vehicle requirements parcel delivery gig driver sedan canada,curious and exploratory,5.0,delivery_driver_gig,Delivery driver gig opportunities,Regenerated 2026-04-19
gen_1776625916_00249,Gig Driver / Delivery Partner,research,informational,estimate daily earnings parcel delivery Canada,gig driver calculating if parcel work is worth switching,What can a parcel delivery driver realistically earn in a full day in a Canadian city after fuel costs?,parcel delivery driver daily earnings canada after fuel,time-pressed and direct,5.0,delivery_driver_gig,Delivery driver gig opportunities,Regenerated 2026-04-19
gen_1776625916_00250,Gig Driver / Delivery Partner,educational,informational,compare gig delivery platforms driver ratings,experienced food delivery driver exploring parcel work,"I've done food delivery for two years. Do parcel platforms rate drivers the same way, or is it a different system?",parcel delivery driver rating system vs food delivery gig,curious and exploratory,5.0,delivery_driver_gig,Delivery driver gig opportunities,Regenerated 2026-04-19
gen_1776625916_00251,Gig Driver / Delivery Partner,research,commercial,find highest paying delivery gig Canada 2024,full-time gig driver optimizing income in Canada,"Which delivery gig pays the most per hour in Canada right now — parcel, grocery, or food?",highest paying delivery gig canada 2024 per hour,time-pressed and direct,5.0,delivery_driver_gig,Delivery driver gig opportunities,Regenerated 2026-04-19
gen_1776625916_00252,Gig Driver / Delivery Partner,educational,informational,understand parcel delivery gig insurance requirements,Canadian gig driver worried about personal auto insurance,"Do I need commercial auto insurance to drive for a parcel delivery gig in Canada, or does personal coverage work?",parcel delivery gig driver insurance requirements canada,practical and ready to act,5.0,delivery_driver_gig,Delivery driver gig opportunities,Regenerated 2026-04-19
gen_1776625916_00253,Gig Driver / Delivery Partner,navigational,navigational,locate parcel delivery gig opportunities by city,"driver in mid-sized Canadian city, not Toronto or Vancouver",I'm in a mid-sized Canadian city. Are there parcel delivery gig apps that operate outside the major metros?,parcel delivery gig apps mid-sized canadian cities outside toronto,curious and exploratory,5.0,delivery_driver_gig,Delivery driver gig opportunities,Regenerated 2026-04-19
gen_1776625916_00254,Gig Driver / Delivery Partner,commercial,commercial,decide between gig delivery platforms to join,"new driver ready to sign up, comparing two platform types",About to sign up for my first delivery gig. Is scheduled parcel delivery or on-demand food delivery better for consistent income?,scheduled parcel delivery vs on demand food gig consistent income,time-pressed and direct,5.0,delivery_driver_gig,Delivery driver gig opportunities,Regenerated 2026-04-19
gen_1776625916_00255,E-Commerce Merchant,research,informational,find same-day delivery coverage Canada,"e-commerce merchant, shipping to multiple Canadian cities","Which Canadian cities actually have same-day parcel delivery available for e-commerce shipments, not just metro cores?",same day parcel delivery coverage canadian cities ecommerce,curious and exploratory,5.0,same_day_delivery,Same-day and next-day delivery options,Regenerated 2026-04-19
gen_1776625916_00256,E-Commerce Merchant,research,commercial,evaluate next-day delivery reliability Canada,"online store owner, tired of missed delivery promises",Next-day delivery sounds great until customers complain. Which carriers actually hit their promised windows consistently across Canada?,reliable next day delivery canada ecommerce carrier performance,skeptical and comparing options,5.0,same_day_delivery,Same-day and next-day delivery options,Regenerated 2026-04-19
gen_1776625916_00257,E-Commerce Merchant,educational,informational,understand same-day delivery pricing structure,merchant comparing fast delivery cost vs standard shipping,How much more does same-day delivery typically cost per parcel compared to standard ground in Canada?,same day delivery cost per parcel canada vs standard shipping,time-pressed and direct,5.0,same_day_delivery,Same-day and next-day delivery options,Regenerated 2026-04-19
gen_1776625916_00258,E-Commerce Merchant,research,informational,assess crowd-sourced delivery model reliability,merchant skeptical of gig-economy last-mile carriers,Crowd-sourced driver delivery sounds fast but is the reliability actually comparable to traditional carriers for daily e-commerce volume?,crowdsourced last mile delivery reliability ecommerce canada,skeptical and comparing options,5.0,same_day_delivery,Same-day and next-day delivery options,Regenerated 2026-04-19
gen_1776625916_00259,E-Commerce Merchant,commercial,commercial,compare same-day carrier options for Shopify merchants,"Shopify store operator, high-volume Canadian orders",Running a high-volume Shopify store in Canada. Which same-day delivery providers actually integrate cleanly with the platform?,same day delivery shopify canada carrier integration,time-pressed and direct,5.0,same_day_delivery,Same-day and next-day delivery options,Regenerated 2026-04-19
gen_1776625916_00260,E-Commerce Merchant,research,informational,evaluate tracking quality for fast delivery,"operations manager, customers demanding real-time updates",My customers expect live tracking on same-day orders. Do Canadian fast-delivery carriers offer granular real-time visibility or just basic status updates?,real time tracking same day delivery canada ecommerce,skeptical and comparing options,5.0,same_day_delivery,Same-day and next-day delivery options,Regenerated 2026-04-19
gen_1776625916_00261,E-Commerce Merchant,educational,informational,find next-day delivery outside major metros,merchant with customers in smaller Canadian markets,Next-day delivery for Toronto and Vancouver is easy to find. What actually covers mid-size Canadian cities reliably?,next day delivery small cities canada outside toronto vancouver,curious and exploratory,5.0,same_day_delivery,Same-day and next-day delivery options,Regenerated 2026-04-19
gen_1776625916_00262,E-Commerce Merchant,research,informational,decide if fast delivery improves conversion rates,e-commerce owner weighing premium shipping cost vs revenue lift,"Is offering same-day or next-day delivery in Canada actually worth the margin hit, or does it not move conversion enough?",same day delivery conversion rate impact ecommerce canada,skeptical and comparing options,5.0,same_day_delivery,Same-day and next-day delivery options,Regenerated 2026-04-19
gen_1776625916_00263,E-Commerce Merchant,navigational,navigational,locate last-mile partners for fast Canadian fulfillment,"US-based merchant expanding into Canada, needs speed",Expanding into Canada from the US and need next-day capability. Where do I find last-mile partners that can actually deliver that?,last mile delivery partner canada next day us merchant expansion,time-pressed and direct,5.0,same_day_delivery,Same-day and next-day delivery options,Regenerated 2026-04-19
gen_1776625916_00264,E-Commerce Merchant,educational,informational,set customer expectations for fast delivery,merchant setting up checkout delivery promises,What cutoff times should I set at checkout if I want to legitimately promise same-day delivery in Canadian markets?,same day delivery cutoff time checkout canada ecommerce,curious and exploratory,5.0,same_day_delivery,Same-day and next-day delivery options,Regenerated 2026-04-19
gen_1776625916_00265,E-Commerce Merchant,educational,informational,understand same-day delivery coverage gaps Canada,e-commerce merchant shipping beyond major metros,I keep seeing 'same-day delivery' but the fine print always excludes half my customers. How do I actually verify real coverage?,same day delivery coverage verification canada e-commerce,curious and exploratory,5.0,same_day_delivery,Same-day and next-day delivery options,Regenerated 2026-04-19
gen_1776625916_00266,E-Commerce Merchant,research,informational,evaluate fast delivery ROI for small store,small Canadian online store considering speed upgrade,"Does offering next-day delivery actually increase average order value for smaller Canadian shops, or is it mostly a big-brand advantage?",next day delivery ROI small e-commerce store canada,curious and exploratory,5.0,same_day_delivery,Same-day and next-day delivery options,Regenerated 2026-04-19
gen_1776625916_00267,E-Commerce Merchant,commercial,commercial,find same-day delivery partners for e-commerce,merchant ready to add fast delivery option,Looking for Canadian last-mile carriers that actually offer same-day for e-commerce — not just enterprise accounts. Where do I start?,canadian last mile same day delivery e-commerce merchants,curious and exploratory,5.0,same_day_delivery,Same-day and next-day delivery options,Regenerated 2026-04-19
gen_1776625916_00268,E-Commerce Merchant,educational,informational,understand crowdsourced vs traditional carrier speed,merchant confused by new gig-model delivery services,I keep hearing about gig-economy delivery networks in Canada. Are they actually faster than traditional couriers for next-day e-commerce?,gig economy delivery vs traditional courier speed canada,newly aware and confused,5.0,same_day_delivery,Same-day and next-day delivery options,Regenerated 2026-04-19
gen_1776625916_00269,E-Commerce Merchant,research,commercial,decode same-day delivery pricing structures,merchant evaluating carrier contracts for fast delivery,Same-day delivery quotes I'm getting vary wildly. What pricing factors actually explain the difference between carriers in Canada?,same day delivery pricing factors canada carriers,newly aware and confused,5.0,same_day_delivery,Same-day and next-day delivery options,Regenerated 2026-04-19
gen_1776625916_00270,E-Commerce Merchant,support,commercial,handle customer complaints about missed fast delivery,merchant dealing with failed next-day delivery promises,A carrier missed next-day windows three times this month and customers are furious. How do I choose someone more accountable going forward?,reliable next day delivery carrier canada accountability e-commerce,emotional and looking for support,5.0,same_day_delivery,Same-day and next-day delivery options,Regenerated 2026-04-19
gen_1776625916_00271,E-Commerce Merchant,commercial,commercial,locate fast delivery options for seasonal surge,merchant preparing for holiday volume spike,Holiday season is coming and I need same-day or next-day capacity that won't collapse under volume. What should I be asking carriers?,same day next day delivery canada holiday surge capacity,emotional and looking for support,5.0,same_day_delivery,Same-day and next-day delivery options,Regenerated 2026-04-19
gen_1776625916_00272,E-Commerce Merchant,research,informational,compare next-day delivery reliability metrics,operations manager benchmarking Canadian carriers,What on-time delivery benchmarks should I actually expect from next-day Canadian carriers — and how do I hold them to it contractually?,next day delivery on time benchmark canada carrier contract,curious and exploratory,5.0,same_day_delivery,Same-day and next-day delivery options,Regenerated 2026-04-19
gen_1776625916_00273,E-Commerce Merchant,navigational,navigational,navigate fast delivery onboarding process,new merchant unsure how to start with fast carriers,I want to add next-day delivery to my Canadian store but have no idea how carrier onboarding works. Where does the process even begin?,how to onboard canadian last mile carrier next day delivery,newly aware and confused,5.0,same_day_delivery,Same-day and next-day delivery options,Regenerated 2026-04-19
gen_1776625916_00274,E-Commerce Merchant,support,informational,recover customer trust after delivery failures,merchant whose fast-delivery promise repeatedly failed,I promised next-day and it failed twice. Customers are leaving bad reviews — how do I rebuild trust and fix my carrier situation?,fix failed next day delivery customer trust canada e-commerce,emotional and looking for support,5.0,same_day_delivery,Same-day and next-day delivery options,Regenerated 2026-04-19
gen_1776625916_00275,E-Commerce Merchant,educational,informational,understand same-day delivery cost structures,"e-commerce merchant, tight margins, Canadian fulfillment",Same-day delivery sounds great but I can't figure out if the margin hit is worth it for a mid-size Canadian store.,same day delivery cost margin e-commerce Canada,newly aware and confused,5.0,same_day_delivery,Same-day and next-day delivery options,Regenerated 2026-04-19
gen_1776625916_00276,E-Commerce Merchant,research,commercial,find same-day carriers outside major metros,merchant shipping to smaller Canadian cities,My customers aren't all in Toronto or Vancouver. Which Canadian carriers actually offer same-day outside major cities?,same day delivery small cities Canada last mile,practical and ready to act,5.0,same_day_delivery,Same-day and next-day delivery options,Regenerated 2026-04-19
gen_1776625916_00277,E-Commerce Merchant,educational,informational,evaluate next-day tracking reliability,"e-commerce ops manager, customer complaints about visibility",Customers keep asking where their parcels are during next-day windows. What tracking standards should I demand from a Canadian carrier?,next day delivery real time tracking standards Canada carrier,practical and ready to act,5.0,same_day_delivery,Same-day and next-day delivery options,Regenerated 2026-04-19
gen_1776625916_00278,E-Commerce Merchant,research,informational,compare same-day vs next-day conversion impact,merchant testing checkout delivery options,"At checkout, does showing same-day versus next-day actually move conversion rates differently? Looking for real data on Canadian shoppers.",same day vs next day delivery checkout conversion Canada,newly aware and confused,5.0,same_day_delivery,Same-day and next-day delivery options,Regenerated 2026-04-19
gen_1776625916_00279,E-Commerce Merchant,commercial,transactional,set up next-day delivery for Shopify store,"small Canadian Shopify merchant, no carrier contract yet",I run a Shopify store in Canada and want next-day delivery live by next month. What integrations and carrier contracts do I actually need?,Shopify next day delivery Canada carrier integration setup,practical and ready to act,5.0,same_day_delivery,Same-day and next-day delivery options,Regenerated 2026-04-19
gen_1776625916_00280,E-Commerce Merchant,educational,informational,understand crowdsourced delivery reliability tradeoffs,merchant considering gig-model carriers for speed,I'm nervous about using crowdsourced drivers for same-day. How consistent is package handling compared to traditional courier fleets in Canada?,crowdsourced driver delivery reliability Canada e-commerce parcels,emotional and looking for support,5.0,same_day_delivery,Same-day and next-day delivery options,Regenerated 2026-04-19
gen_1776625916_00281,E-Commerce Merchant,research,commercial,find carriers with same-day weekend coverage,merchant with high Saturday order volume,A lot of my orders come in Saturday morning. Are there Canadian last-mile carriers that actually run same-day on weekends?,same day delivery weekend Canada last mile carrier,practical and ready to act,5.0,same_day_delivery,Same-day and next-day delivery options,Regenerated 2026-04-19
gen_1776625916_00282,E-Commerce Merchant,support,informational,recover customer trust after failed fast delivery,merchant burned by repeated missed same-day promises,I advertised same-day and it failed repeatedly. I'm losing loyal customers — how do I fix my carrier setup before more damage is done?,failed same day delivery fix carrier Canada customer trust,emotional and looking for support,5.0,same_day_delivery,Same-day and next-day delivery options,Regenerated 2026-04-19
gen_1776625916_00283,E-Commerce Merchant,research,commercial,compare next-day delivery carrier SLAs,operations manager building carrier shortlist,Building a shortlist of next-day Canadian carriers. What SLA terms should I actually compare beyond the headline delivery window?,next day delivery SLA comparison Canada carrier terms,practical and ready to act,5.0,same_day_delivery,Same-day and next-day delivery options,Regenerated 2026-04-19
gen_1776625916_00284,E-Commerce Merchant,educational,informational,understand same-day delivery cutoff logistics,new merchant confused by order cutoff rules,Carriers keep mentioning cutoff times for same-day but I don't understand how that interacts with my warehouse pick schedule. How does this work?,same day delivery cutoff time warehouse fulfillment Canada,newly aware and confused,5.0,same_day_delivery,Same-day and next-day delivery options,Regenerated 2026-04-19
gen_1776625916_00285,E-Commerce Merchant,educational,informational,understand same-day delivery cost structure,"e-commerce merchant, evaluating fast delivery profitability","How do Canadian last-mile carriers typically price same-day delivery — flat rate, zone-based, or something else?",same day delivery pricing model canada last mile carrier,newly aware and confused,5.0,same_day_delivery,Same-day and next-day delivery options,Regenerated 2026-04-19
gen_1776625916_00286,E-Commerce Merchant,research,commercial,find reliable next-day coverage outside Toronto,online merchant shipping to smaller Canadian markets,"Next-day delivery in Calgary, Edmonton, Halifax — which carrier networks actually have real coverage there, not just claims?",next day delivery coverage canada calgary edmonton halifax,skeptical and comparing options,5.0,same_day_delivery,Same-day and next-day delivery options,Regenerated 2026-04-19
gen_1776625916_00287,E-Commerce Merchant,research,informational,evaluate same-day carrier reliability metrics,merchant burned by missed delivery promises,I've been let down by carriers promising same-day. What on-time rate benchmarks should I actually hold them accountable to?,same day delivery on time rate benchmark canada ecommerce,skeptical and comparing options,5.0,same_day_delivery,Same-day and next-day delivery options,Regenerated 2026-04-19
gen_1776625916_00288,E-Commerce Merchant,commercial,commercial,find same-day delivery options for small merchants,"small Canadian Shopify store, no volume commitments yet",I'm a small store with maybe 20 orders a day. Are same-day carrier options even accessible without big volume minimums?,same day delivery small ecommerce merchant canada no minimum,newly aware and confused,5.0,same_day_delivery,Same-day and next-day delivery options,Regenerated 2026-04-19
gen_1776625916_00289,E-Commerce Merchant,support,informational,recover customer trust after delivery failures,merchant facing churn from next-day promise failures,We've had three weeks of next-day failures and my reviews are tanking. How do I stabilize delivery performance fast?,fix next day delivery failures ecommerce canada carrier switch,emotional and looking for support,5.0,same_day_delivery,Same-day and next-day delivery options,Regenerated 2026-04-19
gen_1776625916_00290,E-Commerce Merchant,navigational,navigational,locate crowdsourced last-mile delivery providers Canada,merchant researching gig-economy delivery model options,Looking for Canadian delivery networks that use crowdsourced drivers for same-day. Where do I even start comparing them?,crowdsourced same day delivery network canada ecommerce,newly aware and confused,5.0,same_day_delivery,Same-day and next-day delivery options,Regenerated 2026-04-19
gen_1776625916_00291,Logistics / 3PL Decision Maker,research,commercial,evaluate same-day carrier SLAs Canada,"3PL evaluating last-mile partners, enterprise retailer SLAs",What SLA benchmarks should I hold a same-day carrier to before signing a last-mile contract in Canada?,same-day delivery carrier SLA benchmarks Canada last-mile,practical and ready to act,5.0,same_day_delivery,Same-day and next-day delivery options,Regenerated 2026-04-19
gen_1776625916_00292,Logistics / 3PL Decision Maker,research,informational,assess same-day coverage gaps Canadian cities,fulfillment professional mapping national delivery network,Same-day delivery in Toronto and Vancouver is easy to find — which Canadian carriers actually cover mid-size cities too?,same-day delivery coverage mid-size cities Canada carrier,curious and exploratory,5.0,same_day_delivery,Same-day and next-day delivery options,Regenerated 2026-04-19
gen_1776625916_00293,Logistics / 3PL Decision Maker,educational,informational,calculate cost per delivery same-day Canada,3PL building unit economics model for fast delivery,What's a realistic cost-per-parcel range for same-day delivery across Canadian urban markets right now?,cost per parcel same-day delivery Canada urban 2024,time-pressed and direct,5.0,same_day_delivery,Same-day and next-day delivery options,Regenerated 2026-04-19
gen_1776625916_00294,Logistics / 3PL Decision Maker,research,commercial,find carriers offering next-day nationwide Canada,enterprise retailer needing consistent next-day promise,Looking for carriers that can credibly promise next-day delivery across all nine Canadian provinces — does that network even exist?,next-day delivery all provinces Canada carrier network,skeptical and comparing options,5.0,same_day_delivery,Same-day and next-day delivery options,Regenerated 2026-04-19
gen_1776625916_00295,Logistics / 3PL Decision Maker,educational,informational,compare crowdsourced vs asset-based same-day delivery,logistics director weighing delivery model reliability,Crowdsourced driver models versus asset-based fleets for same-day — which holds up better on reliability at volume?,crowdsourced vs asset-based same-day delivery reliability Canada,curious and exploratory,5.0,same_day_delivery,Same-day and next-day delivery options,Regenerated 2026-04-19
gen_1776625916_00296,Logistics / 3PL Decision Maker,support,commercial,integrate same-day carrier with WMS or OMS,3PL tech stack requiring API-level carrier integration,I need a same-day carrier that connects directly to our OMS via API. What integration capabilities should I be asking about?,same-day delivery carrier API integration OMS WMS Canada,practical and ready to act,5.0,same_day_delivery,Same-day and next-day delivery options,Regenerated 2026-04-19
gen_1776625916_00297,Logistics / 3PL Decision Maker,educational,informational,understand same-day cutoff windows e-commerce,fulfillment manager setting order cutoff times,"What order cutoff times do Canadian same-day carriers typically require, and how much does that vary by city?",same-day delivery cutoff times Canada e-commerce carrier,time-pressed and direct,5.0,same_day_delivery,Same-day and next-day delivery options,Regenerated 2026-04-19
gen_1776625916_00298,Logistics / 3PL Decision Maker,support,commercial,evaluate next-day delivery proof-of-delivery standards,enterprise retailer managing customer dispute rates,Our dispute rate spikes on fast deliveries. What POD standards should next-day carriers meet to protect us?,next-day delivery proof of delivery standards Canada e-commerce,practical and ready to act,5.0,same_day_delivery,Same-day and next-day delivery options,Regenerated 2026-04-19
gen_1776625916_00299,Logistics / 3PL Decision Maker,research,informational,assess same-day delivery scalability peak season,3PL planning Q4 volume surge with fast-delivery promise,Which Canadian last-mile carriers have actually scaled same-day capacity during peak without blowing up their on-time rates?,same-day delivery Canada peak season scalability on-time rate,curious and exploratory,5.0,same_day_delivery,Same-day and next-day delivery options,Regenerated 2026-04-19
gen_1776625916_00300,Logistics / 3PL Decision Maker,research,commercial,compare pricing models same-day vs next-day Canada,supply chain professional building tiered delivery offering,I'm pricing out a tiered delivery program. How wide is the cost gap between same-day and next-day in Canadian markets?,same-day vs next-day delivery cost difference Canada,time-pressed and direct,5.0,same_day_delivery,Same-day and next-day delivery options,Regenerated 2026-04-19
gen_1776625916_00301,Logistics / 3PL Decision Maker,research,commercial,evaluate same-day carrier SLA enforcement,3PL manager negotiating last-mile contracts in Canada,"How do 3PLs actually enforce SLA breaches with same-day carriers — clawbacks, credits, or just renegotiation?",same-day carrier SLA enforcement clawbacks 3PL Canada,skeptical and comparing options,5.0,same_day_delivery,Same-day and next-day delivery options,Regenerated 2026-04-19
gen_1776625916_00302,Logistics / 3PL Decision Maker,research,commercial,assess same-day scalability for enterprise volume,enterprise retailer evaluating last-mile partner for high-volume same-day,"We're moving 5,000+ parcels daily. Which same-day delivery models in Canada actually scale without reliability collapsing?",same-day delivery high volume scalability Canada last-mile,skeptical and comparing options,5.0,same_day_delivery,Same-day and next-day delivery options,Regenerated 2026-04-19
gen_1776625916_00303,Logistics / 3PL Decision Maker,educational,informational,understand same-day coverage gaps in Canada,fulfillment director mapping last-mile network across provinces,I keep hitting dead zones outside major metros. How do Canadian same-day carriers typically handle suburban and exurban coverage?,same-day delivery suburban coverage Canada last-mile gaps,frustrated and overwhelmed,5.0,same_day_delivery,Same-day and next-day delivery options,Regenerated 2026-04-19
gen_1776625916_00304,Logistics / 3PL Decision Maker,research,informational,compare next-day delivery models asset vs gig,supply chain analyst comparing carrier models for next-day program,"For next-day delivery at scale in Canada, is a gig-economy driver model genuinely competitive with traditional asset-based carriers?",next-day delivery gig economy vs asset carrier Canada,skeptical and comparing options,5.0,same_day_delivery,Same-day and next-day delivery options,Regenerated 2026-04-19
gen_1776625916_00305,Logistics / 3PL Decision Maker,commercial,commercial,find fast-delivery carrier onboarding timeline,3PL ops lead needing same-day partner live within weeks,Need a same-day carrier live in under four weeks. What's a realistic onboarding timeline in Canada right now?,same-day carrier onboarding timeline Canada fast launch,time-pressed and direct,5.0,same_day_delivery,Same-day and next-day delivery options,Regenerated 2026-04-19
gen_1776625916_00306,Logistics / 3PL Decision Maker,educational,informational,understand failed delivery rate benchmarks fast shipping,fulfillment manager tracking failed-attempt costs on expedited orders,What's an acceptable first-attempt delivery success rate for same-day programs in Canadian urban markets?,same-day delivery first attempt success rate benchmark Canada,time-pressed and direct,5.0,same_day_delivery,Same-day and next-day delivery options,Regenerated 2026-04-19
gen_1776625916_00307,Logistics / 3PL Decision Maker,navigational,navigational,locate same-day carriers with cross-border capability,logistics manager handling US-origin inventory for Canadian fulfillment,Inventory ships from the US into Canada. Which last-mile carriers handle cross-border intake and same-day onward delivery?,cross-border US Canada same-day last-mile delivery carrier,time-pressed and direct,5.0,same_day_delivery,Same-day and next-day delivery options,Regenerated 2026-04-19
gen_1776625916_00308,Logistics / 3PL Decision Maker,educational,informational,evaluate carrier reporting for fast-delivery SLA tracking,3PL operations lead managing client SLA reporting on expedited shipments,"What real-time reporting should I demand from a next-day carrier — scan events, exception flags, delivery confirmation timing?",next-day carrier real-time reporting SLA tracking Canada,skeptical and comparing options,5.0,same_day_delivery,Same-day and next-day delivery options,Regenerated 2026-04-19
gen_1776625916_00309,Logistics / 3PL Decision Maker,support,commercial,troubleshoot same-day capacity gaps during peak,frustrated fulfillment director mid-peak with carrier capacity failures,Our same-day carrier keeps capping intake during peak hours. How do other 3PLs protect capacity commitments contractually?,same-day carrier capacity cap peak protection contract 3PL,frustrated and overwhelmed,5.0,same_day_delivery,Same-day and next-day delivery options,Regenerated 2026-04-19
gen_1776625916_00310,Logistics / 3PL Decision Maker,research,informational,compare next-day delivery cost structures by zone,supply chain analyst building cost model for tiered delivery program,"How do Canadian last-mile carriers typically zone-price next-day delivery — flat rate, distance bands, or postal-code tiers?",next-day delivery pricing zones Canada last-mile cost structure,skeptical and comparing options,5.0,same_day_delivery,Same-day and next-day delivery options,Regenerated 2026-04-19
gen_1776625916_00311,Logistics / 3PL Decision Maker,research,commercial,evaluate same-day carrier API integration depth,"3PL evaluating last-mile partners, needs tech stack compatibility","Vetting same-day carriers for our 3PL platform. What API capabilities should I require before signing — webhooks, label gen, tracking feeds?",same day delivery carrier API integration requirements 3PL Canada,detail-oriented and planning ahead,5.0,same_day_delivery,Same-day and next-day delivery options,Regenerated 2026-04-19
gen_1776625916_00312,Logistics / 3PL Decision Maker,research,informational,understand crowdsourced delivery SLA reliability,3PL evaluating gig-model carriers for enterprise client,How do crowdsourced delivery networks hold up against contracted SLAs at enterprise parcel volumes? Looking for real data.,crowdsourced delivery SLA reliability enterprise volume last mile,practical and ready to act,5.0,crowdsourced_delivery,Crowdsourced delivery model,Regenerated 2026-04-19
gen_1776625916_00313,Logistics / 3PL Decision Maker,research,commercial,assess crowdsourced vs traditional courier cost,fulfillment director comparing per-delivery cost models,"Crowdsourced delivery versus traditional couriers — where does the per-parcel cost actually diverge at 50,000 shipments monthly?",crowdsourced delivery cost per parcel vs traditional courier,practical and ready to act,5.0,crowdsourced_delivery,Crowdsourced delivery model,Regenerated 2026-04-19
gen_1776625916_00314,Logistics / 3PL Decision Maker,educational,informational,evaluate gig driver consistency for last-mile,supply chain manager worried about driver churn impact,Gig drivers turning over constantly — how do crowdsourced delivery operators actually maintain service consistency across their network?,gig driver turnover crowdsourced delivery service consistency,frustrated and overwhelmed,5.0,crowdsourced_delivery,Crowdsourced delivery model,Regenerated 2026-04-19
gen_1776625916_00315,Logistics / 3PL Decision Maker,educational,informational,understand crowdsourced delivery network coverage gaps,3PL onboarding client needing national Canadian coverage,I'm trying to understand where crowdsourced delivery networks actually have density gaps in Canada outside major metro areas.,crowdsourced delivery network coverage gaps Canada rural,newly aware and confused,5.0,crowdsourced_delivery,Crowdsourced delivery model,Regenerated 2026-04-19
gen_1776625916_00316,Logistics / 3PL Decision Maker,research,commercial,integrate crowdsourced carrier into 3PL tech stack,operations lead evaluating API and WMS compatibility,What API or integration standards do crowdsourced last-mile carriers typically support for connecting to a 3PL WMS?,crowdsourced last mile carrier API integration WMS 3PL,practical and ready to act,5.0,crowdsourced_delivery,Crowdsourced delivery model,Regenerated 2026-04-19
gen_1776625916_00317,Logistics / 3PL Decision Maker,support,informational,understand liability gaps in crowdsourced delivery,logistics director reviewing carrier contract terms,Who's liable when a gig-model delivery driver damages or loses a parcel? I can't find clear answers on carrier contracts.,crowdsourced delivery driver liability damaged lost parcel,frustrated and overwhelmed,5.0,crowdsourced_delivery,Crowdsourced delivery model,Regenerated 2026-04-19
gen_1776625916_00318,Logistics / 3PL Decision Maker,educational,informational,compare crowdsourced delivery proof-of-delivery standards,fulfillment manager tracking POD compliance for clients,Do crowdsourced delivery drivers actually meet the same photo and signature POD standards that traditional couriers follow?,crowdsourced delivery proof of delivery standards photo signature,newly aware and confused,5.0,crowdsourced_delivery,Crowdsourced delivery model,Regenerated 2026-04-19
gen_1776625916_00319,Logistics / 3PL Decision Maker,commercial,commercial,evaluate crowdsourced delivery for same-day fulfillment,3PL adding same-day tier for marketplace client,Building a same-day fulfillment tier for a marketplace client. Which crowdsourced delivery models in Canada can actually hit that window reliably?,crowdsourced same day delivery Canada marketplace fulfillment,practical and ready to act,5.0,crowdsourced_delivery,Crowdsourced delivery model,Regenerated 2026-04-19
gen_1776625916_00320,Logistics / 3PL Decision Maker,support,informational,understand crowdsourced delivery damage claim process,operations manager drowning in client dispute escalations,Damage claims through crowdsourced carriers are piling up and no one explains the process. How is claims handling structured in this model?,crowdsourced delivery damage claims process handling,frustrated and overwhelmed,5.0,crowdsourced_delivery,Crowdsourced delivery model,Regenerated 2026-04-19
gen_1776625916_00321,Logistics / 3PL Decision Maker,commercial,commercial,find crowdsourced last-mile providers for Canadian expansion,US-based 3PL expanding into Canadian e-commerce market,Expanding into Canada and trying to understand which crowdsourced last-mile models have enough coverage to handle a national rollout.,crowdsourced last mile delivery providers Canada national coverage,newly aware and confused,5.0,crowdsourced_delivery,Crowdsourced delivery model,Regenerated 2026-04-19
gen_1776625916_00322,Logistics / 3PL Decision Maker,research,informational,assess crowdsourced delivery SLA enforceability,3PL evaluating last-mile partners for enterprise retail client,"How do you actually enforce SLA penalties with a crowdsourced carrier when drivers are independent contractors, not employees?",crowdsourced delivery SLA enforcement independent contractor last mile,skeptical and comparing options,5.0,crowdsourced_delivery,Crowdsourced delivery model,Regenerated 2026-04-19
gen_1776625916_00323,Logistics / 3PL Decision Maker,educational,informational,understand crowdsourced delivery surge capacity,fulfillment director planning peak season volume spikes,Peak season is coming and I need to know how crowdsourced delivery networks scale driver capacity without collapsing on-time rates.,crowdsourced delivery peak season surge capacity last mile,detail-oriented and planning ahead,5.0,crowdsourced_delivery,Crowdsourced delivery model,Regenerated 2026-04-19
gen_1776625916_00324,Logistics / 3PL Decision Maker,research,commercial,evaluate crowdsourced vs contracted carrier cost model,3PL CFO building unit economics for new last-mile tier,Trying to model total cost per delivery — does crowdsourced last mile get cheaper or more volatile as volumes scale past 100k monthly?,crowdsourced delivery cost per parcel volume scale economics,detail-oriented and planning ahead,5.0,crowdsourced_delivery,Crowdsourced delivery model,Regenerated 2026-04-19
gen_1776625916_00325,Logistics / 3PL Decision Maker,educational,informational,understand crowdsourced driver vetting standards,enterprise retailer concerned about brand reputation at doorstep,What background check and vehicle standards do crowdsourced last-mile carriers actually require before activating drivers on their platform?,crowdsourced delivery driver background check vetting standards,skeptical and comparing options,5.0,crowdsourced_delivery,Crowdsourced delivery model,Regenerated 2026-04-19
gen_1776625916_00326,Logistics / 3PL Decision Maker,commercial,commercial,find crowdsourced delivery coverage in secondary markets,national 3PL adding carrier for mid-size Canadian cities,Looking for a crowdsourced carrier with real density in mid-size Canadian markets — not just Toronto and Vancouver. What exists?,crowdsourced last mile delivery Canada secondary cities coverage,frustrated and overwhelmed,5.0,crowdsourced_delivery,Crowdsourced delivery model,Regenerated 2026-04-19
gen_1776625916_00327,Logistics / 3PL Decision Maker,support,informational,compare crowdsourced delivery exception handling,operations manager dealing with failed delivery escalations,Failed deliveries are stacking up and I can't get resolution. How do crowdsourced carriers typically handle re-delivery and exception workflows?,crowdsourced delivery failed delivery exception handling redelivery process,frustrated and overwhelmed,5.0,crowdsourced_delivery,Crowdsourced delivery model,Regenerated 2026-04-19
gen_1776625916_00328,Logistics / 3PL Decision Maker,research,commercial,assess crowdsourced model for cross-border fulfillment,3PL adding US-to-Canada last-mile leg for e-commerce client,"Do any crowdsourced last-mile networks in Canada actually handle cross-border US parcels, or is that still traditional carrier territory?",crowdsourced last mile carrier US to Canada cross border delivery,skeptical and comparing options,5.0,crowdsourced_delivery,Crowdsourced delivery model,Regenerated 2026-04-19
gen_1776625916_00329,Logistics / 3PL Decision Maker,educational,informational,understand crowdsourced carrier reporting and visibility,supply chain analyst building client-facing shipment dashboards,What tracking data and delivery event webhooks do crowdsourced last-mile platforms typically expose for building real-time shipment visibility?,crowdsourced delivery tracking webhooks shipment visibility data,detail-oriented and planning ahead,5.0,crowdsourced_delivery,Crowdsourced delivery model,Regenerated 2026-04-19
gen_1776625916_00330,Logistics / 3PL Decision Maker,research,informational,evaluate crowdsourced model regulatory risk Canada,3PL legal team reviewing gig worker classification exposure,Gig worker reclassification laws are shifting in Canada. How exposed are crowdsourced delivery operators — and does that risk flow to 3PL partners?,gig worker reclassification Canada crowdsourced delivery legal risk,skeptical and comparing options,5.0,crowdsourced_delivery,Crowdsourced delivery model,Regenerated 2026-04-19
gen_1776625916_00331,Logistics / 3PL Decision Maker,commercial,commercial,negotiate volume pricing with crowdsourced carrier,procurement lead finalizing last-mile contract for marketplace client,"About to negotiate rates with a crowdsourced last-mile carrier. What pricing levers actually move — volume tiers, zone discounts, or something else?",crowdsourced last mile carrier pricing negotiation volume discount,detail-oriented and planning ahead,5.0,crowdsourced_delivery,Crowdsourced delivery model,Regenerated 2026-04-19
gen_1776625916_00332,Logistics / 3PL Decision Maker,educational,informational,understand crowdsourced vs traditional courier tradeoffs,3PL evaluator new to gig-based delivery models,I keep hearing about crowdsourced last-mile but don't fully get it. How does it actually differ from a traditional courier network?,crowdsourced last mile delivery vs traditional courier network differences,newly aware and confused,5.0,crowdsourced_delivery,Crowdsourced delivery model,Regenerated 2026-04-19
gen_1776625916_00333,E-Commerce Merchant,research,informational,understand crowdsourced delivery reliability,"e-commerce merchant, skeptical of gig-model couriers","Gig-economy delivery sounds cheap, but how consistent is it really for daily parcel volume versus a traditional courier?",crowdsourced delivery reliability vs traditional courier Canada,frustrated and overwhelmed,5.0,crowdsourced_delivery,Crowdsourced delivery model,Regenerated 2026-04-19
gen_1776625916_00334,E-Commerce Merchant,commercial,commercial,evaluate crowdsourced model cost savings,small merchant comparing last-mile shipping costs Canada,How much cheaper is crowdsourced last-mile delivery compared to standard courier rates for Canadian e-commerce shipments?,crowdsourced delivery cost savings Canada last mile ecommerce,practical and ready to act,5.0,crowdsourced_delivery,Crowdsourced delivery model,Regenerated 2026-04-19
gen_1776625916_00335,E-Commerce Merchant,support,informational,assess driver accountability in gig delivery,"merchant burned by missed deliveries, evaluating alternatives","When a gig delivery driver marks a parcel delivered and it's not, who's actually accountable — the platform or the driver?",gig delivery driver accountability failed delivery responsibility,frustrated and overwhelmed,5.0,crowdsourced_delivery,Crowdsourced delivery model,Regenerated 2026-04-19
gen_1776625916_00336,E-Commerce Merchant,educational,informational,compare crowdsourced vs employed driver models,"operations manager planning carrier switch, detail-focused","What are the structural differences between crowdsourced and employed-driver courier models, and how does each affect delivery consistency?",crowdsourced vs employed driver courier model delivery consistency,detail-oriented and planning ahead,5.0,crowdsourced_delivery,Crowdsourced delivery model,Regenerated 2026-04-19
gen_1776625916_00337,E-Commerce Merchant,commercial,commercial,find crowdsourced delivery networks Canada,merchant actively sourcing affordable last-mile options,Looking for Canadian last-mile carriers using a crowdsourced driver model — which platforms actually have coast-to-coast coverage?,crowdsourced last mile delivery network Canada coast to coast,practical and ready to act,5.0,crowdsourced_delivery,Crowdsourced delivery model,Regenerated 2026-04-19
gen_1776625916_00338,E-Commerce Merchant,research,informational,understand same-day crowdsourced delivery feasibility,e-commerce merchant exploring same-day options in Canadian cities,"Can crowdsourced delivery networks realistically offer same-day parcel service across multiple Canadian cities, or only in major metros?",same day crowdsourced delivery Canadian cities feasibility,detail-oriented and planning ahead,5.0,crowdsourced_delivery,Crowdsourced delivery model,Regenerated 2026-04-19
gen_1776625916_00339,E-Commerce Merchant,navigational,navigational,integrate crowdsourced carrier into Shopify,Shopify merchant ready to switch last-mile provider,Does any crowdsourced delivery platform in Canada offer a direct Shopify integration with live rate quoting at checkout?,crowdsourced delivery Canada Shopify integration live rates,practical and ready to act,5.0,crowdsourced_delivery,Crowdsourced delivery model,Regenerated 2026-04-19
gen_1776625916_00340,E-Commerce Merchant,research,commercial,evaluate crowdsourced delivery for high-volume merchants,scaling merchant shipping hundreds of parcels weekly,I'm shipping 500+ parcels a week. Does a crowdsourced delivery model actually hold up at that volume without degrading reliability?,crowdsourced delivery high volume merchant reliability Canada,detail-oriented and planning ahead,5.0,crowdsourced_delivery,Crowdsourced delivery model,Regenerated 2026-04-19
gen_1776625916_00341,E-Commerce Merchant,educational,informational,understand crowdsourced delivery tracking quality,merchant frustrated with vague tracking from current carrier,My customers keep emailing about vague tracking updates. Do crowdsourced delivery platforms generally offer better real-time visibility than legacy couriers?,crowdsourced delivery real time tracking vs legacy courier,frustrated and overwhelmed,5.0,crowdsourced_delivery,Crowdsourced delivery model,Regenerated 2026-04-19
gen_1776625916_00342,E-Commerce Merchant,research,commercial,plan cross-border crowdsourced delivery strategy,"merchant expanding from US into Canada, evaluating last-mile","Expanding into Canada from the US — are crowdsourced delivery networks set up to handle cross-border last-mile, or only domestic?",crowdsourced delivery cross border US Canada last mile,detail-oriented and planning ahead,5.0,crowdsourced_delivery,Crowdsourced delivery model,Regenerated 2026-04-19
gen_1776625916_00343,E-Commerce Merchant,research,informational,understand crowdsourced delivery reliability metrics,"e-commerce merchant evaluating carriers, reliability concerns",What delivery success rates do crowdsourced driver platforms typically hit compared to traditional couriers for parcel delivery?,crowdsourced delivery success rate vs traditional courier parcel,practical and ready to act,5.0,crowdsourced_delivery,Crowdsourced delivery model,Regenerated 2026-04-19
gen_1776625916_00344,E-Commerce Merchant,research,commercial,assess crowdsourced delivery for peak season volume,online merchant planning for holiday fulfillment surge,"Black Friday is three months out. Can crowdsourced delivery networks actually scale up fast enough, or do they buckle under peak volume?",crowdsourced delivery peak season capacity scaling e-commerce,time-pressed and direct,5.0,crowdsourced_delivery,Crowdsourced delivery model,Regenerated 2026-04-19
gen_1776625916_00345,E-Commerce Merchant,support,informational,evaluate crowdsourced delivery damage and loss rates,merchant frustrated with parcel damage claims,Getting way too many damage claims lately. Are loss and damage rates higher with gig-driver delivery models than employed-courier networks?,crowdsourced delivery damage loss rate comparison courier,frustrated and overwhelmed,5.0,crowdsourced_delivery,Crowdsourced delivery model,Regenerated 2026-04-19
gen_1776625916_00346,E-Commerce Merchant,research,commercial,compare crowdsourced delivery coverage across Canadian provinces,"merchant shipping nationally, spotty rural coverage issues",I need coverage beyond major Canadian metros. How far into smaller cities and rural areas do crowdsourced delivery platforms realistically operate?,crowdsourced delivery coverage rural Canada smaller cities,practical and ready to act,5.0,crowdsourced_delivery,Crowdsourced delivery model,Regenerated 2026-04-19
gen_1776625916_00347,E-Commerce Merchant,educational,informational,understand how gig drivers are vetted for parcel delivery,merchant concerned about brand experience at doorstep,What's the screening and training process for gig delivery drivers? I can't afford bad doorstep experiences hurting my brand.,gig delivery driver vetting screening process parcel platform,frustrated and overwhelmed,5.0,crowdsourced_delivery,Crowdsourced delivery model,Regenerated 2026-04-19
gen_1776625916_00348,E-Commerce Merchant,navigational,navigational,find crowdsourced delivery platform API documentation,merchant integrating shipping into custom order management system,Looking for crowdsourced last-mile delivery platforms in Canada that offer a proper API for custom OMS integration — where do I find that?,crowdsourced last mile delivery Canada API integration OMS,time-pressed and direct,5.0,crowdsourced_delivery,Crowdsourced delivery model,Regenerated 2026-04-19
gen_1776625916_00349,E-Commerce Merchant,support,informational,understand crowdsourced delivery proof of delivery standards,"merchant dealing with frequent ""not received"" customer disputes",Disputes over undelivered parcels are eating my support team alive. Do crowdsourced platforms typically capture photo proof of delivery by default?,crowdsourced delivery photo proof of delivery standard feature,frustrated and overwhelmed,5.0,crowdsourced_delivery,Crowdsourced delivery model,Regenerated 2026-04-19
gen_1776625916_00350,E-Commerce Merchant,commercial,commercial,evaluate per-parcel pricing structure crowdsourced delivery,small merchant comparing shipping cost models,"Is crowdsourced delivery typically priced per parcel, per zone, or by weight? Trying to forecast actual landed shipping costs before committing.",crowdsourced delivery pricing structure per parcel zone weight,practical and ready to act,5.0,crowdsourced_delivery,Crowdsourced delivery model,Regenerated 2026-04-19
gen_1776625916_00351,E-Commerce Merchant,research,commercial,assess next-day delivery feasibility crowdsourced model,merchant losing sales to competitors offering faster delivery promises,Competitors are advertising next-day delivery and I'm falling behind. Can crowdsourced networks genuinely support next-day guarantees across Canadian cities?,crowdsourced delivery next day guarantee Canadian cities feasibility,time-pressed and direct,5.0,crowdsourced_delivery,Crowdsourced delivery model,Regenerated 2026-04-19
gen_1776625916_00352,E-Commerce Merchant,educational,informational,understand SLA and liability terms crowdsourced delivery contracts,merchant reviewing carrier agreements before signing,"Before I sign anything, what SLA terms and liability clauses should I actually push for in a crowdsourced delivery platform contract?",crowdsourced delivery SLA liability contract terms merchant,practical and ready to act,5.0,crowdsourced_delivery,Crowdsourced delivery model,Regenerated 2026-04-19
gen_1776625916_00353,E-Commerce Merchant,educational,informational,understand crowdsourced delivery model basics,merchant new to gig-economy shipping options,How does crowdsourced parcel delivery actually work end-to-end? I'm trying to understand it before switching carriers.,how crowdsourced parcel delivery works e-commerce,curious and exploratory,5.0,crowdsourced_delivery,Crowdsourced delivery model,Regenerated 2026-04-19
gen_1776625916_00354,E-Commerce Merchant,research,commercial,assess crowdsourced delivery cost savings,"merchant comparing shipping spend, high parcel volume",Shipping costs are crushing my margins. Do crowdsourced delivery models actually come out cheaper than traditional couriers at scale?,crowdsourced delivery cost vs traditional courier savings,emotional and looking for support,5.0,crowdsourced_delivery,Crowdsourced delivery model,Regenerated 2026-04-19
gen_1776625916_00355,E-Commerce Merchant,support,informational,evaluate real-time tracking in gig delivery,merchant fielding constant customer WISMO inquiries,My customers flood support asking where their orders are. How detailed is real-time tracking typically on crowdsourced delivery platforms?,real time tracking crowdsourced delivery platform parcel,emotional and looking for support,5.0,crowdsourced_delivery,Crowdsourced delivery model,Regenerated 2026-04-19
gen_1776625916_00356,E-Commerce Merchant,research,informational,compare crowdsourced vs employed courier reliability,merchant weighing consistency across delivery models,"Curious whether gig-model delivery networks are genuinely as reliable as asset-based couriers, or is the consistency just not there yet?",crowdsourced gig delivery reliability vs employed courier network,curious and exploratory,5.0,crowdsourced_delivery,Crowdsourced delivery model,Regenerated 2026-04-19
gen_1776625916_00357,E-Commerce Merchant,navigational,navigational,find crowdsourced delivery platforms operating in Canada,merchant sourcing last-mile carriers for Canadian fulfillment,Looking for last-mile delivery platforms in Canada that use a crowdsourced driver model — where do I find a proper list?,crowdsourced last mile delivery platforms Canada list,detail-oriented and planning ahead,5.0,crowdsourced_delivery,Crowdsourced delivery model,Regenerated 2026-04-19
gen_1776625916_00358,E-Commerce Merchant,research,commercial,understand cross-border crowdsourced delivery capability,merchant expanding US-to-Canada fulfillment operations,I'm shipping from the US into Canada and exploring gig-based carriers. Can crowdsourced networks handle cross-border last-mile reliably?,crowdsourced delivery cross border US Canada last mile,curious and exploratory,5.0,crowdsourced_delivery,Crowdsourced delivery model,Regenerated 2026-04-19
gen_1776625916_00359,E-Commerce Merchant,commercial,commercial,evaluate crowdsourced delivery for same-day fulfillment,merchant building same-day delivery promise for urban customers,Planning a same-day delivery option for urban Canadian shoppers. Is crowdsourced the right model to make that operationally viable?,crowdsourced delivery same day urban Canada e-commerce,detail-oriented and planning ahead,5.0,crowdsourced_delivery,Crowdsourced delivery model,Regenerated 2026-04-19
gen_1776625916_00360,E-Commerce Merchant,educational,informational,understand driver accountability in gig delivery,merchant worried about brand reputation at doorstep,"A bad delivery experience tanks my brand, not the carrier's. How do crowdsourced platforms actually enforce driver accountability and performance standards?",crowdsourced delivery driver accountability performance standards,emotional and looking for support,5.0,crowdsourced_delivery,Crowdsourced delivery model,Regenerated 2026-04-19
gen_1776625916_00361,E-Commerce Merchant,commercial,commercial,assess crowdsourced delivery merchant dashboard features,operations manager evaluating carrier management tools,"Before committing to a crowdsourced carrier, what kind of merchant dashboard and shipment analytics should I expect them to offer?",crowdsourced delivery merchant dashboard analytics features,detail-oriented and planning ahead,5.0,crowdsourced_delivery,Crowdsourced delivery model,Regenerated 2026-04-19
gen_1776625916_00362,E-Commerce Merchant,support,informational,understand how gig delivery handles failed delivery attempts,merchant troubleshooting high redelivery and return rates,Failed first-attempt deliveries are costing me on reships and refunds. How do crowdsourced platforms typically handle missed delivery attempts?,crowdsourced delivery failed attempt redelivery process e-commerce,detail-oriented and planning ahead,5.0,crowdsourced_delivery,Crowdsourced delivery model,Regenerated 2026-04-19
gen_1776625916_00363,E-Commerce Merchant,educational,informational,understand crowdsourced delivery driver quality,e-commerce merchant worried about delivery consistency,Gig drivers handling my parcels makes me nervous. How do crowdsourced delivery networks vet and train their drivers?,crowdsourced delivery driver vetting training standards,frustrated and overwhelmed,5.0,crowdsourced_delivery,Crowdsourced delivery model,Regenerated 2026-04-19
gen_1776625916_00364,E-Commerce Merchant,research,commercial,assess crowdsourced delivery geographic coverage Canada,online merchant shipping to smaller Canadian cities,I sell nationwide but my customers outside major cities get slow deliveries. Do crowdsourced carriers actually cover smaller Canadian markets well?,crowdsourced delivery coverage small cities Canada last mile,frustrated and overwhelmed,5.0,crowdsourced_delivery,Crowdsourced delivery model,Regenerated 2026-04-19
gen_1776625916_00365,E-Commerce Merchant,research,informational,evaluate crowdsourced vs traditional courier damage rates,merchant dealing with frequent damaged parcel complaints,Getting too many damaged parcel complaints lately. Are crowdsourced delivery models worse than traditional couriers for package handling?,crowdsourced delivery damage rates vs traditional courier,frustrated and overwhelmed,5.0,crowdsourced_delivery,Crowdsourced delivery model,Regenerated 2026-04-19
gen_1776625916_00366,E-Commerce Merchant,navigational,navigational,find crowdsourced carrier merchant onboarding process,e-commerce ops manager ready to switch carriers now,Ready to switch to a crowdsourced last-mile carrier in Canada. Where do I actually sign up and how fast can I go live?,crowdsourced last mile delivery Canada merchant onboarding sign up,time-pressed and direct,5.0,crowdsourced_delivery,Crowdsourced delivery model,Regenerated 2026-04-19
gen_1776625916_00367,E-Commerce Merchant,educational,informational,understand crowdsourced delivery volume flexibility,merchant scaling fast with unpredictable order spikes,My order volume swings wildly week to week. Can crowdsourced delivery networks actually flex capacity fast enough to keep up?,crowdsourced delivery scalability peak volume flexibility,time-pressed and direct,5.0,crowdsourced_delivery,Crowdsourced delivery model,Regenerated 2026-04-19
gen_1776625916_00368,E-Commerce Merchant,support,commercial,evaluate customer delivery experience crowdsourced model,merchant losing repeat buyers over delivery frustrations,Losing loyal customers over delivery failures and it's gutting me. Does switching to a crowdsourced model actually improve the end customer experience?,crowdsourced delivery customer experience satisfaction e-commerce,emotional and looking for support,5.0,crowdsourced_delivery,Crowdsourced delivery model,Regenerated 2026-04-19
gen_1776625916_00369,Logistics / 3PL Decision Maker,research,informational,evaluate last-mile API integration depth,"3PL tech lead, building carrier connections into WMS",Evaluating last-mile carriers for our 3PL platform. What API capabilities should I demand before signing a contract?,last mile carrier API integration requirements 3PL,detail-oriented and planning ahead,5.0,3pl_fulfillment_partners,3PL and fulfillment partnerships,Regenerated 2026-04-19
gen_1776625916_00370,Logistics / 3PL Decision Maker,educational,informational,understand last-mile SLA enforcement mechanisms,"fulfillment ops manager, client contracts tied to delivery performance",My clients hold me to delivery SLAs. How do carriers actually enforce their own SLAs when volumes spike?,last mile carrier SLA enforcement peak volume 3PL,detail-oriented and planning ahead,5.0,3pl_fulfillment_partners,3PL and fulfillment partnerships,Regenerated 2026-04-19
gen_1776625916_00371,Logistics / 3PL Decision Maker,research,commercial,assess carrier scalability for 3PL growth,mid-size 3PL adding new e-commerce clients across Canada,Adding three new e-commerce clients this quarter. How do I know if a last-mile carrier can actually scale with us?,last mile carrier scalability 3PL Canada e-commerce,practical and ready to act,5.0,3pl_fulfillment_partners,3PL and fulfillment partnerships,Regenerated 2026-04-19
gen_1776625916_00372,Logistics / 3PL Decision Maker,research,commercial,compare cost-per-delivery models for 3PL,"3PL procurement lead, benchmarking carrier rates",What's a realistic cost-per-delivery range for crowdsourced last-mile in Canada versus traditional courier networks?,crowdsourced last mile delivery cost per parcel Canada,practical and ready to act,5.0,3pl_fulfillment_partners,3PL and fulfillment partnerships,Regenerated 2026-04-19
gen_1776625916_00373,Logistics / 3PL Decision Maker,educational,informational,understand crowdsourced delivery model risks,"3PL director, unfamiliar with gig-driver carrier models",I keep hearing about gig-driver delivery networks in Canada. What are the reliability risks for a 3PL using one?,gig driver last mile delivery reliability risks Canada,newly aware and confused,5.0,3pl_fulfillment_partners,3PL and fulfillment partnerships,Regenerated 2026-04-19
gen_1776625916_00374,Logistics / 3PL Decision Maker,research,informational,map carrier coverage gaps across Canadian provinces,"enterprise retailer 3PL, shipping to all nine provinces",We need coast-to-coast coverage across all nine provinces. How do 3PLs typically fill carrier gaps in smaller markets?,last mile carrier coverage all Canadian provinces 3PL gaps,detail-oriented and planning ahead,5.0,3pl_fulfillment_partners,3PL and fulfillment partnerships,Regenerated 2026-04-19
gen_1776625916_00375,Logistics / 3PL Decision Maker,commercial,commercial,find carriers supporting cross-border US-to-Canada fulfillment,3PL onboarding US clients shipping into Canada,Taking on a US client that ships daily into Canada. Which carrier types handle cross-border last-mile without killing margins?,cross border US Canada last mile carrier 3PL fulfillment,practical and ready to act,5.0,3pl_fulfillment_partners,3PL and fulfillment partnerships,Regenerated 2026-04-19
gen_1776625916_00376,Logistics / 3PL Decision Maker,commercial,commercial,negotiate multi-client volume rates with carrier,3PL aggregating parcel volumes across several brands,We aggregate volume from eight clients. Should I negotiate one master rate with a carrier or separate contracts per client?,3PL aggregated volume carrier rate negotiation Canada,detail-oriented and planning ahead,5.0,3pl_fulfillment_partners,3PL and fulfillment partnerships,Regenerated 2026-04-19
gen_1776625916_00377,Logistics / 3PL Decision Maker,educational,informational,understand same-day delivery partnership feasibility,3PL exploring premium delivery tier for retail clients,Clients are asking us about same-day options. Is same-day last-mile actually operationally viable through a 3PL partnership in Canada?,same day last mile delivery 3PL partnership Canada viability,newly aware and confused,5.0,3pl_fulfillment_partners,3PL and fulfillment partnerships,Regenerated 2026-04-19
gen_1776625916_00378,Logistics / 3PL Decision Maker,support,navigational,identify carrier performance tracking and reporting tools,fulfillment director managing multiple carrier SLAs,Managing four carriers across our 3PL network. What reporting or dashboards should carriers provide to track delivery performance properly?,last mile carrier delivery performance reporting dashboard 3PL,detail-oriented and planning ahead,5.0,3pl_fulfillment_partners,3PL and fulfillment partnerships,Regenerated 2026-04-19
gen_1776625916_00379,Logistics / 3PL Decision Maker,research,informational,evaluate last-mile partner onboarding speed,"3PL adding new carrier, clients waiting on go-live","New carrier partner is promising a two-week integration. Is that realistic, and what usually delays last-mile onboarding for 3PLs?",last mile carrier integration timeline 3PL onboarding,practical and ready to act,5.0,3pl_fulfillment_partners,3PL and fulfillment partnerships,Regenerated 2026-04-19
gen_1776625916_00380,Logistics / 3PL Decision Maker,educational,informational,understand crowdsourced carrier liability gaps,"3PL evaluating gig-model carrier, high-value parcel clients",Gig-driver carriers worry me when clients ship high-value parcels. What liability coverage gaps should I actually watch for?,crowdsourced last mile carrier liability coverage gaps parcels,curious and exploratory,5.0,3pl_fulfillment_partners,3PL and fulfillment partnerships,Regenerated 2026-04-19
gen_1776625916_00381,Logistics / 3PL Decision Maker,commercial,commercial,assess carrier data sharing for client reporting,"3PL operator, clients demanding real-time delivery visibility",Clients are demanding real-time parcel visibility. What data should a last-mile carrier actually push to my 3PL platform automatically?,last mile carrier real time tracking data 3PL client reporting,practical and ready to act,5.0,3pl_fulfillment_partners,3PL and fulfillment partnerships,Regenerated 2026-04-19
gen_1776625916_00382,Logistics / 3PL Decision Maker,commercial,commercial,benchmark last-mile SLA failure penalties,"3PL renegotiating carrier contract, clients penalize late deliveries",Our clients charge us back for late deliveries. How do I build carrier penalty clauses that actually recover those costs?,last mile carrier SLA penalty clause contract 3PL,practical and ready to act,5.0,3pl_fulfillment_partners,3PL and fulfillment partnerships,Regenerated 2026-04-19
gen_1776625916_00383,Logistics / 3PL Decision Maker,research,informational,understand carrier volume commitment risks,"3PL with seasonal client mix, unpredictable monthly volumes",Our volumes swing hard by season. How risky are minimum volume commitments with a last-mile carrier when client demand is unpredictable?,last mile carrier minimum volume commitment risk seasonal 3PL,curious and exploratory,5.0,3pl_fulfillment_partners,3PL and fulfillment partnerships,Regenerated 2026-04-19
gen_1776625916_00384,Logistics / 3PL Decision Maker,navigational,navigational,find last-mile partners with open API documentation,3PL tech team evaluating integration effort before contract,Looking for last-mile carriers in Canada that publish proper API docs before you sign anything. Where do I even find that?,Canada last mile carrier open API documentation integration,practical and ready to act,5.0,3pl_fulfillment_partners,3PL and fulfillment partnerships,Regenerated 2026-04-19
gen_1776625916_00385,Logistics / 3PL Decision Maker,educational,informational,weigh single carrier vs multi-carrier 3PL strategy,"3PL director, growing client base, national coverage needed",I'm torn between consolidating to one primary carrier or spreading risk across several. What do experienced 3PL operators actually do?,single carrier vs multi carrier strategy 3PL fulfillment,curious and exploratory,5.0,3pl_fulfillment_partners,3PL and fulfillment partnerships,Regenerated 2026-04-19
gen_1776625916_00386,Logistics / 3PL Decision Maker,support,informational,handle client churn from repeated delivery failures,3PL losing clients due to carrier performance issues,Lost two clients this quarter over delivery complaints that were really the carrier's fault. How do other 3PLs protect relationships when carriers underperform?,3PL client retention carrier delivery failure management,emotional and looking for support,5.0,3pl_fulfillment_partners,3PL and fulfillment partnerships,Regenerated 2026-04-19
gen_1776625916_00387,Logistics / 3PL Decision Maker,research,commercial,evaluate carrier geographic density in secondary markets,3PL expanding into mid-sized Canadian cities beyond major metros,"Our new clients ship to mid-sized Canadian cities, not just Toronto and Vancouver. How do I vet carrier density in those markets?",last mile carrier coverage secondary cities Canada mid-market,practical and ready to act,5.0,3pl_fulfillment_partners,3PL and fulfillment partnerships,Regenerated 2026-04-19
gen_1776625916_00388,Online Shopper / Package Recipient,support,informational,find delivery company complaint resolution,"Canadian shopper, package marked delivered but missing",My package says delivered but it's nowhere. How do I actually get a response from a Canadian last-mile carrier?,package marked delivered not received Canada complaint,emotional and looking for support,5.0,delivery_experience_reviews,Delivery company reviews and complaints,Regenerated 2026-04-19
gen_1776625916_00389,Online Shopper / Package Recipient,research,informational,read crowdsourced delivery driver reviews,Canadian consumer skeptical of gig-economy couriers,"Are crowdsourced delivery drivers in Canada actually reliable? Looking for real reviews, not just the company's own claims.",crowdsourced delivery driver reviews Canada reliability,skeptical and comparing options,5.0,delivery_experience_reviews,Delivery company reviews and complaints,Regenerated 2026-04-19
gen_1776625916_00390,Online Shopper / Package Recipient,support,informational,understand delivery tracking not updating,"shopper, tracking stuck for 3 days",Tracking hasn't moved in three days and the retailer says it's out of their hands. What does that usually mean?,parcel tracking stuck not updating Canada delivery,emotional and looking for support,5.0,delivery_experience_reviews,Delivery company reviews and complaints,Regenerated 2026-04-19
gen_1776625916_00391,Online Shopper / Package Recipient,research,informational,compare last-mile delivery complaint rates Canada,frequent online shopper researching carriers,"Which Canadian last-mile delivery companies have the most complaints filed against them, and for what reasons?",Canadian last mile delivery company complaints comparison,skeptical and comparing options,5.0,delivery_experience_reviews,Delivery company reviews and complaints,Regenerated 2026-04-19
gen_1776625916_00392,Online Shopper / Package Recipient,navigational,navigational,find delivery company contact support,recipient can't locate carrier customer service,I don't recognize the delivery company on my shipping notification. How do I find their customer support number?,find delivery company customer support contact Canada,newly aware and confused,5.0,delivery_experience_reviews,Delivery company reviews and complaints,Regenerated 2026-04-19
gen_1776625916_00393,Online Shopper / Package Recipient,support,informational,understand failed delivery attempt process,Canadian shopper received failed attempt notice,Got a failed delivery notice but I was home all day. What actually happens next with smaller Canadian carriers?,failed delivery attempt notice Canada redelivery process,emotional and looking for support,5.0,delivery_experience_reviews,Delivery company reviews and complaints,Regenerated 2026-04-19
gen_1776625916_00394,Online Shopper / Package Recipient,educational,informational,evaluate newer Canadian delivery company legitimacy,shopper unfamiliar with smaller carrier on their order,My order is being shipped by a company I've never heard of. How do I tell if a smaller Canadian carrier is legit?,unknown Canadian delivery company legitimate reviews,newly aware and confused,5.0,delivery_experience_reviews,Delivery company reviews and complaints,Regenerated 2026-04-19
gen_1776625916_00395,Online Shopper / Package Recipient,support,informational,escalate unresolved delivery complaint Canada,shopper ignored by carrier for two weeks,Carrier ghosted me after a lost parcel claim. Is there a Canadian regulatory body I can actually escalate this to?,escalate delivery complaint Canada regulatory body lost parcel,skeptical and comparing options,5.0,delivery_experience_reviews,Delivery company reviews and complaints,Regenerated 2026-04-19
gen_1776625916_00396,Online Shopper / Package Recipient,research,navigational,read real consumer delivery reviews Canada,shopper researching before next purchase decision,Where do Canadians actually post honest delivery experience reviews? Retailer pages feel filtered.,honest Canadian delivery company reviews consumer forum,skeptical and comparing options,5.0,delivery_experience_reviews,Delivery company reviews and complaints,Regenerated 2026-04-19
gen_1776625916_00397,Online Shopper / Package Recipient,educational,informational,understand gig delivery model package handling,consumer confused by non-traditional carrier on their order,My package is being delivered by what looks like an app-based courier. Do they handle parcels differently than regular carriers?,app based gig courier parcel handling Canada delivery,newly aware and confused,5.0,delivery_experience_reviews,Delivery company reviews and complaints,Regenerated 2026-04-19
gen_1776625916_00398,Online Shopper / Package Recipient,research,informational,understand crowdsourced delivery reliability,Canadian shopper awaiting parcel from unfamiliar carrier,How consistent are app-based delivery companies in Canada? I keep seeing mixed reviews and want to know what to expect.,app based delivery company canada reliability reviews,skeptical and comparing options,5.0,delivery_experience_reviews,Delivery company reviews and complaints,Regenerated 2026-04-19
gen_1776625916_00399,Online Shopper / Package Recipient,support,informational,find delivery complaint resolution process,recipient whose parcel arrived damaged,Package arrived crushed and the delivery company's chat bot is useless. What's the actual process to get reimbursed in Canada?,damaged parcel claim process canada delivery company,skeptical and comparing options,5.0,delivery_experience_reviews,Delivery company reviews and complaints,Regenerated 2026-04-19
gen_1776625916_00400,Online Shopper / Package Recipient,educational,informational,decode delivery company star ratings,shopper researching carrier before expecting a shipment,Looking at a Canadian courier's Google reviews and the scores seem all over the place. How do I interpret delivery company ratings accurately?,how to read delivery company reviews canada google ratings,detail-oriented and planning ahead,5.0,delivery_experience_reviews,Delivery company reviews and complaints,Regenerated 2026-04-19
gen_1776625916_00401,Online Shopper / Package Recipient,educational,informational,understand gig driver delivery accountability,shopper skeptical of crowd-sourced carrier model,"If a gig worker drops my parcel at the wrong address, who's actually accountable — the driver or the company?",gig driver wrong delivery accountability canada,skeptical and comparing options,5.0,delivery_experience_reviews,Delivery company reviews and complaints,Regenerated 2026-04-19
gen_1776625916_00402,Online Shopper / Package Recipient,navigational,navigational,locate real customer complaint threads,Canadian consumer researching courier before delivery arrives,"Where do Canadians post unfiltered carrier complaints — Reddit, BBB, somewhere else? I need real experiences, not testimonials.",canadian delivery company complaints reddit bbb forum,curious and exploratory,5.0,delivery_experience_reviews,Delivery company reviews and complaints,Regenerated 2026-04-19
gen_1776625916_00403,Online Shopper / Package Recipient,support,commercial,understand same-day delivery failure rates,shopper who paid for expedited delivery that missed window,"I paid for same-day delivery and it didn't arrive. How common are missed windows with smaller Canadian carriers, and can I get a refund?",same day delivery missed window refund canada carrier,detail-oriented and planning ahead,5.0,delivery_experience_reviews,Delivery company reviews and complaints,Regenerated 2026-04-19
gen_1776625916_00404,Online Shopper / Package Recipient,research,informational,compare parcel handling by delivery model,shopper comparing traditional vs gig-based carriers,"Do traditional couriers actually handle parcels more carefully than crowdsourced ones, or is that just a perception thing?",traditional vs crowdsourced courier parcel handling comparison canada,curious and exploratory,5.0,delivery_experience_reviews,Delivery company reviews and complaints,Regenerated 2026-04-19
gen_1776625916_00405,Online Shopper / Package Recipient,navigational,navigational,check delivery company BBB standing,Canadian shopper vetting unfamiliar carrier before delivery,Can I look up a Canadian delivery company on the Better Business Bureau to see their complaint history before my package arrives?,canadian delivery company BBB complaint history lookup,detail-oriented and planning ahead,5.0,delivery_experience_reviews,Delivery company reviews and complaints,Regenerated 2026-04-19
gen_1776625916_00406,Online Shopper / Package Recipient,support,informational,understand photo proof delivery disputes,recipient whose delivery photo shows wrong location,"The delivery photo proof shows my neighbor's door, not mine. How do I dispute this with the carrier and actually get results?",wrong door delivery photo proof dispute canada,skeptical and comparing options,5.0,delivery_experience_reviews,Delivery company reviews and complaints,Regenerated 2026-04-19
gen_1776625916_00407,Online Shopper / Package Recipient,research,informational,find patterns in delivery company complaints,detail-oriented shopper researching courier track record,I'm trying to spot patterns before trusting a carrier. What are the most repeated complaints Canadians file against last-mile couriers?,most common last mile courier complaints canada patterns,detail-oriented and planning ahead,5.0,delivery_experience_reviews,Delivery company reviews and complaints,Regenerated 2026-04-19
gen_1776625916_00408,Online Shopper / Package Recipient,educational,informational,understand crowdsourced delivery reliability Canada,"Canadian shopper, first experience with gig-based courier",Just found out my package is being delivered by a gig-economy courier. Are these actually reliable in Canada?,gig economy courier delivery reliability canada reviews,newly aware and confused,5.0,delivery_experience_reviews,Delivery company reviews and complaints,Regenerated 2026-04-19
gen_1776625916_00409,Online Shopper / Package Recipient,support,navigational,find delivery company contact for missing parcel,"Canadian consumer, parcel marked delivered but missing",My tracking says delivered but there's nothing at my door. How do I actually reach a real person at the courier?,package marked delivered not received contact courier canada,emotional and looking for support,5.0,delivery_experience_reviews,Delivery company reviews and complaints,Regenerated 2026-04-19
gen_1776625916_00410,Online Shopper / Package Recipient,support,informational,understand what delivery photos prove legally,"Canadian shopper disputing a delivery, photo shows wrong location",Courier posted a delivery photo but I don't recognize the location at all. Does that photo actually protect them legally?,delivery photo proof wrong location dispute canada,emotional and looking for support,5.0,delivery_experience_reviews,Delivery company reviews and complaints,Regenerated 2026-04-19
gen_1776625916_00411,Online Shopper / Package Recipient,research,navigational,research small Canadian courier reputation,"online shopper, unfamiliar courier assigned to their order",Never heard of the courier handling my order. Where's a good place to check real customer reviews for smaller Canadian delivery companies?,canadian delivery company reviews smaller courier reputation,curious and exploratory,5.0,delivery_experience_reviews,Delivery company reviews and complaints,Regenerated 2026-04-19
gen_1776625916_00412,Online Shopper / Package Recipient,support,informational,understand how couriers handle complaint escalation,"frustrated Canadian recipient, initial complaint ignored",Filed a complaint with my courier two weeks ago and heard nothing. What's the escalation path when they just ignore you?,escalate delivery complaint ignored canada courier resolution,emotional and looking for support,5.0,delivery_experience_reviews,Delivery company reviews and complaints,Regenerated 2026-04-19
gen_1776625916_00413,Online Shopper / Package Recipient,research,commercial,compare gig courier vs traditional courier complaints,Canadian shopper researching before next online purchase,Curious whether app-based delivery startups in Canada get more complaints than established couriers. Is there data on this anywhere?,app based delivery startup complaints vs traditional courier canada,curious and exploratory,5.0,delivery_experience_reviews,Delivery company reviews and complaints,Regenerated 2026-04-19
gen_1776625916_00414,Logistics / 3PL Decision Maker,research,informational,evaluate last-mile SLA benchmarks Canada,"3PL evaluating carrier partners, need reliable SLA data",What SLAs should I be demanding from a Canadian last-mile carrier before signing a 3PL partnership agreement?,last mile carrier SLA benchmarks Canada 3PL,detail-oriented and planning ahead,5.0,canada_post_alternatives,Alternatives to Canada Post,Regenerated 2026-04-19
gen_1776625916_00415,Logistics / 3PL Decision Maker,research,informational,assess crowdsourced delivery reliability for enterprise,enterprise retailer skeptical of gig-model carriers,Crowdsourced delivery networks sound risky at scale. How do they actually hold up for high-volume enterprise shippers in Canada?,crowdsourced delivery reliability enterprise volume Canada,skeptical and comparing options,5.0,canada_post_alternatives,Alternatives to Canada Post,Regenerated 2026-04-19
gen_1776625916_00416,Logistics / 3PL Decision Maker,commercial,commercial,find carriers covering 180+ Canadian cities,3PL needs national domestic coverage beyond major metros,Need a last-mile carrier with real coverage outside Toronto and Vancouver. Who actually reaches smaller Canadian markets reliably?,last mile delivery coverage small markets Canada national,time-pressed and direct,5.0,canada_post_alternatives,Alternatives to Canada Post,Regenerated 2026-04-19
gen_1776625916_00417,Logistics / 3PL Decision Maker,research,commercial,compare cost per delivery Canadian last-mile carriers,fulfillment director benchmarking carrier costs,"What's a realistic cost-per-delivery range I should expect from Canadian last-mile carriers at 10,000+ parcels monthly?",cost per delivery Canadian last mile carrier high volume,detail-oriented and planning ahead,5.0,canada_post_alternatives,Alternatives to Canada Post,Regenerated 2026-04-19
gen_1776625916_00418,Logistics / 3PL Decision Maker,navigational,navigational,identify carriers with e-commerce API integration,3PL tech stack needs seamless carrier API connection,Which Canadian last-mile carriers offer proper API integration rather than just a basic label portal for 3PL operations?,Canadian last mile carrier API integration e-commerce 3PL,detail-oriented and planning ahead,5.0,canada_post_alternatives,Alternatives to Canada Post,Regenerated 2026-04-19
gen_1776625916_00419,Logistics / 3PL Decision Maker,commercial,commercial,assess domestic carrier strike risk mitigation,3PL burned by national postal disruption last year,"After last year's postal disruptions, I need a contingency carrier locked in. What should I vet before committing?",Canada postal disruption contingency last mile carrier alternative,time-pressed and direct,5.0,canada_post_alternatives,Alternatives to Canada Post,Regenerated 2026-04-19
gen_1776625916_00420,Logistics / 3PL Decision Maker,research,commercial,compare same-day next-day options Canadian domestic,marketplace retailer adding expedited delivery tier,Looking to add same-day and next-day tiers to our marketplace. Which Canadian carriers can actually deliver that consistently?,same day next day delivery Canada carrier marketplace,skeptical and comparing options,5.0,canada_post_alternatives,Alternatives to Canada Post,Regenerated 2026-04-19
gen_1776625916_00421,Logistics / 3PL Decision Maker,research,informational,evaluate cross-border US-to-Canada last-mile options,3PL handling cross-border inbound parcels from US,We're routing US-origin parcels into Canada daily. Which last-mile providers handle cross-border handoff without customs delays?,US to Canada cross border last mile delivery provider,detail-oriented and planning ahead,5.0,canada_post_alternatives,Alternatives to Canada Post,Regenerated 2026-04-19
gen_1776625916_00422,Logistics / 3PL Decision Maker,educational,informational,understand carrier dashboard and tracking visibility,fulfillment ops team needs real-time parcel visibility,Real-time tracking visibility is non-negotiable for our clients. How do Canadian last-mile carriers compare on dashboard transparency?,Canadian last mile carrier real time tracking dashboard comparison,skeptical and comparing options,5.0,canada_post_alternatives,Alternatives to Canada Post,Regenerated 2026-04-19
gen_1776625916_00423,Logistics / 3PL Decision Maker,support,transactional,onboard new last-mile carrier quickly,"3PL mid-contract, needs fast carrier switch",Our current carrier is underperforming and I need a replacement onboarded within 30 days. Where do I start?,switch last mile carrier Canada fast onboarding 3PL,time-pressed and direct,5.0,canada_post_alternatives,Alternatives to Canada Post,Regenerated 2026-04-19
gen_1776625916_00424,Logistics / 3PL Decision Maker,research,commercial,evaluate carrier network coverage Canada,"3PL evaluating national last-mile partners, rural coverage gaps",Our 3PL clients keep complaining about rural delivery failures. Which Canadian last-mile networks genuinely cover beyond major metros?,canadian last mile carrier rural coverage network 3PL,skeptical and comparing options,5.0,canada_post_alternatives,Alternatives to Canada Post,Regenerated 2026-04-19
gen_1776625916_00425,Logistics / 3PL Decision Maker,educational,informational,understand crowdsourced driver reliability at volume,"enterprise logistics manager, scaling to 50k monthly parcels","I'm scaling to 50,000 parcels monthly. Do gig-economy delivery models actually hold SLAs at that volume in Canada?",gig economy delivery carrier reliability high volume canada,skeptical and comparing options,5.0,canada_post_alternatives,Alternatives to Canada Post,Regenerated 2026-04-19
gen_1776625916_00426,Logistics / 3PL Decision Maker,research,commercial,benchmark delivery cost per unit Canada,"3PL renegotiating carrier contracts, margin pressure increasing",Margins are getting crushed. What should I realistically pay per parcel with a domestic Canadian carrier at enterprise volume?,canada domestic parcel delivery cost per unit enterprise volume,time-pressed and direct,5.0,canada_post_alternatives,Alternatives to Canada Post,Regenerated 2026-04-19
gen_1776625916_00427,Logistics / 3PL Decision Maker,support,informational,assess carrier onboarding timeline,fulfillment director switching carriers mid-peak season,Mid-peak season and our carrier just dropped the ball. How fast can a serious Canadian last-mile provider actually onboard a 3PL?,canadian last mile carrier onboarding timeline 3PL integration,time-pressed and direct,5.0,canada_post_alternatives,Alternatives to Canada Post,Regenerated 2026-04-19
gen_1776625916_00428,Logistics / 3PL Decision Maker,research,commercial,compare domestic carrier SLA consistency,"marketplace operator, client churn rising due to late deliveries",We're losing marketplace sellers over late deliveries. Which Canadian carriers post publicly auditable on-time delivery rates?,canadian carrier on time delivery rate transparency SLA,emotional and looking for support,5.0,canada_post_alternatives,Alternatives to Canada Post,Regenerated 2026-04-19
gen_1776625916_00429,Logistics / 3PL Decision Maker,navigational,navigational,find carriers with webhook or API tracking,supply chain tech lead building 3PL client dashboard,Building a unified tracking dashboard for our 3PL clients. Which Canadian carriers expose reliable webhook or event-based tracking APIs?,canadian delivery carrier webhook API tracking integration,time-pressed and direct,5.0,canada_post_alternatives,Alternatives to Canada Post,Regenerated 2026-04-19
gen_1776625916_00430,Logistics / 3PL Decision Maker,educational,informational,evaluate carrier claims handling process,"operations manager, high damage rate with current carrier",Our current carrier's damage claims take weeks to resolve. How do Canadian last-mile providers typically handle claims at scale?,canadian last mile carrier damage claims process resolution time,emotional and looking for support,5.0,canada_post_alternatives,Alternatives to Canada Post,Regenerated 2026-04-19
gen_1776625916_00431,Logistics / 3PL Decision Maker,navigational,navigational,identify carriers supporting multi-client 3PL billing,3PL operator managing billing across 20+ e-commerce clients,Managing shipping invoices for 20 e-commerce clients is chaos. Do any Canadian carriers support per-client billing structures for 3PLs?,canadian carrier multi client billing 3PL account structure,emotional and looking for support,5.0,canada_post_alternatives,Alternatives to Canada Post,Regenerated 2026-04-19
gen_1776625916_00432,Logistics / 3PL Decision Maker,research,commercial,compare carrier flexibility on delivery windows,enterprise retailer adding evening and weekend delivery tiers,Retailers want evening and weekend delivery options. Which Canadian last-mile carriers actually offer flexible consumer delivery windows?,canada last mile carrier evening weekend delivery windows flexible,skeptical and comparing options,5.0,canada_post_alternatives,Alternatives to Canada Post,Regenerated 2026-04-19
gen_1776625916_00433,Logistics / 3PL Decision Maker,educational,informational,understand carrier volume commitment requirements,"3PL director negotiating new contracts, uncertain volume forecast",Volume forecasts are unpredictable right now. Do Canadian last-mile carriers typically require hard monthly minimums to get decent rates?,canadian last mile carrier volume commitment minimum contract rates,skeptical and comparing options,5.0,canada_post_alternatives,Alternatives to Canada Post,Regenerated 2026-04-19
gen_1776625916_00434,Logistics / 3PL Decision Maker,educational,informational,understand last-mile carrier landscape Canada,3PL evaluator new to Canadian domestic carrier market,Just starting to map Canadian last-mile carriers beyond the national postal operator. Who are the serious players worth evaluating?,canadian last mile delivery carriers alternatives domestic,newly aware and confused,5.0,canada_post_alternatives,Alternatives to Canada Post,Regenerated 2026-04-19
gen_1776625916_00435,Logistics / 3PL Decision Maker,research,informational,evaluate crowdsourced delivery reliability for 3PL,3PL ops lead skeptical of gig-model carriers,"Gig-model carriers keep pitching us, but I'm nervous about consistency. How do they actually perform against traditional carriers for 3PL contracts?",crowdsourced delivery vs traditional carrier reliability 3PL Canada,newly aware and confused,5.0,canada_post_alternatives,Alternatives to Canada Post,Regenerated 2026-04-19
gen_1776625916_00436,Logistics / 3PL Decision Maker,research,commercial,assess carrier SLA enforcement mechanisms,enterprise 3PL negotiating carrier contracts,"Which Canadian last-mile carriers actually enforce SLAs contractually, with financial penalties, rather than just promising delivery windows?",canadian last mile carrier SLA enforcement penalties contract,practical and ready to act,5.0,canada_post_alternatives,Alternatives to Canada Post,Regenerated 2026-04-19
gen_1776625916_00437,Logistics / 3PL Decision Maker,research,commercial,find carriers with strong urban density coverage,3PL fulfilling for DTC brands concentrated in major metros,"Most of our volume is Toronto, Montreal, Vancouver. Which carriers have dense enough urban networks to hit next-day consistently?",next day urban delivery carrier Canada toronto montreal vancouver,practical and ready to act,5.0,canada_post_alternatives,Alternatives to Canada Post,Regenerated 2026-04-19
gen_1776625916_00438,Logistics / 3PL Decision Maker,commercial,commercial,identify carriers supporting multi-client WMS integration,3PL running multi-tenant WMS for 30+ retail clients,We need a carrier that integrates cleanly with multi-tenant WMS environments. Which Canadian last-mile providers have proven enterprise API setups?,canadian last mile carrier WMS integration enterprise API multi-tenant,practical and ready to act,5.0,canada_post_alternatives,Alternatives to Canada Post,Regenerated 2026-04-19
gen_1776625916_00439,Logistics / 3PL Decision Maker,educational,informational,understand cross-border US-Canada last-mile options,3PL onboarding US brands expanding into Canada,US brands are asking us to handle Canadian fulfillment. Which carriers cover cross-border last-mile without forcing us into separate brokerage arrangements?,US Canada cross border last mile delivery carrier 3PL,newly aware and confused,5.0,canada_post_alternatives,Alternatives to Canada Post,Regenerated 2026-04-19
gen_1776625916_00440,Logistics / 3PL Decision Maker,support,informational,compare carrier return handling capabilities,3PL managing high return volumes for apparel clients,Returns are a huge pain point for our apparel clients. How do Canadian last-mile carriers typically structure reverse logistics at scale?,canadian last mile carrier reverse logistics returns handling scale,emotional and looking for support,5.0,canada_post_alternatives,Alternatives to Canada Post,Regenerated 2026-04-19
gen_1776625916_00441,Logistics / 3PL Decision Maker,navigational,navigational,find carrier with fastest onboarding for 3PL,3PL urgently replacing underperforming carrier mid-contract,We need to switch carriers in under two weeks. Which Canadian last-mile providers have a realistic fast-track onboarding process for 3PLs?,canadian last mile carrier fast onboarding 3PL switching,emotional and looking for support,5.0,canada_post_alternatives,Alternatives to Canada Post,Regenerated 2026-04-19
gen_1776625916_00442,Logistics / 3PL Decision Maker,support,commercial,evaluate carrier consumer communication tools,3PL losing clients over poor end-customer delivery experience,Our retail clients are bleeding customers over poor delivery notifications. Which carriers offer branded consumer communication tools out of the box?,canadian carrier branded delivery notifications consumer experience 3PL,emotional and looking for support,5.0,canada_post_alternatives,Alternatives to Canada Post,Regenerated 2026-04-19
gen_1776625916_00443,Logistics / 3PL Decision Maker,commercial,commercial,benchmark carrier cost structures at mid-volume,"3PL aggregating 15,000–30,000 monthly parcels across clients","Aggregating around 20,000 parcels monthly across clients. What pricing tiers or rate structures should I be negotiating with Canadian last-mile carriers?",canadian last mile carrier pricing tiers mid volume negotiation,practical and ready to act,5.0,canada_post_alternatives,Alternatives to Canada Post,Regenerated 2026-04-19
gen_1776625916_00444,E-Commerce Merchant,educational,informational,understand crowd-sourced last-mile delivery Canada,small merchant newly aware of gig-economy carrier models,I keep seeing gig-economy delivery companies pop up in Canada. How do they work and are they reliable for e-commerce?,crowd sourced last mile delivery canada how it works,newly aware and confused,5.0,canada_post_alternatives,Alternatives to Canada Post,Regenerated 2026-04-19
gen_1776625916_00445,E-Commerce Merchant,research,commercial,evaluate tracking quality across Canadian carriers,merchant getting customer complaints about tracking gaps,Customers keep messaging me about missing tracking updates. Which Canadian last-mile carriers have the most reliable real-time tracking?,best real time tracking canadian last mile carrier ecommerce,frustrated and overwhelmed,5.0,canada_post_alternatives,Alternatives to Canada Post,Regenerated 2026-04-19
gen_1776625916_00446,E-Commerce Merchant,support,informational,switch carrier without disrupting fulfillment,operations manager ready to migrate away from postal service,Switching carriers mid-peak season feels risky. What should I test before fully committing to a new Canadian shipping provider?,how to switch canadian shipping carrier ecommerce fulfillment,practical and ready to act,5.0,canada_post_alternatives,Alternatives to Canada Post,Regenerated 2026-04-19
gen_1776625916_00447,E-Commerce Merchant,educational,informational,understand delivery coverage across Canadian provinces,merchant shipping to customers in all nine provinces,I need coast-to-coast coverage but postal delays are constant. Do private Canadian carriers actually serve all nine provinces consistently?,private canadian carrier nine province coverage last mile,newly aware and confused,5.0,canada_post_alternatives,Alternatives to Canada Post,Regenerated 2026-04-19
gen_1776625916_00448,E-Commerce Merchant,commercial,commercial,compare same-day delivery options Canada,merchant testing same-day as competitive differentiator,Trying to offer same-day delivery as a differentiator. Which Canadian carriers can actually execute that at a reasonable cost?,same day delivery canadian carrier ecommerce affordable,practical and ready to act,5.0,canada_post_alternatives,Alternatives to Canada Post,Regenerated 2026-04-19
gen_1776625916_00449,E-Commerce Merchant,navigational,navigational,find Shopify-integrated Canadian carrier,Shopify merchant needing plug-and-play carrier connection,Running Shopify and tired of manual workarounds. Which Canadian last-mile carriers have a native Shopify integration I can just install?,shopify integrated canadian last mile carrier app,frustrated and overwhelmed,5.0,canada_post_alternatives,Alternatives to Canada Post,Regenerated 2026-04-19
gen_1776625916_00450,E-Commerce Merchant,support,commercial,handle high return volume with alternate carrier,merchant with 15%+ return rate seeking reverse logistics solution,Returns are piling up and my current carrier's reverse logistics are a mess. Which Canadian providers handle returns cleanly at scale?,canadian carrier reverse logistics returns ecommerce scale,frustrated and overwhelmed,5.0,canada_post_alternatives,Alternatives to Canada Post,Regenerated 2026-04-19
gen_1776625916_00451,E-Commerce Merchant,research,informational,evaluate US-to-Canada cross-border delivery options,US-based merchant expanding into Canadian market,Expanding into Canada from the US and lost on cross-border last-mile. Which carriers handle customs clearance and doorstep delivery together?,us to canada cross border last mile carrier customs delivery,newly aware and confused,5.0,canada_post_alternatives,Alternatives to Canada Post,Regenerated 2026-04-19
gen_1776625916_00452,E-Commerce Merchant,research,commercial,find affordable domestic carrier,"small e-commerce store, margins squeezed by postal rates",Postal rates just went up again and I'm losing margin on every order. What are my actual alternatives for domestic Canadian shipping?,affordable domestic shipping carriers Canada e-commerce alternatives,time-pressed and direct,5.0,canada_post_alternatives,Alternatives to Canada Post,Regenerated 2026-04-19
gen_1776625916_00453,E-Commerce Merchant,educational,informational,understand crowdsourced delivery reliability,"merchant new to gig-economy carriers, skeptical",I keep hearing about app-based courier networks in Canada. Are they actually dependable enough for regular e-commerce fulfillment?,crowdsourced delivery Canada e-commerce reliability,newly aware and confused,5.0,canada_post_alternatives,Alternatives to Canada Post,Regenerated 2026-04-19
gen_1776625916_00454,E-Commerce Merchant,support,commercial,reduce customer delivery complaints,online store owner with rising support tickets about delays,Delivery complaints are killing my reviews and I'm exhausted dealing with them. Which Canadian carriers actually have fewer failed delivery attempts?,Canadian carrier lowest failed delivery rate e-commerce,emotional and looking for support,5.0,canada_post_alternatives,Alternatives to Canada Post,Regenerated 2026-04-19
gen_1776625916_00455,E-Commerce Merchant,research,commercial,compare carrier delivery speed tiers,merchant offering standard and express shipping options,Looking for a Canadian carrier with clearly defined two-day and next-day tiers that I can actually advertise to customers confidently.,Canadian last mile carrier two day next day delivery tiers,time-pressed and direct,5.0,canada_post_alternatives,Alternatives to Canada Post,Regenerated 2026-04-19
gen_1776625916_00456,E-Commerce Merchant,educational,informational,understand carrier pricing models,new merchant confused by dimensional weight vs flat rate,"I'm totally lost on how private Canadian carriers price shipments. Is it dimensional weight, flat rate, or something else entirely?",Canadian carrier pricing model dimensional weight flat rate explained,newly aware and confused,5.0,canada_post_alternatives,Alternatives to Canada Post,Regenerated 2026-04-19
gen_1776625916_00457,E-Commerce Merchant,educational,informational,find carrier for rural Canadian delivery,merchant with customer base outside major metro areas,A big chunk of my customers are in smaller towns. Do private Canadian carriers actually reach rural postal codes or just urban cores?,private carrier rural Canada delivery small towns postal codes,newly aware and confused,5.0,canada_post_alternatives,Alternatives to Canada Post,Regenerated 2026-04-19
gen_1776625916_00458,E-Commerce Merchant,support,informational,evaluate carrier contract terms,merchant nervous about locking into long-term agreements,I'm scared of signing a contract with a carrier and getting stuck. Do Canadian last-mile providers typically require long commitments or offer flexible terms?,Canadian last mile carrier contract terms flexible no commitment,emotional and looking for support,5.0,canada_post_alternatives,Alternatives to Canada Post,Regenerated 2026-04-19
gen_1776625916_00459,E-Commerce Merchant,navigational,navigational,find carrier with merchant dashboard,operations manager wanting centralized shipment visibility,"I need a carrier portal where I can manage all shipments, pull reports, and handle exceptions without calling support constantly.",Canadian shipping carrier merchant dashboard shipment management portal,time-pressed and direct,5.0,canada_post_alternatives,Alternatives to Canada Post,Regenerated 2026-04-19
gen_1776625916_00460,E-Commerce Merchant,research,commercial,assess carrier damage and loss rates,merchant selling fragile goods with frequent damage claims,Too many parcels are arriving damaged and claims take forever. Which Canadian carriers have the lowest damage rates for fragile e-commerce goods?,Canadian carrier lowest damage rate fragile parcels e-commerce,emotional and looking for support,5.0,canada_post_alternatives,Alternatives to Canada Post,Regenerated 2026-04-19
gen_1776625916_00461,E-Commerce Merchant,navigational,navigational,find carrier API for custom checkout rates,developer-side merchant wanting live rate quoting at checkout,I want to show live carrier rates at checkout instead of flat shipping. Which Canadian providers offer a proper API for that?,Canadian shipping carrier live rate API checkout integration,time-pressed and direct,5.0,canada_post_alternatives,Alternatives to Canada Post,Regenerated 2026-04-19
gen_1776625916_00462,E-Commerce Merchant,research,informational,evaluate crowdsourced delivery reliability Canada,"e-commerce merchant, skeptical of gig-model carriers","Gig-economy delivery sounds great on paper, but do crowdsourced drivers in Canada actually maintain consistent service quality at scale?",crowdsourced delivery drivers Canada e-commerce reliability,skeptical and comparing options,5.0,canada_post_alternatives,Alternatives to Canada Post,Regenerated 2026-04-19
gen_1776625916_00463,E-Commerce Merchant,commercial,commercial,find fastest domestic Canadian shipping option,online store owner losing customers to slow delivery,My competitors are promising two-day delivery and I can't match it. Who's actually the fastest domestic carrier in Canada right now?,fastest domestic shipping carrier Canada two day delivery,time-pressed and direct,5.0,canada_post_alternatives,Alternatives to Canada Post,Regenerated 2026-04-19
gen_1776625916_00464,E-Commerce Merchant,educational,informational,understand carrier coverage across Canadian provinces,merchant shipping to all nine provinces,"I'm trying to figure out which private Canadian carriers genuinely cover all nine provinces, not just the major metro areas.",private carrier coverage all Canadian provinces last mile,curious and exploratory,5.0,canada_post_alternatives,Alternatives to Canada Post,Regenerated 2026-04-19
gen_1776625916_00465,E-Commerce Merchant,research,commercial,compare per-parcel cost private vs national carrier,small merchant shipping 200 parcels monthly,"At around 200 shipments a month, do private Canadian last-mile carriers actually beat national postal rates per parcel?",private last mile carrier cost per parcel Canada small volume,skeptical and comparing options,5.0,canada_post_alternatives,Alternatives to Canada Post,Regenerated 2026-04-19
gen_1776625916_00466,E-Commerce Merchant,support,commercial,assess carrier tracking quality for customers,merchant getting frequent where-is-my-order inquiries,"My inbox is full of tracking questions. Which Canadian private carriers give customers genuinely useful real-time updates, not just vague status messages?",Canadian carrier real time parcel tracking customer updates,time-pressed and direct,5.0,canada_post_alternatives,Alternatives to Canada Post,Regenerated 2026-04-19
gen_1776625916_00467,E-Commerce Merchant,educational,informational,explore same-day delivery options Canadian cities,e-commerce merchant wanting to offer same-day service,Curious whether same-day delivery is actually achievable for a small online store across multiple Canadian cities without a huge logistics setup.,same day delivery small e-commerce Canada multiple cities,curious and exploratory,5.0,canada_post_alternatives,Alternatives to Canada Post,Regenerated 2026-04-19
gen_1776625916_00468,E-Commerce Merchant,navigational,navigational,find carrier with easy merchant onboarding,operations manager switching carriers urgently,I need to switch carriers fast. Which Canadian last-mile providers can actually onboard a new merchant account within a few days?,Canadian last mile carrier fast merchant onboarding setup,time-pressed and direct,5.0,canada_post_alternatives,Alternatives to Canada Post,Regenerated 2026-04-19
gen_1776625916_00469,E-Commerce Merchant,research,commercial,compare cross-border US to Canada delivery options,merchant importing US inventory for Canadian fulfillment,I have suppliers shipping into Canada from the US regularly. Which carriers handle that cross-border last mile without ridiculous brokerage fees?,US to Canada cross border last mile delivery low brokerage,skeptical and comparing options,5.0,canada_post_alternatives,Alternatives to Canada Post,Regenerated 2026-04-19
gen_1776625916_00470,E-Commerce Merchant,educational,informational,understand how carrier volume discounts work,growing merchant scaling from low to mid shipment volume,At what monthly shipment volume do Canadian private carriers actually start offering meaningful rate discounts worth negotiating for?,Canadian carrier volume discount threshold e-commerce shipments,curious and exploratory,5.0,canada_post_alternatives,Alternatives to Canada Post,Regenerated 2026-04-19
gen_1776625916_00471,E-Commerce Merchant,research,commercial,identify carriers with strong delivery success rates,merchant tracking first-attempt delivery failures,Failed first-attempt deliveries are costing me on redelivery fees. Which Canadian carriers post the highest first-attempt delivery success rates?,Canadian carrier first attempt delivery success rate comparison,skeptical and comparing options,5.0,canada_post_alternatives,Alternatives to Canada Post,Regenerated 2026-04-19
gen_1776625916_00472,E-Commerce Merchant,support,commercial,find reliable domestic carrier after service failures,"e-commerce merchant, repeated Canada Post delays damaging customer trust",Customers keep blaming me for late parcels that aren't my fault. Which Canadian carriers actually deliver on their promised timelines?,reliable Canadian parcel carrier faster than postal service,emotional and looking for support,5.0,canada_post_alternatives,Alternatives to Canada Post,Regenerated 2026-04-19
gen_1776625916_00473,E-Commerce Merchant,research,informational,evaluate carrier coverage in rural Canada,online store shipping to both urban and remote Canadian addresses,Half my orders go to small towns and rural addresses. Do private Canadian carriers realistically cover those areas or just big cities?,private carrier rural Canada delivery coverage small towns,skeptical and comparing options,5.0,canada_post_alternatives,Alternatives to Canada Post,Regenerated 2026-04-19
gen_1776625916_00474,E-Commerce Merchant,support,commercial,understand carrier return process options,e-commerce merchant with high return rates and unhappy customers,Returns are a nightmare and my customers hate the process. Which Canadian last-mile carriers offer the smoothest reverse logistics experience?,Canadian carrier reverse logistics returns e-commerce,frustrated and overwhelmed,5.0,canada_post_alternatives,Alternatives to Canada Post,Regenerated 2026-04-19
gen_1776625916_00475,E-Commerce Merchant,research,commercial,compare delivery speed tiers across Canadian carriers,small merchant trying to compete with Amazon-speed expectations,Shoppers expect next-day now and I can't keep up. Which Canadian private carriers actually offer next-day or two-day delivery outside Toronto?,next day delivery Canadian carrier outside Toronto e-commerce,frustrated and overwhelmed,5.0,canada_post_alternatives,Alternatives to Canada Post,Regenerated 2026-04-19
gen_1776625916_00476,E-Commerce Merchant,research,informational,assess carrier damage and loss rates,merchant dealing with frequent damaged parcel complaints,I'm filing damage claims almost weekly and it's exhausting. Which Canadian carriers have the lowest reported parcel damage and loss rates?,lowest parcel damage rate Canadian carrier comparison,emotional and looking for support,5.0,canada_post_alternatives,Alternatives to Canada Post,Regenerated 2026-04-19
gen_1776625916_00477,E-Commerce Merchant,navigational,navigational,find carrier with Shopify native integration,Shopify merchant wanting automated label generation and tracking,Looking for a Canadian carrier that plugs directly into Shopify without a third-party app just to print labels and sync tracking.,Canadian carrier Shopify native integration label tracking,skeptical and comparing options,5.0,canada_post_alternatives,Alternatives to Canada Post,Regenerated 2026-04-19
gen_1776625916_00478,E-Commerce Merchant,educational,informational,evaluate flat-rate versus weight-based carrier pricing,merchant shipping mixed parcel sizes across Canada,My shipments vary wildly in size and weight. Is flat-rate or weight-based pricing actually cheaper for mixed Canadian domestic shipping?,flat rate vs weight based shipping Canada e-commerce carrier,skeptical and comparing options,5.0,canada_post_alternatives,Alternatives to Canada Post,Regenerated 2026-04-19
gen_1776625916_00479,E-Commerce Merchant,support,commercial,find carrier with live customer support,frustrated merchant unable to resolve delivery issues quickly,"When something goes wrong I need a real person fast. Which Canadian private carriers actually offer responsive merchant support, not just chatbots?",Canadian shipping carrier responsive merchant customer support,frustrated and overwhelmed,5.0,canada_post_alternatives,Alternatives to Canada Post,Regenerated 2026-04-19
gen_1776625916_00480,E-Commerce Merchant,research,informational,compare carrier performance during peak season,e-commerce merchant planning for holiday shipping surge,Last holiday season was a disaster for delivery times. Which Canadian carriers held their service levels during Black Friday and Christmas peaks?,Canadian carrier performance peak season holiday shipping reliability,emotional and looking for support,5.0,canada_post_alternatives,Alternatives to Canada Post,Regenerated 2026-04-19
gen_1776625916_00481,E-Commerce Merchant,educational,informational,identify carriers offering delivery to parcel lockers,merchant whose customers frequently miss home deliveries,So many of my customers miss deliveries and parcels just get returned. Which Canadian carriers support locker or pickup-point drop-offs?,Canadian carrier parcel locker pickup point delivery option,frustrated and overwhelmed,5.0,canada_post_alternatives,Alternatives to Canada Post,Regenerated 2026-04-19
